id,u,v,length_m,speed_kph,oneway,name
0,7,1007,10.07,30,0,
1,3177,3,31.70,50,1,Strada Budiului
2,25,7116,26.07,30,0,Strada Transilvania
3,7116,26,55.86,30,0,Strada Transilvania
4,26,1019,14.16,30,0,Strada Transilvania
5,18,4220,59.11,50,0,Strada Cernavodă
6,4220,371,11.47,50,0,Strada Cernavodă
7,371,374,42.77,50,0,Strada Cernavodă
8,374,25,39.80,50,0,Strada Cernavodă
9,5244,2,42.30,50,0,Bulevardul Pandurilor
10,273,38,29.10,50,1,Strada Crinului
11,38,6721,10.52,50,1,Strada Crinului
12,6721,252,1.83,50,1,Strada Crinului
13,41,40,71.43,50,1,Bulevardul 1 Decembrie 1918
14,51,52,64.42,50,1,Strada Rodnei
15,52,793,69.82,50,1,Strada Rodnei
16,793,6589,62.08,50,1,Strada Rodnei
17,6589,736,55.95,50,1,Strada Rodnei
18,736,53,83.75,50,1,Strada Rodnei
19,16,7597,40.22,50,1,Strada Lăpușna
20,7597,65,168.03,50,1,Strada Lăpușna
21,8150,6448,39.18,50,0,Bulevardul 22 Decembrie 1989
22,6448,6446,67.33,50,0,Bulevardul 22 Decembrie 1989
23,6446,2722,207.02,50,0,Bulevardul 22 Decembrie 1989
24,77,3089,25.70,20,1,
25,2695,249,90.59,50,1,Strada Liviu Rebreanu
26,249,7845,1.21,50,1,Strada Liviu Rebreanu
27,4290,1885,26.12,50,0,Strada Înfrățirii
28,1885,96,40.98,50,0,Strada Înfrățirii
29,96,6318,76.45,50,0,Strada Înfrățirii
30,245,2005,15.37,50,0,Strada Sârguinței
31,2005,244,108.99,50,0,Strada Sârguinței
32,244,7189,21.74,50,0,Strada Sârguinței
33,7189,1624,37.98,50,0,Strada Sârguinței
34,1624,7192,81.26,50,0,Strada Sârguinței
35,7192,7193,54.38,50,0,Strada Sârguinței
36,7193,6356,2.64,50,0,Strada Sârguinței
37,6356,98,99.29,50,0,Strada Sârguinței
38,98,1835,8.91,50,0,Strada Sârguinței
39,1835,20,38.75,50,0,Strada Sârguinței
40,33,6250,26.35,50,0,Strada Banat
41,6250,19,80.24,50,0,Strada Banat
42,438,437,31.79,50,0,
43,437,26,13.73,50,0,
44,89,153,92.21,50,1,Strada Borsos Tamás
45,153,8264,87.33,50,1,Strada Borsos Tamás
46,8264,143,68.32,50,1,Strada Borsos Tamás
47,143,8948,78.39,30,1,Strada Crizantemelor
48,1985,106,48.31,30,1,Strada Depozitelor
49,105,6802,19.05,50,0,Strada Dezrobirii
50,6802,6801,32.25,50,0,Strada Dezrobirii
51,6801,2349,67.98,50,0,Strada Dezrobirii
52,2349,7827,96.28,50,0,Strada Dezrobirii
53,7827,1185,43.63,50,0,Strada Dezrobirii
54,499,8237,12.32,50,0,Strada Secerei
55,8237,229,95.19,50,0,Strada Secerei
56,124,133,125.70,50,0,Strada Predeal
57,133,135,190.85,50,0,Strada Predeal
58,135,136,48.11,50,0,Strada Predeal
59,136,109,127.08,50,0,Strada Predeal
60,69,2698,8.67,50,0,Piața Petőfi Sándor
61,71,4308,112.03,30,1,Strada Liceului
62,5390,84,117.63,30,1,Piața Unirii
63,9190,413,124.30,30,0,Strada Primăriei
64,413,2696,39.61,30,0,Strada Primăriei
65,2696,118,62.53,50,1,Strada Iuliu Maniu
66,8591,1333,96.65,50,1,Strada Iuliu Maniu
67,2652,412,46.18,30,1,Strada George Enescu
68,2624,2695,84.37,50,0,Strada Cuza Vodă
69,5257,3627,85.68,50,0,Piața Victoriei
70,125,173,16.10,50,0,Strada Bobâlna
71,282,281,167.12,20,0,Strada Strâmbă
72,281,1306,138.39,20,0,Strada Strâmbă
73,6,4207,27.08,50,0,Strada Pășunii
74,4207,4208,18.05,50,0,Strada Pășunii
75,4208,360,75.72,50,0,Strada Pășunii
76,360,1522,45.56,50,0,Strada Pășunii
77,1522,2682,14.89,50,0,Strada Pășunii
78,2682,132,3.22,50,0,Strada Pășunii
79,132,7362,24.08,50,0,Strada Pășunii
80,7362,7364,103.09,50,0,Strada Pășunii
81,7364,36,67.77,50,0,Strada Pășunii
82,133,134,61.31,50,0,Pasajul Izvorul Rece
83,410,411,61.53,50,0,Strada Pandurilor
84,411,1526,277.08,50,0,Strada Pandurilor
85,1526,400,16.13,50,0,Strada Pandurilor
86,137,136,41.83,50,0,Strada Predeal
87,231,6212,81.84,50,0,Strada Brașovului
88,6212,186,8.40,50,0,Strada Brașovului
89,93,1806,37.20,50,1,Strada Muncii
90,1806,1807,47.66,50,1,Strada Muncii
91,1807,1805,61.00,50,1,Strada Muncii
92,1805,1656,45.22,50,1,Strada Muncii
93,1656,336,57.28,50,1,Strada Muncii
94,336,140,19.94,50,1,Strada Muncii
95,140,338,86.98,50,1,Strada Muncii
96,338,1369,23.69,50,1,Strada Muncii
97,1369,7429,76.30,50,1,Strada Muncii
98,7429,59,36.87,50,1,Strada Muncii
99,140,1367,34.13,50,0,Strada Progresului
100,1367,208,79.66,50,0,Strada Progresului
101,208,1620,37.48,50,0,Strada Progresului
102,1620,3229,3.77,50,0,Strada Progresului
103,142,8928,92.96,50,1,Strada Ștefan cel Mare
104,8928,88,56.30,50,1,Strada Ștefan cel Mare
105,280,8927,30.72,50,1,Strada Ștefan cel Mare
106,8927,142,94.06,50,1,Strada Ștefan cel Mare
107,144,1875,65.60,30,1,Strada Erou Locotenent Petre Popescu
108,8949,8097,19.30,30,1,Strada Erou Locotenent Petre Popescu
109,8097,144,78.29,30,1,Strada Erou Locotenent Petre Popescu
110,144,70,41.92,30,1,Strada Erou Locotenent Petre Popescu
111,145,147,44.04,50,1,Strada Băilor
112,388,8098,260.11,50,1,Strada Mihail Kogălniceanu
113,8098,145,3.57,50,1,Strada Mihail Kogălniceanu
114,145,146,28.83,50,1,Strada Mihail Kogălniceanu
115,4520,89,28.45,50,0,Strada Bolyai
116,89,100,18.82,50,1,Strada Bolyai
117,100,6530,64.50,50,1,Strada Bolyai
118,6530,280,115.13,50,1,Strada Bolyai
119,152,151,77.95,50,1,Strada General Gheorghe Avramescu
120,151,150,64.16,50,1,Strada General Gheorghe Avramescu
121,152,154,39.08,30,0,Strada Padeș
122,8258,151,91.97,30,1,Strada Kozma Béla
123,152,8259,51.05,30,1,Strada Padeș
124,155,4314,99.37,30,1,Bulevardul Cetății
125,4314,4315,17.06,30,1,Bulevardul Cetății
126,4315,4313,54.36,30,1,Bulevardul Cetății
127,4313,160,68.73,30,1,Bulevardul Cetății
128,160,4312,65.10,30,1,Bulevardul Cetății
129,4312,1375,70.06,30,1,Bulevardul Cetății
130,1375,161,25.13,30,1,Bulevardul Cetății
131,161,4716,51.25,30,1,Bulevardul Cetății
132,4716,3609,51.75,30,1,Bulevardul Cetății
133,159,1403,82.38,30,1,Bulevardul Cetății
134,1403,3149,4.79,30,1,Bulevardul Cetății
135,3149,158,44.55,30,1,Bulevardul Cetății
136,158,199,25.15,30,1,Bulevardul Cetății
137,199,4316,70.22,30,1,Bulevardul Cetății
138,4316,157,66.31,30,1,Bulevardul Cetății
139,157,1404,66.92,30,1,Bulevardul Cetății
140,1404,4318,54.66,30,1,Bulevardul Cetății
141,4318,4317,17.07,30,1,Bulevardul Cetății
142,4317,156,94.04,30,1,Bulevardul Cetății
143,471,6588,10.99,50,0,Strada Doctor Victor Babeș
144,6588,476,41.89,50,0,Strada Doctor Victor Babeș
145,476,1508,34.56,50,0,Strada Doctor Victor Babeș
146,1508,1500,16.65,50,0,Strada Doctor Victor Babeș
147,1500,1507,23.57,50,0,Strada Doctor Victor Babeș
148,1507,166,60.01,50,0,Strada Doctor Victor Babeș
149,166,5792,7.99,50,0,Strada Doctor Victor Babeș
150,5792,477,68.71,50,0,Strada Doctor Victor Babeș
151,477,165,96.27,50,0,Strada Doctor Victor Babeș
152,165,6570,29.72,50,0,Strada Doctor Victor Babeș
153,6570,164,164.44,50,0,Strada Doctor Victor Babeș
154,164,158,143.14,50,0,Strada Doctor Victor Babeș
155,8856,855,130.76,30,1,Strada Martin Luther
156,156,155,19.16,50,0,Strada Avram Iancu
157,168,7443,113.03,30,1,Strada Nicolae Grigorescu
158,7443,202,14.72,30,1,Strada Nicolae Grigorescu
159,202,165,62.52,30,1,Strada Nicolae Grigorescu
160,3143,6569,129.08,30,0,Strada Bujorului
161,6569,169,83.88,30,0,Strada Bujorului
162,129,126,131.90,50,0,Strada Tudor Vladimirescu
163,251,4516,33.35,50,1,
164,4691,7090,2.51,50,1,Strada Tudor Vladimirescu
165,7090,250,13.02,50,1,Strada Tudor Vladimirescu
166,173,127,15.59,50,0,Strada Bobâlna
167,124,175,40.68,50,0,Strada Budai Nagy Antal
168,175,6041,4.40,50,0,Strada Budai Nagy Antal
169,174,171,88.24,50,0,Strada Budai Nagy Antal
170,171,8788,104.61,50,0,Strada Budai Nagy Antal
171,8788,293,39.00,50,0,Strada Budai Nagy Antal
172,293,7961,23.21,50,0,Strada Budai Nagy Antal
173,7961,6550,30.64,50,0,Strada Budai Nagy Antal
174,6550,42,42.13,50,0,Strada Budai Nagy Antal
175,2574,177,73.31,20,0,
176,4236,180,56.17,50,0,Strada Dâmboviței
177,179,178,22.31,50,0,Strada Secerei
178,178,109,106.03,50,0,Strada Secerei
179,182,181,94.00,50,0,Strada Teilor
180,295,1883,40.95,50,0,Strada Amurgului
181,186,187,20.79,50,0,Strada Brașovului
182,187,299,59.49,50,0,Strada Năvodari
183,299,301,60.81,50,0,Strada Năvodari
184,301,7194,14.82,50,0,Strada Năvodari
185,7194,139,26.56,50,0,Strada Năvodari
186,188,4812,27.13,30,0,Strada Substejeriș
187,4812,6945,107.92,30,0,Strada Substejeriș
188,175,134,113.11,30,1,Strada Tudor Vladimirescu
189,134,178,361.79,30,1,Strada Tudor Vladimirescu
190,192,46,19.23,50,0,Bulevardul 1 Decembrie 1918
191,46,6432,68.04,50,0,Bulevardul 1 Decembrie 1918
192,6432,2474,110.16,50,0,Bulevardul 1 Decembrie 1918
193,2474,6434,8.68,50,0,Bulevardul 1 Decembrie 1918
194,6434,47,141.28,50,0,Bulevardul 1 Decembrie 1918
195,4309,6753,79.69,30,1,Strada Nicolae Iorga
196,6753,4311,103.74,30,1,Strada Nicolae Iorga
197,4311,160,20.07,30,1,Strada Nicolae Iorga
198,3228,6122,82.06,30,0,Livezeni 7A
199,6122,6124,16.47,30,0,Livezeni 7A
200,6124,6120,16.96,30,0,Livezeni 7A
201,6120,6118,17.68,30,0,Livezeni 7A
202,6118,198,8.12,30,0,Livezeni 7A
203,1375,199,15.98,30,0,Bulevardul Cetății
204,160,157,17.01,30,1,Bulevardul Cetății
205,3210,167,53.71,50,0,Strada Nicolae Grigorescu
206,167,206,24.63,50,0,Strada Nicolae Grigorescu
207,206,203,95.79,50,0,Strada Nicolae Grigorescu
208,203,3146,10.53,50,0,Strada Nicolae Grigorescu
209,3146,166,60.84,50,0,Strada Nicolae Grigorescu
210,166,448,204.12,50,0,Strada Nicolae Grigorescu
211,448,204,25.36,50,0,Strada Nicolae Grigorescu
212,3146,202,168.62,30,1,Strada Nicolae Grigorescu
213,8744,3104,20.82,50,1,Bulevardul 22 Decembrie 1989
214,203,205,40.70,30,0,Strada Nicolae Grigorescu
215,205,1504,14.53,30,0,Strada Nicolae Grigorescu
216,1504,1505,38.21,30,0,Strada Nicolae Grigorescu
217,206,7885,55.84,30,0,Aleea Cornișa
218,7885,3584,24.59,30,0,Aleea Cornișa
219,3584,207,50.35,30,0,Aleea Cornișa
220,208,1623,61.95,50,1,Strada Viitorului
221,1623,1622,56.77,50,1,Strada Viitorului
222,1622,1658,44.20,50,1,Strada Viitorului
223,1658,1617,14.00,50,1,Strada Viitorului
224,1617,1385,9.87,50,1,Strada Viitorului
225,1385,209,27.41,50,1,Strada Viitorului
226,1267,462,213.54,50,1,Strada Rămurele
227,462,4454,78.92,50,1,Strada Rămurele
228,4454,464,30.57,50,1,Strada Rămurele
229,464,461,93.82,50,1,Strada Rămurele
230,55,4469,40.62,50,0,Strada Negoiului
231,4469,657,356.13,50,0,Strada Negoiului
232,4309,91,112.03,50,0,Strada Alexandru Papiu Ilarian
233,4554,68,46.27,50,1,Piața Trandafirilor
234,226,68,54.37,50,0,Piața Trandafirilor
235,2699,155,210.53,30,1,Strada Avram Iancu
236,6318,194,19.97,50,0,Strada Înfrățirii
237,194,95,36.78,50,0,Strada Înfrățirii
238,95,94,127.60,50,0,Strada Înfrățirii
239,94,93,72.89,50,0,Strada Înfrățirii
240,196,7288,1.28,50,0,Strada Progresului
241,7288,3230,11.92,50,0,Strada Progresului
242,195,1387,9.31,50,0,Strada Progresului
243,1387,4572,1.83,50,0,Strada Progresului
244,4572,210,32.58,50,0,Strada Progresului
245,210,1397,51.88,50,0,Strada Progresului
246,1397,460,10.87,50,0,Strada Progresului
247,460,141,37.92,50,0,Strada Progresului
248,213,6077,23.59,50,0,Strada Livezeni
249,7097,450,8.20,50,0,Strada Livezeni
250,450,451,24.67,50,0,Strada Livezeni
251,451,1907,34.09,50,0,Strada Livezeni
252,1907,7506,37.47,50,0,Strada Livezeni
253,7506,449,6.89,50,0,Strada Livezeni
254,449,4583,54.18,50,0,Strada Livezeni
255,17,1363,88.05,50,1,Strada Predeal
256,1363,343,117.95,50,1,Strada Predeal
257,343,37,31.57,50,1,Strada Predeal
258,5257,2695,87.66,30,1,Piața Victoriei
259,2624,217,28.49,50,1,Piața Victoriei
260,214,218,53.22,50,1,Strada Gheorghe Doja
261,2693,1381,75.73,50,0,Bulevardul 1 Decembrie 1918
262,1381,131,20.74,50,0,Bulevardul 1 Decembrie 1918
263,131,2475,209.64,50,0,Bulevardul 1 Decembrie 1918
264,2475,759,71.47,50,0,Bulevardul 1 Decembrie 1918
265,4554,226,52.99,50,1,Piața Trandafirilor
266,217,218,25.56,50,1,Bulevardul 1 Decembrie 1918
267,4547,4543,34.71,50,1,
268,761,763,52.88,50,0,Strada Bartók Béla
269,763,1324,56.31,50,0,Strada Bartók Béla
270,1324,1325,29.86,50,0,Strada Bartók Béla
271,1325,221,34.92,50,0,Strada Bartók Béla
272,225,4548,32.13,50,1,
273,4551,223,60.74,30,1,
274,40,218,39.31,50,1,Strada Gheorghe Doja
275,2698,103,27.25,50,1,Piața Petőfi Sándor
276,171,177,89.66,50,1,Pasajul Panseluțelor
277,177,6517,122.18,50,1,Pasajul Panseluțelor
278,6517,126,26.76,50,1,Pasajul Panseluțelor
279,230,4236,80.27,50,0,Strada Bucegi
280,4236,227,26.02,50,0,Strada Bucegi
281,171,227,77.81,50,1,Strada Dâmboviței
282,227,180,61.80,50,1,Strada Dâmboviței
283,180,182,70.10,50,1,Strada Dâmboviței
284,182,1883,46.59,50,1,Strada Dâmboviței
285,1883,184,22.86,50,1,Strada Dâmboviței
286,184,6171,58.10,50,1,Strada Dâmboviței
287,6171,4237,4.29,50,1,Strada Dâmboviței
288,180,6211,88.88,30,0,Strada Nirajului
289,501,2472,75.99,50,0,
290,2472,6546,53.90,50,0,
291,6546,6545,73.51,50,0,
292,6545,4467,6.46,50,0,
293,4467,231,15.28,50,0,
294,236,7099,37.12,50,1,Strada Tudor Vladimirescu
295,7099,7101,21.19,50,1,Strada Tudor Vladimirescu
296,7101,7100,23.88,50,1,Strada Tudor Vladimirescu
297,7100,235,37.44,50,1,Strada Tudor Vladimirescu
298,191,6389,80.25,50,0,Strada Moldovei
299,6389,237,51.16,50,0,Strada Moldovei
300,33,6643,75.02,50,0,Strada Evreilor Martiri
301,6643,1835,53.84,50,0,Strada Evreilor Martiri
302,243,439,92.96,50,0,Strada Evreilor Martiri
303,439,6645,53.99,50,0,Strada Evreilor Martiri
304,6645,241,33.35,50,0,Strada Evreilor Martiri
305,241,33,79.07,50,0,Strada Evreilor Martiri
306,441,246,68.64,50,1,Strada Apicultorilor
307,619,792,65.31,30,1,Strada Tudor Vladimirescu
308,792,794,96.39,30,1,Strada Tudor Vladimirescu
309,794,6590,72.38,30,1,Strada Tudor Vladimirescu
310,6590,737,53.43,30,1,Strada Tudor Vladimirescu
311,737,622,71.35,30,1,Strada Tudor Vladimirescu
312,622,248,236.40,30,1,Strada Tudor Vladimirescu
313,248,8734,58.19,30,1,Strada Tudor Vladimirescu
314,8734,8736,57.79,30,1,Strada Tudor Vladimirescu
315,8736,1320,30.16,30,1,Strada Tudor Vladimirescu
316,1320,2692,21.00,30,1,Strada Tudor Vladimirescu
317,247,214,61.20,50,1,Strada Gheorghe Doja
318,1832,253,19.49,50,0,Bulevardul 1848
319,252,253,34.69,30,1,
320,258,9,42.87,50,1,Strada Branului
321,4295,7936,24.73,50,0,Strada Budiului
322,7936,5926,20.03,50,0,Strada Budiului
323,5926,7939,7.71,50,0,Strada Budiului
324,7939,7938,17.44,50,0,Strada Budiului
325,7938,6553,36.01,50,0,Strada Budiului
326,6553,5,20.80,50,0,Strada Budiului
327,5,8976,3.14,50,0,Strada Budiului
328,8976,8975,25.16,50,0,Strada Budiului
329,8975,1423,93.71,50,0,Strada Budiului
330,1423,732,34.85,50,0,Strada Budiului
331,732,694,37.50,50,0,Strada Budiului
332,260,259,34.49,50,1,Bulevardul 1848
333,262,259,40.84,50,1,Bulevardul 1848
334,3181,6259,2.39,50,1,Bulevardul 1848
335,6259,261,201.75,50,1,Bulevardul 1848
336,261,263,59.77,50,1,Bulevardul 1848
337,257,258,73.22,50,1,Strada Branului
338,14,4141,92.88,50,1,
339,35,268,30.26,50,1,Strada Gheorghe Doja
340,269,267,45.75,50,1,Strada Gheorghe Doja
341,267,3454,39.20,50,1,Strada Gheorghe Doja
342,5397,8961,145.42,50,1,Strada Gheorghe Doja
343,8961,3456,14.46,50,1,Strada Gheorghe Doja
344,270,5691,38.35,50,1,
345,4854,3455,77.01,50,1,
346,272,1363,58.49,30,0,Strada Petrila
347,157,795,106.50,50,1,Strada Cosminului
348,795,8856,120.55,50,1,Strada Cosminului
349,279,276,77.78,30,0,Strada Retezatului
350,275,278,29.04,30,1,Strada Izvorului
351,278,7629,31.67,30,1,Strada Izvorului
352,7629,7631,15.81,30,1,Strada Izvorului
353,7631,277,44.43,30,1,Strada Izvorului
354,284,1378,23.67,30,0,Strada Strâmbă
355,276,6654,69.05,50,1,Strada Franz Liszt
356,6654,280,99.06,50,1,Strada Franz Liszt
357,277,283,46.53,30,0,Strada Grădinarilor
358,5653,5652,33.82,30,0,Strada Strâmbă
359,5652,2694,27.64,30,0,Strada Strâmbă
360,2694,800,17.18,30,0,Strada Strâmbă
361,800,382,40.03,30,0,Strada Strâmbă
362,382,383,91.60,30,0,Strada Strâmbă
363,383,8851,13.84,30,0,Strada Strâmbă
364,8851,277,28.96,30,0,Strada Strâmbă
365,277,7140,133.65,30,0,Strada Strâmbă
366,7140,1379,15.04,30,0,Strada Strâmbă
367,1379,284,19.17,30,0,Strada Strâmbă
368,284,1380,46.57,30,0,Strada Strâmbă
369,86,4545,182.33,50,1,Strada Artei
370,118,7122,88.48,30,1,Strada Tineretului
371,7122,8803,18.00,30,1,Strada Tineretului
372,8803,117,60.70,30,1,Strada Tineretului
373,6177,289,26.61,50,1,Pasajul Violetelor
374,290,6176,20.64,20,0,
375,288,292,104.80,30,1,Strada Narciselor
376,292,293,116.15,30,1,Strada Narciselor
377,294,493,35.69,30,0,Pasajul Mimozelor
378,493,292,37.45,30,0,Pasajul Mimozelor
379,300,299,195.81,30,0,Strada Păltiniș
380,302,301,192.84,30,0,Strada Săliște
381,303,304,97.60,30,1,Strada Moldovei
382,304,113,97.06,30,1,Strada Moldovei
383,305,300,71.92,50,0,Strada Busuiocului
384,300,302,73.39,50,0,Strada Busuiocului
385,302,114,86.63,50,0,Strada Busuiocului
386,281,6916,34.02,30,0,Strada Grădinarilor
387,6916,131,9.03,30,0,Strada Grădinarilor
388,800,283,161.47,50,0,
389,283,8920,36.19,50,0,
390,8920,1524,4.68,50,0,
391,244,6646,40.58,50,0,Strada Evreilor Martiri
392,6646,243,33.48,50,0,Strada Evreilor Martiri
393,435,434,287.65,30,0,
394,2769,307,60.81,30,0,Aleea Hațeg
395,307,308,126.80,30,0,Aleea Hațeg
396,308,240,8.99,30,0,Aleea Hațeg
397,310,4202,62.54,30,0,Strada Moldovei
398,4202,309,85.04,30,0,Strada Moldovei
399,189,310,163.38,30,0,Strada Moldovei
400,310,138,55.02,30,0,Strada Moldovei
401,313,312,102.54,30,0,Aleea Covasna
402,320,315,73.17,30,0,Aleea Covasna
403,110,298,101.59,50,0,Aleea Covasna
404,298,314,80.34,50,0,Aleea Covasna
405,316,298,32.67,30,0,Aleea Covasna
406,317,316,48.93,50,0,Aleea Covasna
407,319,318,72.68,30,0,Aleea Covasna
408,306,240,57.06,50,0,Aleea Hațeg
409,240,365,48.44,50,0,Aleea Hațeg
410,365,366,51.16,50,0,Aleea Hațeg
411,366,237,35.86,50,0,Aleea Hațeg
412,322,112,66.16,50,0,
413,21,49,58.89,50,1,
414,49,324,62.50,30,1,
415,324,325,61.93,30,1,
416,325,21,59.99,50,1,
417,3813,327,198.91,50,1,
418,327,3819,75.53,50,1,
419,327,13,41.15,50,0,
420,1533,7487,3.14,30,0,Strada Ludușului
421,7487,1,41.85,30,0,Strada Ludușului
422,1,5922,60.72,30,0,Strada Ludușului
423,5922,328,15.80,30,0,Strada Ludușului
424,766,7085,29.21,50,0,Strada Fabrica de Zahăr
425,7085,767,48.18,50,0,Strada Fabrica de Zahăr
426,767,3825,2.70,50,0,Strada Fabrica de Zahăr
427,3825,923,7.83,50,0,Strada Fabrica de Zahăr
428,923,8028,65.06,50,0,Strada Fabrica de Zahăr
429,8028,3829,8.75,50,0,Strada Fabrica de Zahăr
430,3829,7770,8.63,50,0,Strada Fabrica de Zahăr
431,7770,7772,7.27,50,0,Strada Fabrica de Zahăr
432,7772,7775,6.70,50,0,Strada Fabrica de Zahăr
433,7775,7776,6.59,50,0,Strada Fabrica de Zahăr
434,7776,990,20.79,50,0,Strada Fabrica de Zahăr
435,329,331,144.97,50,0,
436,332,333,43.45,50,0,
437,334,340,14.95,50,0,
438,340,335,13.92,50,0,
439,335,336,34.88,50,0,
440,339,1370,9.49,50,0,
441,1370,338,29.01,50,0,
442,1373,1371,12.74,50,0,
443,1371,339,31.39,50,0,
444,339,340,161.93,50,0,
445,1860,7964,94.89,30,1,Strada Bucinului
446,7964,341,66.86,30,1,Strada Bucinului
447,37,6246,9.67,50,0,Strada Predeal
448,6246,125,139.48,50,0,Strada Predeal
449,125,36,198.38,50,0,Strada Predeal
450,342,343,63.17,30,0,Strada Grădinarilor
451,8622,346,44.86,50,0,Strada Parângului
452,348,347,144.40,50,0,Strada Parângului
453,347,5725,91.76,50,0,Strada Parângului
454,5725,5726,38.02,50,0,Strada Parângului
455,5726,346,6.24,50,0,Strada Parângului
456,351,4181,128.16,30,0,Strada Măgurei
457,4181,352,54.56,30,0,Strada Măgurei
458,354,356,114.75,50,0,Strada Parângului
459,358,2584,108.06,50,0,Strada Suceava
460,2584,356,121.97,50,0,Strada Suceava
461,356,6394,20.51,50,0,Strada Suceava
462,6394,2002,38.92,50,0,Strada Suceava
463,0,6,65.56,50,1,Calea Sighișoarei
464,6392,6358,144.66,50,0,Strada Parângului
465,6358,357,27.06,50,0,Strada Parângului
466,259,3180,209.64,50,1,Bulevardul 1848
467,359,5727,57.33,50,0,
468,362,9091,40.55,20,0,
469,9091,8839,43.48,20,0,
470,8839,362,9.48,20,0,
471,5796,364,80.82,30,0,Strada Parângului
472,88,148,158.76,50,1,Strada Bolyai
473,368,1869,45.84,50,0,
474,1869,365,11.95,50,0,
475,366,367,12.56,30,0,Aleea Hațeg
476,367,6388,62.86,30,0,Aleea Hațeg
477,6388,2769,107.51,30,0,Aleea Hațeg
478,368,367,19.99,50,0,
479,371,1859,46.56,50,1,Bulevardul Pandurilor
480,1859,370,103.27,50,1,Bulevardul Pandurilor
481,370,369,98.13,50,1,Bulevardul Pandurilor
482,369,8103,118.68,50,1,Bulevardul Pandurilor
483,8103,6251,72.07,50,1,Bulevardul Pandurilor
484,6251,6249,48.40,50,1,Bulevardul Pandurilor
485,6249,32,51.31,50,1,Bulevardul Pandurilor
486,2763,373,29.16,30,0,
487,373,369,31.28,30,0,
488,370,431,46.85,50,0,
489,431,372,48.45,50,0,
490,372,2761,5.07,50,0,
491,2761,374,61.78,50,0,
492,98,375,41.41,50,0,
493,375,376,18.81,50,0,
494,376,377,47.50,50,0,
495,1626,4570,51.99,50,0,
496,4570,377,95.11,50,0,
497,1527,375,75.28,50,0,
498,379,376,40.61,50,0,
499,381,382,61.26,50,1,Strada Arinului
500,85,86,8.11,50,1,Strada Köteles Sámuel
501,86,3161,55.93,50,1,Strada Köteles Sámuel
502,3161,7615,165.31,50,1,Strada Köteles Sámuel
503,7615,87,63.23,50,1,Strada Köteles Sámuel
504,383,102,114.28,50,1,Strada Dr. Czakó József
505,385,7608,43.82,30,0,Strada Köteles Sámuel
506,7608,384,14.64,30,0,Strada Köteles Sámuel
507,387,1377,48.35,20,0,Strada Köteles Sámuel
508,103,1361,18.71,50,1,Strada Târgului
509,1361,389,92.89,50,1,Strada Târgului
510,389,388,141.05,50,1,Strada Târgului
511,390,389,63.82,30,0,Strada Ion Creangă
512,646,6513,136.15,50,0,Strada Mihai Eminescu
513,6513,8850,149.73,50,0,Strada Mihai Eminescu
514,8850,7447,122.53,50,0,Strada Mihai Eminescu
515,7447,391,5.15,50,0,Strada Mihai Eminescu
516,391,669,30.70,50,0,Strada Mihai Eminescu
517,393,8929,43.40,30,0,Strada Spitalul Vechi
518,2638,536,25.89,50,0,Piața Republicii
519,4309,7807,38.20,50,0,Strada Bernády György
520,7807,71,39.72,50,0,Strada Bernády György
521,167,4524,18.99,30,1,Strada Mihai Viteazul
522,4524,2576,61.24,30,1,Strada Mihai Viteazul
523,2576,964,18.97,30,1,Strada Mihai Viteazul
524,142,758,31.64,50,0,Strada Ștefan cel Mare
525,758,222,27.60,50,0,Strada Ștefan cel Mare
526,222,7145,46.95,50,0,Strada Ștefan cel Mare
527,7145,5584,9.30,50,0,Strada Ștefan cel Mare
528,4521,101,172.50,30,1,Strada Márton Áron
529,101,102,147.72,30,1,Strada Márton Áron
530,401,398,66.24,50,0,
531,135,397,81.70,50,0,Strada Pandurilor
532,397,398,41.82,50,0,Strada Pandurilor
533,398,399,45.95,50,0,Strada Pandurilor
534,399,1884,42.00,50,0,Strada Pandurilor
535,1884,410,69.30,50,0,Strada Pandurilor
536,402,399,65.44,50,0,
537,403,1884,68.71,50,0,
538,405,404,68.70,50,0,
539,404,410,50.63,50,0,
540,406,404,92.86,50,0,
541,407,411,28.23,50,0,
542,397,297,139.96,30,0,
543,8149,286,3.49,50,0,Strada Iuliu Maniu
544,286,8589,44.19,50,0,Strada Iuliu Maniu
545,412,413,62.34,50,1,
546,414,352,126.17,50,0,Strada Măgurei
547,416,2672,77.71,30,0,Strada Măgurei
548,2672,7469,19.92,30,0,Strada Măgurei
549,7469,7470,15.66,30,0,Strada Măgurei
550,7470,415,4.75,30,0,Strada Măgurei
551,415,353,31.59,30,0,Strada Măgurei
552,415,1522,125.45,30,1,Strada Măgurei
553,352,1995,85.11,30,0,Strada Măgurei
554,1995,7468,26.45,30,0,Strada Măgurei
555,7468,7471,16.30,30,0,Strada Măgurei
556,7471,353,31.08,30,0,Strada Măgurei
557,353,132,39.79,30,0,Strada Măgurei
558,417,360,75.98,50,0,
559,418,2,58.00,50,1,
560,419,443,143.94,50,1,Bulevardul Pandurilor
561,443,419,171.90,50,1,Bulevardul Pandurilor
562,443,400,81.70,50,0,Bulevardul Pandurilor
563,420,419,22.58,50,0,Bulevardul Pandurilor
564,2767,422,93.48,50,0,
565,422,4213,34.90,50,0,
566,4213,23,7.95,50,0,
567,2760,2759,45.58,50,0,
568,425,424,44.58,50,0,
569,426,6329,6.91,50,0,
570,6329,24,89.88,50,0,
571,2757,429,173.49,30,0,Strada Muntenia
572,432,431,40.36,50,0,
573,6519,6521,17.95,30,1,Strada Bodoni Sándor
574,6521,3831,72.55,30,1,Strada Bodoni Sándor
575,3831,241,5.17,30,1,Strada Bodoni Sándor
576,1020,5243,126.56,30,0,Strada Maramureș
577,5243,435,76.37,30,0,Strada Maramureș
578,435,29,28.31,30,0,Strada Maramureș
579,436,28,47.10,50,0,
580,437,27,37.90,50,0,
581,31,8877,45.61,50,1,Strada Banat
582,8877,8110,74.58,50,1,Strada Banat
583,8110,8101,22.38,50,1,Strada Banat
584,8101,8108,7.61,50,1,Strada Banat
585,8108,2763,82.64,50,1,Strada Banat
586,2763,8107,93.28,50,1,Strada Banat
587,8107,8106,34.50,50,1,Strada Banat
588,8106,1019,35.82,50,1,Strada Banat
589,430,427,33.61,50,0,
590,440,439,28.73,30,0,Strada Plugarilor
591,246,245,165.65,30,1,Strada Pomicultorilor
592,481,8058,12.46,50,1,Strada Apicultorilor
593,8058,8048,74.13,50,1,Strada Apicultorilor
594,8048,8051,23.36,50,1,Strada Apicultorilor
595,8051,8049,63.45,50,1,Strada Apicultorilor
596,8049,6245,84.16,50,1,Strada Apicultorilor
597,6245,6473,14.08,50,1,Strada Apicultorilor
598,6473,442,4.35,50,1,Strada Apicultorilor
599,479,442,130.80,30,0,Strada Pomicultorilor
600,1947,1950,25.88,30,0,Strada Valea Rece
601,1950,7066,242.36,30,0,Strada Valea Rece
602,7066,7064,49.55,30,0,Strada Valea Rece
603,7064,7059,77.06,30,0,Strada Valea Rece
604,7059,2664,54.52,30,0,Strada Valea Rece
605,5245,444,43.94,30,0,Strada Pășunii
606,444,5247,169.05,30,0,Strada Pășunii
607,3632,444,72.47,30,0,Strada Pășunii
608,4419,323,85.59,50,0,
609,120,718,103.40,50,1,Strada Belșugului
610,718,643,72.22,50,1,Strada Belșugului
611,643,572,52.07,50,1,Strada Belșugului
612,572,640,54.18,50,1,Strada Belșugului
613,640,4252,26.70,50,1,Strada Belșugului
614,4252,6508,78.44,50,1,Strada Belșugului
615,617,525,83.99,50,1,Strada Madách Imre
616,452,450,101.44,30,0,Strada Livezeni
617,4590,797,48.42,50,0,
618,797,61,46.17,50,0,
619,1397,1398,100.93,50,0,
620,1398,453,45.36,50,0,
621,454,6116,34.64,50,0,
622,456,455,63.47,50,0,
623,458,457,63.48,50,0,
624,459,458,34.44,50,0,
625,458,456,69.83,50,0,
626,456,454,71.11,50,0,
627,454,460,76.02,50,0,
628,212,457,24.65,50,1,Strada Rodniciei
629,457,1389,20.99,50,1,Strada Rodniciei
630,1389,455,48.29,50,1,Strada Rodniciei
631,455,210,146.05,50,1,Strada Rodniciei
632,461,7692,160.72,30,0,Strada Mugurilor
633,7692,396,49.25,30,0,Strada Mugurilor
634,1843,461,72.48,50,0,
635,6114,464,73.30,50,0,
636,664,665,33.14,50,0,Strada Rămurele
637,665,663,77.48,50,0,Strada Rămurele
638,2612,1315,27.66,50,1,Aleea Carpați
639,5560,4884,13.78,50,1,Strada Călărașilor
640,473,470,38.38,50,0,
641,474,475,272.26,50,1,Aleea Cornișa
642,475,6587,37.14,50,1,Aleea Cornișa
643,6587,474,18.03,50,1,Aleea Cornișa
644,478,477,83.66,50,0,
645,2000,8047,21.21,30,0,
646,8047,4474,36.23,30,0,
647,484,490,69.63,30,0,
648,490,4476,27.99,30,0,
649,4476,483,103.63,30,0,
650,489,488,94.16,50,0,
651,490,4477,16.35,30,0,
652,4477,491,51.19,30,0,
653,2654,50,58.65,50,0,
654,2656,2655,67.52,50,0,
655,2658,2657,65.83,50,0,
656,126,288,105.24,50,1,Strada Bobâlna
657,492,493,59.29,30,0,Pasajul Mimozelor
658,494,493,23.31,50,0,Pasajul Mimozelor
659,496,7324,24.78,30,0,Strada Plaiului
660,7324,497,35.26,30,0,Strada Plaiului
661,1523,498,42.30,50,0,
662,498,8237,80.63,50,0,
663,8835,497,63.11,30,0,Strada Plaiului
664,4466,8569,82.12,50,0,
665,8569,4465,8.85,50,0,
666,4465,6548,79.58,50,0,
667,6548,4468,52.97,50,0,
668,4468,500,15.53,50,0,
669,231,2471,76.28,30,0,Strada Brașovului
670,2471,501,15.48,30,0,Strada Brașovului
671,501,232,56.30,30,0,Strada Brașovului
672,232,6543,17.44,30,0,Strada Brașovului
673,6543,190,82.29,30,0,Strada Brașovului
674,190,8950,36.58,30,0,Strada Brașovului
675,8950,6537,18.47,30,0,Strada Brașovului
676,6537,233,91.57,30,0,Strada Brașovului
677,503,6539,28.41,30,0,Strada Brașovului
678,6539,190,29.28,30,0,Strada Brașovului
679,45,7603,49.87,30,0,Strada Lalelelor
680,7603,7605,32.63,30,0,Strada Lalelelor
681,7605,504,81.25,30,0,Strada Lalelelor
682,504,512,20.08,30,0,Strada Lalelelor
683,512,3638,71.88,30,0,Strada Lalelelor
684,3638,505,3.62,30,0,Strada Lalelelor
685,505,7599,97.92,30,0,Strada Lalelelor
686,7599,506,26.55,30,0,Strada Lalelelor
687,506,507,23.55,30,0,Strada Lalelelor
688,507,508,69.51,30,0,Strada Lalelelor
689,508,509,95.33,50,1,Strada Lalelelor
690,509,1771,63.79,30,1,Strada Prieteniei
691,1771,1756,24.29,30,1,Strada Prieteniei
692,1756,1364,76.57,30,1,Strada Prieteniei
693,1364,892,34.63,30,1,Strada Prieteniei
694,892,510,86.22,30,1,Strada Prieteniei
695,508,511,39.34,50,1,Strada Lalelelor
696,506,516,42.76,50,0,Strada Prieteniei
697,516,1756,35.67,50,0,Strada Prieteniei
698,517,507,59.59,50,0,
699,898,897,71.88,30,0,
700,522,4285,11.42,30,0,
701,4285,1760,4.19,30,0,
702,1760,8071,52.37,30,0,
703,921,922,123.34,50,0,Strada Dorobanților
704,922,7808,135.07,50,0,Strada Dorobanților
705,7808,5735,134.47,50,0,Strada Dorobanților
706,5735,4270,35.01,50,0,Strada Dorobanților
707,532,533,46.50,30,1,Piața Gării
708,536,7464,3.14,50,1,Piața Mărășești
709,7464,543,14.52,50,1,Piața Mărășești
710,646,4921,3.69,50,0,Strada Sinaia
711,4921,4917,81.22,50,0,Strada Sinaia
712,4917,4920,26.10,50,0,Strada Sinaia
713,4920,542,15.32,50,0,Strada Sinaia
714,2621,3807,6.17,50,0,Strada Zăgazului
715,2620,955,44.12,50,0,Strada Zăgazului
716,955,6929,59.32,50,0,Strada Zăgazului
717,5424,5425,21.64,50,1,Strada Luntrașilor
718,546,547,64.02,50,0,Strada Secuilor Martiri
719,547,548,23.35,50,0,Strada Secuilor Martiri
720,548,5238,155.33,50,0,Strada Secuilor Martiri
721,5238,5237,262.98,50,0,Strada Secuilor Martiri
722,473,4530,50.69,20,1,Aleea Cornișa
723,4530,469,167.46,20,1,Aleea Cornișa
724,2610,7435,57.70,30,1,Strada Morii
725,7435,7437,124.11,30,1,Strada Morii
726,7437,644,183.37,30,1,Strada Morii
727,644,667,66.79,30,1,Strada Morii
728,5806,5808,11.61,20,0,
729,5808,5811,18.22,20,0,
730,5811,4100,41.46,20,0,
731,4100,813,22.87,20,0,
732,562,563,77.96,50,0,Strada Dezrobirii
733,563,2400,120.02,50,0,Strada Dezrobirii
734,2400,7829,35.13,50,0,Strada Dezrobirii
735,7829,2380,58.95,50,0,Strada Dezrobirii
736,2380,2406,73.44,50,0,Strada Dezrobirii
737,2406,2355,10.60,50,0,Strada Dezrobirii
738,121,4679,20.67,30,1,Strada Libertății
739,12,8119,78.22,50,0,Strada Bega
740,8119,11,14.32,50,0,Strada Bega
741,823,8884,3.61,30,0,Strada Rozmarinului
742,8884,770,95.05,30,0,Strada Rozmarinului
743,770,7149,11.70,30,0,Strada Rozmarinului
744,7149,769,67.51,30,0,Strada Rozmarinului
745,769,8862,6.02,30,0,Strada Rozmarinului
746,8862,822,70.68,30,0,Strada Rozmarinului
747,822,570,98.72,30,0,Strada Rozmarinului
748,570,568,71.22,30,0,Strada Rozmarinului
749,571,4933,169.12,50,0,
750,4933,5254,96.57,50,0,
751,4413,4412,29.55,50,0,Strada Liviu Rebreanu
752,2642,572,214.70,50,1,Strada General Traian Moșoiu
753,573,574,149.80,50,0,Aleea Carpați
754,2621,583,78.38,50,0,
755,584,3198,89.20,50,0,
756,586,4536,132.70,50,0,
757,583,588,23.88,50,0,
758,588,587,56.71,50,0,
759,589,590,48.43,50,0,Strada Plutelor
760,2615,6659,39.12,50,0,Strada George Coșbuc
761,6659,591,14.90,50,0,Strada George Coșbuc
762,593,544,16.52,50,0,Strada Secuilor Martiri
763,544,6345,59.57,50,0,Strada Secuilor Martiri
764,6345,1413,41.53,50,0,Strada Secuilor Martiri
765,1413,4825,51.84,50,0,Strada Secuilor Martiri
766,4825,545,29.15,50,0,Strada Secuilor Martiri
767,2710,594,51.54,50,1,
768,597,595,136.77,30,1,
769,598,6562,60.52,50,0,Strada Căprioarei
770,6562,6568,16.59,50,0,Strada Căprioarei
771,6568,599,34.72,50,0,Strada Căprioarei
772,602,599,192.32,30,1,Strada Livezii
773,1535,4165,49.75,50,1,
774,4165,579,90.22,50,1,
775,2616,3805,4.65,50,0,Strada Furnicilor
776,1304,4700,8.90,30,1,Strada Margaretelor
777,605,606,31.56,50,0,Strada Kós Károly
778,609,607,14.70,50,0,Strada Kós Károly
779,607,608,87.54,50,0,Strada Kós Károly
780,582,6655,113.18,50,0,Strada Furnicilor
781,6655,603,51.11,50,0,Strada Furnicilor
782,5557,2611,63.01,30,1,Piața Matia Corvin
783,610,611,38.19,30,1,
784,949,3452,8.20,50,0,Strada Furtunei
785,3452,119,159.57,50,0,Strada Furtunei
786,8595,8149,9.36,50,0,Podul Lázár Ödön
787,6877,880,11.72,30,1,Piața Armatei
788,880,890,120.40,30,1,Piața Armatei
789,890,612,93.02,30,1,Piața Armatei
790,615,1777,69.77,50,0,Strada Ialomiței
791,1777,903,92.44,50,0,Strada Ialomiței
792,617,804,133.50,50,0,Strada Ion Luca Caragiale
793,3938,618,10.16,50,1,Piața Armatei
794,618,914,82.98,50,1,Piața Armatei
795,914,947,66.88,50,1,Piața Armatei
796,947,6879,49.40,50,1,Piața Armatei
797,6878,948,48.55,50,1,Piața Armatei
798,948,1778,53.47,50,1,Piața Armatei
799,1778,915,12.97,50,1,Piața Armatei
800,915,1783,31.35,50,1,Piața Armatei
801,1783,621,51.96,50,1,Piața Armatei
802,621,3942,10.11,50,1,Piața Armatei
803,613,3451,37.84,50,0,Strada Iuliu Maniu
804,3451,885,37.73,50,0,Strada Iuliu Maniu
805,885,806,59.60,50,0,Strada Iuliu Maniu
806,806,616,56.26,50,0,Strada Iuliu Maniu
807,616,735,21.56,50,0,Strada Iuliu Maniu
808,735,53,70.26,50,0,Strada Iuliu Maniu
809,53,622,85.69,50,0,Strada Iuliu Maniu
810,622,8595,1.44,50,0,Strada Iuliu Maniu
811,3182,623,120.87,50,0,Strada Koós Ferenc
812,623,695,20.13,50,0,Strada Koós Ferenc
813,695,1433,71.69,50,0,Strada Koós Ferenc
814,1433,628,36.44,50,0,Strada Koós Ferenc
815,623,3803,37.47,50,0,Strada Godeanu
816,630,1430,116.20,30,0,Strada Petru Dobra
817,631,2003,2.42,30,1,Strada Petru Dobra
818,2003,632,45.45,30,1,Strada Petru Dobra
819,632,631,48.96,30,1,Strada Petru Dobra
820,5188,635,96.03,50,0,Strada Ion Buteanu
821,634,5189,19.44,30,1,Strada Ion Buteanu
822,5189,633,16.04,30,1,Strada Ion Buteanu
823,633,5188,18.22,30,1,Strada Ion Buteanu
824,5188,634,12.51,30,1,Strada Ion Buteanu
825,7992,1518,283.20,40,0,Strada Garofiței
826,1520,7889,6.24,50,0,Strada Cornești
827,7889,3129,59.46,50,0,Strada Cornești
828,3129,7893,127.72,50,0,Strada Cornești
829,7893,661,5.56,50,0,Strada Cornești
830,661,7895,309.67,50,0,Strada Cornești
831,7895,638,22.48,50,0,Strada Cornești
832,638,1405,81.88,50,0,Strada Cornești
833,1405,92,110.23,50,0,Strada Cornești
834,631,1803,47.94,30,1,Strada Petru Dobra
835,1803,1445,45.98,30,1,Strada Petru Dobra
836,700,699,14.95,50,0,Strada Ion Buteanu
837,699,698,104.06,50,0,Strada Ion Buteanu
838,698,697,6.49,50,0,Strada Ion Buteanu
839,697,633,67.28,50,0,Strada Ion Buteanu
840,630,2738,8.89,30,1,Strada Petru Dobra
841,2738,2743,75.67,30,1,Strada Petru Dobra
842,2743,632,38.40,30,1,Strada Petru Dobra
843,641,640,138.82,30,1,Strada Sebeșului
844,641,643,220.88,50,0,Strada Ghiocelului
845,644,537,40.33,30,1,
846,645,538,47.15,30,0,Strada Arany János
847,541,7975,45.74,50,1,Strada Dr. Knöpfler Vilmos
848,7975,7969,43.08,50,1,Strada Dr. Knöpfler Vilmos
849,7969,7967,28.03,50,1,Strada Dr. Knöpfler Vilmos
850,7967,647,70.31,50,1,Strada Dr. Knöpfler Vilmos
851,3625,3145,73.24,30,0,Piața Mărășești
852,3145,535,55.76,30,0,Piața Mărășești
853,1449,651,17.43,50,0,
854,535,648,155.86,50,0,Strada Mărăști
855,648,649,22.82,50,0,Strada Mărăști
856,649,652,79.02,50,0,Strada Mărăști
857,652,650,73.03,50,0,Strada Regele Mihai I
858,650,744,79.42,50,0,Strada Regele Mihai I
859,744,747,27.86,50,0,Strada Regele Mihai I
860,392,3143,17.30,50,0,Strada Avram Iancu
861,1406,1696,96.02,30,0,Aleea Cornișa
862,1403,4716,17.52,30,0,Bulevardul Cetății
863,654,8818,2.99,50,0,Strada Călimanului
864,8818,655,115.14,50,0,Strada Călimanului
865,655,395,143.92,50,0,Strada Călimanului
866,6942,656,180.05,50,0,Strada Borzești
867,6983,6301,52.12,30,0,Strada Nagy Pál
868,6301,660,103.42,30,0,Strada Nagy Pál
869,660,659,47.05,30,0,Strada Nagy Pál
870,659,658,180.67,30,0,Strada Nagy Pál
871,658,2609,48.42,30,0,Strada Nagy Pál
872,657,7404,66.69,30,0,Strada Negoiului
873,7404,662,123.60,30,0,Strada Negoiului
874,662,7392,87.88,30,0,Strada Negoiului
875,7392,4456,568.08,30,0,Strada Negoiului
876,666,665,29.13,50,0,
877,6592,463,290.78,50,0,Strada Rămurele
878,647,4327,53.08,30,1,Strada Rozelor
879,4327,668,90.14,30,1,Strada Rozelor
880,668,710,254.13,30,1,Strada Stelelor
881,647,391,56.91,50,0,Strada Dr. Knöpfler Vilmos
882,534,7461,87.62,50,1,Strada Mărăști
883,7461,7457,76.81,50,1,Strada Mărăști
884,7457,4924,49.00,50,1,Strada Mărăști
885,576,4164,69.69,30,1,Aleea Carpați
886,4164,670,50.81,30,1,Aleea Carpați
887,673,674,60.46,50,0,
888,674,4161,30.44,50,0,
889,674,676,72.65,50,0,
890,676,675,64.01,50,0,
891,675,9065,97.61,50,0,
892,2706,678,197.37,50,0,
893,678,677,35.23,50,0,
894,679,678,51.14,50,0,
895,681,805,180.68,50,0,Strada Pâinii
896,682,953,93.16,50,0,Strada Hegyi Lajos
897,953,692,111.46,50,0,Strada Hegyi Lajos
898,684,685,184.23,50,0,Strada Romulus Guga
899,686,4095,10.71,50,0,Strada Mioriței
900,4095,685,103.24,50,0,Strada Mioriței
901,689,690,32.40,50,1,Piața Albert Metz
902,690,691,82.89,50,1,Piața Albert Metz
903,524,937,36.00,50,1,Strada Foișor
904,937,932,64.05,50,1,Strada Foișor
905,932,693,28.05,50,1,Strada Foișor
906,3187,3190,182.66,50,0,Strada Ion Buteanu
907,3190,1441,2.75,50,0,Strada Ion Buteanu
908,557,3460,21.31,50,1,
909,448,701,310.85,30,0,
910,716,548,31.16,50,1,Strada Constantin Romanu Vivu
911,592,745,194.58,50,0,Strada Păcii
912,745,593,209.12,50,0,Strada Păcii
913,704,705,58.67,50,1,Strada George Coșbuc
914,705,706,197.59,50,1,Strada George Coșbuc
915,2848,2850,281.65,50,0,
916,2850,2849,21.43,50,0,
917,2849,2847,20.94,50,0,
918,2847,2846,16.86,50,0,
919,2846,4430,56.20,50,0,
920,709,1407,22.10,50,0,Strada Horea
921,1407,9022,94.23,50,0,Strada Horea
922,9022,7691,16.27,50,0,Strada Horea
923,7691,1529,46.68,50,0,Strada Horea
924,709,761,141.51,50,0,Strada Aurel Filimon
925,761,553,70.76,50,0,Strada Aurel Filimon
926,553,764,49.19,50,0,Strada Aurel Filimon
927,764,3218,38.89,50,0,Strada Aurel Filimon
928,2617,741,161.22,50,0,Strada Kós Károly
929,741,7428,160.23,50,0,Strada Kós Károly
930,7428,957,23.92,50,0,Strada Kós Károly
931,957,603,44.35,50,0,Strada Kós Károly
932,715,6662,42.48,50,0,Strada George Coșbuc
933,6662,704,6.19,50,0,Strada George Coșbuc
934,716,547,28.01,50,1,Strada Constantin Romanu Vivu
935,702,701,56.67,50,1,Strada Constantin Romanu Vivu
936,701,3613,5.15,50,1,Strada Constantin Romanu Vivu
937,3613,703,44.41,50,1,Strada Constantin Romanu Vivu
938,718,717,203.92,50,1,Strada Gheorghe Șincai
939,722,8738,22.77,50,0,
940,8738,720,17.47,50,0,
941,1743,7440,78.15,50,0,
942,724,8509,58.61,50,0,
943,8509,1747,18.18,50,0,
944,1747,723,50.39,50,0,
945,262,730,135.93,30,1,Strada Caraiman
946,732,730,106.95,30,0,Strada Bogatei
947,730,731,84.32,30,0,Strada Bogatei
948,734,801,194.85,30,0,Strada Oituzului
949,801,735,114.45,50,0,Strada Bodor Péter
950,736,737,100.29,50,0,Strada Ecaterina Varga
951,739,738,132.32,30,0,Strada Govora
952,738,4247,50.26,30,0,Strada Pârâului
953,4247,619,129.44,30,0,Strada Pârâului
954,740,959,87.96,30,0,Strada Solidarității
955,959,6978,61.87,30,0,Strada Solidarității
956,6978,741,55.63,30,0,Strada Solidarității
957,742,743,79.88,30,0,Strada Motrului
958,2614,743,157.73,30,1,Strada Arieșului
959,743,744,57.92,30,1,Strada Arieșului
960,745,1856,57.75,50,0,Strada Luceafărului
961,1856,1414,62.19,50,0,Strada Luceafărului
962,1414,3623,24.52,50,0,Strada Luceafărului
963,3623,4826,26.85,50,0,Strada Luceafărului
964,4826,746,29.20,50,0,Strada Luceafărului
965,747,543,220.08,30,1,Piața Republicii
966,3133,1515,61.67,30,0,Strada Pădurii
967,1515,7372,110.75,30,0,Strada Pădurii
968,7372,1058,63.04,30,0,Strada Pădurii
969,749,4337,137.51,50,0,Strada General Ion Dumitrache
970,4337,1511,80.70,50,0,Strada General Ion Dumitrache
971,1511,7995,88.79,50,0,Strada General Ion Dumitrache
972,7995,860,2.56,50,0,Strada General Ion Dumitrache
973,758,8853,57.17,30,1,Piața Memorandului
974,8853,757,44.35,30,1,Piața Memorandului
975,757,756,28.36,30,1,Piața Memorandului
976,756,8854,49.06,30,1,Piața Memorandului
977,8854,222,56.95,30,1,Piața Memorandului
978,760,757,48.17,30,0,Piața Memorandului
979,763,553,115.56,50,1,Strada Aurel Filimon
980,221,220,70.72,50,1,Strada Bartók Béla
981,769,999,73.96,30,0,Strada Unității
982,770,7152,43.41,30,0,Strada Spicului
983,7152,7154,16.54,30,0,Strada Spicului
984,7154,1000,14.37,30,0,Strada Spicului
985,774,7218,81.58,50,0,Strada Cisnădie
986,7218,7670,20.42,50,0,Strada Cisnădie
987,7670,7899,54.17,50,0,Strada Cisnădie
988,7899,7907,28.85,50,0,Strada Cisnădie
989,782,781,26.08,50,0,Strada Budiului
990,781,780,230.46,50,0,Strada Budiului
991,780,4939,1033.56,50,0,Strada Budiului
992,4939,5176,61.54,50,0,Strada Budiului
993,5176,5174,127.58,50,0,Strada Budiului
994,5174,779,81.38,50,0,Strada Budiului
995,779,7954,58.84,50,0,Strada Budiului
996,52,792,99.50,30,0,Strada Rândunelelor
997,793,794,105.59,30,0,Strada Doctor Emil A. Dandea
998,1017,8915,2.97,50,1,Strada Suceava
999,8915,358,47.78,50,1,Strada Suceava
1000,636,8917,90.18,30,1,Strada Șurianu
1001,8917,271,17.22,30,1,Strada Șurianu
1002,513,4291,12.78,50,1,Strada Gloriei
1003,4291,6682,16.46,50,1,Strada Gloriei
1004,6682,504,35.18,50,1,Strada Gloriei
1005,797,798,60.26,50,0,
1006,799,798,14.61,50,0,
1007,798,4590,98.77,50,0,
1008,801,802,92.54,50,0,Strada Someșului
1009,803,3561,33.14,30,1,Strada Someșului
1010,3561,912,57.68,30,1,Strada Someșului
1011,912,945,64.80,30,1,Strada Someșului
1012,945,916,4.91,30,1,Strada Someșului
1013,916,887,60.31,30,1,Strada Someșului
1014,887,918,21.90,30,1,Strada Someșului
1015,918,889,97.21,30,1,Strada Someșului
1016,889,919,11.89,30,1,Strada Someșului
1017,919,804,80.47,30,1,Strada Someșului
1018,804,884,69.34,30,1,Strada Someșului
1019,884,526,62.34,30,1,Strada Someșului
1020,805,910,60.07,30,0,Strada Câmpului
1021,910,7918,37.82,30,0,Strada Câmpului
1022,7918,7923,5.82,30,0,Strada Câmpului
1023,7923,807,119.71,30,0,Strada Câmpului
1024,807,8096,130.19,30,1,Strada Săvinești
1025,8096,806,170.78,30,1,Strada Săvinești
1026,809,954,93.53,30,0,Strada Țesătorilor
1027,954,688,110.24,30,0,Strada Țesătorilor
1028,911,682,62.21,50,0,Strada Ady Endre
1029,682,3453,4.68,50,0,Strada Ady Endre
1030,3453,4261,88.66,50,0,Strada Ady Endre
1031,4261,809,8.45,50,0,Strada Ady Endre
1032,809,908,130.31,50,0,Strada Ady Endre
1033,908,6931,63.77,50,0,Strada Ady Endre
1034,6931,970,97.40,50,0,Strada Ady Endre
1035,970,6707,47.98,50,0,Strada Ady Endre
1036,6707,6930,45.80,50,0,Strada Ady Endre
1037,6930,909,185.01,50,0,Strada Ady Endre
1038,909,1630,28.02,50,0,Strada Ady Endre
1039,1630,4173,28.62,50,0,Strada Ady Endre
1040,4173,4103,28.97,50,0,Strada Ady Endre
1041,4103,6234,23.23,50,0,Strada Ady Endre
1042,6234,686,38.41,50,0,Strada Ady Endre
1043,686,4090,31.82,50,0,Strada Ady Endre
1044,4090,4080,61.16,50,0,Strada Ady Endre
1045,4080,4071,59.44,50,0,Strada Ady Endre
1046,4071,4062,49.58,50,0,Strada Ady Endre
1047,4062,7202,7.87,50,0,Strada Ady Endre
1048,7202,684,6.14,50,0,Strada Ady Endre
1049,810,4043,45.50,50,0,Strada Milcovului
1050,4043,4013,154.63,50,0,Strada Milcovului
1051,4013,4008,32.78,50,0,Strada Milcovului
1052,4008,8584,90.65,50,0,Strada Milcovului
1053,811,812,30.08,50,0,Strada Barajului
1054,813,4102,13.03,50,0,Strada Barajului
1055,4102,1178,23.47,50,0,Strada Barajului
1056,528,8809,34.07,50,0,Strada Tamás Ernő
1057,8809,8913,15.65,50,0,Strada Tamás Ernő
1058,8913,8810,19.85,50,0,Strada Tamás Ernő
1059,8810,8911,9.09,50,0,Strada Tamás Ernő
1060,8911,8907,3.50,50,0,Strada Tamás Ernő
1061,8907,446,78.18,50,0,Strada Tamás Ernő
1062,446,4258,99.19,50,0,Strada Tamás Ernő
1063,817,816,34.30,50,0,Strada Insulei
1064,816,6404,16.66,50,0,Strada Insulei
1065,6404,528,5.39,50,0,Strada Insulei
1066,819,5306,25.91,50,0,Strada Uzinei
1067,820,7071,2.36,50,0,Strada Uzinei
1068,7071,6308,21.37,50,0,Strada Uzinei
1069,6308,6204,94.25,50,0,Strada Uzinei
1070,6204,821,4.34,50,0,Strada Uzinei
1071,818,819,23.32,50,0,Strada Uzinei
1072,820,7074,4.41,50,0,Strada Uzinei
1073,7074,818,3.31,50,0,Strada Uzinei
1074,784,4383,78.60,50,0,Strada Călărașilor
1075,783,784,516.72,50,0,Strada Călărașilor
1076,5579,997,63.93,30,0,Strada Timișului
1077,822,998,73.41,30,0,Strada Pajka Károly
1078,4464,8016,60.42,30,0,Strada Acarului
1079,826,6704,10.97,30,0,Strada Islazului
1080,6704,825,40.65,30,0,Strada Islazului
1081,1006,827,8.74,50,0,Strada Toamnei
1082,829,830,352.59,50,0,Strada Sapei
1083,772,7679,54.03,30,1,Strada Cugir
1084,7679,8700,46.61,30,1,Strada Cugir
1085,8700,7678,21.18,30,1,Strada Cugir
1086,7678,2627,2.71,30,1,Strada Cugir
1087,2627,7674,53.92,30,1,Strada Cugir
1088,7674,2629,9.72,30,1,Strada Cugir
1089,2629,5672,29.49,30,1,Strada Cugir
1090,5672,7863,29.29,30,1,Strada Cugir
1091,7863,5678,23.19,30,1,Strada Cugir
1092,5678,6798,42.30,30,1,Strada Cugir
1093,6798,831,23.85,30,1,Strada Cugir
1094,832,6009,126.62,30,1,
1095,835,837,60.11,30,0,Strada Ceahlău
1096,837,836,64.23,30,0,Strada Ceahlău
1097,837,838,40.05,30,0,Strada Ceahlău
1098,840,841,64.70,50,0,Strada Cucului
1099,841,6413,25.85,30,0,Strada Slatina
1100,6413,6935,21.96,30,0,Strada Slatina
1101,1009,845,29.60,50,0,Strada Urcușului
1102,846,845,33.37,50,0,Strada Cireșului
1103,845,254,129.12,50,0,Strada Cireșului
1104,1010,854,35.53,50,0,Strada Urcușului
1105,847,1003,73.48,30,0,Strada Treierișului
1106,849,7225,40.92,50,0,Strada Reșița
1107,7225,7223,15.36,50,0,Strada Reșița
1108,7223,7221,37.81,50,0,Strada Reșița
1109,7221,4822,3.89,50,0,Strada Reșița
1110,4822,2636,91.86,50,0,Strada Reșița
1111,2636,848,77.03,50,0,Strada Reșița
1112,727,850,252.80,50,0,Strada Ludușului
1113,727,726,40.66,50,1,Strada Ciocanului
1114,834,851,207.85,30,0,Strada Ciucaș
1115,843,4204,43.08,50,1,Strada Lămâiței
1116,4204,2729,4.73,50,1,Strada Lămâiței
1117,2729,2726,63.14,50,1,Strada Lămâiței
1118,2726,875,60.96,50,1,Strada Lămâiței
1119,842,853,52.37,30,0,Strada Széchenyi István
1120,853,1751,67.12,30,0,Strada Széchenyi István
1121,1751,844,202.20,30,0,Strada Széchenyi István
1122,844,876,102.09,30,0,Strada Széchenyi István
1123,853,1420,97.73,50,0,Strada Dâmbul Pietros
1124,1420,2735,49.90,50,0,Strada Dâmbul Pietros
1125,2735,2733,34.45,50,0,Strada Dâmbul Pietros
1126,2733,1422,29.09,50,0,Strada Dâmbul Pietros
1127,1422,1016,19.04,50,0,Strada Dâmbul Pietros
1128,3205,858,55.00,30,0,Strada Dimitrie Cantemir
1129,858,856,87.41,30,0,Strada Dimitrie Cantemir
1130,857,858,323.69,50,1,Strada Doctor Cornel Ciugudean
1131,7996,3204,89.65,50,0,Strada Argeșului
1132,750,6214,94.16,30,0,Strada Privighetorii
1133,63,868,220.59,50,0,Strada Sfântul Ioan
1134,868,1703,121.24,50,0,Strada Sfântul Ioan
1135,1703,869,4.84,50,0,Strada Sfântul Ioan
1136,54,1832,214.90,50,1,Strada Rodnei
1137,923,870,164.95,50,1,Strada Făgărașului
1138,871,872,256.39,50,0,Strada Iernutului
1139,1532,873,35.50,30,0,Strada Iernutului
1140,873,874,83.49,30,0,Strada Iernutului
1141,880,881,89.80,50,1,Strada Ciocârliei
1142,881,887,87.25,50,1,Strada Ciocârliei
1143,882,886,70.23,30,0,Strada Bogdan Petriceicu Hașdeu
1144,886,888,92.70,30,0,Strada Bogdan Petriceicu Hașdeu
1145,888,881,119.42,30,0,Strada Bogdan Petriceicu Hașdeu
1146,881,946,66.49,30,0,Strada Bogdan Petriceicu Hașdeu
1147,946,913,65.35,30,0,Strada Bogdan Petriceicu Hașdeu
1148,913,883,85.80,30,0,Strada Bogdan Petriceicu Hașdeu
1149,883,924,10.23,30,0,Strada Bogdan Petriceicu Hașdeu
1150,884,882,71.43,50,0,Strada Bicazului
1151,882,885,82.49,50,0,Strada Bicazului
1152,889,888,80.53,50,1,Strada Frunzei
1153,888,890,83.44,50,1,Strada Frunzei
1154,891,892,24.26,50,0,
1155,510,514,22.38,30,1,Strada Prieteniei
1156,514,512,28.41,30,1,Strada Prieteniei
1157,900,952,88.80,30,0,Strada Frederic Joliot-Curie
1158,902,901,17.59,50,0,Strada Berzei
1159,901,904,71.07,50,0,Strada Berzei
1160,904,905,92.73,50,1,Piața Albert Metz
1161,905,906,82.04,50,1,Piața Albert Metz
1162,906,689,32.20,50,1,Piața Albert Metz
1163,906,6170,129.86,50,0,Strada Zidarilor
1164,684,4058,28.05,50,0,Strada Salcâmilor
1165,4058,968,68.50,50,0,Strada Salcâmilor
1166,968,810,40.28,50,0,Strada Salcâmilor
1167,911,910,150.98,50,0,Strada Jiului
1168,915,914,12.41,50,0,Strada Dr. Louis Pasteur
1169,914,913,94.90,50,0,Strada Dr. Louis Pasteur
1170,913,912,95.29,50,0,Strada Dr. Louis Pasteur
1171,918,67,194.05,30,1,Strada Barbu Ștefănescu Delavrancea
1172,920,919,193.92,30,1,Strada Trotușului
1173,921,3553,107.34,50,1,Strada Nicolae Bălcescu
1174,3553,803,49.92,50,1,Strada Nicolae Bălcescu
1175,922,3929,168.76,30,0,Strada Cernei
1176,870,8029,66.70,50,1,Strada Turzii
1177,8029,7082,8.03,50,1,Strada Turzii
1178,7082,5787,40.85,50,1,Strada Turzii
1179,8588,3980,54.70,50,1,Strada Nicolae Bălcescu
1180,3980,4791,21.35,50,1,Strada Nicolae Bălcescu
1181,4791,3975,18.84,50,1,Strada Nicolae Bălcescu
1182,3975,3968,64.19,50,1,Strada Nicolae Bălcescu
1183,3968,3955,43.77,50,1,Strada Nicolae Bălcescu
1184,3955,3942,80.59,50,1,Strada Nicolae Bălcescu
1185,3942,3940,6.57,50,1,Strada Nicolae Bălcescu
1186,3940,3938,5.49,50,1,Strada Nicolae Bălcescu
1187,3938,924,98.91,50,1,Strada Nicolae Bălcescu
1188,924,2050,3.35,50,1,Strada Nicolae Bălcescu
1189,2050,107,61.13,50,1,Strada Nicolae Bălcescu
1190,107,883,64.16,50,1,Strada Nicolae Bălcescu
1191,883,618,98.88,50,1,Strada Nicolae Bălcescu
1192,618,621,12.09,50,1,Strada Nicolae Bălcescu
1193,621,1787,97.02,50,1,Strada Nicolae Bălcescu
1194,1787,1780,110.32,50,1,Strada Nicolae Bălcescu
1195,1780,8587,76.02,50,1,Strada Nicolae Bălcescu
1196,565,3950,57.73,50,1,Strada Libertății
1197,3950,3963,61.07,50,1,Strada Libertății
1198,3963,3972,62.93,50,1,Strada Libertății
1199,3972,8545,10.88,50,1,Strada Libertății
1200,8545,8543,32.63,50,1,Strada Libertății
1201,8543,8542,8.46,50,1,Strada Libertății
1202,8542,8585,81.12,50,1,Strada Libertății
1203,2837,5701,7.57,20,1,
1204,5701,5704,15.46,20,1,
1205,5704,5708,16.28,20,1,
1206,5708,5713,15.00,20,1,
1207,5713,5716,16.57,20,1,
1208,5716,928,13.63,20,1,
1209,708,707,71.90,30,0,
1210,2848,2842,101.98,50,0,
1211,2842,2841,15.86,50,0,
1212,2841,2840,15.89,50,0,
1213,2840,4428,4.51,50,0,
1214,4428,6762,14.77,50,0,
1215,6762,2838,11.99,50,0,
1216,2834,5715,15.55,20,1,
1217,5715,5714,17.40,20,1,
1218,5714,5707,14.73,20,1,
1219,5707,5703,16.46,20,1,
1220,5703,5700,15.60,20,1,
1221,5700,2839,15.85,20,1,
1222,2844,8813,258.44,30,0,Strada Regina Elisabeta
1223,939,932,63.82,50,0,
1224,932,3552,59.92,50,0,
1225,3552,933,65.55,50,0,
1226,934,933,28.49,30,0,
1227,933,7746,25.31,30,0,
1228,7746,935,32.20,30,0,
1229,938,939,64.63,50,0,
1230,3555,3556,82.93,50,0,
1231,3556,937,58.07,50,0,
1232,937,938,63.19,50,0,
1233,940,941,72.10,30,0,Strada Piatra de Moară
1234,530,943,83.01,50,0,
1235,944,943,97.04,50,1,
1236,916,917,194.74,30,1,Strada Oltului
1237,948,947,12.61,30,0,Strada Oltului
1238,947,946,91.43,30,0,Strada Oltului
1239,946,945,91.27,30,0,Strada Oltului
1240,902,951,92.83,50,0,Strada Frederic Joliot-Curie
1241,951,907,187.31,30,0,Strada Siretului
1242,907,953,34.88,30,0,Strada Siretului
1243,953,954,97.99,30,0,Strada Siretului
1244,954,908,98.34,30,0,Strada Siretului
1245,955,959,162.76,50,0,Strada Muncitorilor
1246,959,956,78.00,50,0,Strada Muncitorilor
1247,956,7427,81.71,50,0,Strada Muncitorilor
1248,7427,957,21.58,50,0,Strada Muncitorilor
1249,958,956,102.78,30,0,Strada Nucului
1250,965,966,204.74,30,0,Strada Sitarilor
1251,967,687,184.82,30,0,Strada Bethlen Gábor
1252,687,6931,141.11,30,0,Strada Bethlen Gábor
1253,968,969,184.32,50,1,Strada Lebedei
1254,969,970,164.29,50,1,Strada Lebedei
1255,4886,8112,27.31,30,1,Strada Bărăganului
1256,4760,1611,208.14,50,1,Strada Bărăganului
1257,1611,1581,53.03,50,1,Strada Bărăganului
1258,1581,4781,72.78,50,1,Strada Bărăganului
1259,4781,4784,45.24,50,1,Strada Bărăganului
1260,4784,4786,44.93,50,1,Strada Bărăganului
1261,4786,975,13.18,50,1,Strada Bărăganului
1262,6372,6374,67.78,30,1,Strada Ștefan Cicio Pop
1263,6374,4403,29.01,30,1,Strada Ștefan Cicio Pop
1264,4403,4407,28.64,30,1,Strada Ștefan Cicio Pop
1265,4407,980,2.13,30,1,Strada Ștefan Cicio Pop
1266,982,974,90.00,30,0,Strada Ștefan Cicio Pop
1267,978,6370,27.18,50,1,Strada Ștefan Cicio Pop
1268,6370,6167,8.32,50,1,Strada Ștefan Cicio Pop
1269,6167,4376,47.09,50,1,Strada Ștefan Cicio Pop
1270,4376,6362,21.08,50,1,Strada Ștefan Cicio Pop
1271,6362,4379,41.85,50,1,Strada Ștefan Cicio Pop
1272,4379,981,33.28,50,1,Strada Ștefan Cicio Pop
1273,4381,7320,33.78,30,0,Strada Plopilor
1274,7320,9168,47.47,30,0,Strada Plopilor
1275,9168,7321,24.43,30,0,Strada Plopilor
1276,7321,7319,23.27,30,0,Strada Plopilor
1277,7319,1023,23.50,30,0,Strada Plopilor
1278,5521,6466,70.45,50,0,Strada Apaductului
1279,6466,6471,21.81,50,0,Strada Apaductului
1280,6471,8781,70.29,50,0,Strada Apaductului
1281,8781,982,84.07,50,0,Strada Apaductului
1282,982,984,180.45,50,0,Strada Apaductului
1283,4128,2034,48.60,50,1,Strada Gheorghe Doja
1284,2034,2035,49.30,50,1,Strada Gheorghe Doja
1285,2035,988,29.46,50,1,Strada Gheorghe Doja
1286,2034,2035,81.00,50,1,
1287,2024,2023,95.54,50,0,
1288,991,992,96.26,50,1,
1289,996,12,8.50,50,0,
1290,104,1005,10.58,30,1,Strada Rampei
1291,1004,7205,33.34,30,0,Strada Rozmarinului
1292,7205,569,41.07,30,0,Strada Rozmarinului
1293,569,826,259.34,30,0,Strada Rozmarinului
1294,826,824,144.91,30,0,Strada Rozmarinului
1295,824,5167,99.25,30,0,Strada Rozmarinului
1296,5167,7150,10.59,30,0,Strada Rozmarinului
1297,7150,8863,73.56,30,0,Strada Rozmarinului
1298,8863,568,171.13,30,0,Strada Rozmarinului
1299,568,567,135.56,30,0,Strada Rozmarinului
1300,567,7207,87.60,30,0,Strada Rozmarinului
1301,7207,996,74.67,30,0,Strada Rozmarinului
1302,7,873,84.92,50,1,Strada Alba Iulia
1303,873,1,94.47,50,1,Strada Alba Iulia
1304,1,6533,94.50,50,1,Strada Alba Iulia
1305,6533,729,83.16,50,1,Strada Alba Iulia
1306,729,5,134.20,50,1,Strada Alba Iulia
1307,1008,1010,190.01,50,0,Strada Deva
1308,1012,6005,8.73,50,0,Strada Ceahlău
1309,6005,833,60.84,50,0,Strada Ceahlău
1310,833,834,27.43,50,0,Strada Ceahlău
1311,3181,3180,14.61,50,1,
1312,1018,1017,55.45,30,0,Strada Șurianu
1313,1014,1015,110.54,50,0,Strada Turnu Roșu
1314,3668,6002,73.62,50,0,Strada Ceahlău
1315,6002,833,43.31,50,0,Strada Ceahlău
1316,1016,5998,21.34,50,0,Strada Dâmbul Pietros
1317,5998,2732,18.24,50,0,Strada Dâmbul Pietros
1318,2732,6011,19.12,50,0,Strada Dâmbul Pietros
1319,6011,2731,15.39,50,0,Strada Dâmbul Pietros
1320,2731,4228,43.92,50,0,Strada Dâmbul Pietros
1321,31,1997,44.03,50,0,Strada Banat
1322,1997,32,50.98,50,0,Strada Banat
1323,32,33,17.17,50,0,Strada Banat
1324,8845,2756,113.23,30,1,Strada Muntenia
1325,1023,7323,74.42,50,0,Strada Lacului
1326,7323,1024,64.99,50,0,Strada Lacului
1327,4363,1024,171.10,50,0,Strada Șoimilor
1328,1024,6382,78.89,50,0,Strada Șoimilor
1329,6382,1025,45.00,50,0,Strada Șoimilor
1330,1025,6379,23.16,50,0,Strada Șoimilor
1331,6379,1026,69.78,50,0,Strada Șoimilor
1332,1027,1026,223.76,50,1,Strada Benefalău
1333,6954,1360,260.57,50,0,Strada Sântana
1334,1057,1514,272.65,30,0,Strada Teleki Sámuel
1335,2578,2569,7.60,20,0,
1336,2569,3610,12.15,20,0,
1337,5234,2701,123.92,30,0,Strada Preot Ștefan Rusu
1338,467,1881,42.59,50,0,Strada Trébely
1339,1881,6946,150.36,50,0,Strada Trébely
1340,524,530,109.84,50,0,Strada Liviu Rebreanu
1341,530,7491,90.70,50,0,Strada Liviu Rebreanu
1342,7491,4413,8.01,50,0,Strada Liviu Rebreanu
1343,1061,4977,55.09,50,0,Strada Livezii
1344,4977,2874,6.47,50,0,Strada Livezii
1345,2874,2871,46.74,50,0,Strada Livezii
1346,2871,2870,30.23,50,0,Strada Livezii
1347,2870,4667,29.54,50,0,Strada Livezii
1348,4667,1062,44.90,50,0,Strada Livezii
1349,1062,2868,41.66,50,0,Strada Livezii
1350,2868,2866,19.47,50,0,Strada Livezii
1351,2866,2861,165.86,50,0,Strada Livezii
1352,2861,1063,7.58,50,0,Strada Livezii
1353,1063,8294,51.91,50,0,Strada Livezii
1354,8294,2856,5.15,50,0,Strada Livezii
1355,2856,1064,252.67,50,0,Strada Livezii
1356,1064,1074,115.59,50,0,Strada Livezii
1357,1074,1060,67.96,50,0,Strada Livezii
1358,1066,1067,28.64,70,0,Strada Ivănesti
1359,1067,1068,265.42,70,0,Strada Ivănesti
1360,2852,1074,477.16,50,0,Strada Viorelelor
1361,1075,1073,348.85,50,0,Strada Dealul Ciuta
1362,1063,4981,129.16,50,0,Strada Speranței
1363,4981,2857,18.48,50,0,Strada Speranței
1364,2857,4865,28.77,50,0,Strada Speranței
1365,4865,2858,12.67,50,0,Strada Speranței
1366,2858,2859,32.42,50,0,Strada Speranței
1367,2859,2860,59.28,50,0,Strada Speranței
1368,2860,9030,37.91,50,0,Strada Speranței
1369,9030,2862,30.46,50,0,Strada Speranței
1370,2862,1075,31.31,50,0,Strada Speranței
1371,1077,434,29.64,30,0,Strada Transilvania
1372,434,8893,7.83,30,0,Strada Transilvania
1373,8893,242,36.74,30,0,Strada Transilvania
1374,1079,1080,34.69,30,0,Strada Londra
1375,1080,1846,133.60,30,0,Strada Londra
1376,1846,1291,402.41,30,0,Strada Londra
1377,8981,6980,41.22,50,0,Strada Lăcrămioarei
1378,6980,706,30.36,50,0,Strada Lăcrămioarei
1379,706,2615,67.37,50,0,Strada Lăcrămioarei
1380,2615,2614,34.21,50,0,Strada Lăcrămioarei
1381,2614,2613,31.02,50,0,Strada Lăcrămioarei
1382,4129,4133,43.92,50,1,Strada Gheorghe Doja
1383,1090,1091,398.24,50,0,Strada Salcâmilor
1384,1096,2501,162.96,20,0,
1385,8477,5005,534.94,50,0,Strada Răsăritului
1386,5005,1863,139.92,50,0,Strada Răsăritului
1387,1863,1101,191.08,50,0,Strada Răsăritului
1388,1101,1102,7.60,50,0,Strada Răsăritului
1389,5477,8871,130.14,70,0,Strada Tofalău
1390,8871,5342,63.87,70,0,Strada Tofalău
1391,5342,3572,93.62,70,0,Strada Tofalău
1392,3572,1104,34.02,70,0,Strada Tofalău
1393,1104,1488,208.09,70,0,Strada Tofalău
1394,1488,1486,27.79,70,0,Strada Tofalău
1395,1486,3571,45.51,70,0,Strada Tofalău
1396,3571,3023,89.12,70,0,Strada Tofalău
1397,3023,5344,88.97,70,0,Strada Tofalău
1398,5344,3021,149.12,70,0,Strada Tofalău
1399,3021,1693,75.54,70,0,Strada Tofalău
1400,8964,1112,46.77,50,0,Strada Gării
1401,1112,1113,104.47,50,0,Strada Gării
1402,1113,3043,37.06,50,0,Strada Gării
1403,3043,3051,103.97,50,0,Strada Gării
1404,3051,1469,121.32,50,0,Strada Gării
1405,1469,1114,177.53,50,0,Strada Gării
1406,1114,5314,13.93,50,0,Strada Gării
1407,1116,3013,43.73,50,0,
1408,3013,1117,36.40,50,0,
1409,1117,1465,54.73,50,0,
1410,1465,1118,74.34,50,0,
1411,1118,3019,25.35,50,0,
1412,3019,5050,85.94,50,0,
1413,1119,1120,81.77,50,0,Strada Morii
1414,1120,5916,29.70,50,0,Strada Morii
1415,5916,3022,272.26,50,0,Strada Morii
1416,1124,1125,50.12,50,0,Strada Păcii
1417,1125,1475,55.66,50,0,Strada Păcii
1418,1475,3031,30.69,50,0,Strada Păcii
1419,3031,3026,145.45,50,0,Strada Păcii
1420,3026,1121,213.49,50,0,Strada Păcii
1421,1121,1126,155.02,50,0,Strada Păcii
1422,1127,1128,318.25,50,0,
1423,1130,1131,353.93,50,0,Strada Teilor
1424,1132,1133,364.69,50,0,Strada Nucului
1425,1135,1133,89.39,50,0,Strada Salcâmilor
1426,1133,1138,58.36,50,0,Strada Salcâmilor
1427,1138,1130,36.83,50,0,Strada Salcâmilor
1428,1130,1139,118.42,50,0,Strada Salcâmilor
1429,1139,1127,182.03,50,0,Strada Salcâmilor
1430,1127,1106,199.21,50,0,Strada Salcâmilor
1431,1131,1132,90.50,50,0,Strada Pășunii
1432,1132,1137,83.51,50,0,Strada Pășunii
1433,1137,1459,99.59,50,0,Strada Pășunii
1434,3132,8844,463.15,30,0,Pasajul Pădurii
1435,1151,1154,47.18,50,0,
1436,1150,1152,187.12,50,0,
1437,1155,1156,315.27,50,0,
1438,1149,1409,148.35,50,0,
1439,1153,1151,123.45,50,0,
1440,1158,1159,461.47,50,0,
1441,5094,5093,13.52,20,0,
1442,1144,1163,170.32,20,0,
1443,1163,3382,24.17,20,0,
1444,3382,3387,62.40,20,0,
1445,3387,3386,12.13,20,0,
1446,3386,3384,17.08,20,0,
1447,1166,1857,18.28,50,0,Strada Izvorului
1448,1857,1094,373.63,50,0,Strada Izvorului
1449,1070,1167,102.96,50,0,
1450,1167,1168,292.80,50,0,
1451,1168,1169,14.46,50,0,
1452,1171,4669,592.10,70,0,
1453,4669,2688,680.88,70,0,
1454,1172,4275,43.26,50,0,
1455,1071,9024,78.52,50,0,
1456,9024,1176,106.09,50,0,
1457,1177,1176,178.11,50,0,Strada Căpâlnii
1458,1176,1076,97.06,50,0,Strada Căpâlnii
1459,1076,9027,180.88,50,0,Strada Căpâlnii
1460,9027,4970,39.69,50,0,Strada Căpâlnii
1461,4970,4502,77.13,50,0,Strada Căpâlnii
1462,4502,4503,38.40,50,0,Strada Căpâlnii
1463,4190,4186,34.28,50,0,Strada Sălcilor
1464,4186,1179,305.99,50,0,Strada Sălcilor
1465,1178,4593,155.67,50,0,Strada Barajului
1466,1362,6241,42.08,50,0,Strada Albinei
1467,6241,1184,111.33,50,0,Strada Albinei
1468,1184,1183,164.74,50,0,Strada Albinei
1469,1188,1577,27.64,50,0,Strada Agricultorilor
1470,1577,4736,41.32,50,0,Strada Agricultorilor
1471,4736,4738,77.17,50,0,Strada Agricultorilor
1472,1540,1539,39.81,50,0,
1473,1189,1583,84.49,50,0,Strada Ciucului
1474,1583,1194,191.05,50,0,Strada Ciucului
1475,1196,1567,77.97,30,0,Strada Mărului
1476,1567,1568,35.34,30,0,Strada Mărului
1477,1202,1199,26.95,50,0,Strada Podeni
1478,1199,1200,204.37,50,0,Strada Podeni
1479,1203,7301,30.81,50,0,Strada Vasile Săbădeanu
1480,7301,7299,17.73,50,0,Strada Vasile Săbădeanu
1481,7299,1204,39.54,50,0,Strada Vasile Săbădeanu
1482,1204,5461,164.96,50,0,Strada Vasile Săbădeanu
1483,5461,4759,45.89,50,0,Strada Vasile Săbădeanu
1484,3408,1203,56.18,50,0,Strada Dan Alexandrescu
1485,1203,1410,190.25,50,0,Strada Dan Alexandrescu
1486,4461,1210,94.31,30,1,Strada Platoul Cornești
1487,1205,1209,41.80,30,1,
1488,1212,1211,167.89,20,0,Pasaj Subteran Teatru
1489,1211,1325,50.73,20,0,Pasaj Subteran Teatru
1490,1327,1212,47.42,20,0,Pasaj Subteran Teatru
1491,7990,3801,78.35,30,0,Strada Gábor Áron
1492,1213,1214,138.74,30,0,Strada Henri Coandă
1493,1215,1216,150.92,30,0,Pasajul Palas
1494,1324,7311,44.66,30,0,Strada Poligrafiei
1495,7311,7316,60.11,30,0,Strada Poligrafiei
1496,7316,7314,16.16,30,0,Strada Poligrafiei
1497,7314,1217,9.13,30,0,Strada Poligrafiei
1498,3200,1219,266.78,30,0,Strada Plutelor
1499,1220,1221,43.49,50,1,
1500,1222,1223,36.88,20,0,Strada Răsăritului
1501,168,1512,38.75,50,0,Strada Mihai Viteazul
1502,712,713,62.02,50,0,Aleea Constructorilor
1503,1224,1411,134.41,30,0,Strada Dumbravei
1504,5236,1225,28.78,50,0,Strada Fragilor
1505,1225,1226,143.11,50,0,Strada Fragilor
1506,1227,1226,148.84,50,0,Strada Liliacului
1507,1412,1227,80.81,50,0,Strada Lev Nicolaevici Tolstoi
1508,1227,1225,78.59,50,0,Strada Lev Nicolaevici Tolstoi
1509,1414,6341,25.51,30,1,Aleea Tâmplarilor
1510,6341,4824,87.16,30,1,Aleea Tâmplarilor
1511,4824,1413,93.98,30,1,Aleea Tâmplarilor
1512,1229,3639,115.91,70,0,
1513,3639,1233,723.34,70,0,
1514,1233,1230,347.34,70,0,
1515,1230,1235,51.31,70,0,
1516,1235,1236,72.12,70,0,
1517,1236,1239,303.01,70,0,
1518,1239,1231,34.46,70,0,
1519,1231,5429,185.66,70,0,
1520,5429,5431,176.73,70,0,
1521,5431,1232,127.40,70,0,
1522,1233,5407,95.92,50,0,
1523,5407,1234,60.67,50,0,
1524,1234,1235,342.75,50,0,
1525,1237,1240,251.67,50,0,
1526,1240,1238,1295.47,50,0,
1527,1239,1240,24.57,50,0,
1528,1230,1241,276.88,50,0,
1529,1234,1242,204.93,50,0,
1530,1243,9100,66.51,50,0,Aleea Soarelui
1531,9100,1249,36.63,50,0,Aleea Soarelui
1532,1249,1253,26.19,50,0,Aleea Soarelui
1533,1253,1252,92.96,50,0,Aleea Soarelui
1534,1252,1263,197.49,50,0,Aleea Soarelui
1535,1263,1248,50.92,50,0,Aleea Soarelui
1536,1249,1250,193.05,30,0,Aleea Sudului
1537,1250,1264,67.73,30,0,Aleea Sudului
1538,1264,1261,284.01,30,0,Aleea Sudului
1539,1261,1244,146.45,30,0,Aleea Sudului
1540,1251,1830,114.98,50,0,Aleea Zorilor
1541,1830,1252,101.48,50,0,Aleea Zorilor
1542,1254,1245,59.56,30,0,Aleea Zenitului
1543,1255,1256,84.11,50,0,
1544,1257,1246,59.99,30,0,Aleea Cometei
1545,1258,1259,72.82,50,0,
1546,1260,1261,104.50,50,0,Aleea Amurgului
1547,1262,1263,26.40,50,0,
1548,1264,1265,70.54,50,0,Aleea Astrelor
1549,1250,1266,19.28,50,0,
1550,1268,8291,505.93,50,0,Strada Viile Dealului Mic
1551,8291,8286,38.65,50,0,Strada Viile Dealului Mic
1552,8286,5192,25.13,50,0,Strada Viile Dealului Mic
1553,5192,1945,77.15,50,0,Strada Viile Dealului Mic
1554,1945,8280,100.07,50,0,Strada Viile Dealului Mic
1555,8280,1946,240.43,50,0,Strada Viile Dealului Mic
1556,1270,1271,194.39,50,0,Strada Viile Unomai
1557,1271,1951,250.81,50,0,Strada Viile Unomai
1558,1951,1948,168.42,50,0,Strada Viile Unomai
1559,4940,5224,48.69,40,0,Strada Budiului
1560,5224,1272,31.95,40,0,Strada Budiului
1561,1275,4662,355.96,50,0,
1562,4662,5227,40.09,50,0,
1563,5227,4542,37.26,50,0,
1564,4542,2243,74.46,50,0,
1565,2243,2244,555.21,50,0,
1566,4212,1277,320.61,50,0,Strada Paris
1567,1277,2680,106.71,50,0,Strada Paris
1568,1081,1284,31.59,50,0,
1569,1281,1280,62.50,50,0,Strada Praga
1570,1292,1291,48.75,30,0,Strada Berlin
1571,2678,2676,193.22,30,0,Strada București
1572,1296,2751,333.05,50,0,Calea Sighișoarei
1573,2751,5742,238.11,50,0,Calea Sighișoarei
1574,5742,2452,120.87,50,0,Calea Sighișoarei
1575,2452,2749,31.36,50,0,Calea Sighișoarei
1576,2749,8451,16.57,50,0,Calea Sighișoarei
1577,8451,8453,21.55,50,0,Calea Sighișoarei
1578,8453,8458,7.40,50,0,Calea Sighișoarei
1579,8458,1837,23.52,50,0,Calea Sighișoarei
1580,1297,1296,70.79,50,0,Calea Sighișoarei
1581,590,1299,16.06,50,0,Strada Plutelor
1582,1299,2718,310.18,50,0,Strada Plutelor
1583,2665,1300,145.16,50,0,Strada Nordului
1584,2952,2948,66.24,50,0,
1585,1300,2941,375.73,50,0,Strada Nordului
1586,2941,2939,42.36,50,0,Strada Nordului
1587,2939,2937,107.81,50,0,Strada Nordului
1588,2937,4647,81.96,50,0,Strada Nordului
1589,4647,1301,20.06,50,0,Strada Nordului
1590,675,4162,86.90,50,0,
1591,5517,5497,67.24,50,1,Strada Ion Fiscuteanu
1592,960,1194,20.90,50,0,Strada Voinicenilor
1593,1948,1082,249.72,50,0,Strada Jean Monnet
1594,1082,1083,787.90,50,0,Strada Jean Monnet
1595,1307,1308,511.95,30,0,Strada Insulei
1596,1309,1310,155.30,50,0,
1597,1310,4770,122.08,50,0,
1598,4770,5308,213.94,50,0,
1599,1312,1313,672.95,50,0,
1600,1315,1316,36.94,30,1,Aleea Carpați
1601,1316,1317,230.10,50,1,Strada Călărașilor
1602,1317,1318,23.72,50,1,Strada Călărașilor
1603,1318,1319,207.33,50,1,Strada Călărașilor
1604,1320,1321,20.66,50,1,
1605,156,163,154.81,50,1,Strada Avram Iancu
1606,163,1216,32.02,50,1,Strada Avram Iancu
1607,1216,274,109.59,50,1,Strada Avram Iancu
1608,9084,1874,39.28,50,0,Strada Revoluției
1609,1326,4555,24.76,30,1,Strada Călărașilor
1610,3141,9085,111.15,30,1,Strada Poștei
1611,5650,4556,43.76,50,1,Strada Revoluției
1612,68,103,63.40,50,1,Piața Petőfi Sándor
1613,1330,1329,28.98,20,1,
1614,118,1331,18.45,30,1,Strada Iuliu Maniu
1615,1331,118,26.90,30,1,Strada Iuliu Maniu
1616,2650,2652,22.90,50,1,Strada George Enescu
1617,1334,7916,21.59,30,1,Piața Cardinal Iuliu Hossu
1618,7916,6557,36.60,30,1,Piața Cardinal Iuliu Hossu
1619,6557,1332,40.21,30,1,Piața Cardinal Iuliu Hossu
1620,1334,1330,21.16,50,1,Strada Tușnad
1621,1330,216,58.50,50,1,Strada Tușnad
1622,1333,1334,12.16,50,0,Strada Tușnad
1623,4546,4544,23.77,50,1,
1624,1097,5012,236.10,50,0,Strada Someșului
1625,5012,5011,17.86,50,0,Strada Someșului
1626,5011,5010,246.96,50,0,Strada Someșului
1627,1337,1338,296.43,50,0,Strada Mircea Robu
1628,6932,1351,199.54,50,0,Strada Ionel Giurchi
1629,1351,1347,156.49,50,0,Strada Ionel Giurchi
1630,1347,1341,163.77,50,0,Strada Ionel Giurchi
1631,1342,1349,167.76,50,0,Strada David Rusu
1632,1349,1346,155.25,50,0,Strada David Rusu
1633,1346,1343,141.72,50,0,Strada David Rusu
1634,1344,1350,185.66,50,0,Strada Lazar Blejnari
1635,1350,1345,156.77,50,0,Strada Lazar Blejnari
1636,4368,4371,189.15,30,0,Strada Mircea Robu
1637,1349,1350,67.62,50,0,Strada Florilor
1638,1350,1351,64.85,50,0,Strada Florilor
1639,1351,1352,86.19,50,0,Strada Florilor
1640,1362,2334,83.30,50,0,Strada Băneasa
1641,2334,8442,225.79,50,0,Strada Băneasa
1642,8442,1186,61.47,50,0,Strada Băneasa
1643,1186,8440,139.01,50,0,Strada Băneasa
1644,8440,6485,190.47,50,0,Strada Băneasa
1645,6485,2424,104.60,50,0,Strada Băneasa
1646,106,8785,2.91,50,0,Strada Băneasa
1647,8785,5933,89.36,50,0,Strada Băneasa
1648,5933,7638,54.09,50,0,Strada Băneasa
1649,7638,6029,110.40,50,0,Strada Băneasa
1650,6029,8537,156.25,50,0,Strada Băneasa
1651,1757,505,31.52,50,0,
1652,510,193,153.24,50,0,
1653,193,1765,81.39,50,0,
1654,1765,1365,11.07,50,0,
1655,193,1364,31.10,50,0,
1656,60,1366,33.44,50,0,
1657,1366,1368,95.67,50,0,
1658,1368,1367,117.37,50,0,
1659,1368,1369,35.75,50,0,
1660,1370,1373,32.27,30,0,
1661,1373,1889,12.96,30,0,
1662,1802,7238,19.33,50,0,Strada Regele Ferdinand
1663,7238,7246,89.09,50,0,Strada Regele Ferdinand
1664,7246,7248,73.34,50,0,Strada Regele Ferdinand
1665,7248,7253,41.86,50,0,Strada Regele Ferdinand
1666,7253,6078,6.40,50,0,Strada Regele Ferdinand
1667,8930,8929,1.74,30,0,Strada Spitalul Vechi
1668,8929,795,57.25,30,0,Strada Spitalul Vechi
1669,4556,1326,23.09,30,0,Strada Călărașilor
1670,4552,220,162.55,50,1,Piața Trandafirilor
1671,220,225,108.77,50,1,Piața Trandafirilor
1672,225,4543,34.61,50,1,Piața Trandafirilor
1673,4556,4555,20.97,50,1,Piața Trandafirilor
1674,380,381,132.05,30,0,Strada Márton Áron
1675,381,102,73.88,30,0,Strada Márton Áron
1676,2648,1376,73.41,30,1,
1677,1376,2649,17.01,30,1,
1678,1377,386,13.77,30,0,Strada Köteles Sámuel
1679,386,384,42.96,30,0,Strada Köteles Sámuel
1680,1381,2693,82.17,20,1,
1681,898,522,65.84,30,0,
1682,522,1386,61.26,30,0,
1683,1844,1388,109.12,50,0,
1684,1388,4298,33.01,50,0,
1685,4298,1389,26.06,50,0,
1686,616,8095,182.92,50,1,Strada Lavandei
1687,8095,527,144.52,50,1,Strada Lavandei
1688,680,1855,159.52,50,0,Strada Somnului
1689,864,7408,189.64,50,0,Strada Mureșului
1690,7408,4889,38.09,50,0,Strada Mureșului
1691,4889,4384,51.66,50,0,Strada Mureșului
1692,4384,7410,29.16,50,0,Strada Mureșului
1693,7410,6059,22.67,50,0,Strada Mureșului
1694,6059,6053,95.42,50,0,Strada Mureșului
1695,6053,7412,5.56,50,0,Strada Mureșului
1696,7412,4389,19.09,50,0,Strada Mureșului
1697,4389,1395,76.69,50,0,Strada Mureșului
1698,1396,462,96.70,20,0,
1699,1398,1399,16.15,50,0,
1700,1401,1402,20.67,50,0,
1701,4716,653,81.39,50,1,Strada Colegiului
1702,158,161,16.26,30,0,Bulevardul Cetății
1703,170,8094,3.26,30,1,Strada Mitropolit Andrei Șaguna
1704,8094,199,213.81,30,1,Strada Mitropolit Andrei Șaguna
1705,1404,4313,17.43,30,0,Bulevardul Cetății
1706,638,6985,190.00,30,0,Strada Ana Ipătescu
1707,549,4703,48.36,50,0,
1708,4703,1694,33.45,50,0,
1709,1694,4702,39.71,50,0,
1710,4702,1408,4.62,50,0,
1711,111,7056,33.41,30,1,Strada Bucinului
1712,7056,6185,14.42,30,1,Strada Bucinului
1713,6185,6549,16.98,30,1,Strada Bucinului
1714,6549,1860,120.52,30,1,Strada Bucinului
1715,1860,236,112.03,30,1,Strada Bucinului
1716,53,802,78.63,50,1,Strada Rodnei
1717,802,54,192.16,50,1,Strada Rodnei
1718,949,950,90.22,50,0,Strada Zânelor
1719,1417,1418,229.93,30,0,Strada Potopului
1720,1421,6007,7.70,30,0,Bulevardul 1848
1721,6007,2568,80.40,30,0,Bulevardul 1848
1722,2568,1422,101.74,30,0,Bulevardul 1848
1723,1423,5580,200.81,50,0,Strada Morești
1724,5580,1424,25.80,50,0,Strada Morești
1725,2068,2062,134.53,30,0,Strada Mestecănișului
1726,2062,2064,282.81,30,0,Strada Mestecănișului
1727,2064,2067,299.35,30,0,Strada Mestecănișului
1728,2067,2066,237.98,30,0,Strada Mestecănișului
1729,1426,1427,56.66,30,0,Strada Ilie Munteanu
1730,1428,1427,149.55,30,0,Strada Ilie Munteanu
1731,1427,1429,62.26,30,0,Strada Ilie Munteanu
1732,629,1431,49.03,30,0,
1733,1431,4140,51.51,30,0,
1734,4421,4422,55.22,30,1,
1735,4422,1433,38.67,30,1,
1736,1435,1436,74.50,30,0,Strada Petru Dobra
1737,1436,1437,30.66,30,0,Strada Petru Dobra
1738,1443,1442,109.73,30,1,Strada Ion Buteanu
1739,1442,1804,11.95,50,1,Strada Ion Buteanu
1740,1804,696,91.08,50,1,Strada Ion Buteanu
1741,1445,1444,108.21,50,0,
1742,1446,1447,51.70,50,0,
1743,447,3144,20.26,30,0,Piața Mărășești
1744,3144,3625,63.17,30,0,Piața Mărășești
1745,4138,4766,15.96,50,0,
1746,4766,6149,28.06,50,0,
1747,6149,6419,17.97,50,0,
1748,6419,9092,28.57,50,0,
1749,649,651,39.39,50,0,
1750,651,1450,89.19,50,0,
1751,1450,1452,94.06,50,0,
1752,671,672,12.90,50,0,
1753,672,673,54.39,50,0,
1754,673,4160,29.31,50,0,
1755,4160,676,43.05,50,0,
1756,2619,1454,172.26,50,0,Strada Kós Károly
1757,600,5564,12.42,50,0,
1758,5564,599,14.97,50,0,
1759,5057,1456,125.79,50,0,Strada Cimitirului
1760,1456,2975,367.48,50,0,Strada Cimitirului
1761,4951,4950,75.03,50,1,
1762,4950,1457,94.10,50,1,
1763,1458,8316,68.39,20,0,
1764,8316,8306,50.12,20,0,
1765,8306,6083,87.17,20,0,
1766,1135,1136,139.56,50,0,Strada Márton Áron
1767,1136,1459,233.56,50,0,Strada Márton Áron
1768,1459,1460,107.15,50,0,Strada Márton Áron
1769,1460,1461,78.50,50,0,Strada Márton Áron
1770,1461,1462,61.68,50,0,Strada Márton Áron
1771,1460,1463,308.48,25,0,Strada Lutului
1772,4872,2989,201.11,50,0,Strada Teilor
1773,2989,1463,28.41,50,0,Strada Teilor
1774,1463,1131,107.43,50,0,Strada Teilor
1775,1107,1464,234.89,50,0,Strada Bisericii
1776,1466,5323,410.14,50,0,Strada Apei Sărate
1777,5323,9150,21.26,50,0,Strada Apei Sărate
1778,9150,5322,74.00,50,0,Strada Apei Sărate
1779,5322,5325,102.98,50,0,Strada Apei Sărate
1780,5325,1467,28.40,50,0,Strada Apei Sărate
1781,1467,5893,81.97,50,0,Strada Apei Sărate
1782,1467,1468,73.03,50,0,
1783,1469,3052,119.79,50,0,Strada Narciselor
1784,3052,1473,143.11,50,0,Strada Narciselor
1785,1473,8572,71.27,50,0,Strada Narciselor
1786,8572,1471,10.69,50,0,Strada Narciselor
1787,1471,5891,30.53,50,0,Strada Narciselor
1788,5891,3034,48.32,50,0,Strada Narciselor
1789,3034,1470,25.74,50,0,Strada Narciselor
1790,1471,3035,91.40,50,0,
1791,3035,1472,28.66,50,0,
1792,1473,1474,116.55,50,0,
1793,5049,1475,389.44,50,0,
1794,4955,3040,44.00,50,0,Strada Bailor
1795,3040,1477,84.08,50,0,Strada Bailor
1796,5887,5888,72.01,20,0,
1797,5888,7341,14.76,20,0,
1798,7341,7338,19.06,20,0,
1799,7338,7337,20.88,20,0,
1800,7337,7335,17.41,20,0,
1801,7335,1483,21.93,20,0,
1802,1483,1482,12.14,20,0,
1803,3055,5883,25.14,20,0,
1804,5883,5888,27.37,20,0,
1805,5888,3048,111.49,20,0,
1806,3048,3046,28.32,20,0,
1807,3046,3044,35.92,20,0,
1808,1479,1481,30.17,50,1,
1809,2640,8687,56.10,20,0,Strada Liliacului
1810,8687,3061,216.38,20,0,Strada Liliacului
1811,3061,1485,70.82,20,0,Strada Liliacului
1812,1486,1487,195.88,50,0,
1813,1488,5987,257.43,50,0,
1814,5987,1489,25.63,50,0,
1815,1490,3568,59.49,50,0,
1816,3568,1491,4.69,50,0,
1817,1491,1492,51.12,50,0,
1818,1494,1492,22.19,50,0,
1819,1492,1493,46.21,50,0,
1820,1491,1495,119.64,50,0,
1821,6947,1496,109.44,30,0,Strada Secuilor Martiri
1822,1499,4531,45.35,50,0,
1823,4531,4533,19.70,50,0,
1824,1498,6650,52.11,50,1,Strada Făget
1825,6650,5913,25.21,50,1,Strada Făget
1826,5913,1497,119.70,50,1,Strada Făget
1827,711,591,48.84,50,1,Aleea Constructorilor
1828,1500,1501,34.61,50,0,
1829,1501,1503,45.96,50,0,
1830,1501,1502,37.31,50,0,
1831,205,207,180.52,30,0,Strada Nicolae Grigorescu
1832,1504,1507,84.18,30,0,Strada Nicolae Grigorescu
1833,1505,3106,5.69,30,0,Strada Nicolae Grigorescu
1834,3106,1508,87.38,30,0,Strada Nicolae Grigorescu
1835,207,3586,12.40,30,0,
1836,3586,3617,55.46,30,0,
1837,6973,8824,36.35,30,0,Strada Vișeului
1838,8824,1510,41.04,30,0,Strada Vișeului
1839,1511,4333,70.03,50,0,Strada Crângului
1840,4333,1513,37.78,50,0,Strada Crângului
1841,1515,1516,151.73,30,0,Strada Pădurii
1842,1518,1519,319.37,30,0,Strada Cornești
1843,1519,5739,98.99,30,0,Strada Cornești
1844,5739,3604,81.76,30,0,Strada Cornești
1845,3604,8146,104.09,30,0,Strada Cornești
1846,8146,1749,17.20,30,0,Strada Cornești
1847,1520,3596,571.33,30,0,Strada Posada
1848,1322,6755,34.24,30,0,
1849,6755,6754,24.58,30,0,
1850,6754,1521,57.41,30,0,
1851,987,6465,333.12,50,0,
1852,6465,8886,42.24,50,0,
1853,1541,1539,10.48,50,0,
1854,1539,1192,106.16,50,0,
1855,1193,1540,83.56,50,1,Strada Burebista
1856,1540,1192,61.78,50,1,Strada Burebista
1857,1192,4757,3.97,50,1,Strada Burebista
1858,4757,7848,86.76,50,1,Strada Burebista
1859,7848,7849,14.93,50,1,Strada Burebista
1860,7849,4875,4.24,50,1,Strada Burebista
1861,1544,4903,52.44,50,0,Strada Pomilor
1862,4903,9101,7.17,50,0,Strada Pomilor
1863,9101,4734,109.89,50,0,Strada Pomilor
1864,4734,1353,119.35,50,0,Strada Pomilor
1865,1545,1546,191.01,30,0,Strada Eden
1866,1546,4751,67.91,30,0,Strada Eden
1867,4751,9096,37.81,30,0,Strada Eden
1868,9096,4753,12.99,30,0,Strada Eden
1869,4753,4755,51.98,30,0,Strada Eden
1870,4755,9094,15.16,30,0,Strada Eden
1871,9094,7782,9.67,30,0,Strada Eden
1872,7782,1547,106.53,30,0,Strada Eden
1873,1547,7780,62.31,30,0,Strada Eden
1874,7780,5451,123.33,30,0,Strada Eden
1875,1550,1556,43.15,50,1,
1876,1556,1549,5.46,50,1,
1877,1549,4346,107.52,50,1,
1878,4346,4688,11.94,50,1,
1879,4688,6950,114.95,50,1,
1880,1550,1551,19.22,50,0,
1881,1551,2667,30.52,50,0,
1882,6073,1551,86.18,50,1,
1883,4690,4689,16.60,50,0,
1884,4689,1552,78.40,50,0,
1885,1556,1557,97.33,50,0,
1886,1557,1555,18.55,50,0,
1887,1559,1560,218.30,50,0,Strada Serafim Duicu
1888,1561,5467,46.12,30,0,Strada Florilor
1889,5467,1028,521.64,30,0,Strada Florilor
1890,1562,1563,249.23,50,0,Strada Viorelelor
1891,787,1564,322.44,30,0,
1892,1565,1566,390.89,50,0,
1893,1196,8245,316.85,50,0,Strada Mărului
1894,8245,8811,61.03,50,0,Strada Mărului
1895,8811,1569,185.63,50,0,Strada Mărului
1896,1569,5453,57.89,50,0,Strada Mărului
1897,5453,5080,68.65,50,0,Strada Mărului
1898,5080,5440,112.32,50,0,Strada Mărului
1899,5440,1197,80.59,50,0,Strada Mărului
1900,1197,3658,60.57,50,0,Strada Mărului
1901,3658,5089,87.97,50,0,Strada Mărului
1902,5089,5086,66.14,50,0,Strada Mărului
1903,5086,6153,100.85,50,0,Strada Mărului
1904,6153,1198,72.23,50,0,Strada Mărului
1905,1570,3678,307.46,30,0,Strada Ion Vlasiu
1906,1575,1576,147.71,50,0,
1907,1571,3681,477.53,30,0,
1908,975,1590,82.73,50,1,Strada Petru Maior
1909,1590,1599,10.59,50,1,Strada Petru Maior
1910,1599,1579,28.24,50,1,Strada Petru Maior
1911,1579,1593,52.54,50,1,Strada Gheorghe Pop de Băsești
1912,1593,4352,24.40,50,1,Strada Gheorghe Pop de Băsești
1913,4352,1595,44.89,50,1,Strada Gheorghe Pop de Băsești
1914,1595,1582,23.54,50,1,Strada Gheorghe Pop de Băsești
1915,1580,1596,20.07,50,1,Strada Iosif Hodoș
1916,1596,1598,36.74,50,1,Strada Iosif Hodoș
1917,1598,1607,16.42,50,1,Strada Iosif Hodoș
1918,1607,1585,48.36,50,1,Strada Iosif Hodoș
1919,1582,1597,20.79,50,1,Strada Iosif Hodoș
1920,1597,1580,30.64,30,1,Strada Iosif Hodoș
1921,1580,1584,36.16,50,0,Aleea Ion Mihuț
1922,1585,1586,30.18,50,0,
1923,1586,1587,128.88,50,0,
1924,1586,1588,90.85,50,0,
1925,1587,1589,47.18,50,0,Strada Gheorghe Pop de Băsești
1926,1589,1592,24.38,50,0,Strada Gheorghe Pop de Băsești
1927,1592,1594,68.46,50,0,Strada Gheorghe Pop de Băsești
1928,1594,1591,28.03,50,0,Strada Gheorghe Pop de Băsești
1929,1589,1590,31.92,50,0,Strada Gheorghe Pop de Băsești
1930,1592,1593,34.78,50,0,
1931,1594,1595,34.62,50,0,
1932,1591,1598,25.86,50,0,
1933,1600,1603,72.73,30,0,Strada Petru Maior
1934,1604,1605,18.46,30,0,Strada Petru Maior
1935,1605,1603,15.55,30,0,Strada Petru Maior
1936,1605,1606,23.12,50,0,
1937,1608,1607,32.99,50,1,
1938,1609,1610,57.19,50,0,Aleea Ion Mihuț
1939,1584,4359,50.36,50,0,Aleea Ion Mihuț
1940,1609,1612,41.73,50,0,Aleea Ion Mihuț
1941,1612,4355,65.78,50,0,Aleea Ion Mihuț
1942,1610,1613,138.01,50,1,Aleea Ion Mihuț
1943,1610,4355,49.12,50,0,Aleea Ion Mihuț
1944,762,221,67.73,50,0,
1945,4543,3792,35.48,30,1,Strada Horea
1946,3792,709,181.53,30,1,Strada Horea
1947,1616,8219,38.65,50,1,Strada Bolyai
1948,8219,87,129.19,50,1,Strada Bolyai
1949,1621,6952,25.29,30,0,
1950,1619,1620,25.04,30,0,
1951,1624,7191,28.95,50,0,
1952,7191,1625,37.80,50,0,
1953,1625,1627,88.14,50,0,
1954,1625,1626,79.55,50,0,
1955,1626,1627,26.95,50,0,
1956,465,7210,33.46,50,0,Strada Rodniciei
1957,7210,7213,22.31,50,0,Strada Rodniciei
1958,7213,451,69.71,50,0,Strada Rodniciei
1959,3433,5082,250.16,50,1,Strada Ceangăilor
1960,5082,1543,257.72,50,1,Strada Ceangăilor
1961,1549,1636,28.78,50,0,
1962,1637,5867,97.77,20,1,
1963,78,1640,47.21,20,1,
1964,1640,1639,9.83,20,1,
1965,1639,3092,10.17,20,1,
1966,3092,1641,57.15,20,1,
1967,1639,79,26.35,20,1,
1968,1641,3088,12.10,20,1,
1969,83,82,123.12,20,0,
1970,1645,1649,15.60,20,0,
1971,1649,1646,12.54,20,0,
1972,1646,83,13.24,20,0,
1973,83,1650,12.73,20,0,
1974,1650,1653,12.49,20,0,
1975,1653,80,14.27,20,0,
1976,1647,1646,123.28,20,0,
1977,1649,1648,120.68,20,0,
1978,1644,1645,108.58,20,0,
1979,1651,1650,122.95,20,0,
1980,1653,1652,122.78,20,0,
1981,4282,1852,84.40,30,0,
1982,1659,1852,65.90,30,0,
1983,1852,1657,20.78,30,0,
1984,57,6597,56.25,50,0,Strada Cutezanței
1985,6597,396,127.49,50,0,Strada Cutezanței
1986,396,6595,203.84,50,0,Strada Cutezanței
1987,6595,141,45.87,50,0,Strada Cutezanței
1988,141,6593,47.34,50,0,Strada Cutezanței
1989,6593,6591,78.60,50,0,Strada Cutezanței
1990,6591,58,273.61,50,0,Strada Cutezanței
1991,58,3203,55.35,50,0,Strada Cutezanței
1992,324,22,41.69,50,0,Strada Înfrățirii
1993,325,22,41.16,50,0,Bulevardul 1 Decembrie 1918
1994,332,1829,80.60,50,0,Bulevardul 1 Decembrie 1918
1995,21,22,39.16,50,0,Bulevardul Pandurilor
1996,48,2588,48.45,50,0,Bulevardul 1 Decembrie 1918
1997,226,4556,14.22,50,0,
1998,971,8745,20.21,50,1,Bulevardul 22 Decembrie 1989
1999,217,4209,46.17,50,1,Strada Gheorghe Doja
2000,40,219,57.31,50,1,Bulevardul 1 Decembrie 1918
2001,214,215,69.89,50,1,Bulevardul 1 Decembrie 1918
2002,215,6927,7.00,50,1,Bulevardul 1 Decembrie 1918
2003,6927,41,58.11,50,1,Bulevardul 1 Decembrie 1918
2004,2647,4229,90.93,50,0,Piața Matia Corvin
2005,4229,2610,22.83,50,0,Piața Matia Corvin
2006,1660,1662,18.97,50,0,
2007,1662,1663,18.54,50,0,
2008,22,49,40.76,50,0,Bulevardul 1 Decembrie 1918
2009,1669,1670,14.36,50,0,
2010,1670,1671,15.92,50,0,
2011,1671,1672,16.79,50,0,
2012,1672,5487,18.51,50,0,
2013,5487,5488,18.60,50,0,
2014,5488,1666,20.11,50,0,
2015,1666,1664,142.56,50,0,
2016,1678,2891,15.70,50,0,
2017,2891,1679,15.86,50,0,
2018,1679,2895,16.63,50,0,
2019,2895,2899,14.97,50,0,
2020,2899,1681,16.55,50,0,
2021,1681,2902,16.77,50,0,
2022,2902,1682,15.70,50,0,
2023,1682,2908,15.86,50,0,
2024,2908,1683,15.52,50,0,
2025,1683,2912,16.44,50,0,
2026,2912,1685,16.25,50,0,
2027,1685,2915,16.23,50,0,
2028,2876,2877,16.17,50,0,
2029,2877,2879,15.65,50,0,
2030,2879,2881,16.18,50,0,
2031,2881,2884,15.87,50,0,
2032,2884,2887,15.89,50,0,
2033,2887,2890,16.11,50,0,
2034,2890,2894,16.26,50,0,
2035,2894,2896,14.07,50,0,
2036,1679,1680,75.86,20,0,
2037,1680,5543,28.62,20,0,
2038,5543,2917,46.59,20,0,
2039,2922,1687,75.35,20,1,
2040,1687,1681,75.34,20,1,
2041,1682,1688,50.32,20,0,
2042,1683,1689,48.37,20,0,
2043,1684,1674,57.13,20,0,
2044,1674,1670,36.07,20,0,
2045,1667,1675,55.20,20,0,
2046,1675,1672,48.50,20,0,
2047,1668,2888,10.91,50,0,
2048,2888,2893,16.32,50,0,
2049,2893,2897,15.61,50,0,
2050,2897,2900,15.85,50,0,
2051,2900,1665,12.99,50,0,
2052,1665,1666,5.56,50,0,
2053,2009,2013,47.07,50,1,Strada Gheorghe Doja
2054,4491,5420,208.53,50,1,Strada Gheorghe Doja
2055,5420,5419,39.16,50,1,Strada Gheorghe Doja
2056,5419,3457,17.89,50,1,Strada Gheorghe Doja
2057,3457,7722,51.72,50,1,Strada Gheorghe Doja
2058,7722,7723,91.17,50,1,Strada Gheorghe Doja
2059,7723,35,25.83,50,1,Strada Gheorghe Doja
2060,260,262,34.06,50,0,Strada Budiului
2061,3,7940,18.93,50,0,Strada Budiului
2062,7940,260,23.27,50,0,Strada Budiului
2063,1832,17,102.76,50,1,Strada Gheorghe Doja
2064,4203,303,41.58,50,0,Strada Moldovei
2065,303,114,116.46,50,0,Strada Moldovei
2066,114,113,96.09,50,0,Strada Moldovei
2067,113,191,20.63,50,0,Strada Moldovei
2068,191,234,14.38,50,0,Strada Moldovei
2069,234,112,70.54,50,0,Strada Moldovei
2070,112,323,47.38,50,0,Strada Moldovei
2071,323,111,68.99,50,0,Strada Moldovei
2072,111,8846,27.93,50,0,Strada Moldovei
2073,229,4466,62.63,50,0,Strada Brașovului
2074,4466,4442,5.65,50,0,Strada Brașovului
2075,4442,500,63.29,50,0,Strada Brașovului
2076,500,231,38.45,50,0,Strada Brașovului
2077,229,179,97.29,50,0,Strada Secerei
2078,109,296,45.34,50,0,Strada Secerei
2079,296,7178,97.00,50,0,Strada Secerei
2080,7178,110,5.34,50,0,Strada Secerei
2081,110,409,48.01,50,0,Strada Secerei
2082,109,189,149.37,50,0,Strada Predeal
2083,189,139,77.54,50,0,Strada Predeal
2084,1949,8006,30.09,50,0,Bulevardul 1848
2085,8006,254,70.71,50,0,Bulevardul 1848
2086,254,1008,50.60,50,0,Bulevardul 1848
2087,1008,6720,68.59,50,0,Bulevardul 1848
2088,261,262,29.09,50,1,Bulevardul 1848
2089,263,9,62.20,50,0,Strada Budiului
2090,9,257,40.26,50,0,Strada Budiului
2091,257,726,41.51,50,0,Strada Budiului
2092,726,852,47.49,50,0,Strada Budiului
2093,852,1426,38.60,50,0,Strada Budiului
2094,1426,8952,89.18,50,0,Strada Budiului
2095,8952,8973,55.20,50,0,Strada Budiului
2096,8973,4141,15.44,50,0,Strada Budiului
2097,4126,4141,56.06,50,1,Strada Budiului
2098,14,4125,49.44,50,1,Strada Gheorghe Doja
2099,262,263,39.84,50,0,Strada Budiului
2100,17,4813,10.13,50,1,Strada Gheorghe Doja
2101,4813,4814,48.97,50,1,Strada Gheorghe Doja
2102,4814,247,11.56,50,1,Strada Gheorghe Doja
2103,219,2624,24.18,50,1,Piața Victoriei
2104,1326,1327,108.36,50,0,Strada Călărașilor
2105,986,1337,20.53,50,0,Strada Voinicenilor
2106,1337,1027,109.16,50,0,Strada Voinicenilor
2107,1027,4366,120.27,50,0,Strada Voinicenilor
2108,4366,3781,18.14,50,0,Strada Voinicenilor
2109,3781,5468,137.58,50,0,Strada Voinicenilor
2110,5468,3656,46.67,50,0,Strada Voinicenilor
2111,3656,6286,43.52,50,0,Strada Voinicenilor
2112,6286,6289,28.37,50,0,Strada Voinicenilor
2113,6289,6066,42.96,50,0,Strada Voinicenilor
2114,583,584,114.65,50,0,
2115,584,586,31.13,50,0,
2116,1315,2591,52.81,50,0,Aleea Carpați
2117,2591,3670,102.43,50,0,Aleea Carpați
2118,3670,677,99.68,50,0,Aleea Carpați
2119,677,573,79.67,50,0,Aleea Carpați
2120,573,670,99.56,50,0,Aleea Carpați
2121,670,2410,120.21,50,0,Aleea Carpați
2122,2610,2611,7.70,50,0,Piața Matia Corvin
2123,1319,5559,26.67,50,1,Strada Uzinei
2124,1692,7164,7.87,50,0,Strada Sfântul Ioan
2125,7164,1893,40.46,50,0,Strada Sfântul Ioan
2126,1893,6881,73.69,50,0,Strada Sfântul Ioan
2127,139,138,44.40,50,0,Strada Năvodari
2128,43,6428,42.95,50,0,Bulevardul 1 Decembrie 1918
2129,6428,1629,58.87,50,0,Bulevardul 1 Decembrie 1918
2130,2630,4820,38.29,50,1,
2131,4820,2634,84.46,50,1,
2132,2634,4822,61.23,50,1,
2133,1353,7879,269.78,50,0,Strada Cotitura de Jos
2134,7879,8374,35.12,50,0,Strada Cotitura de Jos
2135,8374,7883,231.52,50,0,Strada Cotitura de Jos
2136,7883,3431,57.38,50,0,Strada Cotitura de Jos
2137,1585,1581,41.41,50,0,Strada Iosif Hodoș
2138,56,4304,61.85,50,1,Strada Gloriei
2139,4304,4294,54.72,50,1,Strada Gloriei
2140,4294,4301,37.82,50,1,Strada Gloriei
2141,4301,513,28.60,50,1,Strada Gloriei
2142,1693,2687,667.87,50,0,Strada Terebici
2143,1694,1695,49.98,50,0,
2144,250,272,61.92,30,1,Strada Tudor Vladimirescu
2145,272,7695,100.62,30,1,Strada Tudor Vladimirescu
2146,7695,342,16.50,30,1,Strada Tudor Vladimirescu
2147,342,173,188.43,30,1,Strada Tudor Vladimirescu
2148,250,247,45.74,30,1,Strada Tudor Vladimirescu
2149,1701,1698,54.72,20,0,
2150,5046,1699,51.44,50,0,Strada Unirii
2151,1699,1701,56.42,50,0,Strada Unirii
2152,1701,1702,15.54,50,0,Strada Unirii
2153,92,395,73.22,50,0,Strada Alexandru Papiu Ilarian
2154,395,6456,8.41,50,0,Strada Alexandru Papiu Ilarian
2155,6456,55,252.34,50,0,Strada Alexandru Papiu Ilarian
2156,656,6981,95.65,50,0,Strada Alexandru Papiu Ilarian
2157,6981,92,126.33,50,0,Strada Alexandru Papiu Ilarian
2158,1058,7370,36.48,30,0,Strada Pădurii
2159,7370,751,228.50,30,0,Strada Pădurii
2160,751,3597,134.08,30,0,Strada Pădurii
2161,3597,750,31.12,30,0,Strada Pădurii
2162,750,749,88.36,30,0,Strada Pădurii
2163,749,7366,35.88,30,0,Strada Pădurii
2164,7366,1882,12.62,30,0,Strada Pădurii
2165,1882,467,38.24,30,0,Strada Pădurii
2166,613,614,29.09,30,1,Piața Armatei
2167,614,900,106.43,30,1,Piața Armatei
2168,900,615,97.37,30,1,Piața Armatei
2169,1710,1715,18.14,30,1,Bulevardul 1 Decembrie 1918
2170,1712,1710,4.61,30,1,Bulevardul 1 Decembrie 1918
2171,1713,1711,13.67,30,1,Bulevardul 1 Decembrie 1918
2172,4264,1712,22.01,50,1,Bulevardul 1 Decembrie 1918
2173,9189,1717,45.16,50,0,
2174,73,72,320.09,50,1,Strada Petki Dávid
2175,72,2982,78.41,50,1,Strada Petki Dávid
2176,2982,2960,390.91,50,1,Strada Petki Dávid
2177,1718,1720,67.69,50,0,
2178,2665,1742,66.56,30,0,Strada Căpâlna
2179,1742,9189,229.18,30,0,Strada Căpâlna
2180,1719,2719,274.76,50,0,
2181,2719,1717,15.58,50,0,
2182,1717,1718,56.56,50,0,
2183,1731,1737,78.29,20,0,
2184,1737,1724,91.14,20,0,
2185,1728,1734,19.80,20,0,
2186,1734,1737,28.91,20,0,
2187,1737,6814,30.99,20,0,
2188,6814,1727,13.94,20,0,
2189,1725,1738,21.30,20,0,
2190,1738,1730,26.02,20,0,
2191,1730,1740,24.93,20,0,
2192,1740,1732,54.71,20,0,
2193,1733,1726,17.60,20,0,
2194,1726,1721,185.05,20,0,
2195,6815,6812,11.94,20,0,
2196,6812,1731,32.54,20,0,
2197,1731,1723,33.89,20,0,
2198,1723,1728,89.56,20,0,
2199,6814,1736,37.46,20,0,
2200,1736,1722,53.79,20,0,
2201,1722,1739,26.63,20,0,
2202,1739,1729,23.65,20,0,
2203,1729,1735,21.44,20,0,
2204,1739,1730,77.86,20,0,
2205,1723,1734,78.30,20,0,
2206,1724,1722,29.25,20,0,
2207,1722,1740,78.13,20,0,
2208,1741,1728,76.15,20,0,
2209,1735,1725,77.65,20,0,
2210,1732,1736,77.00,20,0,
2211,1729,1738,77.81,20,0,
2212,3057,6818,323.45,90,0,Strada Transilvaniei
2213,6818,5914,6.20,90,0,Strada Transilvaniei
2214,5914,5904,50.07,90,0,Strada Transilvaniei
2215,5904,3064,14.85,90,0,Strada Transilvaniei
2216,3064,5902,161.30,90,0,Strada Transilvaniei
2217,5902,5871,67.37,90,0,Strada Transilvaniei
2218,5871,6810,10.80,90,0,Strada Transilvaniei
2219,6810,3077,56.09,90,0,Strada Transilvaniei
2220,3077,5329,25.90,90,0,Strada Transilvaniei
2221,5041,6082,140.02,50,1,Strada Transilvaniei
2222,1742,1744,59.67,50,0,Strada Poligonului
2223,1744,1745,197.18,50,0,Strada Poligonului
2224,1744,7141,362.15,30,0,Strada Stejarului
2225,7141,1746,7.69,30,0,Strada Stejarului
2226,2461,7441,8.76,50,0,
2227,7441,2460,41.64,50,0,
2228,1557,4690,24.81,50,0,
2229,4690,4346,24.75,50,0,
2230,4689,1555,24.73,50,0,
2231,1555,1553,28.49,50,0,
2232,942,1751,44.86,30,0,Strada Piatra de Moară
2233,878,1750,72.10,30,0,Strada Îngustă
2234,834,835,109.51,50,1,Strada Ceahlău
2235,835,7915,22.23,50,1,Strada Ceahlău
2236,7915,1528,39.92,50,1,Strada Ceahlău
2237,1528,836,10.24,50,1,Strada Ceahlău
2238,836,2730,66.90,50,1,Strada Ceahlău
2239,2730,843,32.65,50,1,Strada Ceahlău
2240,1752,3227,21.72,50,0,
2241,1753,3227,15.82,50,0,
2242,5651,7933,44.00,50,0,
2243,3638,515,37.11,50,0,
2244,796,4302,65.75,30,0,
2245,4302,6680,62.33,30,0,
2246,6680,5996,4.12,30,0,
2247,893,891,75.96,50,0,
2248,891,515,14.25,50,0,
2249,515,514,68.58,50,0,
2250,897,896,15.28,30,0,
2251,896,1766,26.61,30,0,
2252,1766,895,30.07,30,0,
2253,895,894,31.96,30,0,
2254,894,521,39.03,30,0,
2255,1765,1770,78.51,50,0,
2256,896,1763,6.73,30,0,
2257,1763,1761,28.31,30,0,
2258,1768,1762,40.69,50,0,
2259,1762,1771,62.99,50,0,
2260,1764,1760,20.23,30,0,
2261,1773,897,37.07,30,0,
2262,897,1761,49.88,30,0,
2263,1761,1759,26.59,30,0,
2264,1759,1769,19.20,30,0,
2265,894,1767,128.88,30,0,
2266,1766,1772,17.29,30,0,
2267,1772,1759,28.71,30,0,
2268,1772,1763,25.85,30,0,
2269,1786,1782,69.06,50,0,
2270,1782,1786,69.12,50,0,
2271,1774,1781,56.09,50,0,
2272,1788,1775,110.07,50,1,
2273,1779,1789,105.38,50,0,
2274,1780,1788,32.19,50,1,
2275,1788,1779,11.74,50,1,
2276,1779,1785,14.29,50,1,
2277,1785,7388,117.72,50,1,
2278,7388,1784,47.15,50,1,
2279,904,903,26.22,50,0,Strada Berzei
2280,1783,1782,35.55,50,0,
2281,1786,1775,8.49,50,0,
2282,1785,7387,27.92,50,0,
2283,7387,7385,10.95,50,0,
2284,7385,1776,42.79,50,0,
2285,1777,1774,33.32,50,1,
2286,1774,4168,87.19,50,1,
2287,4168,1778,84.93,50,1,
2288,1792,1793,84.12,20,0,
2289,1691,1798,18.77,20,0,
2290,1798,1797,16.78,20,0,
2291,1797,2824,17.32,20,0,
2292,2824,1800,16.13,20,0,
2293,1800,1793,17.33,20,0,
2294,1793,1795,18.17,20,0,
2295,1795,2825,16.03,20,0,
2296,2825,1790,15.51,20,0,
2297,1790,1801,100.89,20,0,
2298,1796,1790,83.92,20,0,
2299,1794,1800,84.10,20,0,
2300,1799,1797,84.14,20,0,
2301,1791,1795,84.03,20,0,
2302,2699,69,26.22,50,0,Strada Avram Iancu
2303,1363,273,72.50,30,1,Strada Petrila
2304,849,7681,2.16,50,1,Strada Hunedoara
2305,7681,7683,16.14,50,1,Strada Hunedoara
2306,7683,7671,56.90,50,1,Strada Hunedoara
2307,7671,7685,2.53,50,1,Strada Hunedoara
2308,7685,1851,85.03,50,1,Strada Hunedoara
2309,1804,1803,203.90,50,1,Strada Ion Buteanu
2310,1438,4175,12.21,30,0,Strada Petru Dobra
2311,1805,1809,50.53,50,0,
2312,1806,7431,75.72,50,0,
2313,7431,1812,83.83,50,0,
2314,1812,335,161.59,50,0,
2315,1809,1812,36.52,50,0,
2316,1807,4283,31.26,50,0,
2317,4283,1810,4.27,50,0,
2318,5001,5002,39.31,20,1,
2319,1816,1821,21.11,50,0,
2320,1814,1819,21.27,50,0,
2321,1660,6504,64.15,50,0,Strada Bega
2322,6504,8,155.94,50,0,Strada Bega
2323,1821,1817,21.12,50,0,
2324,1817,1663,26.72,50,0,
2325,1642,77,7.37,90,0,Strada Transilvaniei
2326,1815,1817,68.29,50,0,
2327,1820,1821,68.53,50,0,
2328,1815,1820,21.27,50,0,
2329,1641,78,8.95,20,1,
2330,1814,1816,68.75,50,0,
2331,1820,1814,21.28,50,0,
2332,1661,1815,26.88,50,0,
2333,1819,1818,68.98,50,0,
2334,1663,1661,68.06,50,0,
2335,1818,1816,21.12,50,0,
2336,5053,2724,211.53,50,0,Strada Budiului
2337,1699,1828,60.92,20,0,
2338,1822,1827,28.12,20,0,
2339,74,1825,36.58,50,0,
2340,1825,3011,53.47,50,0,
2341,3011,1824,37.89,50,0,
2342,1825,1822,80.19,20,0,
2343,1830,1253,100.07,50,0,
2344,529,7196,84.11,30,0,Strada Sălciilor
2345,7196,1831,14.75,30,0,Strada Sălciilor
2346,1853,8827,2.14,30,0,
2347,8827,1623,26.70,30,0,
2348,1834,1839,47.63,50,1,
2349,7843,619,2.76,50,0,Strada Libertății
2350,619,739,77.90,50,0,Strada Libertății
2351,739,51,13.89,50,0,Strada Libertății
2352,51,527,59.09,50,0,Strada Libertății
2353,121,7533,90.39,50,0,Strada Libertății
2354,7533,120,79.35,50,0,Strada Libertății
2355,120,7842,11.03,50,0,Strada Libertății
2356,7841,529,132.50,50,0,Strada Somnului
2357,529,6403,81.31,50,0,Strada Somnului
2358,6403,528,74.60,50,0,Strada Somnului
2359,1855,7841,11.93,50,0,Strada Somnului
2360,3196,3197,30.45,30,1,
2361,1872,1635,67.04,50,0,
2362,1878,1876,57.47,30,0,Strada Secuilor Martiri
2363,1880,6112,31.25,20,0,
2364,6112,6105,3.14,20,0,
2365,1882,1881,20.95,50,0,Strada Trébely
2366,1885,1887,39.51,50,0,
2367,1888,1887,27.97,50,0,
2368,1887,1886,73.17,50,0,
2369,1371,7430,19.58,30,0,
2370,7430,1372,43.74,30,0,
2371,1907,1903,189.07,50,0,
2372,1903,1902,30.42,50,0,
2373,7519,1895,10.07,50,0,
2374,1895,1892,44.95,50,0,
2375,1903,1891,54.42,50,0,
2376,1895,1899,12.79,50,0,
2377,1899,1896,36.21,50,0,
2378,1894,62,61.48,50,0,
2379,2653,5992,19.41,50,0,
2380,5992,2654,42.26,50,0,
2381,2654,2655,36.51,50,0,
2382,2655,2656,32.05,50,0,
2383,2656,2657,35.29,50,0,
2384,2657,2658,28.57,50,0,
2385,2658,1897,143.30,50,0,
2386,1897,2659,10.41,50,0,
2387,1901,1904,152.73,50,0,
2388,1917,1918,7.52,30,0,Strada Piatra Corbului
2389,2499,2510,178.14,50,0,Strada Dealul Viilor
2390,2510,1910,23.29,50,0,Strada Dealul Viilor
2391,1910,1924,381.75,50,0,Strada Dealul Viilor
2392,1915,5017,229.31,50,0,Strada Pășunii
2393,5017,5016,77.57,50,0,Strada Pășunii
2394,5016,9048,310.45,50,0,Strada Pășunii
2395,1868,1921,370.39,50,0,Strada Îngustă
2396,1088,1868,11.05,50,0,Strada Salcâmilor
2397,1868,1091,289.91,50,0,Strada Salcâmilor
2398,1091,1910,175.77,50,0,Strada Salcâmilor
2399,1862,2509,86.11,30,0,Strada Liliacului
2400,2509,5034,141.38,30,0,Strada Liliacului
2401,5034,5033,65.25,30,0,Strada Liliacului
2402,5033,1920,510.89,30,0,Strada Liliacului
2403,1911,1916,18.23,50,0,Strada de Jos
2404,1943,1926,25.08,50,0,Strada Dealului
2405,1926,1936,140.65,50,0,Strada Dealului
2406,1936,7850,88.76,50,0,Strada Dealului
2407,7850,7854,63.90,50,0,Strada Dealului
2408,7854,1932,6.67,50,0,Strada Dealului
2409,1938,1930,88.75,30,0,Strada Duzilor
2410,1936,7133,217.06,50,0,Strada Sudului
2411,7133,1931,156.68,50,0,Strada Sudului
2412,1925,1930,96.70,50,0,Strada Duzilor
2413,1930,6799,13.89,50,0,Strada Duzilor
2414,6799,5658,157.47,50,0,Strada Duzilor
2415,5658,7785,14.70,50,0,Strada Duzilor
2416,7785,1941,86.61,50,0,Strada Duzilor
2417,1932,7852,2.02,30,0,Strada Dealului
2418,7852,7858,162.32,30,0,Strada Dealului
2419,7858,1939,150.84,30,0,Strada Dealului
2420,1933,1940,32.17,50,0,
2421,1940,3471,78.81,50,0,
2422,3471,1928,11.53,50,0,
2423,1950,1283,143.24,30,0,Strada Valea Rece
2424,1963,1952,142.97,30,0,Strada Borzas
2425,1952,1960,17.54,30,0,Strada Borzas
2426,1960,1955,112.07,30,0,Strada Borzas
2427,1960,1958,190.31,30,0,Strada Campului
2428,1927,1953,206.73,50,0,
2429,1957,1964,30.53,50,0,
2430,1956,1962,175.57,50,0,
2431,1961,1957,234.31,50,0,
2432,1957,1965,168.01,50,0,
2433,1952,1966,65.58,50,0,
2434,1954,1959,634.83,30,0,Strada Principală
2435,1970,1967,39.03,50,0,
2436,1968,1973,41.60,20,0,
2437,1969,1970,14.82,20,0,
2438,1970,1973,159.76,20,0,
2439,1973,1977,49.19,20,0,
2440,1971,2157,89.59,20,0,
2441,2157,2150,63.44,20,0,
2442,2150,2097,17.04,20,0,
2443,1982,8777,57.58,30,0,
2444,8777,5816,49.34,30,0,
2445,5816,5818,57.14,30,0,
2446,5818,5819,48.55,30,0,
2447,5819,5820,58.59,30,0,
2448,1983,1986,27.48,30,0,
2449,1986,5815,122.34,30,0,
2450,1990,5820,52.66,30,0,Strada Aeroportului
2451,5820,1987,165.28,30,0,Strada Aeroportului
2452,1995,1994,65.57,50,0,
2453,2000,8046,7.51,30,0,
2454,8046,1999,16.98,30,0,
2455,1833,3185,30.28,50,0,
2456,2003,1440,106.03,30,0,Strada Petru Dobra
2457,2005,6102,14.02,20,0,
2458,3827,3828,16.79,50,0,
2459,3828,2009,91.49,50,0,
2460,2013,2019,31.86,50,0,
2461,2016,2007,29.32,50,0,
2462,2007,2017,33.65,50,0,
2463,2017,2012,173.64,50,0,
2464,2012,2006,263.26,50,0,
2465,2007,4846,8.27,50,0,
2466,4846,2018,34.19,50,0,
2467,2018,2011,27.68,50,0,
2468,1818,2020,70.65,50,0,
2469,2018,2008,160.36,50,0,
2470,2008,4847,37.87,50,0,
2471,4847,2012,49.59,50,0,
2472,1819,2021,94.50,50,0,
2473,2008,2006,175.90,50,0,
2474,2006,2010,72.97,50,0,
2475,2016,2017,28.71,50,0,
2476,2027,2030,57.34,20,0,
2477,4802,2028,15.37,50,0,
2478,2028,3136,15.82,50,0,
2479,3136,3135,17.61,50,0,
2480,3135,2030,13.91,50,0,
2481,2032,8650,41.17,50,0,
2482,8650,3140,81.28,50,0,
2483,4801,2028,19.82,50,0,
2484,2028,3139,73.16,50,0,
2485,3139,3138,14.27,50,0,
2486,3138,2027,17.25,50,0,
2487,2027,3137,16.10,50,0,
2488,3137,2031,16.17,50,0,
2489,2031,2029,57.34,50,0,
2490,3930,3931,14.65,20,0,
2491,3931,7575,97.87,20,0,
2492,7575,3934,100.45,20,0,
2493,3934,2038,39.45,20,0,
2494,2038,2037,19.24,20,0,
2495,1849,2039,63.99,10,0,
2496,3606,8993,23.74,50,0,Calea Sighișoarei
2497,8993,2556,8.21,50,0,Calea Sighișoarei
2498,2556,6859,21.77,50,0,Calea Sighișoarei
2499,6859,8579,27.04,50,0,Calea Sighișoarei
2500,8579,6858,64.40,50,0,Calea Sighișoarei
2501,6858,4602,8.43,50,0,Calea Sighișoarei
2502,4602,1864,14.53,50,0,Calea Sighișoarei
2503,1864,9001,39.21,50,0,Calea Sighișoarei
2504,9001,9003,91.18,50,0,Calea Sighișoarei
2505,9003,5771,11.14,50,0,Calea Sighișoarei
2506,5771,8997,12.46,50,0,Calea Sighișoarei
2507,8997,8999,20.59,50,0,Calea Sighișoarei
2508,8999,6837,92.30,50,0,Calea Sighișoarei
2509,6837,1102,211.07,50,0,Calea Sighișoarei
2510,1102,8849,69.04,50,0,Calea Sighișoarei
2511,8849,2488,43.17,50,0,Calea Sighișoarei
2512,2488,4470,34.73,50,0,Calea Sighișoarei
2513,4470,1100,401.41,50,0,Calea Sighișoarei
2514,1100,5372,20.63,50,0,Calea Sighișoarei
2515,2041,2040,135.58,20,0,Strada Bodor Péter
2516,637,3192,81.06,50,0,Strada Ion Buteanu
2517,3192,3191,14.82,50,0,Strada Ion Buteanu
2518,3191,4683,40.75,50,0,Strada Ion Buteanu
2519,2043,2042,57.63,50,0,
2520,2042,2058,32.22,50,0,
2521,2053,2045,262.43,50,0,
2522,2045,2050,68.90,50,0,
2523,2049,2055,54.91,50,0,
2524,2055,2052,41.92,50,0,
2525,2052,2047,28.97,50,0,
2526,2051,2045,118.74,50,0,
2527,2042,2044,230.32,50,0,
2528,2044,2057,19.29,50,0,
2529,2058,3944,12.28,50,0,
2530,3944,2056,70.21,50,0,
2531,2046,2054,6.58,50,0,
2532,2054,2051,232.55,50,0,
2533,2051,2043,9.86,50,0,
2534,2043,3940,56.39,50,0,
2535,2057,2046,58.71,50,0,
2536,2044,2055,39.81,50,0,
2537,2052,2048,55.11,50,0,
2538,2060,2061,75.72,50,0,
2539,2061,2059,23.29,50,0,
2540,9090,2251,264.96,50,0,Strada Principală
2541,2251,3477,115.98,50,0,Strada Principală
2542,3477,2272,43.36,50,0,Strada Principală
2543,2272,2279,160.47,50,0,Strada Principală
2544,2279,5577,73.23,50,0,Strada Principală
2545,5577,3494,32.30,50,0,Strada Principală
2546,3494,2253,95.30,50,0,Strada Principală
2547,2253,34,630.85,50,0,Strada Principală
2548,34,6780,215.98,50,0,Strada Principală
2549,6780,3524,55.02,50,0,Strada Principală
2550,3524,8730,24.54,50,0,Strada Principală
2551,8730,3525,21.22,50,0,Strada Principală
2552,3525,4908,48.03,50,0,Strada Principală
2553,4908,3531,19.50,50,0,Strada Principală
2554,3531,5542,52.01,50,0,Strada Principală
2555,2069,2065,228.81,50,0,
2556,2067,2069,113.98,50,0,
2557,2069,2063,136.99,50,0,
2558,2063,8756,49.62,50,0,
2559,8756,5179,26.12,50,0,
2560,2186,2083,190.74,20,0,
2561,2222,2184,28.05,20,0,
2562,2183,2077,61.60,20,0,
2563,2079,2139,128.06,20,0,
2564,2133,2186,148.44,20,0,
2565,2186,2166,61.12,20,0,
2566,2166,2104,91.63,20,0,
2567,2141,2212,8.72,20,0,
2568,2212,2166,211.39,20,0,
2569,2142,2164,96.93,20,0,
2570,2116,2218,100.90,20,0,
2571,2075,2160,38.26,20,0,
2572,2160,2148,133.12,20,0,
2573,2202,2222,117.93,20,0,
2574,2222,2083,43.07,20,0,
2575,2083,2181,77.99,20,0,
2576,2181,2087,67.32,20,0,
2577,2087,2153,146.39,20,0,
2578,2153,2107,165.29,20,0,
2579,2107,2225,226.68,20,0,
2580,2160,2114,63.27,20,0,
2581,2216,2174,19.76,20,0,
2582,2174,2177,69.59,20,0,
2583,2089,2122,81.60,20,0,
2584,2122,2110,26.10,20,0,
2585,2110,2213,64.12,20,0,
2586,2188,2146,27.71,20,0,
2587,2146,2099,30.10,20,0,
2588,2187,2155,40.47,20,0,
2589,2155,2072,34.44,20,0,
2590,2159,2189,371.04,20,0,
2591,2189,2129,90.38,20,0,
2592,2205,2155,204.00,20,0,
2593,2096,2171,231.22,20,0,
2594,2206,2144,102.05,20,0,
2595,2144,2080,115.34,20,0,
2596,2080,2202,113.98,20,0,
2597,2202,2141,68.88,20,0,
2598,2211,2105,89.88,20,0,
2599,2105,2085,113.14,20,0,
2600,2086,2185,96.83,20,0,
2601,2185,2130,92.87,20,0,
2602,2130,2183,76.85,20,0,
2603,2183,2194,70.19,20,0,
2604,2194,2140,36.65,20,0,
2605,2140,2092,11.77,20,0,
2606,2102,2200,24.91,20,0,
2607,2176,5568,14.67,20,0,
2608,2071,2131,243.57,20,0,
2609,2149,2145,220.45,20,0,
2610,2145,2119,134.54,20,0,
2611,2119,2192,28.82,20,0,
2612,2192,2142,80.90,20,0,
2613,2142,2123,180.63,20,0,
2614,2123,2161,67.95,20,0,
2615,2161,2136,28.94,20,0,
2616,2147,2207,173.72,20,0,
2617,2207,2181,114.24,20,0,
2618,2204,2111,80.72,20,0,
2619,2169,2120,111.37,20,0,
2620,2195,2144,42.01,20,0,
2621,2103,2117,33.54,20,0,
2622,2084,2154,50.91,20,0,
2623,2154,2105,73.78,20,0,
2624,2105,2171,50.54,20,0,
2625,2171,2107,113.44,20,0,
2626,2163,2101,108.22,20,0,
2627,2124,2110,66.59,20,0,
2628,2150,2157,319.76,20,0,
2629,2178,2194,13.99,20,0,
2630,2194,2220,20.63,20,0,
2631,2220,2180,52.99,20,0,
2632,2119,2151,33.14,20,0,
2633,2098,2108,140.15,20,0,
2634,2154,2210,55.70,20,0,
2635,2127,2117,42.04,20,0,
2636,2117,2201,66.66,20,0,
2637,2201,2223,4.17,20,0,
2638,2140,2179,34.64,20,0,
2639,2179,2180,73.81,20,0,
2640,2137,2075,111.47,20,0,
2641,2075,2078,117.01,20,0,
2642,2078,2090,164.10,20,0,
2643,2090,2204,147.01,20,0,
2644,2204,2118,163.99,20,0,
2645,2167,2224,32.56,20,0,
2646,2224,2454,45.12,20,0,
2647,2130,2081,189.86,20,0,
2648,2082,2199,105.50,20,0,
2649,2199,2165,147.81,20,0,
2650,2185,2190,18.85,20,0,
2651,2190,2168,44.62,20,0,
2652,2224,2198,307.74,20,0,
2653,2125,2197,67.28,20,0,
2654,2197,2195,111.50,20,0,
2655,2195,2116,42.56,20,0,
2656,2116,2175,16.77,20,0,
2657,2208,2191,47.22,20,0,
2658,2179,2220,57.90,20,0,
2659,2106,2091,550.35,50,0,Strada Combinatului
2660,1979,2126,97.43,20,0,
2661,2078,2219,89.11,20,0,
2662,2115,2163,17.20,20,0,
2663,2163,2217,17.68,20,0,
2664,2128,2076,157.49,20,0,
2665,2112,2215,87.25,20,0,
2666,1981,2126,64.15,20,0,
2667,2126,2098,73.16,20,0,
2668,2098,2216,6.89,20,0,
2669,2158,2122,66.83,20,0,
2670,2162,2138,68.45,20,0,
2671,2138,2214,35.08,20,0,
2672,2121,2090,224.34,20,0,
2673,2090,2225,92.90,20,0,
2674,2225,2208,46.48,20,0,
2675,2208,2156,35.21,20,0,
2676,2203,2070,101.77,20,0,
2677,2170,2086,15.89,20,0,
2678,2086,2203,149.47,20,0,
2679,2203,2081,226.74,20,0,
2680,2081,2132,101.05,20,0,
2681,2192,2209,79.89,20,0,
2682,2161,2146,68.77,20,0,
2683,2104,2212,123.90,20,0,
2684,2174,2138,49.97,20,0,
2685,2152,2129,21.78,20,0,
2686,2129,2134,86.25,20,0,
2687,2134,2136,106.61,20,0,
2688,2136,2099,69.25,20,0,
2689,2099,2112,51.05,20,0,
2690,2112,2115,213.60,20,0,
2691,2115,2084,32.67,20,0,
2692,2084,2176,76.41,20,0,
2693,2176,2094,88.66,20,0,
2694,2094,2103,59.69,20,0,
2695,2103,2093,74.34,20,0,
2696,2093,2147,79.02,20,0,
2697,2147,2100,95.65,20,0,
2698,2093,2201,29.10,20,0,
2699,2080,2102,153.42,20,0,
2700,2102,2207,88.53,20,0,
2701,2193,2106,21.40,50,0,
2702,2145,2159,99.03,20,0,
2703,2159,2209,30.79,20,0,
2704,2209,2164,80.47,20,0,
2705,2164,2135,179.91,20,0,
2706,2135,2134,96.19,20,0,
2707,2088,2113,94.69,20,0,
2708,2177,2162,47.43,20,0,
2709,2173,2096,12.09,20,0,
2710,2096,2156,20.74,20,0,
2711,2156,2074,78.07,20,0,
2712,2109,2199,10.09,20,0,
2713,2199,2079,9.95,20,0,
2714,2079,2082,9.22,20,0,
2715,2082,2143,5.19,20,0,
2716,2143,2071,60.09,20,0,
2717,2071,3457,11.61,20,0,
2718,3457,5421,7.97,20,0,
2719,5569,2165,14.35,20,0,
2720,2165,2143,169.19,20,0,
2721,2197,2218,52.34,20,0,
2722,2218,2100,15.49,20,0,
2723,2100,2206,186.78,20,0,
2724,2172,2196,198.79,20,0,
2725,2095,2178,24.23,50,0,Strada Mureșeni
2726,2178,1975,75.69,50,0,Strada Mureșeni
2727,1975,1981,63.46,50,0,Strada Mureșeni
2728,1981,1979,20.05,50,0,Strada Mureșeni
2729,1979,1971,99.93,50,0,Strada Mureșeni
2730,1971,2193,962.93,50,0,Strada Mureșeni
2731,2226,2231,51.37,20,0,
2732,2227,2241,47.37,20,0,
2733,2236,2229,41.70,20,0,
2734,2235,2228,53.54,20,0,
2735,8528,4167,2.54,50,0,Strada Libertății
2736,4167,4166,75.55,50,0,Strada Libertății
2737,4166,1990,78.03,50,0,Strada Libertății
2738,1990,7572,57.10,50,0,Strada Libertății
2739,7572,5817,55.47,50,0,Strada Libertății
2740,5817,1988,109.58,50,0,Strada Libertății
2741,1988,7567,2.14,50,0,Strada Libertății
2742,7567,7566,29.30,50,0,Strada Libertății
2743,7566,1983,56.76,50,0,Strada Libertății
2744,1983,564,192.21,50,0,Strada Libertății
2745,2240,2230,48.28,20,1,
2746,5266,2234,16.59,80,0,
2747,2234,2232,6.28,80,0,
2748,3937,3935,16.90,50,0,Strada Ion Heliade Rădulescu
2749,3935,5697,45.81,50,0,Strada Ion Heliade Rădulescu
2750,5697,6909,73.33,50,0,Strada Ion Heliade Rădulescu
2751,6909,2049,9.68,50,0,Strada Ion Heliade Rădulescu
2752,2049,5695,93.71,50,0,Strada Ion Heliade Rădulescu
2753,5695,6905,100.76,50,0,Strada Ion Heliade Rădulescu
2754,6905,8539,105.34,50,0,Strada Ion Heliade Rădulescu
2755,2244,2242,101.99,20,0,
2756,2262,2277,379.84,20,0,
2757,2277,2254,244.36,20,0,
2758,34,3514,33.64,50,0,Strada Viilor
2759,3514,3506,54.46,50,0,Strada Viilor
2760,3506,2282,19.67,50,0,Strada Viilor
2761,2282,3498,75.24,50,0,Strada Viilor
2762,3498,2271,111.81,50,0,Strada Viilor
2763,2271,2286,52.32,50,0,Strada Viilor
2764,2287,2263,514.15,30,0,Strada Gării
2765,2263,2268,245.86,30,0,Strada Gării
2766,2268,2250,103.91,30,0,Strada Gării
2767,2253,2276,96.67,30,0,Strada Cimitirului
2768,2276,2248,16.58,30,0,Strada Cimitirului
2769,2248,2256,114.75,30,0,Strada Cimitirului
2770,2256,2284,65.29,30,0,Strada Cimitirului
2771,2284,2257,19.34,30,0,Strada Cimitirului
2772,2283,8599,97.50,20,0,
2773,2264,3484,58.33,50,0,
2774,3484,2260,32.06,50,0,
2775,2260,3488,55.37,50,0,
2776,3488,3489,12.68,50,0,
2777,3489,2248,44.66,50,0,
2778,2260,3483,29.73,50,0,
2779,3483,3480,22.42,50,0,
2780,3480,2288,13.34,50,0,
2781,2279,3482,77.63,30,0,Strada Sportului
2782,3482,2264,35.96,30,0,Strada Sportului
2783,2264,2258,51.89,30,0,Strada Sportului
2784,2258,2278,63.98,30,0,Strada Sportului
2785,2278,2274,105.18,30,0,Strada Sportului
2786,2274,2275,179.51,30,0,Strada Sportului
2787,2255,2246,98.39,50,0,
2788,2278,2256,207.88,30,0,Strada Primăverii
2789,2266,2259,37.93,20,0,
2790,2259,2287,83.88,20,0,
2791,2272,2252,166.98,30,0,Strada Vânătorilor
2792,2252,8575,590.39,30,0,Strada Vânătorilor
2793,2253,2262,96.79,30,0,Strada Gării
2794,2262,8582,30.79,30,0,Strada Gării
2795,8582,2245,7.85,30,0,Strada Gării
2796,2251,9174,465.07,50,0,Strada Florilor
2797,9174,3495,43.14,50,0,Strada Florilor
2798,3495,2285,113.12,50,0,Strada Florilor
2799,2276,2255,226.16,50,0,Strada Viilor
2800,2255,2283,186.22,50,0,Strada Viilor
2801,2283,2282,205.58,50,0,Strada Viilor
2802,2273,2285,416.86,50,0,Strada Cooperativei
2803,2285,8716,162.73,50,0,Strada Cooperativei
2804,8716,2249,192.01,50,0,Strada Cooperativei
2805,2270,2252,204.72,30,0,Strada Vânătorilor
2806,2252,2258,158.51,30,0,Strada Vânătorilor
2807,2271,2261,202.44,50,0,Strada Viilor
2808,2281,2246,65.10,50,0,Strada Orizontului
2809,2246,2269,85.93,50,0,Strada Orizontului
2810,2269,3492,58.39,50,0,Strada Orizontului
2811,2287,2259,143.20,20,0,
2812,2301,2324,269.85,50,0,
2813,2295,2302,68.59,20,0,
2814,2308,2293,45.75,20,0,
2815,2293,2289,90.00,20,0,
2816,2310,5119,160.11,50,0,
2817,2299,2280,714.81,30,0,Strada Bisericii
2818,2265,2280,354.14,30,0,Strada Școlii
2819,2280,2249,372.32,30,0,Strada Școlii
2820,1052,2322,127.00,50,0,Strada Viilor
2821,2322,2304,162.25,50,0,Strada Viilor
2822,2291,1054,132.51,50,0,
2823,2311,2306,183.42,50,0,Strada Școlii
2824,2306,4620,209.14,50,0,Strada Școlii
2825,2321,2295,20.09,20,0,
2826,2295,2316,196.40,20,0,
2827,2296,2293,9.48,20,0,
2828,2303,2321,103.85,30,0,Strada Gostatului
2829,2321,2273,275.78,30,0,Strada Gostatului
2830,2323,1054,489.30,50,0,
2831,1054,2310,153.45,50,0,
2832,2310,2313,125.14,50,0,
2833,2313,2312,131.16,50,0,
2834,2312,1053,217.15,50,0,
2835,1053,5124,409.63,50,0,
2836,5124,2290,31.64,50,0,
2837,2290,2319,312.54,50,0,
2838,2319,4620,182.84,50,0,
2839,4620,1052,16.16,50,0,
2840,1052,2311,227.93,50,0,
2841,2311,1051,126.53,50,0,
2842,1051,1050,206.72,50,0,
2843,1050,3246,128.13,50,0,
2844,3246,3248,48.31,50,0,
2845,3248,8646,172.98,50,0,
2846,8646,3270,104.27,50,0,
2847,3270,1049,123.41,50,0,
2848,2325,5148,215.67,50,0,
2849,5148,8646,489.08,50,0,
2850,2306,2292,32.97,20,0,
2851,2367,2396,154.85,20,0,
2852,2382,2360,127.98,20,0,Strada Prutului
2853,2371,2401,28.96,20,0,
2854,2335,2393,27.06,20,0,
2855,2393,5961,104.43,20,0,
2856,2406,8798,21.33,50,0,Strada Vasile Lupu
2857,8798,2387,378.92,50,0,Strada Vasile Lupu
2858,2383,2397,21.09,20,0,
2859,2381,2349,108.31,20,0,
2860,2358,2388,116.98,20,0,
2861,2364,2384,103.32,20,0,
2862,2338,2385,16.24,20,0,
2863,2385,2354,90.79,20,0,
2864,2402,2374,53.59,20,0,
2865,2374,2404,13.88,20,0,
2866,2404,2398,29.37,20,0,
2867,2398,2354,16.19,20,0,
2868,2354,2341,54.08,20,0,
2869,2373,2369,40.75,20,0,
2870,2342,2326,1211.72,30,0,
2871,2331,2397,58.48,20,0,
2872,2397,2333,32.28,20,0,
2873,2333,2346,17.94,20,0,
2874,2405,7309,2.75,30,0,Strada Porumbului
2875,7309,2380,147.71,30,0,Strada Porumbului
2876,2399,2388,38.94,20,0,
2877,2388,2371,125.74,20,0,
2878,2334,6608,38.83,20,0,
2879,6608,2386,4.40,20,0,
2880,2351,2329,13.28,20,0,
2881,2329,2403,27.20,20,0,
2882,2392,2345,21.76,20,0,
2883,2345,2370,39.81,20,0,
2884,2355,2375,106.32,50,0,Strada Prutului
2885,2363,2390,101.50,20,0,
2886,2337,7279,59.96,20,0,
2887,7279,2372,23.17,20,0,
2888,2378,2425,70.39,20,0,
2889,2353,2333,33.82,20,0,
2890,2357,3918,98.29,20,0,
2891,3918,2379,17.04,20,0,
2892,2379,2368,14.26,20,0,
2893,2400,2330,291.79,50,0,Strada Crișului
2894,2330,7870,166.26,50,0,Strada Crișului
2895,7870,7868,45.23,50,0,Strada Crișului
2896,7868,5166,48.26,50,0,Strada Crișului
2897,2404,2398,99.57,20,0,
2898,2391,7540,6.10,30,0,
2899,7540,6490,47.87,30,0,
2900,6490,6489,21.57,30,0,
2901,6489,6488,80.74,30,0,
2902,2374,2327,95.32,20,0,
2903,2344,5799,12.55,30,0,Strada Prutului
2904,5799,2335,14.28,30,0,Strada Prutului
2905,2335,2350,24.86,30,0,Strada Prutului
2906,2350,7282,197.32,30,0,Strada Prutului
2907,2328,7310,2.38,50,0,Strada Cașinului
2908,7310,5158,174.49,50,0,Strada Cașinului
2909,5158,2394,1.86,50,0,Strada Cașinului
2910,2352,2365,95.21,20,0,
2911,2389,2340,31.28,20,0,
2912,2395,2390,96.51,20,0,
2913,2382,2348,127.37,20,0,
2914,2348,2352,44.01,20,0,
2915,2352,2343,213.35,20,0,
2916,2381,2373,36.47,20,0,
2917,2373,3857,179.44,20,0,
2918,2376,7977,24.27,20,0,
2919,563,7928,193.58,50,0,Strada Căminului
2920,7928,2330,30.61,50,0,Strada Căminului
2921,2359,6615,59.60,20,0,
2922,6615,6617,23.30,20,0,
2923,6617,6613,9.84,20,0,
2924,6613,6611,39.07,20,0,
2925,6611,2377,100.77,20,0,
2926,2356,2381,72.68,20,0,
2927,2407,4334,27.54,50,1,Bulevardul 22 Decembrie 1989
2928,4334,4692,13.37,50,1,Bulevardul 22 Decembrie 1989
2929,1453,1880,25.67,50,0,Strada Gheorghe Marinescu
2930,1880,1498,41.72,50,0,Strada Gheorghe Marinescu
2931,1498,6651,50.27,50,0,Strada Gheorghe Marinescu
2932,6651,6113,45.75,50,0,Strada Gheorghe Marinescu
2933,6113,1490,133.53,50,0,Strada Gheorghe Marinescu
2934,1490,550,197.19,50,0,Strada Gheorghe Marinescu
2935,2407,6698,84.74,50,0,Bulevardul 22 Decembrie 1989
2936,6698,2639,74.65,50,0,Bulevardul 22 Decembrie 1989
2937,2408,4153,69.06,20,1,
2938,4153,2410,71.93,20,1,
2939,2409,4163,66.81,30,1,Aleea Carpați
2940,2429,2436,79.65,20,0,
2941,2432,2435,102.69,20,0,
2942,2444,2413,11.76,20,0,
2943,1985,8174,17.33,50,0,Strada Depozitelor
2944,8174,6627,347.10,50,0,Strada Depozitelor
2945,6627,5812,81.67,50,0,Strada Depozitelor
2946,2421,2418,177.17,20,0,
2947,2417,1991,24.92,50,0,Strada Băneasa
2948,1991,6455,40.00,50,0,Strada Băneasa
2949,6455,8882,189.55,50,0,Strada Băneasa
2950,8882,8883,87.86,50,0,Strada Băneasa
2951,8883,8881,9.03,50,0,Strada Băneasa
2952,8881,566,21.95,50,0,Strada Băneasa
2953,566,4448,33.62,50,0,Strada Băneasa
2954,8,265,13.46,50,0,Strada Bega
2955,2342,4445,51.60,20,0,
2956,4445,2332,62.00,20,0,
2957,2332,2367,93.56,20,0,
2958,2422,2426,87.60,20,0,
2959,2426,7960,51.98,20,0,
2960,7960,2428,14.47,20,0,
2961,2428,2441,13.82,20,0,
2962,2441,5698,7.58,20,0,
2963,1273,5223,32.58,40,0,Strada Budiului
2964,5223,5222,63.03,40,0,Strada Budiului
2965,5222,5218,35.31,40,0,Strada Budiului
2966,5218,5214,61.41,40,0,Strada Budiului
2967,5214,1274,33.17,40,0,Strada Budiului
2968,1274,5203,1.95,40,0,Strada Budiului
2969,5203,5205,74.79,40,0,Strada Budiului
2970,5205,5201,60.32,40,0,Strada Budiului
2971,5201,5199,23.34,40,0,Strada Budiului
2972,5199,9172,89.50,40,0,Strada Budiului
2973,9172,1275,358.94,40,0,Strada Budiului
2974,2438,2441,37.08,20,0,
2975,2433,2437,48.35,20,0,
2976,775,264,36.36,50,0,Strada Budiului
2977,2423,2442,30.83,20,0,
2978,2420,2428,29.45,20,0,
2979,2413,7958,17.50,20,0,
2980,7958,2414,20.88,20,0,
2981,564,2376,32.83,50,0,Strada Libertății
2982,2427,2442,120.91,20,0,
2983,2442,2435,18.22,20,0,
2984,2435,2437,3.83,20,0,
2985,2437,2444,15.83,20,0,
2986,2436,2418,25.93,20,0,
2987,2418,2439,5.70,20,0,
2988,2439,2411,8.29,20,0,
2989,5813,2430,3.50,50,0,Strada Depozitelor
2990,2430,6623,44.15,50,0,Strada Depozitelor
2991,6623,3920,35.96,50,0,Strada Depozitelor
2992,3920,3919,27.42,50,0,Strada Depozitelor
2993,3919,3916,42.35,50,0,Strada Depozitelor
2994,3916,2368,3.74,50,0,Strada Depozitelor
2995,2368,3909,65.48,50,0,Strada Depozitelor
2996,3909,3907,23.03,50,0,Strada Depozitelor
2997,3907,3903,54.17,50,0,Strada Depozitelor
2998,3903,2401,26.42,50,0,Strada Depozitelor
2999,2401,3902,22.30,50,0,Strada Depozitelor
3000,3902,3898,93.61,50,0,Strada Depozitelor
3001,3898,2399,21.43,50,0,Strada Depozitelor
3002,2399,3895,27.38,50,0,Strada Depozitelor
3003,3895,6619,6.04,50,0,Strada Depozitelor
3004,6619,3888,121.20,50,0,Strada Depozitelor
3005,3888,6605,178.55,50,0,Strada Depozitelor
3006,6605,3880,24.21,50,0,Strada Depozitelor
3007,3880,3877,33.23,50,0,Strada Depozitelor
3008,3877,3875,15.15,50,0,Strada Depozitelor
3009,3875,2363,23.83,50,0,Strada Depozitelor
3010,2363,3870,54.38,50,0,Strada Depozitelor
3011,3870,2336,40.52,50,0,Strada Depozitelor
3012,2336,5957,53.84,50,0,Strada Depozitelor
3013,5957,3859,28.76,50,0,Strada Depozitelor
3014,3859,3857,13.21,50,0,Strada Depozitelor
3015,3857,7846,68.03,50,0,Strada Depozitelor
3016,7846,105,67.16,50,0,Strada Depozitelor
3017,2424,2417,23.47,50,0,Strada Băneasa
3018,2419,2414,28.93,20,0,
3019,2414,2443,53.67,20,0,
3020,2412,2434,193.96,50,0,
3021,2425,2342,30.54,20,0,
3022,4481,4482,20.44,20,0,
3023,2411,10,16.82,20,0,
3024,1272,1273,35.87,40,0,Strada Budiului
3025,4486,6506,113.91,50,0,Strada Bega
3026,6506,264,33.03,50,0,Strada Bega
3027,778,777,17.85,50,0,Strada Budiului
3028,2447,5574,1605.37,20,0,
3029,2449,1955,424.34,20,0,
3030,1958,2446,279.19,50,0,
3031,1944,5575,185.55,30,0,Strada 8 Martie
3032,1935,2450,89.00,30,0,
3033,2451,2452,69.32,20,0,
3034,2453,2118,41.98,20,0,
3035,2118,2121,131.33,20,0,
3036,2121,2128,165.59,20,0,
3037,2128,2124,93.79,20,0,
3038,2124,2158,25.14,20,0,
3039,2158,2221,106.60,20,0,
3040,2221,2182,144.08,20,0,
3041,2454,2453,29.24,20,0,
3042,2455,2456,116.17,20,0,
3043,5186,5185,38.31,20,0,
3044,5185,5187,97.16,20,0,
3045,5187,2457,50.18,20,0,
3046,2457,2456,56.33,20,0,
3047,2456,2458,18.69,20,0,
3048,2198,2459,15.96,20,0,
3049,2459,2149,43.55,20,0,
3050,2149,2189,490.51,20,0,
3051,2189,2135,86.80,20,0,
3052,2135,2123,104.82,20,0,
3053,2123,2073,121.48,20,0,
3054,2467,2465,234.10,20,0,
3055,2463,1716,64.18,20,0,
3056,2466,3476,86.97,20,0,
3057,2464,7187,130.91,30,0,Strada Scurtă
3058,7187,7181,20.04,30,0,Strada Scurtă
3059,7181,2468,31.44,30,0,Strada Scurtă
3060,2470,2469,97.81,20,0,
3061,2471,2472,62.59,20,0,
3062,2473,2474,50.34,30,0,
3063,2476,2478,15.54,50,0,
3064,2478,2477,37.64,50,0,
3065,2477,2476,21.13,50,0,
3066,2559,2505,172.06,20,0,
3067,2496,5031,276.38,50,0,Strada Între Dealuri
3068,5031,2517,53.28,50,0,Strada Între Dealuri
3069,2517,9054,152.89,50,0,Strada Între Dealuri
3070,9054,5033,108.18,50,0,Strada Între Dealuri
3071,2512,2500,41.51,20,0,
3072,2551,2504,42.78,20,0,
3073,2504,2527,172.07,20,0,
3074,2527,2490,37.59,20,0,
3075,2533,2562,68.95,20,0,
3076,2561,2493,184.22,20,0,
3077,2558,2549,66.49,20,0,
3078,2790,2545,79.55,20,0,
3079,2244,1276,55.17,20,0,
3080,2483,2522,107.41,20,0,
3081,2552,2536,25.40,20,0,
3082,2482,2560,70.52,20,0,
3083,2555,2504,63.85,20,0,
3084,1092,1923,39.60,50,0,Strada de Jos
3085,1923,2564,566.73,50,0,Strada de Jos
3086,2564,1922,144.29,50,0,Strada de Jos
3087,1922,5022,220.44,50,0,Strada de Jos
3088,5022,9044,63.89,50,0,Strada de Jos
3089,9044,9051,200.79,50,0,Strada de Jos
3090,9051,1919,70.71,50,0,Strada de Jos
3091,1919,9046,90.01,50,0,Strada de Jos
3092,9046,1911,42.85,50,0,Strada de Jos
3093,2532,6786,29.95,20,0,
3094,6786,2515,33.43,20,0,
3095,2508,2534,134.25,20,0,
3096,2528,2481,30.59,20,0,
3097,2481,2523,30.21,20,0,
3098,2513,2543,146.13,20,0,
3099,2497,2527,23.59,20,0,
3100,2495,2524,45.14,50,0,
3101,2524,2480,48.47,50,0,
3102,4618,2556,304.27,20,0,
3103,1913,1087,979.10,50,0,Strada Nouă
3104,2524,2544,103.47,20,0,
3105,2544,2484,10.45,20,0,
3106,2542,2560,22.96,20,0,
3107,2560,2529,3.89,20,0,
3108,2548,2485,54.82,20,0,
3109,2547,2503,32.13,20,0,
3110,2506,2494,58.86,20,0,
3111,2539,2520,56.40,20,0,
3112,2481,2537,54.64,50,0,Strada Văilor
3113,2537,6791,114.34,50,0,Strada Văilor
3114,6791,4595,55.05,50,0,Strada Văilor
3115,4595,6790,7.04,50,0,Strada Văilor
3116,6790,2488,98.85,50,0,Strada Văilor
3117,5009,2534,79.01,50,0,Strada Banatului
3118,2534,1098,339.44,50,0,Strada Banatului
3119,2516,2502,27.26,20,0,
3120,5370,2492,384.49,50,0,Strada Nirajului
3121,2785,2550,109.01,20,0,
3122,2541,2498,271.67,20,0,
3123,2540,2491,367.93,50,0,Strada Mușețelului
3124,2557,2546,24.86,20,0,
3125,5765,5779,252.55,50,0,Strada Centenar
3126,5779,5781,63.28,50,0,Strada Centenar
3127,5781,2530,310.32,50,0,Strada Centenar
3128,2530,2562,23.11,50,0,Strada Centenar
3129,2562,5836,68.06,50,0,Strada Centenar
3130,5836,2507,47.15,50,0,Strada Centenar
3131,2507,2526,229.81,50,0,Strada Centenar
3132,2526,2518,117.32,50,0,Strada Centenar
3133,2531,2514,19.86,20,0,
3134,25,428,33.25,50,1,Strada Transilvania
3135,428,4211,2.35,50,1,Strada Transilvania
3136,4211,427,50.12,50,1,Strada Transilvania
3137,427,4210,15.16,50,1,Strada Transilvania
3138,4210,24,35.18,50,1,Strada Transilvania
3139,24,423,45.11,50,1,Strada Transilvania
3140,423,23,98.36,50,1,Strada Transilvania
3141,23,4217,69.18,50,1,Strada Transilvania
3142,177,176,90.65,50,0,Strada Grapei
3143,2580,2571,7.22,20,0,
3144,2571,4522,35.74,20,0,
3145,4942,2570,39.27,20,0,
3146,7709,2569,29.82,20,0,
3147,2569,7708,28.21,20,0,
3148,2575,2577,17.76,20,0,
3149,657,56,71.91,50,0,Strada Cutezanței
3150,56,511,187.46,50,0,Strada Cutezanței
3151,2582,2571,20.62,20,0,
3152,2567,2568,29.23,30,0,
3153,754,857,60.90,50,0,Strada Răsăritului
3154,857,753,67.52,50,0,Strada Răsăritului
3155,2572,7805,1.74,20,0,
3156,7805,2577,2.22,20,0,
3157,2577,2583,55.78,20,0,
3158,2581,1836,68.59,20,0,
3159,358,1018,75.11,50,1,Strada Suceava
3160,2586,2587,37.86,20,0,
3161,5673,7860,46.76,20,0,
3162,7860,2586,68.02,20,0,
3163,2586,2585,16.87,20,0,
3164,111,2588,182.91,30,1,Strada Bucinului
3165,926,3978,79.50,50,1,Strada Libertății
3166,3978,3977,8.58,50,1,Strada Libertății
3167,3977,3973,32.76,50,1,Strada Libertății
3168,3973,8544,10.47,50,1,Strada Libertății
3169,8544,2235,33.04,50,1,Strada Libertății
3170,2235,2226,18.72,50,1,Strada Libertății
3171,2226,2227,18.23,50,1,Strada Libertății
3172,2227,2240,15.17,50,1,Strada Libertății
3173,2240,2236,22.50,50,1,Strada Libertății
3174,2236,3952,20.24,50,1,Strada Libertății
3175,3952,6903,15.92,50,1,Strada Libertății
3176,6903,925,33.05,50,1,Strada Libertății
3177,2239,2238,3.05,80,0,
3178,5258,717,67.47,50,0,Strada Cuza Vodă
3179,717,4267,96.34,50,0,Strada Cuza Vodă
3180,1332,8590,67.97,50,0,Strada Cuza Vodă
3181,2375,2328,17.81,50,0,Strada Prutului
3182,2328,5800,63.45,50,0,Strada Prutului
3183,5800,7285,122.74,50,0,Strada Prutului
3184,7285,2372,4.09,50,0,Strada Prutului
3185,2372,2382,32.32,50,0,Strada Prutului
3186,685,4099,51.22,50,0,Strada Romulus Guga
3187,4099,4109,81.50,50,0,Strada Romulus Guga
3188,4109,6708,14.40,50,0,Strada Romulus Guga
3189,6708,6930,35.16,50,0,Strada Romulus Guga
3190,2238,2237,12.15,80,0,
3191,116,285,54.65,50,0,Strada Cuza Vodă
3192,285,117,9.35,50,0,Strada Cuza Vodă
3193,117,6599,60.56,50,0,Strada Cuza Vodă
3194,6599,115,24.68,50,0,Strada Cuza Vodă
3195,2355,2339,148.45,50,0,Strada Dezrobirii
3196,2339,6970,12.33,50,0,Strada Dezrobirii
3197,6970,2362,2.39,50,0,Strada Dezrobirii
3198,8536,4273,30.36,50,0,Strada Băneasa
3199,4273,3929,220.56,50,0,Strada Băneasa
3200,3929,107,112.43,50,0,Strada Băneasa
3201,683,967,79.42,50,1,Strada Salcâmilor
3202,967,810,52.31,50,1,Strada Salcâmilor
3203,565,925,15.57,80,0,
3204,3948,7580,2.21,50,0,Strada Barajului
3205,7580,7593,58.97,50,0,Strada Barajului
3206,7593,3964,4.95,50,0,Strada Barajului
3207,3964,3971,47.59,50,0,Strada Barajului
3208,3971,3976,41.62,50,0,Strada Barajului
3209,3976,3989,83.82,50,0,Strada Barajului
3210,3989,3992,19.35,50,0,Strada Barajului
3211,3992,5396,5.16,50,0,Strada Barajului
3212,5396,4007,60.23,50,0,Strada Barajului
3213,4007,4010,18.44,50,0,Strada Barajului
3214,4010,4021,60.04,50,0,Strada Barajului
3215,4021,4049,118.71,50,0,Strada Barajului
3216,4049,8129,37.66,50,0,Strada Barajului
3217,8129,4056,12.40,50,0,Strada Barajului
3218,4056,4060,17.42,50,0,Strada Barajului
3219,4060,4064,16.52,50,0,Strada Barajului
3220,4064,4067,28.23,50,0,Strada Barajului
3221,4067,4079,87.63,50,0,Strada Barajului
3222,4079,4082,19.75,50,0,Strada Barajului
3223,4082,4083,9.61,50,0,Strada Barajului
3224,4083,5280,47.72,50,0,Strada Barajului
3225,5280,811,27.89,50,0,Strada Barajului
3226,905,445,24.40,50,0,Strada Libertății
3227,445,691,20.52,50,0,Strada Libertății
3228,123,7822,1.89,50,0,Strada Dezrobirii
3229,7822,7824,17.60,50,0,Strada Dezrobirii
3230,7824,7820,137.82,50,0,Strada Dezrobirii
3231,7820,2341,41.90,50,0,Strada Dezrobirii
3232,2341,105,87.66,50,0,Strada Dezrobirii
3233,1333,1329,33.79,50,0,Strada Iuliu Maniu
3234,1329,1331,24.35,50,0,Strada Iuliu Maniu
3235,691,1784,32.53,50,0,Strada Libertății
3236,1784,965,55.67,50,0,Strada Libertății
3237,965,1776,31.25,50,0,Strada Libertății
3238,1776,8586,54.36,50,0,Strada Libertății
3239,2592,2591,11.45,20,0,
3240,2589,8850,63.96,20,0,
3241,2590,447,52.44,20,0,
3242,2593,304,48.16,20,0,
3243,1894,6835,19.22,50,0,Strada Livezeni
3244,6835,4449,12.04,50,0,Strada Livezeni
3245,4449,1896,4.79,50,0,Strada Livezeni
3246,1896,4450,20.21,50,0,Strada Livezeni
3247,4450,7170,42.92,50,0,Strada Livezeni
3248,7170,7168,29.64,50,0,Strada Livezeni
3249,7168,7166,34.41,50,0,Strada Livezeni
3250,7166,7526,34.72,50,0,Strada Livezeni
3251,7526,63,57.59,50,0,Strada Livezeni
3252,692,683,126.03,50,0,Strada Hegyi Lajos
3253,685,969,94.45,50,0,Strada Mioriței
3254,969,687,92.40,50,0,Strada Mioriței
3255,687,688,77.96,50,0,Strada Mioriței
3256,688,692,98.47,50,0,Strada Mioriței
3257,692,689,112.63,50,0,Strada Mioriței
3258,690,966,152.41,50,1,Strada Salcâmilor
3259,966,683,19.77,50,1,Strada Salcâmilor
3260,5397,268,30.94,50,0,
3261,268,269,30.77,50,0,
3262,269,3454,23.36,50,0,
3263,3454,270,7.44,50,0,
3264,270,3455,23.00,50,0,
3265,3455,5397,7.69,50,0,
3266,1834,344,189.67,50,0,Calea Sighișoarei
3267,344,1297,44.22,50,0,Calea Sighișoarei
3268,2606,2604,55.87,30,0,Strada Între Movile
3269,2600,7648,53.18,20,0,
3270,7648,2601,69.91,20,0,
3271,2597,5846,10.16,20,0,
3272,5846,2596,4.58,20,0,
3273,2596,2595,38.45,20,0,
3274,2598,2594,175.40,20,0,
3275,713,592,52.04,50,1,Strada George Coșbuc
3276,591,6661,62.12,50,1,Strada George Coșbuc
3277,6661,715,70.17,50,1,Strada George Coșbuc
3278,715,713,31.74,50,1,Strada George Coșbuc
3279,184,183,97.85,30,0,Strada Amurgului
3280,210,453,97.79,50,1,Strada Rodniciei
3281,453,4571,5.41,50,1,Strada Rodniciei
3282,4571,1391,30.68,50,1,Strada Rodniciei
3283,1391,7215,20.44,50,1,Strada Rodniciei
3284,7215,7214,7.11,50,1,Strada Rodniciei
3285,7214,1393,36.29,50,1,Strada Rodniciei
3286,1393,1908,55.50,50,1,Strada Rodniciei
3287,964,3142,95.20,50,0,
3288,2708,8737,175.46,50,1,
3289,8737,2622,12.91,50,1,
3290,2629,8698,25.67,20,0,
3291,8698,5675,5.23,20,0,
3292,5675,2628,20.00,20,0,
3293,2626,5664,21.25,50,0,
3294,5664,5676,5.07,50,0,
3295,2632,2634,35.13,50,0,
3296,2631,2587,16.21,30,0,
3297,2587,8699,18.49,30,0,
3298,8699,5673,58.05,30,0,
3299,5673,7864,19.06,30,0,
3300,7864,2628,38.99,30,0,
3301,2628,2626,65.02,30,0,
3302,2626,2625,35.93,30,0,
3303,226,2637,142.91,50,1,Strada Revoluției
3304,971,3211,43.40,50,1,Bulevardul 22 Decembrie 1989
3305,4269,2644,21.95,50,1,Strada Cuza Vodă
3306,2645,2644,12.77,30,0,
3307,5255,2648,15.31,50,1,Piața Victoriei
3308,2648,2649,55.91,50,1,Piața Victoriei
3309,2649,8791,15.71,50,1,Piața Victoriei
3310,211,1400,44.02,50,0,
3311,1400,2661,16.38,50,0,
3312,2661,4589,74.69,50,0,
3313,4589,4590,5.16,50,0,
3314,1897,7505,105.53,30,0,
3315,7505,1900,34.73,30,0,
3316,1900,1906,71.84,30,0,
3317,4237,4238,29.74,50,1,Strada Dâmboviței
3318,4238,229,75.86,50,0,Strada Vulturilor
3319,6,2663,38.57,50,1,Calea Sighișoarei
3320,2664,5245,18.37,50,1,Calea Sighișoarei
3321,5245,0,38.81,50,1,Calea Sighișoarei
3322,1382,7172,27.15,30,1,Strada Semănătorilor
3323,7172,251,5.30,30,1,Strada Semănătorilor
3324,172,4691,40.61,50,1,
3325,4547,3168,24.48,50,1,Piața Trandafirilor
3326,3168,224,12.13,50,1,Piața Trandafirilor
3327,224,8229,48.39,50,1,Piața Trandafirilor
3328,8229,1615,24.94,50,1,Piața Trandafirilor
3329,1615,8236,47.03,50,1,Piața Trandafirilor
3330,8236,1616,25.76,50,1,Piața Trandafirilor
3331,1616,4549,64.85,50,1,Piața Trandafirilor
3332,4549,4550,26.86,50,1,Piața Trandafirilor
3333,4550,8213,14.75,50,1,Piața Trandafirilor
3334,8213,8194,24.81,50,1,Piața Trandafirilor
3335,8194,8209,25.77,50,1,Piața Trandafirilor
3336,8209,3628,17.04,50,1,Piața Trandafirilor
3337,3628,4551,11.57,50,1,Piața Trandafirilor
3338,8790,5256,88.12,50,1,Piața Victoriei
3339,550,2709,72.64,50,0,Strada Gheorghe Marinescu
3340,1400,1402,22.20,50,0,
3341,1402,2660,53.78,50,0,
3342,2666,786,84.32,50,1,Strada Decebal
3343,961,8112,43.02,50,1,Strada Tisei
3344,8112,4687,125.57,50,1,Strada Tisei
3345,4687,1636,118.81,50,1,Strada Tisei
3346,962,8926,53.37,50,1,Strada Voinicenilor
3347,8926,6073,0.80,50,1,Strada Voinicenilor
3348,6073,8583,28.79,50,1,Strada Voinicenilor
3349,984,6202,46.87,50,0,Strada Vasile Lucaciu
3350,6202,981,73.70,50,0,Strada Vasile Lucaciu
3351,981,983,59.93,50,0,Strada Vasile Lucaciu
3352,849,5659,54.86,50,1,Strada Hunedoara
3353,5659,5661,60.41,50,1,Strada Hunedoara
3354,5661,4821,33.25,50,1,Strada Hunedoara
3355,4821,4888,11.34,50,1,Strada Hunedoara
3356,4888,772,22.86,50,1,Strada Hunedoara
3357,997,2458,8.97,50,0,
3358,2669,771,9.06,50,0,Strada Hunedoara
3359,1956,8518,6.80,30,0,Strada Principală
3360,8518,1927,304.49,30,0,Strada Principală
3361,1927,1963,438.11,30,0,Strada Principală
3362,1963,1961,525.37,30,0,Strada Principală
3363,1961,1954,81.51,30,0,Strada Principală
3364,4646,2671,48.12,50,1,Bulevardul Pandurilor
3365,4643,2671,18.59,80,0,
3366,2673,2672,35.71,20,0,
3367,1270,2675,368.32,50,0,Strada Viile Unomai
3368,2675,2674,123.35,50,0,Strada Viile Unomai
3369,1292,8127,305.45,30,0,Strada Berlin
3370,8127,2736,28.68,30,0,Strada Berlin
3371,1288,1294,146.28,50,0,Strada Budapesta
3372,1282,1284,142.09,50,0,Strada Madrid
3373,2736,1288,53.67,50,0,Strada Lisabona
3374,1288,2676,53.51,50,0,Strada Lisabona
3375,2679,2678,107.21,50,0,Strada Viena
3376,2678,2677,62.61,50,0,Strada Viena
3377,2677,1282,61.75,50,0,Strada Viena
3378,2681,2682,13.82,20,0,
3379,131,6291,89.16,50,0,Strada Grădinarilor
3380,6291,6210,83.73,50,0,Strada Grădinarilor
3381,1088,1089,154.21,70,0,Strada Tholdalagi Mihály
3382,1089,1092,51.43,70,0,Strada Tholdalagi Mihály
3383,1092,1873,210.58,70,0,Strada Tholdalagi Mihály
3384,1873,1085,40.46,70,0,Strada Tholdalagi Mihály
3385,1085,5763,84.80,70,0,Strada Tholdalagi Mihály
3386,2723,2724,25.95,50,0,Strada Budiului
3387,2724,5058,22.63,50,0,Strada Budiului
3388,4485,1514,84.04,30,0,Strada Dimitrie Cantemir
3389,2692,7755,83.82,50,1,Strada Gheorghe Doja
3390,7755,1832,92.90,50,1,Strada Gheorghe Doja
3391,4209,3832,52.78,50,1,Strada Gheorghe Doja
3392,3832,2692,24.21,50,1,Strada Gheorghe Doja
3393,5425,8718,382.63,50,0,Strada Luntrașilor
3394,8718,594,23.79,50,0,Strada Luntrașilor
3395,594,5733,14.41,50,0,Strada Luntrașilor
3396,5733,593,26.93,50,0,Strada Luntrașilor
3397,1304,598,210.97,50,0,Strada Margaretelor
3398,598,6564,39.46,50,0,Strada Margaretelor
3399,6564,6088,49.45,50,0,Strada Margaretelor
3400,6088,8557,94.43,50,0,Strada Margaretelor
3401,2697,285,107.22,30,1,Strada Plevna
3402,1699,8318,39.01,20,0,
3403,8318,1826,55.54,20,0,
3404,1310,1311,30.26,50,0,
3405,2719,2720,40.06,20,0,
3406,1224,2716,31.26,30,0,Strada Prahovei
3407,2718,1298,10.96,50,0,Strada Plutelor
3408,5423,7480,42.37,20,0,
3409,7480,2712,21.84,20,0,
3410,5425,2713,21.00,50,1,Strada Luntrașilor
3411,2714,2715,9.89,30,1,Strada Plutelor
3412,1298,2721,81.36,50,0,Strada Plutelor
3413,2711,4698,2.62,50,1,
3414,4698,4699,7.94,50,1,
3415,4699,4700,7.97,50,1,
3416,4700,5424,9.23,50,1,
3417,5424,2713,13.41,50,1,
3418,2713,2714,5.37,50,1,
3419,2714,2711,5.23,50,1,
3420,2730,2728,44.70,20,0,
3421,2725,2726,48.73,20,0,
3422,2727,2728,35.70,20,0,
3423,2728,2729,20.08,20,0,
3424,2733,2732,112.67,20,0,
3425,2734,2735,152.88,20,0,
3426,321,315,103.08,30,0,Aleea Covasna
3427,429,1021,110.65,50,0,Strada Muntenia
3428,1021,1020,56.48,50,0,Strada Muntenia
3429,2756,8153,100.15,30,0,Strada Muntenia
3430,433,372,39.67,50,0,
3431,1869,2772,21.16,20,0,
3432,2764,1859,21.07,30,0,
3433,2737,2740,73.50,30,0,Strada Petru Dobra
3434,2743,2742,26.71,30,0,Strada Petru Dobra
3435,429,428,43.58,30,0,Strada Muntenia
3436,7643,2754,47.34,20,0,
3437,2741,2739,34.49,30,0,Strada Petru Dobra
3438,2761,2764,33.21,30,0,
3439,2764,2765,27.40,30,0,
3440,308,2772,47.60,20,0,
3441,8747,2771,56.03,20,0,
3442,4562,2750,100.57,20,0,
3443,4563,2752,48.42,20,0,
3444,2753,1078,120.57,50,0,
3445,1846,2746,21.20,20,0,
3446,2758,435,101.91,20,0,
3447,2751,2747,79.25,20,0,
3448,2740,2741,15.53,30,0,Strada Petru Dobra
3449,2741,2742,20.79,30,0,Strada Petru Dobra
3450,2742,2740,9.86,30,0,Strada Petru Dobra
3451,2737,2739,124.86,30,1,Strada Petru Dobra
3452,2739,699,93.82,30,1,Strada Petru Dobra
3453,2821,5720,226.02,50,0,
3454,5720,2476,18.54,50,0,
3455,2835,2839,438.36,50,0,
3456,1064,3667,134.30,50,0,Strada Progresului
3457,3667,8293,74.57,50,0,Strada Progresului
3458,8293,2851,92.85,50,0,Strada Progresului
3459,2851,2853,41.90,50,0,Strada Progresului
3460,2853,2862,308.64,50,0,Strada Progresului
3461,2846,2840,110.47,20,0,
3462,2826,2824,84.09,20,0,
3463,2786,2798,276.91,20,0,
3464,2860,2855,116.49,50,0,
3465,2858,2853,211.21,50,0,Strada Beke
3466,2804,2807,56.28,20,0,
3467,2839,4428,23.76,50,0,
3468,2825,2827,83.96,20,0,
3469,2874,2873,178.82,50,0,
3470,2871,2872,120.90,90,0,
3471,2809,2811,21.68,20,0,
3472,2799,3635,18.00,20,1,
3473,2859,2854,166.06,20,0,
3474,2857,2851,217.14,50,0,Strada Inimii
3475,2789,2788,9.73,20,0,
3476,2783,2784,24.29,20,0,
3477,2836,5702,10.45,20,1,
3478,5702,5705,15.22,20,1,
3479,5705,5709,15.96,20,1,
3480,5709,5712,15.45,20,1,
3481,5712,5717,15.15,20,1,
3482,5717,2832,11.04,20,1,
3483,2819,2818,14.33,20,0,
3484,2816,2820,45.08,20,0,
3485,2847,2841,116.49,20,0,
3486,2870,8292,182.14,50,0,
3487,2845,2850,86.99,20,0,
3488,2787,2788,40.22,50,0,Strada Gladiolelor
3489,2788,2801,239.91,50,0,Strada Gladiolelor
3490,1062,2869,156.04,50,0,
3491,2795,2791,121.13,20,0,
3492,2861,2863,44.41,20,0,
3493,2781,2782,33.99,20,0,
3494,2837,929,9.85,50,0,
3495,2868,2865,144.42,50,0,
3496,2810,2809,11.57,20,0,
3497,2809,2806,4.19,20,0,
3498,2814,2815,22.55,20,0,
3499,2815,2816,85.77,20,0,
3500,2816,2817,30.21,20,0,
3501,2849,2845,60.97,20,0,
3502,2845,2842,69.55,20,0,
3503,2794,2796,18.36,20,1,
3504,2815,4323,17.35,20,0,
3505,4323,2813,82.73,20,0,
3506,2866,2867,51.78,20,0,
3507,2779,2777,68.59,20,0,
3508,2792,2514,100.63,20,0,
3509,2514,2489,120.82,20,0,
3510,2802,2800,55.00,20,0,
3511,2823,2819,42.00,20,0,
3512,2819,2817,72.20,20,0,
3513,2817,2822,51.32,20,0,
3514,2797,2793,111.65,20,0,
3515,2828,1635,35.94,50,0,
3516,1635,2829,172.46,50,0,
3517,2776,2775,357.23,50,0,Strada Zambilelor
3518,5720,2812,108.85,20,0,
3519,2511,2785,89.31,50,0,Strada Lavandei
3520,2785,2783,109.44,50,0,Strada Lavandei
3521,2783,2781,48.36,50,0,Strada Lavandei
3522,2781,2546,48.42,50,0,Strada Lavandei
3523,2546,6784,7.66,50,0,Strada Lavandei
3524,6784,2778,65.71,50,0,Strada Lavandei
3525,2478,2812,67.80,20,0,
3526,2812,5499,58.08,20,0,
3527,2856,2864,199.48,50,0,
3528,2831,2832,40.90,20,0,
3529,2832,928,38.55,20,0,
3530,928,2834,23.01,20,0,
3531,2834,2835,12.53,20,0,
3532,2875,2904,718.22,20,0,
3533,2916,1687,18.20,50,0,
3534,1687,2913,14.82,50,0,
3535,2913,2911,15.89,50,0,
3536,2911,1680,16.33,50,0,
3537,1680,2906,15.69,50,0,
3538,2906,1677,6.41,50,0,
3539,2924,2923,72.33,20,0,
3540,2923,2922,17.16,20,0,
3541,2922,2920,15.68,20,0,
3542,2920,2918,16.13,20,0,
3543,2918,2917,16.92,20,0,
3544,1668,2889,17.27,50,0,
3545,2889,2892,15.99,50,0,
3546,2892,1675,16.02,50,0,
3547,1675,2898,15.13,50,0,
3548,2898,1674,15.15,50,0,
3549,1674,2901,15.34,50,0,
3550,2901,1673,8.41,50,0,
3551,8652,2892,54.36,20,0,
3552,2892,5487,58.46,20,0,
3553,2886,2901,58.27,20,0,
3554,2901,1669,37.08,20,0,
3555,2877,2880,38.18,20,0,
3556,8653,2889,68.05,20,0,
3557,2889,5488,68.04,20,0,
3558,2912,2919,74.56,20,0,
3559,2879,2883,38.33,20,0,
3560,2887,2893,38.83,20,0,
3561,2908,8764,49.61,20,0,
3562,2881,2885,38.50,20,0,
3563,2890,2897,38.98,20,0,
3564,1685,1686,74.26,20,0,
3565,2884,2888,38.66,20,0,
3566,2894,2900,39.15,20,0,
3567,2882,2898,56.16,20,0,
3568,2898,1671,40.31,20,0,
3569,2891,2906,76.02,20,0,
3570,2876,2878,38.03,20,0,
3571,2902,2916,75.15,20,1,
3572,2916,2923,75.42,20,1,
3573,2899,2913,75.51,20,0,
3574,2913,2920,75.28,20,0,
3575,2895,2911,75.68,20,0,
3576,2911,2918,75.19,20,0,
3577,2910,2909,173.54,20,0,
3578,4853,4854,5.16,50,0,
3579,4854,2903,5.26,50,0,
3580,2903,1673,10.68,50,0,
3581,1673,1676,12.73,50,0,
3582,1676,1677,13.50,50,0,
3583,1677,4853,5.16,50,0,
3584,2905,2910,20.22,20,0,
3585,1604,1578,31.71,30,0,Strada Petru Maior
3586,1954,1959,639.78,30,0,Strada Bisericii
3587,3202,2925,34.85,30,1,Strada Livezeni
3588,2934,6006,58.44,50,1,Bulevardul 1848
3589,6006,6003,85.10,50,1,Bulevardul 1848
3590,6003,1012,116.35,50,1,Bulevardul 1848
3591,2935,6008,11.03,50,1,Bulevardul 1848
3592,6008,1013,121.82,50,1,Bulevardul 1848
3593,1013,4414,107.68,50,1,Bulevardul 1848
3594,4414,4415,11.59,50,1,Bulevardul 1848
3595,4415,4416,53.55,50,1,Bulevardul 1848
3596,5314,8713,122.85,50,0,Strada Agricultorilor
3597,8713,8691,107.01,50,0,Strada Agricultorilor
3598,8691,8696,68.02,50,0,Strada Agricultorilor
3599,8696,8958,103.97,50,0,Strada Agricultorilor
3600,3051,3056,177.71,20,0,
3601,2970,2978,168.42,30,0,Strada Trestiei
3602,2978,2981,53.91,30,0,Strada Trestiei
3603,2968,2955,179.54,30,0,Strada Papurei
3604,79,3095,23.31,20,0,
3605,3095,3085,433.15,20,0,
3606,3087,5874,137.93,50,0,
3607,5874,5873,56.09,50,0,
3608,5873,3096,96.44,50,0,
3609,3096,3098,184.84,50,0,
3610,2996,2994,27.36,20,0,
3611,2994,1455,30.07,20,0,
3612,1455,2988,127.80,20,0,
3613,1640,3098,352.59,20,0,
3614,3063,3060,86.07,50,0,
3615,3006,3003,71.69,20,0,
3616,1477,3049,10.42,20,1,
3617,3049,7330,18.10,20,1,
3618,7330,7332,21.41,20,1,
3619,7332,1483,21.42,20,1,
3620,3069,3064,156.34,50,0,
3621,2964,2967,50.17,20,0,
3622,3080,3075,227.43,50,0,
3623,73,1455,402.40,50,0,Strada Wesselényi Erzsébet
3624,1455,6084,4.58,50,0,Strada Wesselényi Erzsébet
3625,3086,3087,17.55,50,0,
3626,2940,2937,171.72,30,0,Strada Mihai Eminescu
3627,1120,1121,271.02,50,0,Strada Mociar
3628,1121,1122,107.97,50,0,Strada Mociar
3629,1122,3027,117.03,50,0,Strada Mociar
3630,3027,8937,55.34,50,0,Strada Mociar
3631,8937,5899,84.16,50,0,Strada Mociar
3632,5899,5000,47.34,50,0,Strada Mociar
3633,5000,3039,282.91,50,0,Strada Mociar
3634,3062,3058,118.54,50,0,
3635,3097,3096,49.43,20,0,
3636,2993,1139,412.73,50,0,Strada Grădinarilor
3637,3036,3034,75.39,50,0,
3638,3035,3030,57.74,50,0,
3639,3066,3068,77.16,50,0,
3640,3042,3032,186.70,50,0,
3641,3053,3052,99.67,50,0,
3642,2999,3000,77.67,20,0,
3643,3074,3065,222.93,50,0,
3644,79,3092,25.42,20,1,
3645,2943,2941,94.77,30,0,Strada Nordului
3646,1302,2956,12.98,50,0,Strada Bányai János
3647,2992,2990,75.85,20,0,
3648,3033,3023,171.16,50,0,
3649,1122,1123,231.04,50,0,Pasajul Rozelor
3650,3079,3081,330.23,50,0,
3651,2981,2973,152.42,30,0,Aleea Șoimilor
3652,3078,3067,224.78,50,0,Strada Erou Maior Tiberius Marcel Petre
3653,2974,2977,80.19,30,0,Strada Margaretelor
3654,3073,3070,59.07,20,0,
3655,3076,3071,199.35,50,0,
3656,2951,2949,22.64,50,0,
3657,5055,8335,688.45,30,0,Strada Subpădure
3658,8335,2947,34.21,30,0,Strada Subpădure
3659,2972,2976,82.79,30,0,Strada Pomilor
3660,2721,7328,43.87,50,0,Strada Petöfi Sándor
3661,7328,8331,209.99,50,0,Strada Petöfi Sándor
3662,8331,2944,239.17,50,0,Strada Petöfi Sándor
3663,3090,3089,37.51,20,1,
3664,3011,3015,42.28,20,0,
3665,2961,2951,131.27,30,0,Strada Libertății
3666,2951,2946,104.20,30,0,Strada Libertății
3667,80,81,122.60,20,0,
3668,3029,1125,200.20,50,0,Strada Mierlei
3669,2942,2939,102.89,30,0,Aleea Lacului
3670,3088,1643,34.62,20,1,
3671,79,80,32.12,20,0,
3672,2959,4843,126.30,30,0,Strada Sudului
3673,4843,1303,102.15,30,0,Strada Sudului
3674,1485,3059,189.12,50,0,Strada Borzaș
3675,3059,3057,207.82,50,0,Strada Borzaș
3676,3093,3084,121.51,20,0,
3677,3046,3047,34.94,20,0,
3678,3021,3025,96.41,20,0,
3679,3002,8771,8.83,20,0,
3680,8771,3005,24.77,20,0,
3681,3005,3006,33.56,20,0,
3682,3006,3007,70.08,20,0,
3683,2995,2994,23.68,20,0,
3684,2978,2971,123.89,30,0,Aleea Fortuna
3685,2971,2969,33.60,30,0,Aleea Fortuna
3686,4999,3054,239.08,20,0,
3687,3043,3050,113.26,50,0,
3688,5414,2985,302.81,30,0,Strada Constructorilor
3689,2984,2987,128.73,50,0,
3690,2991,2997,91.04,50,0,Strada Pompelor
3691,3001,3003,16.20,20,0,
3692,3003,3000,166.99,20,0,
3693,2989,2992,79.63,50,0,Strada Pițigoiului
3694,2992,2993,22.42,50,0,Strada Pițigoiului
3695,2993,1128,165.30,50,0,Strada Pițigoiului
3696,1128,5350,104.05,50,0,Strada Pițigoiului
3697,5350,1129,78.62,50,0,Strada Pițigoiului
3698,1129,3012,87.38,50,0,Strada Pițigoiului
3699,2956,2958,39.98,30,0,Aleea Florilor
3700,2958,4837,62.88,30,0,Aleea Florilor
3701,4837,4838,15.32,30,0,Aleea Florilor
3702,4838,2965,2.64,30,0,Aleea Florilor
3703,3059,3060,77.12,50,0,Strada Câmpului
3704,3060,3062,31.92,50,0,Strada Câmpului
3705,3062,9155,17.22,50,0,Strada Câmpului
3706,9155,9157,20.34,50,0,Strada Câmpului
3707,9157,9159,26.19,50,0,Strada Câmpului
3708,9159,5331,51.45,50,0,Strada Câmpului
3709,5331,9153,132.71,50,0,Strada Câmpului
3710,9153,3070,18.70,50,0,Strada Câmpului
3711,3070,3072,55.45,50,0,Strada Câmpului
3712,5054,2979,97.08,30,0,Strada Fântânii
3713,2979,2976,66.14,30,0,Strada Fântânii
3714,3005,3001,76.30,20,0,
3715,3001,2999,92.82,20,0,
3716,2999,2998,14.33,20,0,
3717,3094,3093,20.95,20,0,
3718,3040,3042,84.81,50,0,
3719,2956,2961,63.41,40,0,Strada Bányai János
3720,2961,4842,54.15,40,0,Strada Bányai János
3721,4842,2968,17.19,40,0,Strada Bányai János
3722,2968,2970,56.73,40,0,Strada Bányai János
3723,2950,2963,144.26,20,0,
3724,2962,2953,79.64,20,0,
3725,3100,3099,135.52,20,0,
3726,3022,1464,93.14,50,1,Strada Bisericii
3727,1464,1118,218.98,50,1,Strada Bisericii
3728,3077,5489,199.83,50,0,Strada Sondelor
3729,5489,3081,120.89,50,0,Strada Sondelor
3730,3081,3082,70.77,50,0,Strada Sondelor
3731,3082,3083,51.42,50,0,Strada Sondelor
3732,1303,2974,19.95,50,0,Strada Bányai János
3733,2974,2980,59.82,50,0,Strada Bányai János
3734,3010,8320,106.75,20,0,
3735,8320,3014,58.44,20,0,
3736,3014,1824,34.40,20,0,
3737,3095,3094,12.47,20,0,
3738,3094,3085,137.19,20,0,
3739,3048,3047,15.10,20,0,
3740,3047,3041,134.55,20,0,
3741,1485,3065,46.79,50,0,Strada Liliacului
3742,3065,3067,80.59,50,0,Strada Liliacului
3743,3067,3068,36.88,50,0,Strada Liliacului
3744,3068,5339,4.56,50,0,Strada Liliacului
3745,5339,3071,59.80,50,0,Strada Liliacului
3746,3071,5335,37.88,50,0,Strada Liliacului
3747,5335,3075,6.66,50,0,Strada Liliacului
3748,3075,5337,63.60,50,0,Strada Liliacului
3749,5337,3082,375.94,50,0,Strada Liliacului
3750,3019,3018,106.21,20,0,
3751,3018,3016,57.56,20,0,
3752,3016,3013,71.67,20,0,
3753,3048,1478,62.97,20,0,
3754,3008,3014,104.97,20,0,
3755,2979,2987,281.86,50,0,
3756,2987,1456,29.88,50,0,
3757,3087,3091,451.20,50,0,
3758,3031,3022,228.29,50,0,
3759,5314,5313,87.11,50,0,Strada Gării
3760,5313,5481,387.98,50,0,Strada Gării
3761,2960,2985,554.60,50,0,Strada Rîtul Morii
3762,3085,3084,13.96,20,0,
3763,3084,81,12.91,20,0,
3764,81,1652,14.05,20,0,
3765,1652,1651,13.64,20,0,
3766,1651,82,12.86,20,0,
3767,82,1647,13.00,20,0,
3768,1647,1648,13.25,20,0,
3769,1648,1644,15.43,20,0,
3770,2954,2962,107.91,50,0,
3771,2962,2959,180.09,50,0,
3772,3103,3102,59.58,20,0,
3773,3102,3101,48.60,20,0,
3774,2935,1011,18.82,50,1,
3775,2934,2936,21.05,50,1,
3776,3106,1506,20.96,30,0,Strada Nicolae Grigorescu
3777,3614,1878,28.02,30,0,Strada Secuilor Martiri
3778,1878,1877,122.24,30,0,Strada Secuilor Martiri
3779,8583,3107,28.06,30,1,
3780,3108,7627,107.59,30,1,Strada Kőrösi Csoma Sándor
3781,7627,1213,139.20,30,1,Strada Kőrösi Csoma Sándor
3782,1213,6939,70.81,30,1,Strada Kőrösi Csoma Sándor
3783,2603,2602,8.64,30,0,Strada Între Movile
3784,2602,2598,223.26,30,0,Strada Între Movile
3785,2598,2597,57.78,30,0,Strada Între Movile
3786,2597,2600,133.19,30,0,Strada Între Movile
3787,2600,2599,14.29,30,0,Strada Între Movile
3788,2604,2603,18.89,30,0,Strada Între Movile
3789,3115,3110,257.92,30,0,Strada Sfântul Ștefan
3790,3120,3114,126.46,20,0,
3791,3122,3113,177.03,50,0,
3792,3109,3111,45.35,20,0,
3793,3121,3126,83.27,20,0,
3794,3124,3116,141.85,20,0,
3795,3119,3120,20.13,20,0,
3796,3120,3123,21.09,20,0,
3797,3118,6992,115.81,20,0,
3798,6992,3112,82.08,20,0,
3799,3117,3121,70.90,20,0,
3800,3121,3125,60.49,20,0,
3801,8148,7988,106.19,20,0,
3802,8547,7890,44.24,50,0,Strada Cornești
3803,7890,3129,42.39,50,0,Strada Cornești
3804,3127,3131,186.81,20,0,
3805,3137,3134,57.34,20,0,
3806,3139,3136,57.34,20,0,
3807,3136,4799,22.16,20,0,
3808,3138,3135,57.43,20,0,
3809,3135,4799,38.06,20,0,
3810,4799,4801,15.99,20,0,
3811,4801,4802,31.69,20,0,
3812,354,2691,22.66,50,0,Strada Parângului
3813,2691,355,142.27,50,0,Strada Parângului
3814,3624,3231,28.12,20,0,
3815,3145,3231,30.82,20,0,
3816,3231,3144,70.11,20,0,
3817,3157,3158,17.76,20,0,
3818,3158,3159,50.36,20,0,
3819,3159,3160,88.42,20,0,
3820,3156,3155,53.10,20,0,
3821,3158,3154,50.67,20,0,
3822,3151,3159,127.39,20,0,
3823,3152,3149,118.45,20,0,
3824,3153,3152,34.89,20,0,
3825,3152,3151,10.76,20,0,
3826,3151,3150,45.74,20,0,
3827,3167,3169,25.35,20,0,
3828,3162,3161,57.37,20,0,
3829,3165,3166,12.91,20,0,
3830,3166,3167,19.19,20,0,
3831,3167,8224,48.67,20,0,
3832,3164,3163,40.67,20,0,
3833,832,6009,121.78,50,1,Bulevardul 1848
3834,6009,8874,8.52,50,1,Bulevardul 1848
3835,8874,8875,76.88,50,1,Bulevardul 1848
3836,8875,2936,51.63,50,1,Bulevardul 1848
3837,3172,3175,22.36,30,1,Strada Mestecănișului
3838,1425,4139,501.03,50,0,Calea Sighișoarei
3839,3173,3172,18.32,50,1,Strada Mestecănișului
3840,3176,694,28.18,50,1,Strada Budiului
3841,694,3174,25.55,50,1,Strada Budiului
3842,3,7951,21.84,50,1,Strada Budiului
3843,7951,3178,8.51,50,1,Strada Budiului
3844,1437,1438,45.18,30,0,Strada Petru Dobra
3845,1438,1436,83.36,30,0,Strada Petru Dobra
3846,2936,256,3.55,50,1,
3847,256,2935,4.15,50,1,
3848,1011,2934,6.46,50,1,
3849,3191,3192,114.18,20,0,
3850,3184,3181,8.77,50,1,
3851,3189,3188,66.68,20,0,
3852,3180,3182,4.40,50,1,
3853,3182,3183,4.37,50,1,
3854,3173,3175,12.63,80,1,
3855,3176,3174,12.47,80,1,
3856,3183,3184,14.60,50,1,
3857,3177,3178,16.89,80,1,
3858,1220,7478,37.11,50,0,Strada Plutelor
3859,7478,3631,28.59,50,0,Strada Plutelor
3860,3199,595,5.87,50,0,
3861,3194,3195,26.74,20,0,
3862,6150,7482,24.11,50,0,Strada Plutelor
3863,7482,5423,16.04,50,0,Strada Plutelor
3864,5423,589,9.34,50,0,Strada Plutelor
3865,3199,2710,68.34,50,1,
3866,5733,5732,118.75,50,1,
3867,2715,4698,12.20,30,1,Strada Plutelor
3868,3197,3195,40.80,20,1,
3869,3195,3196,44.40,20,1,
3870,2928,3203,28.03,30,1,Strada Cutezanței
3871,3203,2929,29.36,30,1,Strada Cutezanței
3872,2930,3202,38.38,50,1,Strada Livezeni
3873,3202,1901,65.62,50,0,Strada Livezeni
3874,1901,7530,55.43,50,0,Strada Livezeni
3875,7530,7511,3.27,50,0,Strada Livezeni
3876,7511,7515,14.26,50,0,Strada Livezeni
3877,7515,62,53.00,50,0,Strada Livezeni
3878,62,6100,27.94,50,0,Strada Livezeni
3879,6100,1894,10.01,50,0,Strada Livezeni
3880,2926,3201,36.41,30,1,Strada Livezeni
3881,3201,6040,27.97,30,1,Strada Livezeni
3882,6040,8147,10.30,30,1,Strada Livezeni
3883,8147,2927,3.97,30,1,Strada Livezeni
3884,2926,2931,12.49,30,1,
3885,2931,2927,5.01,30,1,
3886,2927,2930,14.90,30,1,
3887,2930,2925,17.46,30,1,
3888,2925,2928,5.00,30,1,
3889,2928,2929,19.94,30,1,
3890,2929,2926,4.95,30,1,
3891,3211,702,238.91,50,0,Bulevardul 22 Decembrie 1989
3892,3211,8745,41.06,50,1,Bulevardul 22 Decembrie 1989
3893,972,973,22.87,50,1,Bulevardul 22 Decembrie 1989
3894,8743,8742,19.77,50,1,Bulevardul 22 Decembrie 1989
3895,3207,2704,20.51,30,1,Strada Gheorghe Marinescu
3896,2704,3209,20.26,30,1,Strada Gheorghe Marinescu
3897,3105,201,21.62,30,1,Strada Gheorghe Marinescu
3898,8748,3105,20.16,30,1,Strada Gheorghe Marinescu
3899,3105,168,138.18,50,0,Strada Gheorghe Marinescu
3900,2613,973,31.01,30,1,Strada Lăcrămioarei
3901,972,2613,29.16,30,1,Strada Lăcrămioarei
3902,3208,3210,16.65,30,1,Strada Nicolae Grigorescu
3903,204,8742,38.66,50,1,Strada Nicolae Grigorescu
3904,3210,3206,16.45,30,1,Strada Nicolae Grigorescu
3905,8743,204,38.77,50,1,Strada Nicolae Grigorescu
3906,8744,3148,36.87,50,1,Piața Republicii
3907,3148,3104,39.52,50,1,Piața Republicii
3908,3209,6757,1.77,80,1,
3909,6757,3208,1.47,80,1,
3910,3208,3206,10.05,80,1,
3911,3207,3209,13.12,80,1,
3912,8748,201,11.86,80,1,
3913,201,3204,3.27,80,1,
3914,3204,3205,6.55,80,1,
3915,3205,3207,3.29,80,1,
3916,2821,1691,16.91,50,0,Calea Sighișoarei
3917,1691,2520,16.06,50,0,Calea Sighișoarei
3918,2520,2503,52.15,50,0,Calea Sighișoarei
3919,2503,2814,43.63,50,0,Calea Sighișoarei
3920,2814,2489,158.75,50,0,Calea Sighișoarei
3921,2489,1084,6.57,50,0,Calea Sighișoarei
3922,1084,2804,42.54,50,0,Calea Sighișoarei
3923,2804,2802,6.59,50,0,Calea Sighișoarei
3924,2802,2801,5.92,50,0,Calea Sighișoarei
3925,2801,6788,4.39,50,0,Calea Sighișoarei
3926,6788,2798,16.87,50,0,Calea Sighișoarei
3927,2798,3635,0.48,50,0,Calea Sighișoarei
3928,3635,2797,16.60,50,0,Calea Sighișoarei
3929,2797,2795,24.66,50,0,Calea Sighișoarei
3930,2795,2794,4.41,50,0,Calea Sighișoarei
3931,2794,2493,13.83,50,0,Calea Sighișoarei
3932,2493,2498,34.62,50,0,Calea Sighișoarei
3933,2498,2545,37.38,50,0,Calea Sighișoarei
3934,2545,2515,26.40,50,0,Calea Sighișoarei
3935,2515,2494,20.81,50,0,Calea Sighișoarei
3936,2494,2491,18.10,50,0,Calea Sighișoarei
3937,2491,2550,33.73,50,0,Calea Sighișoarei
3938,2469,639,400.96,50,0,Bulevardul 1 Decembrie 1918
3939,3215,2469,34.04,50,1,Bulevardul 1 Decembrie 1918
3940,3217,3216,26.22,50,1,Bulevardul 1 Decembrie 1918
3941,3216,3212,25.82,50,1,Bulevardul 1 Decembrie 1918
3942,2469,44,35.44,50,1,Bulevardul 1 Decembrie 1918
3943,44,3217,5.57,50,1,Bulevardul 1 Decembrie 1918
3944,3212,3213,2.82,50,1,Bulevardul 1 Decembrie 1918
3945,3213,3214,5.44,50,1,Bulevardul 1 Decembrie 1918
3946,3214,3215,2.86,50,1,Bulevardul 1 Decembrie 1918
3947,3217,3212,13.83,50,1,Bulevardul 1 Decembrie 1918
3948,3215,44,13.95,50,1,Bulevardul 1 Decembrie 1918
3949,540,645,37.85,50,0,Strada Arany János
3950,3219,3218,14.97,50,1,Strada Aurel Filimon
3951,3218,3220,16.35,50,1,Strada Aurel Filimon
3952,539,538,42.46,50,0,Strada Călărașilor
3953,552,3225,18.08,30,1,Strada Călărașilor
3954,3222,552,18.42,30,1,Strada Călărașilor
3955,3226,539,22.77,30,1,Strada Călărașilor
3956,539,3224,20.88,30,1,Strada Călărașilor
3957,3219,3220,6.70,90,0,
3958,3222,3225,10.07,90,0,
3959,3225,3226,10.08,90,0,
3960,3224,8066,0.88,90,0,
3961,8066,3223,2.52,90,0,
3962,3226,3224,10.24,90,0,
3963,1753,1754,22.21,50,0,
3964,3230,7096,13.16,50,0,Strada Progresului
3965,3435,1542,14.06,50,0,Strada Remetea
3966,1542,1353,71.56,50,0,Strada Remetea
3967,1353,977,182.57,50,0,Strada Remetea
3968,977,7227,40.89,50,0,Strada Remetea
3969,7227,1545,402.32,50,0,Strada Remetea
3970,1545,976,162.22,50,0,Strada Remetea
3971,3367,1356,118.30,50,0,
3972,1356,4345,11.63,50,0,
3973,4345,1039,129.00,50,0,
3974,1046,3346,10.87,50,0,
3975,3366,3367,14.43,50,0,
3976,1357,5298,51.12,50,0,
3977,5298,5301,38.19,50,0,
3978,5301,5302,69.93,50,0,
3979,5302,4621,85.18,50,0,
3980,4621,1358,3.31,50,0,
3981,1358,3366,37.41,50,0,
3982,4611,5287,33.06,50,0,Strada Sălcilor
3983,5287,5286,53.66,50,0,Strada Sălcilor
3984,5286,6883,41.28,50,0,Strada Sălcilor
3985,6883,3348,64.56,50,0,Strada Sălcilor
3986,3348,6764,80.78,50,0,Strada Sălcilor
3987,6764,1182,92.52,50,0,Strada Sălcilor
3988,1179,1180,44.85,50,0,Strada Sălcilor
3989,3344,5096,359.26,50,0,Strada Platanilor
3990,3311,3307,27.67,30,0,Strada Tineretului
3991,3307,3305,50.01,30,0,Strada Tineretului
3992,3305,3302,188.24,30,0,Strada Tineretului
3993,3302,3304,58.67,30,0,Strada Tineretului
3994,3428,3430,92.62,20,0,
3995,1162,1161,306.59,50,0,
3996,3275,3289,74.45,20,0,
3997,3289,3290,101.93,20,0,
3998,3351,3339,358.77,30,0,Strada Teilor
3999,3289,3298,150.34,20,0,
4000,3413,5156,91.54,50,0,
4001,5156,3414,63.16,50,0,
4002,1049,3276,177.22,50,0,Strada Salcâmilor
4003,3276,3272,37.74,50,0,Strada Salcâmilor
4004,3272,3269,63.99,50,0,Strada Salcâmilor
4005,1141,5979,25.17,50,0,Strada Mureșului
4006,5979,3322,193.98,50,0,Strada Mureșului
4007,3322,3329,122.29,50,0,Strada Mureșului
4008,3329,3332,147.63,50,0,Strada Mureșului
4009,3332,3333,31.06,50,0,Strada Mureșului
4010,3333,3336,22.48,50,0,Strada Mureșului
4011,3309,3300,215.56,50,0,Strada Narciselor
4012,3376,1147,32.10,50,0,
4013,1147,1148,86.78,50,0,
4014,1148,3390,40.24,50,0,
4015,3390,6131,73.02,50,0,
4016,6131,5153,64.78,50,0,
4017,5153,1149,72.06,50,0,
4018,1149,8399,17.64,50,0,
4019,8399,1152,36.23,50,0,
4020,1152,1153,63.65,50,0,
4021,1153,1157,33.96,50,0,
4022,3244,3252,303.24,50,0,
4023,3385,8133,53.09,30,0,Strada Plopilor
4024,8133,3364,216.84,30,0,Strada Plopilor
4025,3315,3323,32.52,30,0,Strada Bradului
4026,3323,8469,168.93,30,0,Strada Bradului
4027,8469,5983,9.31,30,0,Strada Bradului
4028,5983,3334,128.06,30,0,Strada Bradului
4029,3334,3335,8.04,30,0,Strada Bradului
4030,3335,3340,64.32,30,0,Strada Bradului
4031,3340,5118,64.17,30,0,Strada Bradului
4032,5118,3344,8.61,30,0,Strada Bradului
4033,3344,3345,35.88,30,0,Strada Bradului
4034,3345,3349,49.13,30,0,Strada Bradului
4035,3349,8656,17.79,30,0,Strada Bradului
4036,8656,3350,38.07,30,0,Strada Bradului
4037,3350,3355,31.52,30,0,Strada Bradului
4038,1143,6137,4.95,50,0,Strada Vale
4039,3419,3425,286.74,50,0,
4040,5116,8659,32.41,30,0,Strada Rozelor
4041,8659,3312,161.15,30,0,Strada Rozelor
4042,3302,3307,136.53,30,0,Strada Tineretului
4043,3409,3404,110.98,50,0,
4044,3295,3278,149.12,30,0,Strada Speranței
4045,3256,3255,72.84,50,0,
4046,3235,3234,126.53,50,0,
4047,3407,3412,124.28,50,0,
4048,3340,3352,213.59,30,0,Strada Platanilor
4049,3345,3338,195.56,30,0,Strada Socului
4050,3354,3356,15.82,30,0,Strada Stejarului
4051,3301,3297,102.77,30,0,Strada Tineretului
4052,3285,3273,116.63,50,0,
4053,4729,3232,79.57,50,0,
4054,3332,3331,75.40,50,0,
4055,3318,3323,50.76,50,0,
4056,3427,3426,80.17,50,0,
4057,3321,3311,192.56,30,0,Strada Luminișului
4058,3266,3262,64.75,50,0,
4059,3397,3398,12.36,20,0,
4060,3330,3325,129.97,50,0,
4061,3394,3395,13.63,20,0,
4062,3336,3337,9.90,50,0,
4063,3421,3423,19.04,50,0,
4064,3308,3306,47.38,50,0,
4065,3249,3268,221.77,30,0,Strada Garofiței
4066,3362,4240,282.79,30,0,Strada Vale
4067,4240,3399,140.71,30,0,Strada Vale
4068,3399,5152,96.94,30,0,Strada Vale
4069,5152,3413,217.39,30,0,Strada Vale
4070,3413,3419,147.53,30,0,Strada Vale
4071,3419,5850,262.37,30,0,Strada Vale
4072,5850,8404,61.24,30,0,Strada Vale
4073,8404,3427,20.22,30,0,Strada Vale
4074,3427,3428,182.21,30,0,Strada Vale
4075,3428,8395,7.42,30,0,Strada Vale
4076,8395,3429,91.31,30,0,Strada Vale
4077,1160,1161,117.23,50,0,
4078,1161,1162,91.08,50,0,
4079,1162,3377,22.25,50,0,
4080,3383,3379,39.96,30,0,Strada Pârâului
4081,3379,3365,208.70,30,0,Strada Pârâului
4082,3394,3392,31.15,20,0,
4083,5110,8642,130.44,50,0,Strada Violetelor
4084,8642,5109,300.45,50,0,Strada Violetelor
4085,5109,5107,39.16,50,0,Strada Violetelor
4086,5107,5105,32.86,50,0,Strada Violetelor
4087,5105,5103,28.81,50,0,Strada Violetelor
4088,5103,8645,92.41,50,0,Strada Violetelor
4089,8645,3271,36.01,50,0,Strada Violetelor
4090,1163,1164,13.02,50,0,
4091,3251,3249,29.23,50,0,
4092,3249,3247,61.83,50,0,
4093,3277,3281,31.15,20,0,
4094,3393,3389,38.32,30,0,Strada Pârâului
4095,3389,3372,223.70,30,0,Strada Pârâului
4096,3317,5973,30.83,50,0,
4097,5973,3316,7.02,50,0,
4098,3316,3311,109.23,50,0,
4099,3291,3287,16.59,50,0,
4100,3287,3282,34.90,50,0,
4101,3265,3260,82.42,20,0,
4102,3399,3397,19.16,20,0,
4103,3397,3394,20.45,20,0,
4104,3310,3312,29.01,50,0,
4105,3312,3316,76.90,50,0,
4106,3326,3324,19.91,50,0,
4107,3324,3320,69.55,50,0,
4108,3328,3325,26.17,50,0,
4109,3325,3324,9.65,50,0,
4110,8562,3334,262.12,30,0,Strada Platanilor
4111,3236,4731,127.77,50,0,
4112,4730,3233,66.63,50,0,
4113,3416,3418,105.25,50,0,
4114,4727,4728,427.37,50,0,
4115,1143,5096,14.31,50,0,Strada Răsăritului
4116,5096,3363,75.56,50,0,Strada Răsăritului
4117,3363,1155,34.11,50,0,Strada Răsăritului
4118,1155,1144,69.39,50,0,Strada Răsăritului
4119,1144,1145,100.58,50,0,Strada Răsăritului
4120,1145,1151,156.30,50,0,Strada Răsăritului
4121,1151,1150,91.33,50,0,Strada Răsăritului
4122,1150,1146,31.26,50,0,Strada Răsăritului
4123,1146,5095,3.63,50,0,Strada Răsăritului
4124,3296,3292,13.04,50,0,Strada Mureșului
4125,3292,3291,53.99,50,0,Strada Mureșului
4126,3291,5969,33.12,50,0,Strada Mureșului
4127,5969,3266,108.88,50,0,Strada Mureșului
4128,3266,9133,54.20,50,0,Strada Mureșului
4129,9133,9128,9.10,50,0,Strada Mureșului
4130,9128,3256,41.87,50,0,Strada Mureșului
4131,3256,3251,53.19,50,0,Strada Mureșului
4132,3251,3242,369.13,50,0,Strada Mureșului
4133,3361,3370,121.51,30,0,Strada Delureni
4134,3370,3388,179.42,30,0,Strada Delureni
4135,3388,3401,172.71,30,0,Strada Delureni
4136,3401,3403,53.18,30,0,Strada Delureni
4137,3403,3410,90.72,30,0,Strada Delureni
4138,3410,3415,112.79,30,0,Strada Delureni
4139,3415,3424,184.44,30,0,Strada Delureni
4140,3424,8506,97.54,30,0,Strada Delureni
4141,8506,3432,480.94,30,0,Strada Delureni
4142,3432,3433,49.15,30,0,Strada Delureni
4143,3381,3384,86.58,20,0,
4144,3384,6139,32.77,20,0,
4145,3272,3277,27.72,20,0,
4146,3277,3281,23.18,20,0,
4147,3281,3283,14.30,20,0,
4148,3356,3360,176.83,30,0,Strada Stejarului
4149,3360,3364,113.29,30,0,Strada Stejarului
4150,3313,3308,42.41,50,0,
4151,3308,3303,78.67,50,0,
4152,3363,3349,325.60,50,0,
4153,3417,3420,135.46,50,0,
4154,3343,3351,178.73,30,0,Strada Stejarului
4155,3351,3354,25.39,30,0,Strada Stejarului
4156,3335,3327,180.05,50,0,
4157,1142,3342,68.47,50,0,
4158,3276,3265,54.24,20,0,
4159,3265,3261,49.19,20,0,
4160,3261,3257,39.50,20,0,
4161,3288,3259,305.55,30,0,Strada Nufărului
4162,2304,3244,194.54,20,0,
4163,3319,3314,102.12,50,0,
4164,3358,3353,397.92,50,0,Strada Răsăritului
4165,3353,3358,110.53,50,0,Strada Răsăritului
4166,3358,1156,178.32,50,0,Strada Răsăritului
4167,1156,1145,129.76,50,0,Strada Răsăritului
4168,3386,3381,74.03,20,0,
4169,3381,1164,6.84,20,0,
4170,3279,3287,47.70,50,0,
4171,3287,3293,62.73,50,0,
4172,3263,6894,205.32,50,0,
4173,3380,3383,42.41,30,0,Strada Pârâului
4174,3383,3393,96.45,30,0,Strada Pârâului
4175,3393,3396,23.56,30,0,Strada Pârâului
4176,3248,3245,139.72,30,0,Strada Macului
4177,3337,8963,212.75,50,0,Strada Mureșului
4178,8963,1043,22.81,50,0,Strada Mureșului
4179,3359,5093,9.91,20,0,
4180,5093,1146,55.22,20,0,
4181,3241,3244,218.50,50,0,
4182,1048,3318,227.31,30,0,Strada Luminișului
4183,3318,3321,49.62,30,0,Strada Luminișului
4184,3362,8389,37.77,30,0,Strada Pârâului
4185,8389,8393,20.16,30,0,Strada Pârâului
4186,8393,8391,100.49,30,0,Strada Pârâului
4187,8391,8390,63.58,30,0,Strada Pârâului
4188,8390,3379,75.10,30,0,Strada Pârâului
4189,3379,3389,95.59,30,0,Strada Pârâului
4190,3389,3391,24.15,30,0,Strada Pârâului
4191,5111,3280,6.90,30,0,Strada Nufărului
4192,3280,3271,62.64,30,0,Strada Nufărului
4193,3271,3259,158.43,30,0,Strada Nufărului
4194,3259,3250,114.02,30,0,Strada Nufărului
4195,1164,1165,28.67,50,0,
4196,3254,3261,101.64,20,0,
4197,3261,3258,64.94,20,0,
4198,3269,3274,64.11,20,0,
4199,5278,9123,27.84,50,0,
4200,9123,6889,64.14,50,0,
4201,6889,6892,26.27,50,0,
4202,6892,5279,112.71,50,0,
4203,5279,3299,248.21,50,0,
4204,3284,3278,48.40,30,0,Strada Liliacului
4205,3278,5101,46.09,30,0,Strada Liliacului
4206,5101,3267,17.55,30,0,Strada Liliacului
4207,3267,3264,44.27,30,0,Strada Liliacului
4208,3264,3253,205.47,30,0,Strada Liliacului
4209,3253,3250,31.82,30,0,Strada Liliacului
4210,3250,3246,75.78,30,0,Strada Liliacului
4211,3267,3288,121.35,30,0,Strada Speranței
4212,3288,3295,87.95,30,0,Strada Speranței
4213,3295,3284,197.63,30,0,Strada Speranței
4214,3433,3434,244.20,50,0,Strada Mestecănișului
4215,3434,1354,274.29,50,0,Strada Mestecănișului
4216,7842,7843,14.24,50,0,Strada Libertății
4217,3452,1415,73.01,30,0,Aleea Săvinești
4218,1415,1416,176.38,30,0,Aleea Săvinești
4219,560,3439,18.03,20,0,
4220,1415,3451,124.69,30,0,Aleea Săvinești
4221,3440,3446,116.08,20,0,
4222,3443,3448,115.20,20,0,
4223,3442,3450,162.92,20,0,
4224,3441,3447,115.65,20,0,
4225,3449,3444,114.74,20,0,
4226,559,560,49.09,50,0,
4227,560,5399,12.09,50,0,
4228,3444,3443,14.94,20,0,
4229,3443,3441,14.79,20,0,
4230,3441,3440,16.16,20,0,
4231,3440,3438,17.06,20,0,
4232,3437,3438,50.05,20,0,
4233,3438,3439,11.29,20,0,
4234,3439,3445,105.38,20,0,
4235,1929,1941,130.68,50,0,Strada 8 Martie
4236,1941,6229,3.56,50,0,Strada 8 Martie
4237,6229,9109,43.99,50,0,Strada 8 Martie
4238,9109,9110,44.71,50,0,Strada 8 Martie
4239,9110,6232,23.11,50,0,Strada 8 Martie
4240,6232,5960,44.21,50,0,Strada 8 Martie
4241,5960,1944,81.55,50,0,Strada 8 Martie
4242,1944,1937,74.58,50,0,Strada 8 Martie
4243,1937,8010,4.29,50,0,Strada 8 Martie
4244,8010,8014,111.13,50,0,Strada 8 Martie
4245,8014,1935,103.33,50,0,Strada 8 Martie
4246,1935,9107,148.30,50,0,Strada 8 Martie
4247,9107,5844,55.42,50,0,Strada 8 Martie
4248,5844,8008,19.59,50,0,Strada 8 Martie
4249,8008,1956,86.98,50,0,Strada 8 Martie
4250,3456,5421,38.03,50,1,Strada Gheorghe Doja
4251,5421,5550,191.63,50,1,Strada Gheorghe Doja
4252,5550,4489,76.63,50,1,Strada Gheorghe Doja
4253,1187,7265,402.74,50,1,Strada Recoltei
4254,7265,1967,10.88,50,1,Strada Recoltei
4255,1967,1978,37.87,50,1,Strada Recoltei
4256,1978,1968,123.37,50,1,Strada Recoltei
4257,1968,7262,62.57,50,1,Strada Recoltei
4258,7262,7257,46.04,50,1,Strada Recoltei
4259,7257,7256,3.23,50,1,Strada Recoltei
4260,7256,8592,67.13,50,1,Strada Recoltei
4261,8740,3463,30.24,20,0,
4262,8741,3473,74.82,50,0,
4263,3460,556,20.65,50,1,
4264,3464,3462,26.31,20,0,
4265,3466,3472,72.26,20,0,
4266,3470,3468,18.13,50,0,
4267,3465,1940,6.56,50,0,
4268,3471,3472,8.48,20,0,
4269,3472,3473,14.95,20,0,
4270,3473,3474,18.69,20,0,
4271,1933,3462,8.56,20,0,
4272,3462,3463,14.62,20,0,
4273,3463,3467,19.45,20,0,
4274,554,556,37.00,50,1,
4275,556,555,27.83,50,1,
4276,555,3442,143.81,50,1,
4277,3442,3437,71.05,50,1,
4278,3437,559,13.39,50,1,
4279,559,561,375.53,50,1,
4280,561,3445,13.26,50,1,
4281,3445,3446,17.06,50,1,
4282,3446,3447,16.13,50,1,
4283,3447,3448,14.44,50,1,
4284,3448,3449,14.44,50,1,
4285,3449,3450,11.64,50,1,
4286,3450,558,74.85,50,1,
4287,558,557,28.53,50,1,
4288,557,266,34.64,50,1,
4289,3469,8741,5.76,50,0,
4290,8741,3468,3.12,50,0,
4291,3468,8740,2.75,50,0,
4292,8740,3464,17.82,50,0,
4293,3464,3465,6.82,50,0,
4294,3465,3466,6.81,50,0,
4295,3466,3469,11.51,50,0,
4296,3498,3501,56.84,50,0,
4297,3501,3502,11.66,50,0,
4298,3502,3505,51.35,50,0,
4299,3505,3508,27.89,50,0,
4300,3508,3509,7.87,50,0,
4301,3509,3510,7.29,50,0,
4302,3510,3512,32.56,50,0,
4303,3512,3519,54.42,50,0,
4304,3531,3526,43.06,20,0,Strada Geiger
4305,3526,3523,38.37,20,0,Strada Geiger
4306,3523,5690,219.74,20,0,Strada Geiger
4307,5690,5689,116.44,20,0,Strada Geiger
4308,3495,3496,195.70,50,0,
4309,2269,2267,53.83,50,0,
4310,3514,3516,15.27,20,0,
4311,3501,3499,30.82,20,0,
4312,3506,3507,14.00,20,0,
4313,3480,3478,62.55,20,0,
4314,3537,5572,32.40,20,0,
4315,5572,3538,27.04,20,0,
4316,3505,3500,48.83,20,0,
4317,3520,3519,46.25,20,0,
4318,3528,3524,72.65,20,0,
4319,3546,5535,18.58,20,0,
4320,5535,3549,79.38,20,0,
4321,1664,2875,61.17,20,0,
4322,3530,3525,47.49,20,0,
4323,3508,3513,36.16,20,0,
4324,3536,3533,27.84,20,0,
4325,3510,3515,34.95,20,0,
4326,3529,3527,20.65,20,0,
4327,3527,3534,99.50,20,0,
4328,3484,3479,57.28,20,0,
4329,3509,3503,38.83,20,0,
4330,3538,3541,121.83,20,0,
4331,2284,3481,69.01,20,0,
4332,3504,3502,55.05,20,0,
4333,3487,3477,160.58,50,0,
4334,3547,5534,58.53,20,0,
4335,3527,3532,150.05,20,0,
4336,1664,3548,53.42,20,1,
4337,3523,3522,54.71,20,0,
4338,3539,3537,22.26,20,0,
4339,3537,5571,66.18,20,0,
4340,5571,3538,17.84,20,0,
4341,3540,3542,27.50,20,0,
4342,3545,1664,50.85,20,1,
4343,3490,3485,40.67,20,0,
4344,3542,3536,86.38,20,0,
4345,3512,3517,31.71,20,0,
4346,3526,3521,144.51,20,0,
4347,3488,3483,135.58,20,0,
4348,2263,3493,416.21,30,0,
4349,3489,3491,90.58,20,0,
4350,3518,3516,52.26,20,0,
4351,3516,3507,53.95,20,0,
4352,3507,3511,31.55,20,0,
4353,3494,8596,28.33,50,0,
4354,8596,3486,44.95,50,0,
4355,3553,3554,32.14,20,0,
4356,3554,3559,33.83,20,0,
4357,3559,3560,18.23,20,0,
4358,4936,4935,11.91,30,1,
4359,4935,4409,5.55,30,1,
4360,4409,4937,124.54,30,1,
4361,3554,3558,27.28,20,0,
4362,3558,3561,26.46,20,0,
4363,3556,3552,63.63,20,0,
4364,3562,7754,53.83,20,0,
4365,7754,3563,48.99,20,0,
4366,4936,3550,108.85,20,0,
4367,3558,3557,152.99,20,0,
4368,5963,3565,41.01,20,0,
4369,5526,1655,23.88,50,0,
4370,3568,3569,53.72,20,0,
4371,5990,3571,304.96,50,0,
4372,2687,5990,42.35,50,0,
4373,5990,3572,212.50,50,0,
4374,3573,5989,217.29,50,0,
4375,5989,1104,164.05,50,0,
4376,3574,3575,77.65,50,0,
4377,3576,6146,119.50,50,0,Strada Pășunii
4378,6146,6148,94.10,50,0,Strada Pășunii
4379,6148,3300,66.48,50,0,Strada Pășunii
4380,3300,3294,76.63,50,0,Strada Pășunii
4381,8947,3577,78.17,20,0,
4382,3577,8943,15.13,20,0,
4383,8943,1202,152.89,20,0,
4384,3578,1056,95.29,30,0,Strada Preot Ștefan Rusu
4385,3580,3579,135.34,20,0,
4386,3581,3582,31.90,30,0,Strada Răsăritului
4387,3582,1055,33.15,30,0,Strada Răsăritului
4388,3583,752,86.88,30,0,Strada Pădurii
4389,3585,3586,48.07,20,0,
4390,5526,5966,109.14,20,0,
4391,3590,6678,32.37,20,0,
4392,6678,6676,20.24,20,0,
4393,6676,3589,14.27,20,0,
4394,3589,2707,45.81,20,0,
4395,3594,3591,108.94,20,0,
4396,3593,3588,15.63,20,0,
4397,3598,3597,111.47,20,0,
4398,1206,5532,19.99,30,0,Strada Platoul Cornești
4399,5532,1704,301.68,30,0,Strada Platoul Cornești
4400,4557,3601,3.88,20,1,
4401,3601,3600,14.43,20,1,
4402,3600,5736,9.66,20,1,
4403,5736,3602,12.00,20,1,
4404,3602,3599,10.69,20,1,
4405,3599,3603,9.82,20,1,
4406,3603,4557,11.64,20,1,
4407,3604,3602,79.24,20,1,
4408,1210,5740,5.62,20,1,
4409,5740,3601,136.77,20,1,
4410,3606,3605,244.61,50,0,Strada Freziilor
4411,2843,3608,63.90,30,0,
4412,753,3579,232.46,50,0,Strada Răsăritului
4413,3579,1055,34.36,50,0,Strada Răsăritului
4414,1055,1223,32.14,50,0,Strada Răsăritului
4415,1223,1057,26.17,50,0,Strada Răsăritului
4416,159,162,36.12,50,0,Strada Mihai Viteazul
4417,55,796,65.95,50,1,Strada Alexandru Papiu Ilarian
4418,2695,1332,92.41,50,0,Strada Cuza Vodă
4419,3612,3611,100.35,20,0,
4420,3613,4532,201.59,20,0,
4421,3617,3616,16.33,30,0,
4422,546,1497,80.77,50,0,Strada Făget
4423,1497,4533,6.36,50,0,Strada Făget
4424,4533,3619,68.14,50,0,Strada Făget
4425,3620,3622,38.89,20,0,Strada Luceafărului
4426,3622,3621,36.54,20,0,Strada Luceafărului
4427,3622,3623,27.58,20,0,Strada Luceafărului
4428,703,6584,32.84,50,1,Strada Constantin Romanu Vivu
4429,6584,6581,62.95,50,1,Strada Constantin Romanu Vivu
4430,6581,3612,54.95,50,1,Strada Constantin Romanu Vivu
4431,3612,716,99.92,50,1,Strada Constantin Romanu Vivu
4432,536,4911,113.27,50,0,Piața Republicii
4433,667,668,103.15,30,1,Strada Rozelor
4434,102,2575,27.28,50,1,Strada Dr. Czakó József
4435,2575,85,63.74,50,1,Strada Dr. Czakó József
4436,275,276,56.60,30,1,Strada Retezatului
4437,149,275,61.38,30,1,Strada Retezatului
4438,100,3103,44.17,50,1,Strada Justiției
4439,3103,149,149.13,50,1,Strada Justiției
4440,4520,388,115.99,50,0,Strada Bolyai
4441,4521,4519,46.14,50,0,Strada Bolyai
4442,70,1875,62.06,50,0,Strada Bernády György
4443,1875,146,23.29,50,0,Strada Bernády György
4444,146,147,37.38,50,0,Strada Bernády György
4445,4715,7445,41.56,50,0,Strada Mihai Viteazul
4446,7445,4309,80.82,50,0,Strada Mihai Viteazul
4447,274,200,79.36,50,0,Strada Mitropolit Andrei Șaguna
4448,169,8093,3.00,30,0,Strada Bujorului
4449,8093,164,80.53,30,0,Strada Bujorului
4450,93,8070,8.30,50,0,Strada Înfrățirii
4451,8070,324,54.97,50,0,Strada Înfrățirii
4452,3631,2717,57.00,20,0,Strada Plutelor
4453,2717,8676,52.87,20,0,Strada Plutelor
4454,8676,8681,20.92,20,0,Strada Plutelor
4455,8681,8672,18.12,20,0,Strada Plutelor
4456,8672,3200,741.45,20,0,Strada Plutelor
4457,1314,2957,374.53,30,0,Strada Plutelor
4458,1219,6730,43.35,30,0,Strada Plutelor
4459,6730,6732,15.71,30,0,Strada Plutelor
4460,6732,6734,15.93,30,0,Strada Plutelor
4461,6734,6736,15.20,30,0,Strada Plutelor
4462,6736,6719,9.18,30,0,Strada Plutelor
4463,6719,1218,7.29,30,0,Strada Plutelor
4464,1218,1299,10.02,30,0,Strada Plutelor
4465,582,958,109.22,30,1,Strada Margaretelor
4466,958,740,51.53,30,1,Strada Margaretelor
4467,740,2620,173.18,30,1,Strada Margaretelor
4468,45,233,53.18,50,0,Bulevardul 1 Decembrie 1918
4469,639,5995,54.38,50,0,Bulevardul 1 Decembrie 1918
4470,5995,45,8.33,50,0,Bulevardul 1 Decembrie 1918
4471,155,2699,209.88,30,1,Strada Avram Iancu
4472,64,3147,99.17,50,0,Piața Republicii
4473,2701,1056,95.70,30,0,Strada Preot Ștefan Rusu
4474,1056,1057,18.31,30,0,Strada Preot Ștefan Rusu
4475,1058,5234,14.10,30,0,Strada Dimitrie Cantemir
4476,5234,1514,87.36,30,0,Strada Dimitrie Cantemir
4477,545,5911,91.74,50,0,Bulevardul 22 Decembrie 1989
4478,5911,1412,55.40,50,0,Bulevardul 22 Decembrie 1989
4479,746,1879,147.00,50,0,Bulevardul 22 Decembrie 1989
4480,753,755,68.29,30,0,Strada General Ion Dumitrache
4481,6215,466,41.12,50,0,Strada Privighetorii
4482,1854,0,22.37,50,0,Bulevardul Pandurilor
4483,1525,408,54.94,30,1,
4484,634,271,63.06,50,0,Strada Ion Buteanu
4485,271,8916,65.80,50,0,Strada Ion Buteanu
4486,8916,696,53.94,50,0,Strada Ion Buteanu
4487,696,1443,15.90,50,0,Strada Ion Buteanu
4488,1443,4683,10.95,50,0,Strada Ion Buteanu
4489,4683,8872,39.55,50,0,Strada Ion Buteanu
4490,8872,256,48.31,50,0,Strada Ion Buteanu
4491,3633,12,62.64,50,1,Strada Gheorghe Doja
4492,995,5401,28.60,50,1,Strada Gheorghe Doja
4493,2796,2805,66.10,20,0,
4494,2799,2796,24.76,20,0,
4495,242,3636,12.47,30,0,Strada Transilvania
4496,3636,31,67.25,30,0,Strada Transilvania
4497,1019,27,14.45,50,1,Strada Transilvania
4498,27,4223,48.35,50,1,Strada Transilvania
4499,4223,28,93.12,50,1,Strada Transilvania
4500,28,29,30.89,50,1,Strada Transilvania
4501,29,4222,44.75,50,1,Strada Transilvania
4502,4222,30,130.14,50,1,Strada Transilvania
4503,30,3636,72.02,50,1,Strada Transilvania
4504,1513,859,278.36,50,1,Strada Argeșului
4505,1513,1512,71.91,50,0,Strada Crângului
4506,748,7107,151.74,50,0,Strada Trébely
4507,7107,7103,487.48,50,0,Strada Trébely
4508,7103,7105,102.18,50,0,Strada Trébely
4509,7105,1059,143.33,50,0,Strada Trébely
4510,860,856,90.48,50,0,Strada General Ion Dumitrache
4511,856,2703,13.87,50,0,Strada General Ion Dumitrache
4512,2703,7700,152.79,50,0,Strada General Ion Dumitrache
4513,7700,753,148.25,50,0,Strada General Ion Dumitrache
4514,90,4308,67.92,30,1,Strada Crizantemelor
4515,4308,7866,36.81,30,1,Strada Crizantemelor
4516,7866,91,48.08,30,1,Strada Crizantemelor
4517,4519,89,34.03,50,0,Strada Bolyai
4518,861,92,103.26,30,0,Strada Bradului
4519,788,8420,49.58,50,0,Strada Voinicenilor
4520,8420,789,259.35,50,0,Strada Voinicenilor
4521,789,5409,76.36,50,0,Strada Voinicenilor
4522,5409,8422,19.35,50,0,Strada Voinicenilor
4523,8422,1572,19.80,50,0,Strada Voinicenilor
4524,1572,8409,50.48,50,0,Strada Voinicenilor
4525,8409,6772,32.28,50,0,Strada Voinicenilor
4526,6772,1573,65.55,50,0,Strada Voinicenilor
4527,1573,8411,62.06,50,0,Strada Voinicenilor
4528,8411,790,55.17,50,0,Strada Voinicenilor
4529,790,5413,50.47,50,0,Strada Voinicenilor
4530,5413,8414,150.43,50,0,Strada Voinicenilor
4531,8414,1574,20.71,50,0,Strada Voinicenilor
4532,178,7031,47.08,30,1,Strada Tudor Vladimirescu
4533,7031,188,83.12,30,1,Strada Tudor Vladimirescu
4534,188,187,74.46,30,1,Strada Tudor Vladimirescu
4535,187,305,200.17,30,1,Strada Tudor Vladimirescu
4536,3643,3650,230.82,30,0,
4537,3648,3640,233.85,30,0,
4538,3640,3647,168.95,30,0,
4539,3647,3651,35.40,30,0,
4540,5459,3645,276.20,30,0,Strada Bujorului
4541,3646,3640,70.08,50,0,
4542,3646,3641,241.24,30,0,
4543,3653,3742,298.58,50,0,Strada Ghioceilor
4544,3655,3653,156.19,50,0,Aleea Nordan
4545,3657,5072,54.44,50,0,Strada Constandin Hagi Stoian
4546,5072,5070,59.93,50,0,Strada Constandin Hagi Stoian
4547,5070,5068,61.27,50,0,Strada Constandin Hagi Stoian
4548,5068,3660,93.92,50,0,Strada Constandin Hagi Stoian
4549,3659,3658,537.47,30,0,Strada Constandin Hagi Stoian
4550,3662,3663,338.55,50,0,Strada Grigore Ploeșteanu
4551,4971,3665,8.33,50,0,
4552,3665,4497,21.15,50,0,
4553,4497,7041,201.15,50,0,
4554,7041,7039,31.37,50,0,
4555,3665,3664,410.26,50,0,
4556,3664,7048,152.54,50,0,
4557,7048,4990,98.39,50,0,
4558,4990,4992,384.82,50,0,
4559,4992,4989,96.97,50,0,
4560,4989,4985,74.90,50,0,
4561,4985,4988,39.63,50,0,
4562,4988,9122,49.31,50,0,
4563,9122,4987,43.28,50,0,
4564,4987,5360,107.26,50,0,
4565,527,680,46.85,50,0,Strada Primăverii
4566,680,681,180.52,50,0,Strada Primăverii
4567,681,2668,83.87,50,0,Strada Primăverii
4568,3197,1856,56.34,30,0,
4569,1477,1482,56.64,50,1,
4570,1482,1478,28.77,50,1,
4571,1481,1480,37.07,50,1,
4572,1480,1477,25.25,50,1,
4573,1482,1481,19.38,20,1,
4574,3677,3673,33.83,20,1,
4575,3673,3674,138.67,20,1,
4576,3674,3677,74.14,20,1,
4577,3673,3672,42.60,20,0,
4578,3672,3675,56.57,20,0,
4579,3670,3677,50.18,20,0,
4580,3672,3671,31.41,20,0,
4581,3674,3676,26.49,20,0,
4582,603,604,52.45,50,0,Strada Kós Károly
4583,604,6099,38.39,50,0,Strada Kós Károly
4584,6099,605,52.14,50,0,Strada Kós Károly
4585,605,609,10.15,50,0,Strada Kós Károly
4586,3680,3679,17.45,30,0,Strada Garofiței
4587,3679,3647,218.66,30,0,Strada Garofiței
4588,3639,3682,190.41,30,0,
4589,3684,3683,8.97,50,0,
4590,3686,5408,60.47,50,0,
4591,3690,3687,205.15,30,0,Strada Pârâului
4592,1033,3690,182.78,40,0,Strada Pârâului
4593,3690,3689,704.30,40,0,Strada Pârâului
4594,3689,5064,70.32,40,0,Strada Pârâului
4595,5064,5065,47.45,40,0,Strada Pârâului
4596,3723,3713,29.93,50,0,Strada Suseni
4597,3713,3718,49.98,50,0,Strada Suseni
4598,3718,3715,1108.43,50,0,Strada Suseni
4599,3715,3714,61.01,50,0,Strada Suseni
4600,3714,3721,272.64,50,0,Strada Suseni
4601,3717,3720,250.07,30,0,Strada Intrarea Prunului
4602,3715,3698,101.67,50,0,
4603,3698,3700,334.49,50,0,
4604,3702,8345,115.40,30,0,Strada Prunului
4605,8345,3701,71.94,30,0,Strada Prunului
4606,3701,3749,7.06,30,0,Strada Prunului
4607,3749,3719,36.88,30,0,Strada Prunului
4608,3719,3720,27.82,30,0,Strada Prunului
4609,3720,3695,42.33,30,0,Strada Prunului
4610,3695,3751,77.71,30,0,Strada Prunului
4611,3751,3693,18.39,30,0,Strada Prunului
4612,3693,3699,36.28,30,0,Strada Prunului
4613,3699,3708,63.39,30,0,Strada Prunului
4614,3708,3707,58.88,30,0,Strada Prunului
4615,3707,3712,32.03,30,0,Strada Prunului
4616,3721,3758,205.72,40,0,Strada Viilor
4617,3758,3756,36.75,40,0,Strada Viilor
4618,3756,3710,332.43,40,0,Strada Viilor
4619,3710,3704,113.71,40,0,Strada Viilor
4620,3729,3705,106.85,50,0,
4621,3706,3728,402.91,50,0,Strada Cimitirului
4622,3728,3722,88.56,50,0,Strada Cimitirului
4623,3722,3750,65.18,50,0,Strada Cimitirului
4624,3750,3694,4.82,50,0,Strada Cimitirului
4625,3694,3724,34.30,50,0,Strada Cimitirului
4626,3724,3717,123.16,50,0,Strada Cimitirului
4627,3717,3692,72.95,50,0,Strada Cimitirului
4628,3692,3716,129.82,50,0,Strada Cimitirului
4629,5411,3696,255.80,30,0,Strada Gutuiului
4630,3696,8349,117.55,30,0,Strada Gutuiului
4631,3703,3727,111.68,30,0,Strada Tonorog
4632,3709,3727,224.43,30,0,Strada Tonorog
4633,3727,3729,107.07,30,0,Strada Tonorog
4634,3729,3725,492.65,30,0,Strada Tonorog
4635,3688,3733,126.84,50,0,Strada Suseni
4636,3733,3737,6.36,50,0,Strada Suseni
4637,3737,3723,47.41,50,0,Strada Suseni
4638,3714,3697,284.40,30,0,Strada Tonorog
4639,3697,3703,7.06,30,0,Strada Tonorog
4640,3703,3726,51.40,30,0,Strada Tonorog
4641,3697,3711,169.70,30,0,Strada Nucului
4642,3718,3730,314.78,30,0,Strada Pastorilor
4643,1032,1033,29.61,50,0,Strada Principală
4644,1033,3730,43.13,50,0,Strada Principală
4645,3730,3725,55.14,50,0,Strada Principală
4646,3725,3716,200.98,50,0,Strada Principală
4647,3716,3702,211.92,50,0,Strada Principală
4648,3702,3705,4.81,50,0,Strada Principală
4649,3705,3721,409.29,50,0,Strada Principală
4650,3721,8351,147.95,50,0,Strada Principală
4651,8351,3760,188.87,50,0,Strada Principală
4652,3760,3763,79.61,50,0,Strada Principală
4653,3763,3766,29.44,50,0,Strada Principală
4654,3766,6776,89.10,50,0,Strada Principală
4655,6776,3769,306.93,50,0,Strada Principală
4656,3769,8343,8.86,50,0,Strada Principală
4657,8343,1034,83.91,50,0,Strada Principală
4658,1034,3778,75.02,50,0,Strada Principală
4659,3778,3767,76.43,50,0,Strada Principală
4660,3767,3776,303.94,50,0,Strada Principală
4661,3776,4629,46.15,50,0,Strada Principală
4662,4629,8726,66.90,50,0,Strada Principală
4663,8726,4633,41.53,50,0,Strada Principală
4664,4633,8868,23.33,50,0,Strada Principală
4665,8868,1035,40.21,50,0,Strada Principală
4666,1035,4626,40.30,50,0,Strada Principală
4667,4626,1036,382.67,50,0,Strada Principală
4668,1036,4637,381.66,50,0,Strada Principală
4669,4637,1037,521.03,50,0,Strada Principală
4670,3731,1032,31.02,50,0,Strada Principală
4671,3735,3732,86.69,30,0,Strada Bisericii
4672,3733,3735,152.03,30,0,Strada Bisericii
4673,3735,3734,153.96,30,0,Strada Bisericii
4674,3736,3737,196.66,50,0,Strada Școlii
4675,1030,4779,600.64,30,0,Strada Morii
4676,4779,3738,64.88,30,0,Strada Morii
4677,3739,5437,230.55,30,0,Strada Crucii
4678,5437,5438,22.34,30,0,Strada Crucii
4679,5438,5465,105.94,30,0,Strada Crucii
4680,5465,3740,30.46,30,0,Strada Crucii
4681,3740,5864,17.21,30,0,Strada Crucii
4682,3741,3849,134.05,20,0,
4683,3849,3848,198.49,20,0,
4684,1031,3743,116.41,30,0,Strada Pârâului
4685,3743,3744,163.69,30,0,Strada Pârâului
4686,3745,5433,96.12,50,0,
4687,3749,3747,156.31,50,0,Strada Caisului
4688,3699,3750,341.76,50,0,Strada Mesteacănului
4689,3692,3746,149.28,50,0,Strada Iasomiei
4690,3701,3753,122.22,50,0,Strada Castanului
4691,3719,3748,206.65,50,0,Strada Părului
4692,3751,3752,108.64,50,0,Strada Prunului
4693,3707,3754,201.86,50,0,
4694,3758,3755,134.41,20,0,
4695,3756,3759,166.54,50,0,
4696,3766,3764,214.61,30,0,Strada Panseluțelor
4697,3764,8347,313.21,30,0,Strada Panseluțelor
4698,3769,3765,330.11,30,0,Strada Nouă
4699,3760,3770,174.84,50,0,Strada Trandafirilor
4700,3763,3768,177.40,50,0,
4701,3764,3762,116.56,50,0,
4702,3767,3761,170.17,50,0,
4703,1034,3772,390.16,50,0,Strada Scurtă
4704,3776,3774,87.56,50,0,Strada Morii
4705,3774,3775,167.11,50,0,Strada Morii
4706,3775,5865,548.31,50,0,Strada Morii
4707,3778,3774,305.69,50,0,
4708,3775,3777,443.39,30,0,Strada Morii
4709,1568,3779,393.22,30,0,
4710,3781,3780,308.12,30,0,Strada Nagy Szabó Ferenc
4711,3637,1449,219.56,20,0,
4712,1449,3783,22.71,20,0,
4713,3786,3784,23.05,20,0,
4714,3790,3788,74.12,30,0,
4715,3787,6164,39.16,20,0,
4716,3789,3785,89.31,20,0,
4717,3792,3791,144.94,20,0,
4718,4701,1215,104.47,50,0,Strada Revoluției
4719,580,3799,71.46,20,0,
4720,578,6090,56.49,20,0,
4721,6090,3797,21.76,20,0,
4722,1536,3798,81.45,20,0,
4723,577,6092,66.23,20,0,
4724,6092,3796,42.95,20,0,
4725,274,392,158.02,50,1,Strada Avram Iancu
4726,3801,1214,38.66,30,0,Strada Gábor Áron
4727,1214,2609,254.84,30,0,Strada Gábor Áron
4728,1421,4136,148.56,50,1,Bulevardul 1848
4729,4136,6261,44.88,50,1,Bulevardul 1848
4730,6261,6262,75.08,50,1,Bulevardul 1848
4731,6262,1011,21.21,50,1,Bulevardul 1848
4732,3669,6685,5.01,50,1,Strada Godeanu
4733,6685,4429,101.32,50,1,Strada Godeanu
4734,4429,4420,61.78,50,1,Strada Godeanu
4735,4420,6423,6.13,50,1,Strada Godeanu
4736,6423,6690,38.09,50,1,Strada Godeanu
4737,6690,628,64.63,50,1,Strada Godeanu
4738,3803,6684,4.13,50,1,Strada Godeanu
4739,6684,4424,5.31,50,1,Strada Godeanu
4740,4424,3669,96.27,50,1,Strada Godeanu
4741,3806,2620,7.61,50,0,Strada Zăgazului
4742,3807,3806,15.64,50,0,Strada Zăgazului
4743,3804,4885,1.91,50,0,Strada Furnicilor
4744,3805,3804,17.81,30,0,Strada Furnicilor
4745,3625,1448,37.23,50,0,
4746,1448,3637,7.45,50,0,
4747,3637,3782,47.01,50,0,
4748,1450,1451,39.95,50,0,
4749,669,1874,223.10,30,1,Strada Mihai Eminescu
4750,667,537,62.20,50,0,Strada Călărașilor
4751,537,6514,199.16,50,0,Strada Călărașilor
4752,6514,5938,57.15,50,0,Strada Călărașilor
4753,5938,5556,20.68,50,0,Strada Călărașilor
4754,538,667,20.81,50,0,Strada Călărașilor
4755,3810,3808,14.96,20,0,
4756,3808,6919,10.06,20,0,
4757,6919,1614,10.02,20,0,
4758,765,3809,15.75,20,0,
4759,3809,764,26.21,20,0,
4760,3809,3808,28.43,20,0,
4761,3811,3810,22.82,20,0,
4762,652,3812,12.21,20,0,
4763,3814,3815,16.99,20,1,
4764,3821,3822,39.62,20,0,
4765,3819,3817,16.64,50,1,
4766,3816,3818,21.70,20,1,
4767,3829,3824,30.19,20,0,
4768,3824,5785,33.62,20,0,
4769,5785,5784,11.39,20,0,
4770,5784,3821,117.11,20,0,
4771,3821,3820,12.04,20,0,
4772,3825,3823,179.36,20,0,
4773,2019,3817,22.92,50,1,
4774,3817,3816,9.62,50,1,
4775,3818,3819,24.13,50,1,
4776,3819,2019,16.76,50,1,
4777,3828,3826,21.45,20,0,
4778,153,152,91.93,50,1,Strada General Gheorghe Avramescu
4779,148,100,14.42,40,1,
4780,4520,4519,20.09,30,0,Strada Bolyai
4781,3831,6524,15.15,20,0,
4782,6524,6527,21.01,20,0,
4783,6527,6529,35.22,20,0,
4784,6529,3830,235.44,20,0,
4785,6936,1321,7.74,30,1,Strada Tudor Vladimirescu
4786,1321,4650,70.33,30,1,Strada Tudor Vladimirescu
4787,4650,4654,5.33,30,1,Strada Tudor Vladimirescu
4788,4654,249,64.22,30,1,Strada Tudor Vladimirescu
4789,249,620,166.20,30,1,Strada Tudor Vladimirescu
4790,620,286,61.43,30,1,Strada Tudor Vladimirescu
4791,286,2697,180.49,30,1,Strada Tudor Vladimirescu
4792,2697,120,174.99,30,1,Strada Tudor Vladimirescu
4793,7844,248,4.49,50,1,Strada Liviu Rebreanu
4794,248,54,135.13,50,1,Strada Liviu Rebreanu
4795,54,734,63.58,50,1,Strada Liviu Rebreanu
4796,734,4262,36.33,50,1,Strada Liviu Rebreanu
4797,4262,65,66.32,50,1,Strada Liviu Rebreanu
4798,65,2040,19.16,50,1,Strada Liviu Rebreanu
4799,4778,3846,320.99,30,0,Strada Mureșului
4800,3846,3847,52.64,30,0,Strada Mureșului
4801,5446,3842,135.30,20,0,
4802,3842,3840,24.69,20,0,
4803,3840,3838,57.69,20,0,
4804,3838,3834,77.56,20,0,
4805,4941,3846,11.24,20,0,
4806,3845,3836,82.57,20,0,
4807,3838,3839,7.13,20,0,
4808,3842,3843,6.99,20,0,
4809,3840,3841,7.03,20,0,
4810,3837,3836,15.45,20,0,
4811,3836,3835,32.23,20,0,
4812,1394,3833,308.17,50,0,
4813,3833,3834,36.36,50,0,
4814,3834,3844,83.11,50,0,
4815,3844,3738,970.63,50,0,
4816,735,1446,83.09,30,0,Strada Bodor Péter
4817,1446,899,65.49,30,0,Strada Bodor Péter
4818,3851,3850,71.79,30,0,
4819,3898,3893,60.37,20,0,
4820,3893,3890,134.17,20,0,
4821,3890,3892,12.68,20,0,
4822,3870,3868,17.61,20,0,
4823,3868,3866,12.90,20,0,
4824,3866,3864,5.31,20,0,
4825,3864,3863,16.82,20,0,
4826,3863,3853,83.81,20,0,
4827,3853,3854,145.72,20,0,
4828,3908,3914,69.27,20,0,
4829,3913,3915,15.23,20,0,
4830,5165,3919,21.41,20,0,
4831,3888,6616,25.42,20,0,
4832,6616,3891,19.86,20,0,
4833,3920,3917,27.31,20,0,
4834,3864,3862,24.70,20,0,
4835,3882,3879,36.42,20,0,
4836,3889,3884,107.52,20,0,
4837,3863,3861,23.31,20,0,
4838,3902,3897,105.72,20,0,
4839,3910,3913,23.61,20,0,
4840,3913,2379,50.91,20,0,
4841,3877,3874,13.00,20,0,
4842,3874,3855,158.82,20,0,
4843,3872,3866,79.55,20,0,
4844,3873,3875,17.43,20,1,
4845,3895,3894,19.51,20,0,
4846,3894,3886,100.89,20,0,
4847,3918,3915,51.33,20,0,
4848,3915,3912,23.38,20,0,
4849,3906,3901,75.01,20,0,
4850,3885,3876,82.31,20,0,
4851,3876,3871,36.48,20,0,
4852,3905,3914,102.56,20,0,
4853,3914,3916,11.04,20,0,
4854,3853,3854,22.20,20,0,
4855,3854,3858,47.32,20,0,
4856,3876,3882,84.79,20,0,
4857,3882,3889,91.85,20,0,
4858,3865,3868,20.39,20,0,
4859,3868,3873,79.03,20,0,
4860,3909,3908,11.18,20,0,
4861,3908,3905,33.93,20,0,
4862,3905,3904,9.54,20,0,
4863,3903,3900,87.49,20,0,
4864,3881,3878,17.50,20,0,
4865,3878,3874,57.13,20,0,
4866,3856,3860,21.49,20,0,
4867,3860,3869,94.75,20,0,
4868,3869,3883,159.81,20,0,
4869,3878,3860,151.82,20,0,
4870,3907,3906,24.04,20,0,
4871,3906,3901,72.88,20,0,
4872,3901,3899,14.74,20,0,
4873,2430,3911,130.73,20,0,
4874,3869,3871,23.61,20,0,
4875,3871,3879,87.16,20,0,
4876,3879,3884,57.19,20,0,
4877,3884,3886,85.73,20,0,
4878,3886,3887,20.80,20,0,
4879,3859,3867,56.29,20,0,
4880,3867,2340,79.80,20,0,
4881,2340,2347,11.96,20,0,
4882,3896,3894,22.73,20,0,
4883,3894,3889,87.49,20,0,
4884,3889,3885,125.12,20,0,
4885,3885,3881,80.17,20,0,
4886,3881,3880,42.76,20,0,
4887,935,936,6.76,20,0,
4888,936,7748,14.98,20,0,
4889,7748,7750,16.99,20,0,
4890,7750,7752,15.54,20,0,
4891,7752,7753,61.04,20,0,
4892,7753,5502,37.64,20,0,
4893,3923,5307,86.13,20,0,
4894,5308,6410,152.36,50,0,Strada Insulei
4895,6410,6409,20.45,50,0,Strada Insulei
4896,6409,6408,19.53,50,0,Strada Insulei
4897,6408,6407,17.31,50,0,Strada Insulei
4898,6407,6406,20.46,50,0,Strada Insulei
4899,6406,6405,18.22,50,0,Strada Insulei
4900,6405,814,18.12,50,0,Strada Insulei
4901,814,1307,102.69,50,0,Strada Insulei
4902,1307,7654,27.66,50,0,Strada Insulei
4903,7654,815,65.93,50,0,Strada Insulei
4904,815,6716,24.29,50,0,Strada Insulei
4905,6716,6717,205.41,50,0,Strada Insulei
4906,6717,1309,11.34,50,0,Strada Insulei
4907,3964,3958,35.34,20,0,
4908,3958,3966,51.64,20,0,
4909,3966,3967,9.47,20,0,
4910,3967,3970,28.92,20,0,
4911,4071,4072,78.02,30,0,
4912,4072,4077,50.21,30,0,
4913,4077,4078,7.10,30,0,
4914,4078,4084,42.08,30,0,
4915,4084,4085,14.92,30,0,
4916,4053,4066,90.27,20,0,
4917,4066,4068,68.65,20,0,
4918,4068,4055,78.36,20,0,
4919,3936,3962,495.98,20,0,
4920,4121,4120,14.89,20,0,
4921,4120,4119,45.38,20,0,
4922,4062,4069,137.22,30,0,
4923,4069,4075,56.68,30,0,
4924,4075,4084,47.67,30,0,
4925,810,4051,18.73,20,0,
4926,4033,4039,30.84,20,0,
4927,4118,4117,14.12,20,0,
4928,5825,5823,131.94,20,0,
4929,5823,6804,11.60,20,0,
4930,6804,3984,25.35,20,0,
4931,3984,3988,51.90,20,0,
4932,3988,5396,31.52,20,0,
4933,3967,3954,68.78,20,0,
4934,4063,4066,35.38,20,0,
4935,4123,7662,21.37,20,0,
4936,7662,4124,11.72,20,0,
4937,3927,3932,48.26,20,0,
4938,4009,4004,31.69,20,0,
4939,4041,4034,25.82,20,0,
4940,3961,3952,38.16,20,0,
4941,3931,3925,64.06,20,0,
4942,4083,4088,46.74,20,0,
4943,4048,4042,27.81,20,0,
4944,3953,3946,32.58,20,0,
4945,3966,3971,51.57,20,0,
4946,4078,4075,19.25,30,0,
4947,3956,3935,171.22,20,0,
4948,4072,4069,20.82,30,0,
4949,3924,3926,41.42,20,0,
4950,3934,3933,59.24,20,0,
4951,4020,4040,96.86,20,0,
4952,4025,4019,21.99,20,0,
4953,4114,1630,24.88,20,0,
4954,4081,4077,18.58,30,0,
4955,4014,4022,44.31,20,0,
4956,3959,3944,62.21,20,0,
4957,8543,3977,9.64,20,0,
4958,3977,8540,9.68,20,0,
4959,4091,4087,30.89,30,0,
4960,4110,4115,29.96,20,0,
4961,4032,4026,35.76,20,0,
4962,4044,4037,27.83,20,0,
4963,3928,2038,95.40,20,0,
4964,4116,909,27.11,20,0,
4965,4006,4011,28.39,20,0,
4966,4103,4108,77.48,30,0,
4967,4065,4073,56.80,20,0,
4968,4073,4074,15.42,20,0,
4969,3949,3946,48.39,20,0,
4970,4035,4032,10.25,20,0,
4971,4032,4029,13.19,20,0,
4972,4031,4017,93.69,20,0,
4973,4060,4065,46.25,20,0,
4974,4065,4070,25.91,20,0,
4975,4082,4059,218.29,20,0,
4976,3924,3927,60.46,50,0,
4977,3927,2054,28.25,50,0,
4978,4107,4112,43.96,20,0,
4979,4073,4093,142.59,20,0,
4980,4050,4057,55.65,20,0,
4981,4008,4170,5.87,20,0,
4982,3963,3951,47.33,20,0,
4983,3939,3947,58.94,20,0,
4984,4092,4088,12.25,20,0,
4985,4088,4086,8.07,20,0,
4986,4102,4106,57.87,20,0,
4987,4016,4022,20.11,20,0,
4988,4022,4027,38.95,20,0,
4989,4023,4002,121.51,20,0,
4990,3957,3954,22.53,20,0,
4991,3954,3945,36.19,20,0,
4992,3950,3941,47.67,20,0,
4993,4095,4098,28.86,20,0,
4994,968,4039,79.12,20,0,
4995,4039,4036,20.05,20,0,
4996,4171,4001,62.26,20,0,
4997,3992,4003,60.42,20,0,
4998,4003,4018,97.22,20,0,
4999,4046,4061,76.41,20,0,
5000,4061,4063,13.70,20,0,
5001,4063,4068,32.49,20,0,
5002,3956,3972,65.89,20,0,
5003,3972,8544,9.57,20,0,
5004,4010,3998,81.80,20,0,
5005,3998,3994,18.96,20,0,
5006,3994,4007,81.96,20,0,
5007,3960,3968,34.90,20,0,
5008,4005,4004,8.36,20,0,
5009,4004,3997,44.17,20,0,
5010,4100,4101,53.67,20,0,
5011,4028,4033,20.64,20,0,
5012,4033,4035,14.91,20,0,
5013,4035,4045,37.25,20,0,
5014,4047,4051,15.32,20,0,
5015,4051,4052,19.32,20,0,
5016,3976,3981,31.07,20,0,
5017,3981,3987,69.89,20,0,
5018,3987,3996,38.90,20,0,
5019,4111,4110,8.59,20,0,
5020,4110,4104,50.48,20,0,
5021,3994,3986,26.54,20,0,
5022,3986,3984,34.19,20,0,
5023,4174,4112,41.28,20,0,
5024,4112,4113,15.96,20,0,
5025,4113,4107,28.30,20,0,
5026,4107,4105,21.17,20,0,
5027,4021,4014,146.33,20,0,
5028,4014,4011,25.77,20,0,
5029,4011,4003,35.70,20,0,
5030,7976,3991,156.65,20,0,
5031,4049,4054,45.34,20,0,
5032,4054,4055,9.45,20,0,
5033,4055,4057,12.76,20,0,
5034,4057,4061,19.42,20,0,
5035,4172,4097,42.71,20,0,
5036,3982,8541,97.07,20,0,
5037,3980,7381,17.75,20,0,
5038,7381,3969,85.29,20,0,
5039,2058,3949,20.62,20,0,
5040,3949,3953,15.32,20,0,
5041,3953,3955,19.57,20,0,
5042,3958,3947,37.47,20,0,
5043,3947,7588,19.95,20,0,
5044,7588,3943,13.92,20,0,
5045,3989,3993,20.47,20,0,
5046,3993,3995,8.88,20,0,
5047,3995,3987,149.01,20,0,
5048,3987,3983,40.94,20,0,
5049,3995,3981,83.85,20,0,
5050,3981,3983,114.20,20,0,
5051,3983,3985,47.71,20,0,
5052,4015,3998,217.82,20,0,
5053,3975,3965,72.74,20,0,
5054,4090,4091,69.80,30,0,
5055,4091,6741,50.41,30,0,
5056,6741,4096,13.07,30,0,
5057,4043,4040,16.40,20,0,
5058,4040,4031,41.27,20,0,
5059,4031,4023,45.55,20,0,
5060,4023,3999,147.52,20,0,
5061,4038,4036,9.72,20,0,
5062,4036,4028,29.41,20,0,
5063,4028,4026,12.33,20,0,
5064,4026,4025,4.75,20,0,
5065,4025,4024,8.97,20,0,
5066,3998,4009,67.41,20,0,
5067,4009,4012,23.03,20,0,
5068,3986,3988,85.11,20,0,
5069,4076,6925,84.07,20,0,
5070,6925,6926,59.61,20,0,
5071,4089,4087,63.95,30,0,
5072,4087,4081,55.29,30,0,
5073,4081,4080,81.90,30,0,
5074,4094,6926,36.00,20,0,
5075,6926,5805,46.63,20,0,
5076,5805,6923,68.89,20,0,
5077,6923,4100,7.60,20,0,
5078,4053,7204,4.14,20,0,
5079,7204,4046,29.61,20,0,
5080,4046,4050,80.00,20,0,
5081,4050,4054,32.91,20,0,
5082,4058,4048,51.89,20,0,
5083,4048,7198,2.21,20,0,
5084,7198,4044,14.87,20,0,
5085,4044,4041,16.91,20,0,
5086,4041,5460,13.07,20,0,
5087,3993,3996,194.96,20,0,
5088,3996,3982,102.23,20,0,
5089,3982,3979,16.76,20,0,
5090,1996,6355,7.72,50,0,
5091,6355,1998,40.41,50,0,
5092,15,693,179.84,50,0,Strada Gheorghe Doja
5093,693,940,39.83,50,0,Strada Gheorghe Doja
5094,940,934,85.28,50,0,Strada Gheorghe Doja
5095,934,3562,75.57,50,0,Strada Gheorghe Doja
5096,3562,3564,49.22,50,0,Strada Gheorghe Doja
5097,3564,16,4.72,50,0,Strada Gheorghe Doja
5098,16,4705,73.16,50,0,Strada Gheorghe Doja
5099,4125,4126,3.18,50,0,
5100,4141,4127,57.77,50,1,Strada Budiului
5101,531,4135,18.94,50,1,Piața Gării
5102,15,532,40.03,50,1,Strada Gheorghe Doja
5103,4141,4133,98.13,50,1,
5104,4127,4129,5.22,50,0,
5105,4128,4125,20.90,50,0,
5106,4129,4132,20.92,50,0,
5107,4126,4127,17.70,50,0,
5108,4132,4131,5.29,50,0,
5109,4131,4130,7.16,50,0,
5110,4130,4128,3.39,50,0,
5111,5372,2462,232.93,50,0,Calea Sighișoarei
5112,4137,6699,33.04,50,0,Strada Hunedoara
5113,6699,7904,13.38,50,0,Strada Hunedoara
5114,7904,1851,51.32,50,0,Strada Hunedoara
5115,624,628,44.83,30,1,Strada Koós Ferenc
5116,629,624,12.59,30,1,Strada Koós Ferenc
5117,628,629,52.40,30,1,Strada Koós Ferenc
5118,349,350,107.83,30,0,Strada Parângului
5119,4139,4140,16.49,30,1,
5120,1431,2004,33.09,30,0,
5121,8802,821,71.94,50,0,Strada Uzinei
5122,821,4233,21.36,50,0,Strada Uzinei
5123,4233,6306,34.16,50,0,Strada Uzinei
5124,6306,4144,17.23,50,0,Strada Uzinei
5125,4144,1319,47.62,50,0,Strada Uzinei
5126,4146,8800,14.52,20,0,
5127,1317,8753,32.40,20,0,
5128,8753,4150,37.37,20,0,
5129,4147,4149,10.90,20,0,
5130,815,7652,34.79,20,0,
5131,7652,4811,16.68,20,0,
5132,4144,4146,33.42,30,0,
5133,4146,4147,28.00,30,0,
5134,4147,4148,5.99,30,0,
5135,4145,6166,14.34,20,0,
5136,6166,4150,274.77,20,0,
5137,4150,6165,15.39,20,0,
5138,6165,1318,32.55,20,0,
5139,4156,4155,18.87,20,0,
5140,4165,4153,24.92,20,0,
5141,672,4159,84.12,20,0,
5142,4157,4158,50.30,20,0,
5143,4158,4159,39.76,20,0,
5144,4159,4160,12.88,20,0,
5145,4154,4155,21.82,20,0,
5146,4155,4157,26.20,20,0,
5147,4157,4158,59.19,20,0,
5148,4163,4164,21.23,30,0,Aleea Carpați
5149,4167,4166,87.99,20,1,
5150,4168,4169,42.20,20,0,
5151,4177,4176,55.90,30,0,Strada Petru Dobra
5152,4178,4176,69.21,30,0,Strada Petru Dobra
5153,4176,4175,26.56,30,0,Strada Petru Dobra
5154,4179,4180,31.85,20,0,
5155,347,4182,36.41,30,0,
5156,4187,4186,18.17,20,0,
5157,4191,4187,33.21,20,0,
5158,4191,4190,19.77,50,0,
5159,4184,4185,315.00,50,0,
5160,4192,7875,4.42,50,0,Strada Digului
5161,7875,7873,39.88,50,0,Strada Digului
5162,7873,7877,38.50,50,0,Strada Digului
5163,7877,5309,153.13,50,0,Strada Digului
5164,4198,4196,49.81,20,0,
5165,3800,4193,80.71,20,0,
5166,1909,7501,31.40,20,0,
5167,7501,4195,7.06,20,0,
5168,4195,4198,68.14,20,0,
5169,4198,4199,38.36,20,0,
5170,4199,4200,77.80,20,0,
5171,4200,7504,38.50,20,0,
5172,7504,4197,71.03,20,0,
5173,4202,4201,43.02,20,0,
5174,4205,2731,46.25,20,0,
5175,4204,4206,98.90,20,0,
5176,1775,1787,31.97,50,0,
5177,355,361,30.50,30,1,Strada Parângului
5178,361,364,11.46,30,1,Strada Parângului
5179,364,363,30.46,30,1,Strada Parângului
5180,363,355,11.50,30,1,Strada Parângului
5181,4207,4208,94.49,20,0,
5182,4220,4219,27.13,20,0,
5183,4213,4214,92.20,30,0,
5184,4211,4218,90.14,30,0,
5185,4210,4216,55.37,20,0,
5186,2768,7112,3.69,50,0,Strada Transilvania
5187,7112,2766,13.92,50,0,Strada Transilvania
5188,2766,8767,45.90,50,0,Strada Transilvania
5189,408,2670,40.29,50,1,Strada Transilvania
5190,1021,4221,34.13,20,0,
5191,4223,4224,91.25,30,0,
5192,235,341,129.09,30,1,Strada Busuiocului
5193,341,6186,76.16,30,1,Strada Busuiocului
5194,6186,234,84.46,30,1,Strada Busuiocului
5195,4225,4226,16.70,20,0,
5196,851,4227,54.18,20,0,
5197,1420,1015,73.31,50,0,Strada Constantin Dobrogeanu Gherea
5198,1015,840,83.58,50,0,Strada Constantin Dobrogeanu Gherea
5199,4230,4232,38.33,20,0,
5200,4232,4234,25.48,20,0,
5201,4233,4232,105.14,20,0,
5202,4231,3634,42.22,20,0,
5203,1704,1207,164.00,30,0,Strada Platoul Cornești
5204,1207,1208,204.42,30,0,Strada Platoul Cornești
5205,1208,1140,309.13,30,0,Strada Platoul Cornești
5206,1244,2607,240.59,30,0,Aleea Soarelui
5207,2607,1245,77.70,30,0,Aleea Soarelui
5208,1245,1246,111.50,30,0,Aleea Soarelui
5209,1246,1247,56.64,30,0,Aleea Soarelui
5210,4239,4245,131.08,50,0,
5211,4245,5250,45.88,50,0,
5212,5250,4243,147.58,50,0,
5213,4243,4242,21.99,50,0,
5214,4242,4240,369.18,50,0,
5215,4241,4242,150.90,50,0,
5216,4245,5092,68.03,50,0,
5217,5092,4246,134.09,50,0,
5218,3028,3024,82.87,50,0,
5219,4247,4248,11.69,20,0,
5220,238,6391,30.99,20,0,
5221,6391,238,22.98,20,0,
5222,3436,4249,65.60,20,0,
5223,4257,7129,4.85,30,0,
5224,7129,4255,86.21,30,0,
5225,4255,6350,69.96,30,0,
5226,6350,6353,11.97,30,0,
5227,6353,8904,21.62,30,0,
5228,4255,4253,35.34,30,0,
5229,6353,4256,18.54,20,0,
5230,4256,4254,247.37,20,0,
5231,4259,4260,39.39,20,0,
5232,4252,4251,27.71,20,0,
5233,4251,6510,14.58,20,0,
5234,6510,4250,57.03,20,0,
5235,4261,808,152.62,30,0,
5236,4707,4262,79.18,50,0,
5237,4480,488,94.55,50,0,Bulevardul 1 Decembrie 1918
5238,488,491,76.28,50,0,Bulevardul 1 Decembrie 1918
5239,491,50,21.78,50,0,Bulevardul 1 Decembrie 1918
5240,50,6439,55.39,50,0,Bulevardul 1 Decembrie 1918
5241,6439,930,27.29,50,0,Bulevardul 1 Decembrie 1918
5242,930,8504,12.48,50,0,Bulevardul 1 Decembrie 1918
5243,8504,4280,12.08,50,0,Bulevardul 1 Decembrie 1918
5244,1714,4264,23.65,50,1,Bulevardul 1 Decembrie 1918
5245,4265,1711,22.75,50,1,Bulevardul 1 Decembrie 1918
5246,1713,4265,22.22,50,1,Bulevardul 1 Decembrie 1918
5247,4266,2659,18.04,50,0,Strada Livezeni
5248,2659,59,28.08,50,0,Strada Livezeni
5249,59,60,34.14,50,0,Strada Livezeni
5250,60,7244,37.88,50,0,Strada Livezeni
5251,7244,197,1.85,50,0,Strada Livezeni
5252,197,1802,39.62,50,0,Strada Livezeni
5253,1802,213,9.04,50,0,Strada Livezeni
5254,1710,4266,24.46,30,1,Strada Livezeni
5255,4266,1715,23.43,30,1,Strada Livezeni
5256,1715,1713,4.46,30,1,Bulevardul 1 Decembrie 1918
5257,1714,1712,13.54,30,1,Bulevardul 1 Decembrie 1918
5258,1711,1714,18.19,30,1,Bulevardul 1 Decembrie 1918
5259,2644,2642,2.56,30,0,
5260,2642,2641,2.50,30,0,
5261,2641,1530,9.15,30,0,
5262,1530,4268,4.06,30,0,
5263,4268,2643,6.26,30,0,
5264,2643,8746,1.36,30,0,
5265,8746,2645,3.18,30,0,
5266,6579,4447,11.19,50,0,Strada Cuza Vodă
5267,4447,2646,74.38,50,0,Strada Cuza Vodă
5268,2646,4340,91.02,50,0,Strada Cuza Vodă
5269,4340,4342,63.32,50,0,Strada Cuza Vodă
5270,2641,4267,24.04,50,1,Strada Cuza Vodă
5271,2645,4269,21.69,50,1,Strada Cuza Vodă
5272,4267,1530,20.61,50,1,Strada Cuza Vodă
5273,1529,2643,22.57,30,1,Strada Horea
5274,4268,1529,20.28,30,1,Strada Horea
5275,4271,4274,49.19,20,0,
5276,4273,4271,28.73,20,0,
5277,4271,4272,30.54,20,0,
5278,1070,1071,59.26,70,0,Strada Mikó László
5279,1071,1072,55.49,70,0,Strada Mikó László
5280,1072,1073,130.14,70,0,Strada Mikó László
5281,1073,1065,275.11,70,0,Strada Mikó László
5282,1068,6880,3.97,70,0,
5283,4275,1173,8.96,50,0,
5284,1174,1175,343.71,50,0,Strada Bisericii
5285,1175,1177,31.98,50,0,Strada Bisericii
5286,1177,1167,109.75,50,0,Strada Bisericii
5287,4278,4277,79.00,30,0,
5288,4276,4278,51.88,30,0,
5289,4278,4279,79.80,30,0,
5290,1810,1808,16.90,50,0,
5291,4284,6323,50.85,30,0,
5292,4287,1383,31.43,30,0,
5293,4289,516,60.87,50,0,
5294,4285,1386,58.22,30,0,
5295,1386,8072,65.04,30,0,
5296,4294,4292,26.12,20,0,
5297,4295,4296,61.64,20,0,
5298,4296,4297,41.01,20,0,
5299,4300,4299,29.20,20,0,
5300,6115,4298,96.10,20,0,
5301,4305,4304,96.78,20,0,
5302,1368,4281,6.35,20,0,
5303,4281,4306,42.91,20,0,
5304,4281,4307,76.10,20,0,
5305,1366,4306,71.10,20,0,
5306,3020,5897,233.00,50,0,Strada Matei Corvin
5307,5897,3028,49.62,50,0,Strada Matei Corvin
5308,3028,7050,72.25,50,0,Strada Matei Corvin
5309,7050,6079,301.21,50,0,Strada Matei Corvin
5310,3609,394,24.47,30,1,Bulevardul Cetății
5311,4311,4310,55.04,20,0,
5312,4315,4318,17.75,30,0,Bulevardul Cetății
5313,4312,4316,16.51,30,0,Bulevardul Cetății
5314,4314,4317,17.84,30,0,Bulevardul Cetății
5315,1099,5014,900.12,50,0,Strada Lacurilor
5316,4323,4325,172.29,20,0,
5317,4325,4324,33.65,20,0,
5318,4325,4326,51.22,20,0,
5319,4329,4330,48.52,20,0,
5320,4332,4333,69.62,30,0,
5321,4337,4331,54.14,20,0,
5322,4336,4335,10.95,30,0,
5323,4335,2407,44.46,30,0,
5324,1908,7216,2.44,50,0,Strada Rodniciei
5325,7216,465,13.22,50,0,Strada Rodniciei
5326,465,211,16.79,50,0,Strada Rodniciei
5327,211,449,68.14,50,0,Strada Rodniciei
5328,4340,4339,72.75,20,0,
5329,4341,4338,112.78,20,0,
5330,4348,6075,8.43,50,1,Strada Voinicenilor
5331,6075,962,51.30,50,1,Strada Voinicenilor
5332,4356,4351,104.03,20,0,
5333,4351,4353,41.73,20,0,
5334,4353,4354,36.27,20,0,
5335,4354,6703,46.24,20,0,
5336,6703,4358,40.98,20,0,
5337,4368,4370,87.97,30,0,Strada Mircea Robu
5338,4352,4353,35.94,20,0,
5339,4350,4351,36.32,20,0,
5340,4367,4369,139.60,30,0,Strada Verde
5341,4357,4354,35.63,20,0,
5342,1612,1611,33.61,30,0,Aleea Ion Mihuț
5343,4361,4360,84.70,50,1,Strada Agricultorilor
5344,1558,1553,11.87,50,0,
5345,1553,1554,23.65,50,0,
5346,4372,5467,83.98,50,0,Strada Florilor
5347,4344,4345,104.81,30,0,Strada Rândunicii
5348,4365,4366,96.78,20,0,
5349,4347,4348,61.91,50,1,Strada Voinicenilor
5350,1023,6225,80.40,50,0,Strada Plopilor
5351,6225,6192,55.18,50,0,Strada Plopilor
5352,6192,4364,30.03,50,0,Strada Plopilor
5353,4364,4363,37.29,50,0,Strada Plopilor
5354,4363,986,19.89,50,0,Strada Plopilor
5355,978,979,35.18,30,1,Strada Ștefan Cicio Pop
5356,979,980,28.71,30,1,Strada Ștefan Cicio Pop
5357,980,974,35.93,30,1,Strada Ștefan Cicio Pop
5358,974,978,28.63,30,1,Strada Ștefan Cicio Pop
5359,4375,4376,24.23,20,0,
5360,4379,4378,23.10,20,0,
5361,4378,4377,27.33,20,0,
5362,4378,6203,41.05,20,0,
5363,6203,4375,22.06,20,0,
5364,4375,6304,25.80,20,0,
5365,6304,4374,21.46,20,0,
5366,1336,9106,14.95,40,0,Strada Podeni
5367,9106,863,69.28,40,0,Strada Podeni
5368,863,7424,69.62,40,0,Strada Podeni
5369,7424,7423,72.92,40,0,Strada Podeni
5370,7423,4876,11.45,40,0,Strada Podeni
5371,4876,864,23.63,40,0,Strada Podeni
5372,863,4382,74.56,20,0,
5373,4392,4391,78.40,30,0,Strada Măcinișului
5374,4404,4402,8.72,20,0,
5375,4402,4401,46.36,20,0,
5376,4386,4387,35.61,20,0,
5377,4402,4405,14.89,20,0,
5378,4405,4406,24.74,20,0,
5379,4397,4393,215.27,20,0,
5380,4385,4388,102.98,20,0,
5381,4394,4393,14.48,20,0,
5382,4393,1038,154.93,20,0,
5383,4390,7420,126.24,20,0,
5384,7420,4396,9.47,20,0,
5385,4395,4397,99.24,20,0,
5386,4397,4398,26.29,20,0,
5387,4400,4405,112.31,20,0,
5388,3098,3099,17.04,20,0,
5389,4415,4416,58.49,30,1,
5390,1013,4414,114.89,30,1,
5391,306,6697,17.43,30,0,Aleea Hațeg
5392,4423,4421,24.67,30,1,
5393,4421,1434,40.93,30,1,
5394,4424,4423,62.82,30,1,
5395,4426,4425,93.80,20,0,
5396,4427,2830,129.90,20,1,
5397,4488,4490,27.88,30,0,
5398,4490,4492,16.08,30,0,
5399,4492,4493,25.54,30,0,
5400,4493,4491,77.41,30,0,
5401,4491,4489,21.75,30,0,
5402,4489,4487,18.76,30,0,
5403,4487,4488,9.29,30,0,
5404,4429,627,44.28,20,0,Strada Godeanu
5405,627,625,45.17,20,0,Strada Godeanu
5406,384,6208,47.63,30,0,Strada Köteles Sámuel
5407,6208,84,4.24,30,0,Strada Köteles Sámuel
5408,1348,1352,157.48,50,0,Strada Ioan Roman
5409,1352,4362,191.28,50,0,Strada Ioan Roman
5410,4434,4436,24.42,20,0,
5411,4435,4438,156.48,10,0,
5412,4433,4437,157.59,10,0,
5413,4434,4432,101.22,20,1,
5414,4431,4434,96.62,20,1,
5415,4439,4438,15.14,10,0,
5416,4438,4437,16.14,10,0,
5417,4437,4433,185.45,10,0,
5418,4433,4435,15.77,10,0,
5419,4435,4436,15.65,10,0,
5420,4439,5719,112.37,20,0,
5421,570,4441,49.22,20,0,
5422,4442,4443,64.52,20,0,
5423,1184,4444,12.08,20,0,
5424,4445,4446,51.27,20,0,
5425,566,1985,39.71,30,1,Strada Depozitelor
5426,4448,1985,31.33,30,0,Strada Depozitelor
5427,4463,1205,40.82,30,1,Strada Platoul Cornești
5428,1205,1059,70.57,30,1,Strada Platoul Cornești
5429,3596,4458,187.27,30,0,Strada Posada
5430,4458,5229,190.63,30,0,Strada Posada
5431,5229,4457,71.31,30,0,Strada Posada
5432,1707,4457,142.96,30,0,Strada Posada
5433,4459,4460,67.28,20,1,
5434,4460,5235,141.41,20,1,
5435,1517,1210,40.45,50,1,
5436,3603,4460,61.54,20,1,
5437,3599,4459,93.55,20,1,
5438,4451,4449,31.02,20,0,
5439,4452,4450,21.56,20,0,
5440,4455,4453,156.22,30,0,Strada Semenic
5441,4463,1517,10.69,50,0,
5442,1517,4462,20.16,50,0,
5443,625,626,13.45,20,0,Strada Godeanu
5444,626,6689,33.17,20,0,Strada Godeanu
5445,6689,627,35.40,20,0,Strada Godeanu
5446,362,361,47.86,50,0,Strada Parângului
5447,663,666,48.35,50,0,Strada Rămurele
5448,666,664,63.34,50,0,Strada Rămurele
5449,664,463,46.47,50,0,Strada Rămurele
5450,2168,2190,111.32,20,0,
5451,1801,1796,16.91,20,0,
5452,1796,2827,15.48,20,0,
5453,2827,1791,15.18,20,0,
5454,1791,1792,16.99,20,0,
5455,1792,1794,19.11,20,0,
5456,1794,2826,18.16,20,0,
5457,2826,1799,16.75,20,0,
5458,1799,1798,102.73,20,0,
5459,2023,2024,95.81,50,0,
5460,2024,993,91.67,50,0,
5461,2480,2544,126.42,20,0,
5462,2544,2485,70.17,20,0,
5463,2485,2495,67.69,20,0,
5464,2347,3867,81.15,20,0,
5465,6038,4425,14.97,20,0,
5466,4425,4426,29.73,20,0,
5467,4426,6035,61.91,20,0,
5468,331,330,63.49,50,0,
5469,330,329,89.93,50,0,
5470,329,328,17.32,50,0,
5471,2254,2277,246.74,20,0,
5472,3186,1833,43.43,50,0,
5473,1833,3179,106.14,50,0,
5474,3892,6630,118.44,20,0,
5475,6630,3893,29.70,20,0,
5476,2759,2760,57.02,50,0,
5477,2760,424,9.96,50,0,
5478,424,423,7.12,50,0,
5479,2343,2331,15.67,20,0,
5480,2331,2346,77.00,20,0,
5481,2346,2365,13.76,20,0,
5482,2365,2348,135.77,20,0,
5483,1721,1726,210.52,20,0,
5484,2948,2952,66.48,50,0,
5485,2952,2954,31.59,50,0,
5486,2954,2964,64.73,50,0,
5487,2964,2966,11.93,50,0,
5488,3848,5443,140.62,20,0,
5489,4330,4329,48.07,20,0,
5490,4329,4328,30.49,20,0,
5491,3551,3559,90.86,20,0,
5492,3377,1162,36.78,50,0,
5493,4119,4120,47.80,20,0,
5494,1140,1209,58.58,30,0,Strada Platoul Cornești
5495,4467,4468,38.40,20,0,
5496,804,886,75.49,50,0,Strada Ion Luca Caragiale
5497,4469,5246,23.09,20,0,
5498,4470,4472,43.27,20,0,
5499,4472,4471,33.85,20,0,
5500,4472,4473,29.81,20,0,
5501,246,8053,47.47,50,0,Strada Apicultorilor
5502,8053,8034,1.05,50,0,Strada Apicultorilor
5503,8034,8061,31.43,50,0,Strada Apicultorilor
5504,8061,481,28.23,50,0,Strada Apicultorilor
5505,442,485,17.72,30,1,Strada Pomicultorilor
5506,485,483,81.80,30,1,Strada Pomicultorilor
5507,483,480,9.35,30,1,Strada Pomicultorilor
5508,480,4479,74.04,30,1,Strada Pomicultorilor
5509,4479,246,12.76,30,1,Strada Pomicultorilor
5510,8829,486,22.46,30,0,
5511,486,485,18.40,30,0,
5512,4477,4475,52.96,30,0,
5513,4479,4478,87.94,30,0,
5514,487,8830,43.07,30,0,
5515,4482,4483,8.00,20,0,
5516,4483,2439,108.21,20,0,
5517,4485,4484,146.48,50,0,Strada Dimitrie Cantemir
5518,4509,5551,324.19,80,1,
5519,2957,7346,459.55,20,0,
5520,7346,7345,120.84,20,0,
5521,4511,4512,21.45,30,0,Bulevardul 1 Decembrie 1918
5522,4497,4499,337.90,50,0,
5523,4499,4498,72.08,50,0,
5524,4498,4496,124.78,50,0,
5525,4496,7036,110.08,50,0,
5526,1075,1076,264.78,50,0,Strada Salcâmilor
5527,4500,9028,223.47,50,0,
5528,4496,4495,96.47,50,0,
5529,4495,8574,201.06,50,0,
5530,8574,4974,95.54,50,0,
5531,1174,4504,191.04,90,0,
5532,4504,4505,80.64,90,0,
5533,4506,4509,100.25,30,0,
5534,4509,6712,25.80,30,0,
5535,6712,4508,24.66,30,0,
5536,4508,4507,25.13,30,0,
5537,4507,4506,22.07,30,0,
5538,3608,6752,15.84,30,1,Bulevardul 1 Decembrie 1918
5539,6752,4513,35.65,30,1,Bulevardul 1 Decembrie 1918
5540,4512,3608,59.19,50,1,Bulevardul 1 Decembrie 1918
5541,4515,9066,16.22,30,1,Calea Sighișoarei
5542,9066,4494,44.34,30,1,Calea Sighișoarei
5543,4514,4515,63.24,50,1,Calea Sighișoarei
5544,4440,2830,28.29,50,0,Bulevardul 1 Decembrie 1918
5545,2830,5402,43.54,50,0,Bulevardul 1 Decembrie 1918
5546,4510,1847,52.19,50,1,Bulevardul 1 Decembrie 1918
5547,1847,6995,34.44,30,1,Bulevardul 1 Decembrie 1918
5548,6995,4511,21.09,30,1,Bulevardul 1 Decembrie 1918
5549,5614,6751,11.68,30,0,Bulevardul 1 Decembrie 1918
5550,4510,4511,17.61,30,0,Bulevardul 1 Decembrie 1918
5551,251,7173,11.39,30,0,Strada Semănătorilor
5552,7173,1322,12.35,30,0,Strada Semănătorilor
5553,1322,128,49.74,30,0,Strada Semănătorilor
5554,1077,8889,40.87,30,1,Strada Transilvania
5555,8889,8891,41.21,30,1,Strada Transilvania
5556,8891,6045,17.85,30,1,Strada Transilvania
5557,4518,1871,251.20,50,0,Calea Sighișoarei
5558,1871,5519,309.96,50,0,Calea Sighișoarei
5559,5519,5514,44.68,50,0,Calea Sighișoarei
5560,5514,5520,38.91,50,0,Calea Sighișoarei
5561,5520,479,35.72,50,0,Calea Sighișoarei
5562,479,4225,64.70,50,0,Calea Sighișoarei
5563,4225,4515,10.76,50,0,Calea Sighișoarei
5564,1837,2748,33.99,30,0,Calea Sighișoarei
5565,2748,1079,26.65,30,0,Calea Sighișoarei
5566,1079,345,42.53,30,0,Calea Sighișoarei
5567,345,4518,152.35,30,0,Calea Sighișoarei
5568,527,807,187.84,50,0,Strada Libertății
5569,807,1416,79.24,50,0,Strada Libertății
5570,1416,4277,0.93,50,0,Strada Libertății
5571,4277,119,74.37,50,0,Strada Libertății
5572,119,951,90.73,50,0,Strada Libertății
5573,951,905,92.04,50,0,Strada Libertății
5574,531,15,87.86,50,1,Strada Gheorghe Doja
5575,4135,4134,41.68,50,1,Strada Gheorghe Doja
5576,4525,4523,98.18,20,0,
5577,4528,4527,25.91,20,0,
5578,472,4530,22.07,20,0,
5579,4535,4534,38.65,20,0,
5580,4534,3615,46.23,20,0,
5581,4526,4528,38.44,50,0,
5582,4528,3142,20.43,50,0,
5583,3142,4529,78.08,50,0,
5584,4191,4183,102.98,50,0,
5585,2579,2573,23.03,20,0,
5586,3610,754,11.66,20,0,
5587,3616,3618,25.00,30,0,
5588,4538,6759,50.46,30,0,
5589,2566,7710,77.98,20,0,
5590,7710,4540,13.25,20,0,
5591,4540,4539,35.90,20,0,
5592,4542,4541,303.58,50,0,
5593,2808,2477,86.74,20,0,
5594,348,349,54.93,30,0,Strada Parângului
5595,5768,4558,159.32,30,0,Strada Lăcrimioarei
5596,5767,4559,109.17,50,0,Strada Margaretelor
5597,4561,4964,15.08,30,0,
5598,4964,4963,33.79,30,0,
5599,4963,4560,58.51,30,0,
5600,4560,4561,7.53,30,0,
5601,373,4566,53.52,30,0,
5602,4568,4567,50.82,30,0,
5603,4565,4564,71.17,20,0,
5604,4569,7190,16.09,30,0,
5605,7190,4568,22.51,30,0,
5606,4568,1829,164.22,30,0,
5607,4572,1390,59.50,50,0,
5608,4571,1391,128.32,30,0,
5609,6128,4578,17.71,50,0,
5610,4578,4576,18.86,50,0,
5611,4576,1898,15.60,50,0,
5612,1898,8662,24.31,50,0,
5613,8662,4579,39.95,50,0,
5614,4579,4581,18.73,50,0,
5615,4581,4585,17.66,50,0,
5616,4585,4586,15.81,50,0,
5617,4577,4578,18.04,20,0,
5618,4578,8663,24.43,20,0,
5619,8663,4581,24.18,20,0,
5620,4575,4576,18.10,20,0,
5621,4576,8664,24.37,20,0,
5622,8664,4579,24.19,20,0,
5623,4583,4574,90.83,20,1,
5624,4574,4584,77.79,20,1,
5625,4580,6128,4.10,20,0,
5626,6128,4577,35.83,20,0,
5627,4577,4575,18.74,20,0,
5628,4575,4573,15.77,20,0,
5629,4573,1898,18.16,20,0,
5630,2661,4589,93.52,50,0,
5631,4591,8751,320.64,50,0,Strada Remetea
5632,8751,8749,107.52,50,0,Strada Remetea
5633,8749,5855,418.59,50,0,Strada Remetea
5634,5855,2932,151.56,50,0,Strada Remetea
5635,2932,4624,380.56,50,0,Strada Remetea
5636,4624,5862,663.99,50,0,Strada Remetea
5637,5862,1354,268.81,50,0,Strada Remetea
5638,1354,1543,131.18,50,0,Strada Remetea
5639,4591,4592,443.42,30,0,Strada Cetinei
5640,785,4874,42.84,50,1,Strada Tisei
5641,1395,7415,129.36,50,0,Strada Mureșului
5642,7415,1394,68.71,50,0,Strada Mureșului
5643,1135,4953,104.07,50,0,Strada Márton Áron
5644,4953,6842,8.70,50,0,Strada Márton Áron
5645,6842,1457,42.52,50,0,Strada Márton Áron
5646,1457,5052,124.24,50,0,Strada Márton Áron
5647,1109,1134,9.98,90,1,Strada Transilvaniei
5648,1134,3002,24.85,50,1,Strada Petki Dávid
5649,3002,2991,318.18,50,1,Strada Petki Dávid
5650,2991,73,55.47,50,1,Strada Petki Dávid
5651,1106,1107,104.69,70,0,Strada Tofalău
5652,1107,1116,254.66,70,0,Strada Tofalău
5653,1116,1108,369.69,70,0,Strada Tofalău
5654,1108,4938,25.79,70,0,Strada Tofalău
5655,4536,585,73.04,50,0,Aleea Carpați
5656,4699,1304,10.88,30,1,Strada Margaretelor
5657,2970,1303,36.42,40,0,Strada Bányai János
5658,2721,1314,113.21,50,0,Strada Plutelor
5659,218,4209,33.35,50,1,Strada Gheorghe Doja
5660,218,215,43.32,50,1,Bulevardul 1 Decembrie 1918
5661,218,219,29.83,50,1,Piața Victoriei
5662,4139,1268,286.64,50,0,Calea Sighișoarei
5663,1268,700,10.98,50,0,Calea Sighișoarei
5664,700,1849,67.19,50,0,Calea Sighișoarei
5665,1849,2039,46.73,50,0,Calea Sighișoarei
5666,2039,5415,87.60,50,0,Calea Sighișoarei
5667,5415,6426,157.07,50,0,Calea Sighișoarei
5668,6426,1842,161.92,50,0,Calea Sighișoarei
5669,1842,4,41.55,50,0,Calea Sighișoarei
5670,4,2663,85.88,50,0,Calea Sighișoarei
5671,1445,1444,15.88,30,0,Strada Petru Dobra
5672,1444,5189,38.04,30,0,Strada Petru Dobra
5673,1039,4851,122.03,30,0,Strada Strâmbă
5674,4851,1355,142.16,30,0,Strada Strâmbă
5675,1356,8939,68.18,50,0,Strada Noua
5676,8939,3421,783.46,50,0,Strada Noua
5677,1359,1634,78.18,30,0,Strada Buchetului
5678,1634,3375,85.38,30,0,Strada Buchetului
5679,3374,4717,79.04,30,0,Strada Buchetului
5680,4717,3378,31.15,30,0,Strada Buchetului
5681,4717,1634,68.56,30,0,Strada Buchetului
5682,1358,1359,314.71,30,0,Strada Florilor
5683,1359,3415,423.76,30,0,Strada Florilor
5684,1357,3375,138.17,30,0,Strada Fabricii
5685,3375,3410,403.93,30,0,Strada Fabricii
5686,3403,3373,317.71,30,0,Strada Margaretelor
5687,3401,3371,301.35,30,0,Strada Lalelelor
5688,1041,3368,127.27,50,0,Strada Cooperativei
5689,3368,8733,75.18,50,0,Strada Cooperativei
5690,8733,3388,241.03,50,0,Strada Cooperativei
5691,3388,8386,138.86,30,0,Strada Mesteacănului
5692,8386,3405,51.72,30,0,Strada Mesteacănului
5693,3405,3407,25.08,30,0,Strada Mesteacănului
5694,3407,3409,22.25,30,0,Strada Mesteacănului
5695,3409,8383,120.18,30,0,Strada Mesteacănului
5696,8383,3418,45.47,30,0,Strada Mesteacănului
5697,3418,3420,30.70,30,0,Strada Mesteacănului
5698,3420,3422,62.74,30,0,Strada Mesteacănului
5699,3370,3411,381.60,50,0,Strada Dealului
5700,9006,4602,164.46,20,0,
5701,4595,4601,233.37,50,0,Strada Narciselor
5702,4601,5769,207.72,50,0,Strada Narciselor
5703,4605,4603,143.35,50,0,Strada Salciilor
5704,4599,5830,385.65,50,0,Strada Trandafirilor
5705,5830,4600,54.63,50,0,Strada Trandafirilor
5706,5772,6793,186.78,20,0,Strada Panseluțelor
5707,6793,4596,11.59,20,0,Strada Panseluțelor
5708,5004,4604,395.75,50,0,Strada Orizontului
5709,4604,1101,56.31,50,0,Strada Orizontului
5710,4598,4597,349.90,20,0,
5711,4820,4606,90.79,30,0,
5712,4612,4609,162.85,30,0,Strada Toamnei
5713,4616,4613,70.34,50,0,
5714,4610,4615,196.77,30,0,Strada Verii
5715,4607,4608,189.97,30,0,Strada Primăverii
5716,4454,4455,84.57,30,0,Strada Semenic
5717,2313,2307,87.33,50,0,Strada Bujorului
5718,2307,8640,19.19,50,0,Strada Bujorului
5719,8640,2320,141.80,50,0,Strada Bujorului
5720,2320,5121,34.64,50,0,Strada Bujorului
5721,5121,2300,14.68,50,0,Strada Bujorului
5722,6921,2308,52.24,30,0,Strada Campului
5723,2308,2289,46.85,30,0,Strada Campului
5724,2289,2312,501.68,30,0,Strada Campului
5725,1053,8634,162.97,50,0,Strada Izvorului
5726,8634,8636,55.32,50,0,Strada Izvorului
5727,8636,3237,78.05,50,0,Strada Izvorului
5728,3237,5555,72.73,50,0,Strada Izvorului
5729,5555,3239,20.42,50,0,Strada Izvorului
5730,3239,6777,47.55,50,0,Strada Izvorului
5731,6777,8638,50.76,50,0,Strada Izvorului
5732,3237,3238,85.38,20,0,Strada Apicultorilor
5733,3239,3240,82.15,20,0,Strada Castanilor
5734,2290,9143,297.82,30,0,Strada Grâului
5735,9143,2297,2.77,30,0,Strada Grâului
5736,2319,6856,205.98,50,0,Strada Mureșului
5737,6856,2301,183.79,50,0,Strada Mureșului
5738,2301,4732,74.61,50,0,Strada Mureșului
5739,4732,8554,99.21,50,0,Strada Mureșului
5740,8554,4619,24.19,50,0,Strada Mureșului
5741,4619,2305,73.65,50,0,Strada Mureșului
5742,2304,5132,37.41,30,0,Strada Viilor
5743,5132,5130,28.74,30,0,Strada Viilor
5744,5130,9181,98.96,30,0,Strada Viilor
5745,9181,9180,53.34,30,0,Strada Viilor
5746,9180,5133,19.08,30,0,Strada Viilor
5747,5133,9179,171.85,30,0,Strada Viilor
5748,3321,9062,103.34,30,0,Strada Luminișului
5749,3361,8139,185.14,30,0,Strada Plopilor
5750,8139,1044,128.76,30,0,Strada Plopilor
5751,4621,4622,148.98,30,0,Strada Cotului
5752,4344,4623,121.71,30,0,Strada Rândunicii
5753,3247,5142,209.28,30,0,Strada Crizantemelor
5754,2933,5852,523.99,40,0,Strada Remetea
5755,5852,4591,5.87,40,0,Strada Remetea
5756,4624,4625,466.92,20,0,Strada Fânațe
5757,4626,4641,153.41,30,0,Strada Viilor
5758,4641,8724,64.12,30,0,Strada Viilor
5759,8724,4627,247.21,30,0,Strada Viilor
5760,4626,4632,270.79,30,0,Strada Cărămizilor
5761,4632,4635,78.43,30,0,Strada Cărămizilor
5762,4635,4628,212.76,30,0,Strada Cărămizilor
5763,3772,3773,71.95,50,0,Strada Sportivilor
5764,3773,3771,271.19,50,0,Strada Sportivilor
5765,3771,5233,136.74,50,0,Strada Sportivilor
5766,5233,3698,393.98,50,0,Strada Sportivilor
5767,3711,5866,305.59,30,0,Strada Vișinilor
5768,3712,3728,395.73,30,0,Strada Cireșului
5769,3689,3691,227.07,30,0,Strada Crinului
5770,1360,1561,34.30,50,0,Strada Principală
5771,1561,3655,189.85,50,0,Strada Principală
5772,3655,3741,70.14,50,0,Strada Principală
5773,3741,3739,14.10,50,0,Strada Principală
5774,3739,1030,319.28,50,0,Strada Principală
5775,1030,3688,26.30,50,0,Strada Principală
5776,3688,3745,76.82,50,0,Strada Principală
5777,3745,3736,100.15,50,0,Strada Principală
5778,3736,1031,128.32,50,0,Strada Principală
5779,1031,3731,8.95,50,0,Strada Principală
5780,2249,2250,69.23,30,0,Strada Combinatului
5781,2250,2091,527.52,30,0,Strada Combinatului
5782,2257,2274,192.16,30,0,Strada Câmpului
5783,4630,4635,99.25,20,0,
5784,4636,4641,184.02,50,0,
5785,4639,4629,55.85,20,0,
5786,4640,5432,176.20,50,0,
5787,5432,4633,78.55,50,0,
5788,4637,4642,233.81,50,0,
5789,4642,4628,1158.55,50,0,
5790,4631,4632,240.90,50,0,
5791,4634,1036,550.18,50,0,
5792,4638,1035,104.10,20,0,
5793,4643,6333,14.66,50,1,Bulevardul Pandurilor
5794,6333,4646,33.74,50,1,Bulevardul Pandurilor
5795,2938,8340,37.18,30,0,Strada Sudului
5796,8340,8339,68.60,30,0,Strada Sudului
5797,8339,5232,85.93,30,0,Strada Sudului
5798,5232,8337,106.79,30,0,Strada Sudului
5799,8337,2959,384.09,30,0,Strada Sudului
5800,4647,4648,68.31,30,0,Strada Mică
5801,2985,2986,89.25,30,0,
5802,2985,2982,100.87,50,0,Strada Constructorilor
5803,2976,2945,524.74,30,0,Strada Fântânii
5804,1119,1106,9.02,70,0,Strada Tofalău
5805,1693,1709,62.20,70,0,Strada Tofalău
5806,1105,1119,28.83,70,0,Strada Tofalău
5807,1709,3020,115.92,70,0,Strada Tofalău
5808,3020,5346,132.35,70,0,Strada Tofalău
5809,5346,1126,27.51,70,0,Strada Tofalău
5810,1126,3575,11.24,70,0,Strada Tofalău
5811,3575,5348,106.06,70,0,Strada Tofalău
5812,5348,1105,210.94,70,0,Strada Tofalău
5813,4645,1525,47.20,50,1,Bulevardul Pandurilor
5814,1525,4649,42.52,50,1,Bulevardul Pandurilor
5815,5241,408,40.60,50,1,Strada Transilvania
5816,4649,5241,0.81,80,0,
5817,5241,2670,12.36,80,0,
5818,2670,4643,6.18,80,0,
5819,2671,8747,0.60,80,0,
5820,8747,5240,0.64,80,0,
5821,5240,4644,9.87,80,0,
5822,4644,4645,1.57,80,0,
5823,4645,4649,14.19,80,0,
5824,314,311,15.92,50,0,Aleea Covasna
5825,311,309,79.01,50,0,Aleea Covasna
5826,6692,6695,67.96,30,0,Aleea Hațeg
5827,6695,307,28.73,30,0,Aleea Hațeg
5828,1327,4343,6.88,50,0,Strada Călărașilor
5829,4650,4651,12.38,20,0,
5830,4651,4652,46.60,20,0,
5831,4653,4651,33.85,20,0,
5832,4654,4655,15.84,20,0,
5833,2062,4657,727.33,50,0,
5834,4739,4658,29.62,50,0,Strada Szotyori József
5835,4658,7131,77.07,50,0,Strada Szotyori József
5836,7131,6125,91.49,50,0,Strada Szotyori József
5837,4661,4662,200.30,20,0,
5838,4673,4674,24.00,20,0,
5839,4674,4675,669.86,20,0,
5840,4670,4502,93.74,20,0,
5841,4665,2866,91.63,50,0,
5842,4664,4666,116.97,20,0,
5843,4667,4668,151.57,50,0,
5844,4663,1072,112.46,20,0,
5845,4677,1462,247.53,50,0,
5846,4672,1175,341.60,50,0,
5847,4678,5261,9.35,30,1,
5848,3649,4684,92.81,30,0,
5849,4680,5259,1.01,30,1,
5850,4679,4678,3.57,30,1,
5851,4686,9083,153.76,20,0,
5852,4688,4687,29.23,20,1,
5853,4695,4694,4.22,50,1,Bulevardul 22 Decembrie 1989
5854,4693,1412,39.09,50,1,Bulevardul 22 Decembrie 1989
5855,1412,4695,36.06,50,1,Bulevardul 22 Decembrie 1989
5856,1453,4696,39.57,30,1,Strada Gheorghe Marinescu
5857,4694,1453,35.91,30,1,Strada Gheorghe Marinescu
5858,4697,2407,36.62,50,1,Bulevardul 22 Decembrie 1989
5859,4702,4703,105.80,20,0,
5860,1067,4704,119.48,20,0,
5861,330,874,13.82,20,0,
5862,233,192,60.74,50,0,Bulevardul 1 Decembrie 1918
5863,4705,4706,96.87,20,0,
5864,993,2009,8.82,30,0,
5865,4696,4697,3.99,50,1,Bulevardul 22 Decembrie 1989
5866,4692,4693,12.63,50,1,Bulevardul 22 Decembrie 1989
5867,4693,4695,16.84,50,1,Bulevardul 22 Decembrie 1989
5868,4697,4692,19.94,50,1,Bulevardul 22 Decembrie 1989
5869,4694,4696,20.16,50,1,Bulevardul 22 Decembrie 1989
5870,989,1007,69.98,50,1,Strada Gheorghe Doja
5871,4710,4708,11.11,50,0,Strada Gheorghe Doja
5872,4711,4713,11.04,50,0,Strada Gheorghe Doja
5873,4711,728,239.57,50,1,Strada Gheorghe Doja
5874,4708,4709,7.51,50,0,Strada Gheorghe Doja
5875,4713,4714,7.36,50,0,Strada Gheorghe Doja
5876,4714,4712,11.05,50,0,Strada Gheorghe Doja
5877,91,3108,120.45,50,0,Strada Alexandru Papiu Ilarian
5878,3108,656,202.36,50,0,Strada Alexandru Papiu Ilarian
5879,4721,4718,15.45,50,0,
5880,2611,4721,31.32,30,1,Piața Matia Corvin
5881,4725,611,16.03,50,0,Strada Sinaia
5882,4725,4722,20.95,50,1,Strada Sinaia
5883,610,4726,15.95,50,0,Strada Călărașilor
5884,4726,5693,21.98,30,1,Strada Călărașilor
5885,4718,4726,23.76,30,1,Strada Călărașilor
5886,4723,5560,19.99,30,1,Strada Călărașilor
5887,5557,4720,31.07,30,1,Strada Călărașilor
5888,2297,2309,117.41,30,0,Strada Grâului
5889,2309,5161,23.78,30,0,Strada Grâului
5890,5161,2294,22.64,30,0,Strada Grâului
5891,2294,2315,43.92,30,0,Strada Grâului
5892,2315,9147,60.42,30,0,Strada Grâului
5893,9147,2298,42.72,30,0,Strada Grâului
5894,4724,2611,35.65,30,1,Piața Matia Corvin
5895,4719,4725,18.78,80,1,Strada Sinaia
5896,4720,4724,3.65,50,0,
5897,4718,5693,9.27,50,0,
5898,4723,4720,22.19,50,0,
5899,4724,4721,16.36,50,0,
5900,733,850,105.62,30,0,Strada Bogatei
5901,850,871,88.15,30,0,Strada Bogatei
5902,871,4709,79.08,30,0,Strada Bogatei
5903,4735,4736,148.49,30,0,Strada Agricultorilor
5904,4737,8779,32.30,30,0,
5905,8779,4738,273.93,30,0,
5906,4733,4734,425.56,30,0,Strada Pomilor
5907,4741,8378,230.38,50,0,Strada Mesteacănului
5908,4742,4744,493.59,50,0,Strada Mesteacănului
5909,4747,5856,110.66,30,0,Strada Inului
5910,4748,4749,110.57,50,0,Strada Trifoiului
5911,4747,7693,35.24,30,0,Strada Gurghiului
5912,7693,4745,101.64,30,0,Strada Gurghiului
5913,4745,4750,54.02,30,0,Strada Gurghiului
5914,4751,4752,234.93,30,0,Strada Eden
5915,4753,4754,146.20,30,0,Strada Eden
5916,4755,4756,230.13,30,0,Strada Eden
5917,975,6160,74.14,50,0,Strada Bărăganului
5918,6160,6158,5.69,50,0,Strada Bărăganului
5919,6158,6159,9.09,50,0,Strada Bărăganului
5920,6159,786,29.72,50,0,Strada Bărăganului
5921,6937,1582,28.20,50,1,Strada Gheorghe Pop de Băsești
5922,1597,4357,19.61,50,0,Strada Iosif Hodoș
5923,4357,4788,13.24,50,0,Strada Iosif Hodoș
5924,4788,4358,39.28,50,0,Strada Iosif Hodoș
5925,4358,1583,43.77,50,0,Strada Iosif Hodoș
5926,1579,4350,36.69,50,1,Strada Petru Maior
5927,4350,1604,4.01,50,1,Strada Petru Maior
5928,1601,1602,35.99,30,1,Strada Petru Maior
5929,4759,5448,12.42,50,0,Strada Remetea
5930,5448,5463,139.84,50,0,Strada Remetea
5931,5463,4765,226.08,50,0,Strada Remetea
5932,4760,4762,4.43,70,0,
5933,4762,4763,8.95,70,0,
5934,4757,5485,50.50,20,0,
5935,5393,4769,18.66,20,0,
5936,4769,542,22.47,20,0,
5937,4767,4768,9.39,20,0,
5938,4771,4772,168.69,20,0,Strada Stejarilor
5939,4773,4774,30.90,30,1,
5940,4775,4773,26.33,30,1,
5941,6051,4779,1451.26,20,0,
5942,4780,4782,55.67,20,0,
5943,4782,4781,85.55,20,0,
5944,4782,4783,14.30,20,0,
5945,4784,4785,125.37,20,0,
5946,4786,4787,114.95,30,0,Strada Bărăganului
5947,4788,4359,49.83,30,0,Aleea Ion Mihuț
5948,976,4764,18.98,50,1,Strada Remetea
5949,4762,4789,13.99,50,1,Strada Agricultorilor
5950,4371,4790,31.55,30,0,Strada Mircea Robu
5951,1780,4791,9.20,50,0,
5952,2462,2465,429.82,100,0,
5953,2465,1716,196.60,100,0,
5954,1716,2467,62.92,100,0,
5955,2467,1866,973.89,100,0,
5956,5235,4462,49.44,30,1,Strada Platoul Cornești
5957,4795,4800,60.58,20,0,
5958,4794,4798,72.03,20,0,
5959,4804,4792,126.40,20,1,
5960,4796,4800,75.55,20,0,
5961,4800,4798,18.08,20,0,
5962,4798,4797,16.19,20,0,
5963,4797,4793,72.02,20,0,
5964,2030,3134,16.09,50,0,
5965,3134,2029,16.18,50,0,
5966,2029,4796,18.36,50,0,
5967,4796,4795,14.97,50,0,
5968,4795,8649,11.45,20,0,
5969,8649,4792,3.63,20,0,
5970,4806,4805,7.72,50,0,
5971,4805,5281,4.88,50,0,
5972,5281,4808,14.90,50,0,
5973,4808,5282,1.39,50,0,
5974,5282,5040,16.38,50,0,
5975,5040,1041,3.74,50,0,
5976,1041,4807,8.80,50,0,
5977,4807,4806,7.72,50,0,
5978,3346,1045,36.16,50,0,
5979,1045,1044,57.33,50,0,
5980,1044,1043,121.09,50,0,
5981,1043,1042,24.60,50,0,
5982,551,2647,39.85,30,1,Piața Matia Corvin
5983,2647,4810,38.86,30,1,Piața Matia Corvin
5984,4342,1537,17.71,50,1,Strada Cuza Vodă
5985,4809,4342,14.73,50,1,Strada Cuza Vodă
5986,3922,2700,38.01,50,1,Strada Tamás Ernő
5987,5422,4810,9.28,50,0,
5988,4810,5306,12.49,50,0,
5989,5306,3922,2.81,50,0,
5990,3922,3921,25.93,50,0,
5991,3921,4809,5.37,50,0,
5992,4809,1537,7.79,50,0,
5993,1537,551,15.56,50,0,
5994,551,5422,13.92,50,0,
5995,3423,3424,28.19,50,0,Strada Noua
5996,4812,7031,110.11,20,0,
5997,4813,4814,58.61,20,1,
5998,255,4818,9.42,50,0,Bulevardul 1848
5999,4818,8621,3.64,50,0,Bulevardul 1848
6000,8621,4816,8.08,50,0,Bulevardul 1848
6001,4816,4815,2.22,50,0,Bulevardul 1848
6002,4815,1845,11.00,50,0,Bulevardul 1848
6003,1845,4817,1.75,50,0,Bulevardul 1848
6004,4817,4819,11.74,50,0,Bulevardul 1848
6005,4819,255,2.36,50,0,Bulevardul 1848
6006,4820,4821,80.59,20,0,
6007,772,7677,60.50,50,0,Strada Hunedoara
6008,7677,2630,5.98,50,0,Strada Hunedoara
6009,2630,2633,90.86,50,0,Strada Hunedoara
6010,2633,6795,53.50,50,0,Strada Hunedoara
6011,6795,5670,6.50,50,0,Strada Hunedoara
6012,5670,771,16.82,50,0,Strada Hunedoara
6013,2636,2635,58.78,50,1,
6014,2635,8186,23.67,50,1,
6015,8186,4606,62.87,50,1,
6016,4606,2633,43.93,50,1,
6017,2634,2635,93.62,50,1,
6018,63,3109,45.04,50,0,Strada Livezeni
6019,3109,6824,9.84,50,0,Strada Livezeni
6020,6824,3110,57.69,50,0,Strada Livezeni
6021,3110,5368,46.26,50,0,Strada Livezeni
6022,5368,6828,2.47,50,0,Strada Livezeni
6023,6828,3112,181.66,50,0,Strada Livezeni
6024,3112,2606,28.53,50,0,Strada Livezeni
6025,2606,3113,60.67,50,0,Strada Livezeni
6026,3113,3114,70.09,50,0,Strada Livezeni
6027,3114,3116,51.01,50,0,Strada Livezeni
6028,3116,5692,271.45,50,0,Strada Livezeni
6029,1705,1838,97.21,30,0,Strada Subpădure
6030,1838,6401,134.74,30,0,Strada Subpădure
6031,4825,4826,206.18,30,1,
6032,4831,4130,41.01,20,1,
6033,4830,4828,80.42,20,0,
6034,4131,5638,22.43,20,1,
6035,5638,4832,16.92,20,1,
6036,5637,4833,23.33,20,0,
6037,4833,5638,43.88,20,0,
6038,4834,5634,96.30,20,0,
6039,4834,4829,83.98,20,0,
6040,4829,4827,26.61,20,0,
6041,4931,5636,89.95,20,0,
6042,5636,5634,6.54,20,0,
6043,5634,4829,7.79,20,0,
6044,4829,4830,14.13,20,0,
6045,4830,4831,8.21,20,0,
6046,4831,4832,7.08,20,0,
6047,4832,4833,26.95,20,0,
6048,2971,4844,78.12,30,0,Aleea Fortuna
6049,4843,4841,46.62,30,0,Strada Sudului
6050,2956,4835,40.35,50,0,
6051,4842,4845,120.78,20,0,Aleea Mureșului
6052,4839,4837,11.77,20,0,
6053,4840,4838,16.91,20,0,
6054,4836,2958,35.42,20,0,
6055,4846,4847,161.10,20,0,
6056,4758,4852,52.95,50,0,Strada Vasile Săbădeanu
6057,4852,4907,82.44,50,0,Strada Vasile Săbădeanu
6058,4907,1410,50.69,50,0,Strada Vasile Săbădeanu
6059,1410,7305,33.32,50,0,Strada Vasile Săbădeanu
6060,7305,7303,16.37,50,0,Strada Vasile Săbădeanu
6061,7303,1204,236.32,50,0,Strada Vasile Săbădeanu
6062,4848,4849,127.64,30,0,Strada Ioan Vescan
6063,4849,6912,5.45,30,0,Strada Ioan Vescan
6064,6912,4850,65.90,30,0,Strada Ioan Vescan
6065,4850,4851,364.59,30,0,Strada Ioan Vescan
6066,1193,4852,54.70,50,0,Strada Vasile Săbădeanu
6067,4855,4856,5.98,50,0,
6068,0,1834,41.08,50,0,Calea Sighișoarei
6069,4858,4857,52.48,30,0,
6070,4859,4860,11.95,20,0,
6071,4860,4861,30.43,20,0,
6072,4863,4862,463.03,20,0,
6073,1933,4864,8.85,20,0,
6074,4865,4866,96.56,50,0,Strada Lavandei
6075,4866,4979,40.04,50,0,Strada Lavandei
6076,4868,2529,58.77,20,0,
6077,2529,4869,3.30,20,0,
6078,4869,2525,50.59,20,0,
6079,4870,7520,8.50,20,0,
6080,7520,4871,26.34,20,0,
6081,4871,1905,19.77,20,0,
6082,1137,1136,229.86,50,1,Strada Trandafirului
6083,1129,1105,204.46,50,0,Strada Prunului
6084,2636,7219,30.57,20,0,
6085,7219,4873,55.92,20,0,
6086,2608,6982,1.79,30,0,Strada Cerbului
6087,6982,1405,182.08,30,0,Strada Cerbului
6088,4874,4875,26.37,20,0,
6089,4789,4763,15.19,50,1,Strada Agricultorilor
6090,1191,1190,59.45,50,1,Strada Agricultorilor
6091,862,4881,21.93,50,1,Strada Tisei
6092,4878,4882,2.36,90,0,
6093,4879,4386,13.15,20,0,
6094,1939,1934,126.36,30,0,Strada Dealului
6095,1316,783,39.16,50,1,Strada Călărașilor
6096,785,4878,16.03,90,0,
6097,4877,4879,11.71,90,0,
6098,4879,785,7.39,90,0,
6099,4881,4880,4.06,90,0,
6100,4880,4877,13.36,90,0,
6101,2625,4887,95.78,20,0,
6102,4887,4888,166.39,20,0,
6103,4560,4965,78.76,90,1,
6104,7642,4890,117.35,20,0,
6105,4892,4893,67.41,50,0,Strada Garoafei
6106,4893,4891,38.49,50,0,Strada Garoafei
6107,2537,6789,56.13,20,0,
6108,6789,4895,16.97,20,0,
6109,5774,4897,174.34,20,0,Strada Rozmarinului
6110,5773,4898,182.20,20,0,
6111,4900,4899,162.02,50,0,Strada Busuiocului
6112,5003,4901,172.08,50,0,Strada Orhideelor
6113,4902,4907,238.94,30,0,Strada Tompa Miklós
6114,4903,4904,177.14,30,0,Strada Hints Ottó
6115,4904,5091,291.52,30,0,Strada Hints Ottó
6116,5091,6155,25.02,30,0,Strada Hints Ottó
6117,3660,4373,68.78,50,0,Strada Constandin Hagi Stoian
6118,4373,3657,302.54,50,0,Strada Constandin Hagi Stoian
6119,3657,5435,17.50,50,0,Strada Constandin Hagi Stoian
6120,5435,4906,166.56,50,0,Strada Constandin Hagi Stoian
6121,200,170,116.19,30,1,Strada Mitropolit Andrei Șaguna
6122,393,163,89.79,30,1,Strada Spitalul Vechi
6123,756,759,58.47,30,1,Piața Memorandului
6124,253,39,21.08,50,0,Bulevardul 1848
6125,8904,4258,31.79,30,0,
6126,2663,2664,46.33,50,1,Calea Sighișoarei
6127,4909,4908,51.63,20,0,
6128,2980,4910,117.92,20,0,Strada Bányai János
6129,730,729,161.38,30,0,Strada Caraiman
6130,4719,4722,8.05,50,0,
6131,4722,4723,12.82,50,0,
6132,2700,4260,24.80,50,1,Strada Tamás Ernő
6133,4260,3921,16.01,50,1,Strada Tamás Ernő
6134,41,6928,44.29,50,0,Bulevardul 1 Decembrie 1918
6135,545,1876,58.85,50,0,Strada Secuilor Martiri
6136,3147,3148,46.27,50,0,Piața Republicii
6137,747,64,79.46,50,0,Strada Regele Mihai I
6138,4911,64,93.89,50,0,Piața Republicii
6139,511,4925,36.74,50,0,Strada Cutezanței
6140,4913,5352,256.89,50,0,
6141,5352,4914,34.09,50,0,
6142,4912,4916,307.07,20,0,
6143,4882,862,27.34,50,1,Strada Tisei
6144,4882,4881,16.15,90,0,
6145,4761,4764,11.33,70,0,
6146,4761,976,20.55,40,1,Strada Remetea
6147,4764,4765,14.18,70,0,
6148,4765,4760,8.40,70,0,
6149,862,1336,149.38,50,0,Strada Tisei
6150,1039,5311,278.76,50,0,Strada Podeni
6151,5311,9103,86.35,50,0,Strada Podeni
6152,9103,1201,170.79,50,0,Strada Podeni
6153,1201,1419,56.51,50,0,Strada Podeni
6154,1419,1417,163.87,50,0,Strada Podeni
6155,1417,9105,37.06,50,0,Strada Podeni
6156,9105,1336,34.33,50,0,Strada Podeni
6157,1189,1342,20.96,50,0,Strada Agricultorilor
6158,1342,1344,70.82,50,0,Strada Agricultorilor
6159,1344,4361,37.20,50,0,Strada Agricultorilor
6160,4412,4410,85.66,30,1,Piața Gării
6161,4410,4408,8.75,30,1,Piața Gării
6162,4408,4936,8.68,30,1,Piața Gării
6163,4412,4411,21.02,50,0,Piața Gării
6164,4411,4409,71.35,30,1,Piața Gării
6165,4411,4235,60.44,50,0,Piața Gării
6166,4134,4937,34.05,50,1,Strada Gheorghe Doja
6167,1194,8359,14.60,50,0,Strada Voinicenilor
6168,8359,6104,97.31,50,0,Strada Voinicenilor
6169,6104,1340,19.55,50,0,Strada Voinicenilor
6170,1340,4360,119.42,50,0,Strada Voinicenilor
6171,543,7465,6.86,50,1,Piața Mărășești
6172,7465,5688,34.91,50,1,Piața Mărășești
6173,5688,535,141.93,50,1,Piața Mărășești
6174,204,3143,210.46,50,1,Strada Avram Iancu
6175,1328,68,55.82,50,0,Piața Petőfi Sándor
6176,2698,1328,9.48,50,0,Piața Petőfi Sándor
6177,4917,6415,14.14,20,0,
6178,6415,6418,1.11,20,0,
6179,6418,6416,9.34,20,0,
6180,6416,6417,6.53,20,0,
6181,6417,4918,32.20,20,0,
6182,4919,6948,53.17,20,0,
6183,4921,4922,40.55,20,0,
6184,4922,4923,37.27,20,0,
6185,535,534,40.81,50,0,Strada Mărăști
6186,534,5687,156.74,50,1,Piața Mărășești
6187,5687,7466,33.54,50,1,Piața Mărășești
6188,7466,7467,24.09,50,1,Piața Mărășești
6189,7467,2638,1.80,50,1,Piața Mărășești
6190,2060,997,147.73,50,1,Strada Gheorghe Doja
6191,997,998,71.93,50,1,Strada Gheorghe Doja
6192,998,7740,39.67,50,1,Strada Gheorghe Doja
6193,7740,999,38.15,50,1,Strada Gheorghe Doja
6194,999,1000,78.78,50,1,Strada Gheorghe Doja
6195,1000,1001,96.49,50,1,Strada Gheorghe Doja
6196,1001,8182,106.44,50,1,Strada Gheorghe Doja
6197,771,5667,89.76,50,1,Strada Gheorghe Doja
6198,5667,5665,44.78,50,1,Strada Gheorghe Doja
6199,5665,848,59.76,50,1,Strada Gheorghe Doja
6200,848,7217,98.86,50,1,Strada Gheorghe Doja
6201,7217,774,64.58,50,1,Strada Gheorghe Doja
6202,774,2455,64.66,50,1,Strada Gheorghe Doja
6203,2455,2458,96.44,50,1,Strada Gheorghe Doja
6204,2458,3633,147.75,50,1,Strada Gheorghe Doja
6205,3653,3654,176.62,50,0,Strada Viorelelor
6206,4659,4660,123.74,20,0,
6207,1972,1974,152.11,50,0,Strada Mureșeni
6208,1974,1980,158.93,50,0,Strada Mureșeni
6209,1980,1976,213.46,50,0,Strada Mureșeni
6210,1976,7425,277.98,50,0,Strada Mureșeni
6211,7425,2088,56.36,50,0,Strada Mureșeni
6212,2088,2205,45.25,50,0,Strada Mureșeni
6213,2205,2170,66.64,50,0,Strada Mureșeni
6214,2170,2095,312.12,50,0,Strada Mureșeni
6215,97,4926,6.53,70,0,
6216,4927,97,16.35,70,0,
6217,4928,4927,6.53,70,0,
6218,4930,4929,6.53,70,0,
6219,4926,4930,13.08,70,0,
6220,4926,4290,23.66,30,1,Strada Înfrățirii
6221,4290,4930,23.38,30,1,Strada Înfrățirii
6222,4929,57,26.77,50,1,Strada Cutezanței
6223,4925,97,23.51,30,1,Strada Cutezanței
6224,4927,4925,27.07,30,1,Strada Cutezanței
6225,57,4928,29.95,30,1,Strada Cutezanței
6226,4929,4928,16.34,70,0,
6227,768,767,263.36,30,0,Strada Jilavei
6228,988,4931,49.70,20,0,
6229,4931,5639,170.41,20,0,
6230,4935,4932,57.38,30,1,
6231,4936,4932,61.11,50,1,Piața Gării
6232,4934,4933,103.40,20,0,
6233,4135,533,33.08,30,1,Piața Gării
6234,1068,1172,338.26,70,0,
6235,1172,1170,584.54,70,0,
6236,1170,1171,500.41,70,0,
6237,1914,2563,825.77,70,0,Strada de Sus
6238,2563,5382,987.64,70,0,Strada de Sus
6239,5382,5019,15.33,70,0,Strada de Sus
6240,5019,5020,116.08,70,0,Strada de Sus
6241,5020,2519,51.37,70,0,Strada de Sus
6242,2519,2479,101.48,70,0,Strada de Sus
6243,2479,5385,414.28,70,0,Strada de Sus
6244,5385,1924,163.04,70,0,Strada de Sus
6245,1924,1088,200.75,70,0,Strada de Sus
6246,4943,4944,59.36,10,0,Strada Crizantemei
6247,4945,4946,87.86,20,1,
6248,4946,4947,34.89,90,0,
6249,4945,3170,51.61,90,0,
6250,4947,4948,37.82,20,0,
6251,4947,4945,34.30,90,0,
6252,1209,1059,69.63,30,0,Strada Platoul Cornești
6253,943,944,80.56,50,1,
6254,773,1851,18.34,50,0,Strada Cisnădie
6255,4950,8302,100.51,20,0,
6256,4953,4952,266.81,50,0,
6257,3171,4954,204.87,20,0,
6258,4959,4955,14.76,50,1,Strada Bailor
6259,4955,4958,16.09,50,1,Strada Bailor
6260,4961,1476,34.75,90,1,Strada Transilvaniei
6261,1476,4960,33.35,90,1,Strada Transilvaniei
6262,4962,4961,2.65,30,0,
6263,4961,4960,10.69,30,0,
6264,4960,4959,2.75,30,0,
6265,4959,4958,7.98,30,0,
6266,4958,4957,2.66,30,0,
6267,4957,4956,13.21,30,0,
6268,4956,4962,2.66,30,0,
6269,5048,6080,120.74,90,1,Strada Transilvaniei
6270,4957,75,198.29,90,1,Strada Transilvaniei
6271,75,1110,244.96,90,1,Strada Transilvaniei
6272,1110,1466,26.12,90,1,Strada Transilvaniei
6273,1466,1700,312.84,90,1,Strada Transilvaniei
6274,4965,4964,81.38,90,1,
6275,4965,1733,97.91,90,0,
6276,1733,6813,133.53,90,0,
6277,6813,108,14.74,90,0,
6278,108,6817,238.31,90,0,
6279,6817,4946,20.66,90,0,
6280,4968,1170,23.18,50,0,
6281,4966,4968,10.34,50,0,
6282,4504,4969,75.96,20,0,
6283,1169,4966,636.78,50,0,
6284,1173,1168,48.70,50,0,
6285,4501,4666,40.11,50,0,Strada Veseliei
6286,4666,4978,38.00,50,0,Strada Veseliei
6287,4972,4971,9.55,50,0,
6288,3666,4972,72.10,50,0,
6289,4495,4975,57.51,20,0,
6290,4977,4976,86.61,20,0,
6291,4978,2868,218.77,50,0,
6292,5491,4866,27.55,20,0,
6293,4981,4980,89.35,20,0,
6294,3664,4982,278.59,50,0,
6295,4989,4983,69.01,50,0,
6296,4985,4984,89.80,50,0,
6297,4987,4986,156.30,50,0,
6298,4991,4992,5.56,50,0,
6299,4992,7042,311.48,50,0,
6300,4993,4991,9.16,50,0,
6301,866,4993,277.77,50,0,
6302,867,4994,240.13,50,0,
6303,4996,4995,224.79,50,0,
6304,4998,4997,212.48,50,0,
6305,4674,4967,428.91,20,0,
6306,4671,4673,10.19,20,0,
6307,4669,4671,94.61,20,0,
6308,3037,3027,231.37,50,0,Strada Bolyai János
6309,3026,3029,62.30,50,0,Strada Urcușului
6310,3029,1123,50.53,50,0,Strada Urcușului
6311,1123,3037,120.44,50,0,Strada Urcușului
6312,3037,5898,140.85,50,0,Strada Urcușului
6313,5898,4999,48.02,50,0,Strada Urcușului
6314,5000,4999,229.76,50,0,
6315,5002,1813,16.62,20,1,
6316,76,5001,15.80,20,1,
6317,1863,5006,45.50,50,0,Strada Soarelui
6318,5006,5005,183.24,50,0,Strada Soarelui
6319,2487,4322,316.77,50,0,Strada Păsăreni
6320,4322,1098,297.87,50,0,Strada Păsăreni
6321,1098,5756,113.44,50,0,Strada Păsăreni
6322,5756,2486,271.70,50,0,Strada Păsăreni
6323,4321,4322,132.41,20,0,
6324,5017,5015,47.72,20,0,
6325,2538,9049,192.22,20,0,
6326,2538,2510,38.43,20,0,
6327,5019,5018,185.85,50,0,Strada Zorilor
6328,5021,5020,304.39,50,0,Strada Stelelor
6329,5023,5022,134.93,50,0,Strada Frumoasă
6330,5025,5023,84.62,50,0,Strada Tneretului
6331,5023,5021,98.47,50,0,Strada Tneretului
6332,5021,5024,48.28,50,0,Strada Tneretului
6333,5027,5026,186.08,50,0,Strada Toamnei
6334,2564,5025,347.71,50,0,Strada Primăverii
6335,5025,5027,78.77,50,0,Strada Primăverii
6336,5027,2479,214.55,50,0,Strada Primăverii
6337,1923,1089,42.37,50,0,
6338,5029,5028,97.84,20,0,
6339,1093,5029,72.92,50,0,Strada Bisericii
6340,5029,1090,75.39,50,0,Strada Bisericii
6341,1090,1921,98.44,50,0,Strada Bisericii
6342,1921,5389,221.09,50,0,Strada Bisericii
6343,5389,5036,135.02,50,0,Strada Bisericii
6344,5036,1092,114.96,50,0,Strada Bisericii
6345,5031,5030,167.32,20,0,
6346,2517,5032,153.18,20,0,
6347,5034,9054,118.49,50,0,Strada Bradului
6348,5035,2509,333.32,50,0,Strada Grădinilor
6349,5037,5036,190.82,20,0,Strada Capelei
6350,1873,5038,43.88,50,0,
6351,5039,9055,243.53,50,0,Strada Castanilor
6352,2553,9056,336.53,50,0,Strada Cireșului
6353,2687,4855,422.86,50,0,Strada Terebici
6354,2683,4676,2735.37,50,0,
6355,8610,2780,37.31,50,0,Calea Sighișoarei
6356,2522,6862,108.07,50,0,Calea Sighișoarei
6357,6862,8612,7.75,50,0,Calea Sighișoarei
6358,2550,2511,24.94,50,0,Calea Sighișoarei
6359,2536,2549,28.52,50,0,Calea Sighișoarei
6360,2549,2518,129.35,50,0,Calea Sighișoarei
6361,2518,1166,7.79,50,0,Calea Sighișoarei
6362,2511,2522,22.34,50,0,Calea Sighișoarei
6363,4973,9184,608.93,50,0,Strada Subpadure
6364,9184,4496,247.42,50,0,Strada Subpadure
6365,1228,1229,37.09,70,0,
6366,1228,791,33.19,50,0,
6367,791,3684,55.16,50,0,
6368,1574,1228,61.01,50,0,Strada Voinicenilor
6369,8583,960,37.96,50,1,Strada Voinicenilor
6370,1636,6076,11.70,50,1,Strada Tisei
6371,4347,962,50.07,50,1,Strada Tisei
6372,6067,1560,283.24,50,0,Strada Voinicenilor
6373,1560,6284,65.55,50,0,Strada Voinicenilor
6374,6284,6282,11.60,50,0,Strada Voinicenilor
6375,6282,6285,31.84,50,0,Strada Voinicenilor
6376,6285,6278,17.05,50,0,Strada Voinicenilor
6377,6278,4906,44.05,50,0,Strada Voinicenilor
6378,4906,3662,28.74,50,0,Strada Voinicenilor
6379,3662,1562,2.93,50,0,Strada Voinicenilor
6380,1562,6276,75.16,50,0,Strada Voinicenilor
6381,6276,6264,22.15,50,0,Strada Voinicenilor
6382,6264,5073,62.83,50,0,Strada Voinicenilor
6383,5073,6269,68.36,50,0,Strada Voinicenilor
6384,6269,6274,112.96,50,0,Strada Voinicenilor
6385,6274,787,66.77,50,0,Strada Voinicenilor
6386,787,3642,44.52,50,0,Strada Voinicenilor
6387,3642,3648,65.12,50,0,Strada Voinicenilor
6388,3648,1566,85.29,50,0,Strada Voinicenilor
6389,1566,6270,47.99,50,0,Strada Voinicenilor
6390,6270,3680,37.58,50,0,Strada Voinicenilor
6391,3680,6272,17.65,50,0,Strada Voinicenilor
6392,6272,1195,9.08,50,0,Strada Voinicenilor
6393,3004,1109,7.90,90,1,Strada Transilvaniei
6394,4938,5052,24.45,70,0,Strada Tofalău
6395,2376,7536,31.18,50,0,Strada Libertății
6396,7536,7539,59.04,50,0,Strada Libertății
6397,7539,2361,55.91,50,0,Strada Libertății
6398,2361,6488,2.40,50,0,Strada Libertății
6399,6488,7555,146.74,50,0,Strada Libertății
6400,7555,7541,37.60,50,0,Strada Libertății
6401,7541,7544,51.26,50,0,Strada Libertății
6402,7544,7546,45.19,50,0,Strada Libertății
6403,7546,6744,93.27,50,0,Strada Libertății
6404,6744,9185,58.94,50,0,Strada Libertății
6405,9185,2378,112.17,50,0,Strada Libertății
6406,2378,1183,46.75,50,0,Strada Libertății
6407,1183,5166,11.62,50,0,Strada Libertății
6408,5166,7549,163.33,50,0,Strada Libertății
6409,7549,7551,77.00,50,0,Strada Libertății
6410,7551,7929,22.62,50,0,Strada Libertății
6411,7929,8296,24.84,50,0,Strada Libertății
6412,8296,7818,80.57,50,0,Strada Libertății
6413,7818,7817,17.56,50,0,Strada Libertății
6414,7817,562,69.72,50,0,Strada Libertății
6415,104,8465,21.82,50,1,Strada Gheorghe Doja
6416,8465,8463,45.31,50,1,Strada Gheorghe Doja
6417,8463,7135,91.66,50,1,Strada Gheorghe Doja
6418,7135,2585,89.86,50,1,Strada Gheorghe Doja
6419,1943,5682,149.82,50,1,Strada Gheorghe Doja
6420,5682,104,14.78,50,1,Strada Gheorghe Doja
6421,1005,7272,20.66,50,0,Strada Rampei
6422,7272,7271,12.93,50,0,Strada Rampei
6423,7271,7270,18.02,50,0,Strada Rampei
6424,7270,7268,8.78,50,0,Strada Rampei
6425,7268,2468,0.62,50,0,Strada Rampei
6426,2468,123,68.81,50,0,Strada Rampei
6427,1690,1005,103.83,50,1,Strada Gheorghe Doja
6428,996,2060,61.66,50,1,Strada Gheorghe Doja
6429,5400,2009,196.31,50,1,Strada Gheorghe Doja
6430,10,4481,104.82,50,0,Strada Bega
6431,4481,1660,21.03,50,0,Strada Bega
6432,1180,1181,30.00,50,0,Strada Sălcilor
6433,1181,4611,81.07,50,0,Strada Sălcilor
6434,1040,1357,263.63,50,0,
6435,5266,2233,14.65,50,1,Strada Barajului
6436,2233,3948,17.01,50,1,Strada Barajului
6437,5265,5264,4.62,30,1,Strada Libertății
6438,5264,2239,27.36,30,1,Strada Libertății
6439,1697,2237,35.78,30,1,Strada Ion Heliade Rădulescu
6440,776,2431,50.11,50,0,Strada Budiului
6441,2431,6044,39.33,50,0,Strada Budiului
6442,6044,775,91.70,50,0,Strada Budiului
6443,265,8116,6.81,50,0,Strada Bega
6444,8116,2419,46.74,50,0,Strada Bega
6445,2419,8114,58.20,50,0,Strada Bega
6446,8114,4486,3.23,50,0,Strada Bega
6447,264,8113,26.95,50,0,Strada Budiului
6448,8113,6551,60.79,50,0,Strada Budiului
6449,6551,4295,62.44,50,0,Strada Budiului
6450,4710,989,51.10,50,1,Strada Gheorghe Doja
6451,2033,5632,83.83,50,1,Strada Gheorghe Doja
6452,4705,1832,110.85,50,0,Strada Gheorghe Doja
6453,20,2773,30.25,50,0,Bulevardul Pandurilor
6454,1215,2638,69.74,50,0,Strada Revoluției
6455,1700,5042,72.39,90,1,Strada Transilvaniei
6456,5043,5046,76.47,90,1,Strada Transilvaniei
6457,5046,5050,292.52,90,1,Strada Transilvaniei
6458,5050,5047,14.55,90,1,Strada Transilvaniei
6459,5047,5416,23.79,90,1,Strada Transilvaniei
6460,5416,5049,97.50,90,1,Strada Transilvaniei
6461,5049,5048,149.41,90,1,Strada Transilvaniei
6462,5045,5044,4.46,90,1,
6463,5044,5043,6.71,90,1,
6464,5043,5042,8.96,90,1,
6465,5042,74,3.27,90,1,
6466,74,5041,3.46,90,1,
6467,5041,5045,4.45,90,1,
6468,5052,5051,7.51,50,0,Strada Márton Áron
6469,5051,1134,7.60,50,0,Strada Márton Áron
6470,2665,5059,7.07,90,0,Strada Petki Dávid
6471,5055,5056,528.74,50,1,Strada Petki Dávid
6472,5056,5054,82.33,50,1,Strada Petki Dávid
6473,5054,5057,336.54,50,1,Strada Petki Dávid
6474,5057,5058,158.35,50,1,Strada Petki Dávid
6475,5058,5053,198.87,50,1,Strada Petki Dávid
6476,5053,5051,21.84,50,1,Strada Petki Dávid
6477,5061,5060,151.67,50,0,
6478,3644,3649,130.24,30,0,Strada Socului
6479,3649,3652,45.01,30,0,Strada Socului
6480,3652,5458,136.76,30,0,Strada Socului
6481,3743,5062,218.58,20,0,
6482,5064,5063,112.30,20,0,
6483,3693,5066,186.71,50,0,Strada Cimitirului
6484,5068,5067,90.34,30,0,Strada Constandin Hagi Stoian
6485,5070,5069,87.08,30,0,Strada Constandin Hagi Stoian
6486,5072,5071,89.86,30,0,Strada Constandin Hagi Stoian
6487,1569,1570,87.15,30,0,Strada Zeno Vancea
6488,1570,8787,1.60,30,0,Strada Zeno Vancea
6489,8787,5076,81.49,30,0,Strada Zeno Vancea
6490,5076,6253,92.09,30,0,Strada Zeno Vancea
6491,5078,5077,53.10,20,0,
6492,5080,5079,81.22,50,0,Strada Simion C. Mândrescu
6493,5079,5078,193.04,50,0,Strada Simion C. Mândrescu
6494,960,3107,24.96,30,1,Strada Decebal
6495,5082,5081,159.40,50,0,
6496,5086,8180,202.74,30,0,Strada Pomilor
6497,8180,5085,124.28,30,0,Strada Pomilor
6498,5085,5083,191.10,30,0,Strada Pomilor
6499,5083,5476,145.97,30,0,Strada Pomilor
6500,5476,5084,83.81,30,0,Strada Pomilor
6501,5088,5087,250.02,30,0,Strada Constandin Hagi Stoian
6502,5088,5083,63.23,30,0,Strada Pomilor
6503,5089,8179,201.10,30,0,Strada Pomilor
6504,8179,5088,315.55,30,0,Strada Pomilor
6505,1544,5090,180.54,30,0,Strada Hints Ottó
6506,4904,5090,33.30,30,0,Strada Hints Ottó
6507,3357,3347,65.05,20,0,
6508,4243,4244,69.07,50,0,
6509,5092,4244,198.78,50,0,
6510,5095,1158,29.78,50,0,
6511,1158,1409,83.59,50,0,
6512,1409,1159,24.07,50,0,
6513,1159,1147,211.66,50,0,
6514,5100,9177,235.49,50,0,
6515,5099,5097,79.38,50,0,
6516,5101,5100,96.38,50,0,
6517,5100,5099,96.30,50,0,
6518,5099,5098,182.27,50,0,
6519,5103,5102,61.31,20,0,
6520,5105,5104,60.43,20,0,
6521,5107,5106,60.22,20,0,
6522,5109,5108,65.02,20,0,
6523,5113,5112,167.95,20,0,
6524,3305,5114,178.46,50,0,
6525,5115,5116,266.39,50,0,
6526,5116,8560,142.52,50,0,
6527,8560,5115,51.99,50,0,
6528,5118,5117,218.04,50,0,Strada Paltinului
6529,5121,5120,142.65,50,0,
6530,2320,5122,199.75,50,0,
6531,5124,5123,124.13,20,0,
6532,5126,5125,79.88,50,0,
6533,5130,5129,92.66,20,0,
6534,5132,5131,101.11,20,0,
6535,2304,3241,83.17,50,0,
6536,3241,3243,118.57,50,0,
6537,5135,5134,160.16,50,0,
6538,5137,5136,137.29,50,0,
6539,5139,5138,131.68,50,0,
6540,5141,5140,133.46,50,0,
6541,3296,5135,111.58,50,0,
6542,5135,5137,59.31,50,0,
6543,5137,5139,64.06,50,0,
6544,5139,5141,34.63,50,0,
6545,5141,9127,26.31,50,0,
6546,9127,9129,31.22,50,0,
6547,9129,3268,59.49,50,0,
6548,3268,9131,6.68,50,0,
6549,9131,5142,53.35,50,0,
6550,5146,5143,137.84,50,0,
6551,5148,5147,89.45,20,0,
6552,5095,1160,206.36,50,0,
6553,3353,5151,103.82,50,0,
6554,5151,5150,43.54,50,0,
6555,5150,5149,33.57,50,0,
6556,5153,5152,258.31,50,0,
6557,3414,5155,79.73,50,0,
6558,5155,5154,116.68,50,0,
6559,5158,5157,16.14,20,0,
6560,2394,5802,170.71,30,0,Strada Tazlăului
6561,2298,5159,237.57,50,0,
6562,9145,5160,189.31,20,0,
6563,2309,5162,205.52,50,0,
6564,1976,5163,86.77,20,0,
6565,2314,2305,47.82,50,0,
6566,2305,2318,140.62,50,0,
6567,2314,5164,162.33,50,0,
6568,5167,770,64.97,30,0,Strada Spicului
6569,5177,4656,348.46,50,0,
6570,5177,4657,331.12,50,0,
6571,2440,2434,477.74,50,0,Strada Viile Dealul Budiului
6572,2434,2415,213.94,50,0,Strada Viile Dealul Budiului
6573,5179,5178,164.55,20,0,
6574,2063,8279,211.95,50,0,
6575,1425,2014,94.29,50,0,Strada Mestecănișului
6576,2014,2015,17.29,50,0,Strada Mestecănișului
6577,5170,5171,52.17,20,0,
6578,5171,5169,212.79,20,0,
6579,5171,5172,8.35,20,0,
6580,5174,5173,41.73,20,0,
6581,5172,5176,113.00,20,0,
6582,5176,5175,28.75,20,0,
6583,4215,4212,53.02,50,0,Strada Paris
6584,4217,2762,26.07,30,1,Strada Transilvania
6585,5182,5180,110.44,20,0,
6586,5180,8728,51.85,20,0,
6587,5181,5180,121.10,20,0,
6588,2457,5181,40.25,20,0,
6589,5181,8728,179.65,20,0,
6590,8728,5182,60.91,20,0,
6591,5182,9121,80.17,20,0,
6592,5187,5183,67.59,20,0,
6593,5185,5184,124.87,20,0,
6594,8288,5190,119.29,20,0,
6595,5190,1951,68.39,20,0,
6596,5194,5193,76.18,20,0,
6597,1269,5195,98.79,50,0,Strada Adrian Hidoș
6598,5198,5197,12.37,50,0,
6599,5199,5198,34.67,50,0,
6600,5197,5196,201.97,50,0,
6601,5201,5200,148.40,50,0,
6602,5203,5202,811.13,20,0,
6603,5210,5209,6.94,50,0,
6604,1274,5210,50.07,50,0,
6605,5205,5208,80.48,50,0,
6606,5208,5204,171.04,50,0,
6607,5207,5206,236.14,50,0,
6608,5209,5207,43.84,50,0,
6609,5207,5208,54.08,50,0,
6610,5213,5212,8.83,50,0,
6611,5214,5213,53.12,50,0,
6612,5212,5211,105.83,50,0,
6613,5217,5216,7.47,50,0,
6614,5218,5217,78.55,50,0,
6615,5216,5215,203.58,50,0,
6616,5221,5220,10.66,50,0,
6617,5222,5221,66.81,50,0,
6618,5220,5219,275.43,50,0,
6619,5224,5223,737.48,50,0,
6620,2243,5225,79.09,20,0,
6621,5227,5226,49.98,20,0,
6622,5229,5228,73.17,20,0,
6623,1706,5230,147.13,20,0,
6624,1295,1294,47.54,50,0,
6625,1082,1290,107.48,30,0,Strada Lisabona
6626,6934,1286,91.89,50,1,Strada Amsterdam
6627,1286,1287,121.94,50,1,Strada Amsterdam
6628,5232,5231,190.81,50,0,Strada Flamingo
6629,1210,5235,3.21,30,1,Strada Platoul Cornești
6630,587,9065,32.82,50,0,
6631,9065,2621,24.54,50,0,
6632,5240,409,45.22,50,1,Strada Secerei
6633,409,5239,10.83,50,1,Strada Secerei
6634,5239,4644,35.92,50,1,Strada Secerei
6635,5243,5242,44.49,30,0,Strada Maramureș
6636,5244,400,182.81,50,0,Bulevardul Pandurilor
6637,400,1525,60.27,50,0,Bulevardul Pandurilor
6638,5249,4241,20.91,50,0,
6639,4241,5248,25.73,20,0,
6640,3242,5251,330.80,50,0,Strada Mureșului
6641,5253,5968,14.50,20,0,
6642,5968,5252,219.80,20,0,
6643,5142,5253,51.71,20,0,
6644,5253,3275,279.36,20,0,
6645,4763,4761,6.67,70,0,
6646,8354,5258,18.24,50,1,Strada Cuza Vodă
6647,5259,121,18.66,50,1,Strada Libertății
6648,5260,5261,21.62,50,1,Strada Cuza Vodă
6649,4678,5260,19.07,50,1,Strada Cuza Vodă
6650,5258,4680,17.04,50,1,Strada Cuza Vodă
6651,2238,5263,18.91,30,1,Strada Ion Heliade Rădulescu
6652,5263,1697,11.55,30,1,Strada Ion Heliade Rădulescu
6653,1697,3937,6.66,50,0,Strada Ion Heliade Rădulescu
6654,5264,5263,31.04,30,1,
6655,2232,5265,32.96,30,1,Strada Libertății
6656,3948,2234,35.19,50,1,Strada Barajului
6657,4184,4188,34.23,50,0,
6658,3273,4189,14.72,50,0,
6659,4189,4188,61.90,50,0,
6660,5271,5267,56.83,50,0,
6661,5270,5268,70.37,50,0,
6662,5272,5271,126.76,50,0,
6663,5271,5270,76.40,50,0,
6664,5270,5269,24.02,50,0,
6665,5274,5273,281.04,50,0,
6666,5277,5273,227.05,50,0,
6667,5273,5275,37.41,50,0,
6668,3299,6896,197.82,50,0,
6669,6896,5272,6.89,50,0,
6670,5272,3263,47.28,50,0,
6671,3263,3273,120.38,50,0,
6672,5279,5276,149.29,50,0,
6673,5280,6805,222.01,20,0,
6674,6805,6808,149.06,20,0,
6675,6808,6807,50.97,20,0,
6676,4185,4183,30.71,50,0,
6677,4611,4612,182.50,30,0,Strada Nucului
6678,4612,4616,25.02,30,0,Strada Nucului
6679,4616,4607,10.52,30,0,Strada Nucului
6680,4607,4610,50.82,30,0,Strada Nucului
6681,4610,4614,15.51,30,0,Strada Nucului
6682,4614,5274,25.63,30,0,Strada Nucului
6683,5274,5277,34.05,30,0,Strada Nucului
6684,5277,9144,4.44,30,0,Strada Nucului
6685,1042,4805,25.25,50,1,
6686,4807,1042,23.98,50,1,
6687,5281,1182,23.96,50,1,Strada Sălcilor
6688,1182,4808,28.13,50,1,Strada Sălcilor
6689,5282,1040,27.76,50,1,
6690,1040,5040,31.20,50,1,
6691,3348,5283,143.28,20,0,
6692,5285,6885,16.56,20,0,
6693,6885,6886,16.22,20,0,
6694,6886,5284,21.60,20,0,
6695,5287,6887,13.81,20,0,
6696,6887,5285,40.13,20,0,
6697,5285,5284,194.35,20,0,
6698,5284,5286,53.68,20,0,
6699,5290,5288,59.95,20,0,
6700,5291,5290,81.54,20,0,
6701,5290,5289,99.89,20,0,
6702,4617,5292,29.79,20,0,
6703,5296,5295,42.50,20,0,
6704,5294,5296,16.97,20,0,
6705,3368,5297,121.69,20,0,
6706,5301,5300,39.85,20,0,
6707,5300,5951,35.82,20,0,
6708,5302,5952,103.64,20,0,
6709,4743,5304,301.95,50,0,
6710,8378,4743,32.45,50,0,Strada Mesteacănului
6711,4743,3422,59.57,50,0,Strada Mesteacănului
6712,5304,5303,212.35,20,0,
6713,5303,3411,19.48,20,0,
6714,819,5305,39.17,50,1,
6715,5311,5310,174.85,20,0,
6716,5313,5312,37.46,20,0,
6717,5315,5316,214.55,50,0,Lalelelor
6718,5318,5317,57.51,20,0,
6719,5320,5319,124.88,20,0,
6720,5322,5321,51.07,20,0,
6721,5323,9140,66.92,20,0,
6722,5325,5324,96.95,20,0,
6723,5327,5326,127.85,50,0,
6724,5329,5869,148.63,50,0,
6725,5869,5328,66.29,50,0,
6726,5331,5330,102.74,20,0,
6727,5334,5332,86.22,50,0,
6728,5335,5334,67.39,50,0,
6729,5334,5333,70.55,50,0,
6730,5337,5336,219.87,50,0,
6731,5339,5338,201.43,50,0,
6732,1461,5340,70.23,20,0,
6733,5342,5341,127.62,20,0,
6734,5344,5343,129.77,20,0,
6735,5346,5345,109.16,20,0,
6736,5348,5347,61.55,20,0,
6737,5350,5349,130.74,20,0,
6738,5352,5351,88.08,50,0,
6739,4914,4915,333.49,50,0,
6740,5354,5353,241.89,20,0,
6741,4823,5355,238.53,50,0,
6742,5357,5356,139.97,20,0,
6743,5359,5358,114.70,20,0,
6744,5361,5360,50.52,50,0,
6745,5360,7044,496.34,50,0,
6746,7044,7043,261.42,50,0,
6747,5826,5361,18.73,50,0,
6748,5361,5364,289.31,50,0,
6749,5364,2605,109.25,50,0,
6750,2605,2602,108.65,50,0,
6751,5364,5363,121.33,20,0,
6752,2605,5365,26.92,20,0,
6753,5369,2530,75.44,20,0,
6754,5372,5371,111.29,20,0,
6755,1857,5373,110.16,20,0,
6756,2495,2525,25.23,50,0,
6757,2525,2500,31.96,50,0,
6758,2500,2502,9.94,50,0,
6759,2502,2555,29.00,50,0,
6760,2555,2490,37.06,50,0,
6761,2490,2526,28.91,50,0,
6762,5375,5374,99.33,50,0,Strada Pârâului de Jos
6763,5377,5374,222.47,50,0,Strada Pârâului de Jos
6764,5374,5376,50.06,50,0,Strada Pârâului de Jos
6765,5766,5380,94.75,50,0,Strada Mestecănișului
6766,5382,5381,115.66,20,0,Strada Belșugului
6767,2519,5383,53.77,20,0,
6768,5385,5384,36.49,20,0,
6769,5388,5386,35.11,20,0,
6770,5389,5388,49.59,20,0,
6771,5388,5387,46.39,20,0,
6772,5391,4769,16.82,20,0,
6773,5392,5391,8.57,20,0,
6774,5394,5393,8.57,20,0,
6775,4766,4767,20.63,20,0,
6776,2232,2239,8.59,80,0,
6777,925,5266,2.36,80,0,
6778,2237,565,2.00,80,0,
6779,5398,561,32.60,50,0,
6780,5399,5398,72.86,50,0,
6781,3460,3461,10.20,50,0,
6782,5401,8594,13.62,50,1,Strada Gheorghe Doja
6783,8593,5400,12.45,50,1,Strada Gheorghe Doja
6784,4431,7998,28.43,50,0,Bulevardul 1 Decembrie 1918
6785,7998,1872,17.28,50,0,Bulevardul 1 Decembrie 1918
6786,1872,8001,15.15,50,0,Bulevardul 1 Decembrie 1918
6787,8001,2821,160.98,50,0,Bulevardul 1 Decembrie 1918
6788,5402,5403,10.63,50,0,Bulevardul 1 Decembrie 1918
6789,542,4138,63.26,50,0,Strada Sinaia
6790,4138,7355,2.64,50,0,Strada Pavel Chinezu
6791,7355,7349,48.01,50,0,Strada Pavel Chinezu
6792,7349,608,65.48,50,0,Strada Pavel Chinezu
6793,608,447,71.24,50,0,Strada Pavel Chinezu
6794,447,534,106.05,50,0,Strada Pavel Chinezu
6795,4924,669,81.26,50,1,Strada Mărăști
6796,790,3686,137.14,50,0,
6797,5410,5409,227.84,50,0,
6798,5407,5405,111.87,50,0,
6799,1573,5406,140.64,20,0,
6800,5413,5412,169.16,50,0,
6801,5415,698,97.23,50,1,
6802,5418,5417,35.24,20,1,
6803,5420,5418,16.71,20,1,
6804,5418,5417,54.21,20,1,
6805,5417,5419,16.79,20,1,
6806,5428,1237,9.77,50,0,
6807,1236,5428,5.31,50,0,
6808,5426,5429,235.78,50,0,
6809,5427,1231,432.21,50,0,
6810,5431,5430,193.92,50,0,Strada Tonorog
6811,5435,5434,100.89,30,0,Strada Constandin Hagi Stoian
6812,5437,5436,94.14,50,0,
6813,5439,5438,54.41,50,0,
6814,5441,5440,208.69,30,0,Strada Mărului
6815,5454,5453,231.55,30,0,Strada Mărului
6816,5455,5490,79.85,50,0,
6817,5445,3849,54.85,20,0,
6818,5444,5445,8.10,20,0,
6819,5442,5444,17.93,20,0,
6820,5443,5442,2.24,20,0,
6821,5447,5446,30.05,20,0,
6822,3844,3845,30.41,20,0,
6823,3845,5447,69.12,20,0,
6824,5449,5448,112.38,20,0,
6825,1546,5450,74.35,30,0,Strada Eden
6826,5462,5461,57.38,20,0,
6827,5461,5452,74.70,20,0,
6828,5464,5463,94.48,20,0,
6829,5466,5465,74.30,50,0,
6830,5469,5468,96.33,20,0,
6831,5471,5470,27.85,30,0,
6832,5473,5472,28.26,30,0,
6833,5475,5471,49.06,30,0,
6834,5471,5473,77.76,30,0,
6835,5473,5474,17.88,30,0,
6836,5084,5087,52.30,30,0,Strada Pomilor
6837,5478,5477,16.12,70,0,Strada Tofalău
6838,1103,5478,327.37,70,0,Strada Tofalău
6839,2686,2685,13.18,50,0,
6840,4856,2686,273.02,50,0,
6841,2684,2683,21.62,50,0,
6842,4949,2684,6.56,50,0,
6843,2685,4949,346.86,50,0,
6844,5479,5480,29.71,70,0,
6845,1103,5479,682.51,70,0,
6846,5482,1115,11.67,50,0,Strada Gării
6847,5481,5482,17.78,50,0,Strada Gării
6848,1638,5483,38.09,90,0,Strada Transilvaniei
6849,5483,1643,110.16,90,0,Strada Transilvaniei
6850,1201,1202,168.65,50,0,Strada Podeni
6851,4758,7297,29.93,50,0,Strada Vasile Săbădeanu
6852,7297,7298,19.81,50,0,Strada Vasile Săbădeanu
6853,7298,7295,29.15,50,0,Strada Vasile Săbădeanu
6854,7295,7296,19.66,50,0,Strada Vasile Săbădeanu
6855,7296,7293,27.47,50,0,Strada Vasile Săbădeanu
6856,7293,9112,6.27,50,0,Strada Vasile Săbădeanu
6857,9112,7290,5.46,50,0,Strada Vasile Săbădeanu
6858,4759,4848,97.74,30,0,Strada Ioan Vescan
6859,4849,5486,160.79,30,0,Strada Ioan Vescan
6860,3088,1642,25.91,20,1,
6861,3089,78,12.58,20,1,
6862,3090,77,25.83,90,0,
6863,1643,1642,22.97,90,0,Strada Transilvaniei
6864,2907,2915,57.03,20,0,
6865,2915,2921,75.29,20,0,
6866,2921,2924,76.08,20,0,
6867,2924,8765,13.86,20,0,
6868,5489,3072,265.89,20,0,Strada Bufniței
6869,5456,5490,157.36,50,0,
6870,3643,3652,77.05,30,0,
6871,3646,3645,90.60,30,0,
6872,3645,3643,6.43,30,0,
6873,3642,3646,231.99,30,0,Strada Magnoliei
6874,5492,4979,75.61,20,0,
6875,4979,5493,29.40,20,0,
6876,2410,1535,39.56,50,0,Aleea Carpați
6877,1535,2616,14.32,50,0,Aleea Carpați
6878,2616,581,105.86,50,0,Aleea Carpați
6879,581,2621,224.11,50,0,Aleea Carpați
6880,4163,4151,45.39,30,0,Aleea Carpați
6881,579,2408,33.21,50,1,
6882,2408,578,55.10,50,1,
6883,578,577,62.85,50,1,
6884,577,576,33.59,50,1,
6885,579,1536,5.41,50,1,
6886,1536,580,80.16,50,1,
6887,580,671,80.11,50,1,
6888,671,4156,17.00,50,1,
6889,4156,4154,18.70,50,1,
6890,4154,581,64.35,50,1,
6891,7034,1305,258.02,20,0,Strada Ion Fiscuteanu
6892,5499,5500,75.54,10,0,
6893,5500,2803,23.97,10,0,
6894,149,101,92.81,30,1,Strada Retezatului
6895,2738,2737,32.45,30,0,Strada Petru Dobra
6896,1432,2004,14.93,30,0,
6897,614,949,97.88,50,1,Strada Furtunei
6898,2680,1278,55.04,50,0,Strada Paris
6899,1280,2736,55.33,50,1,Strada Lisabona
6900,1280,1279,117.54,50,0,Strada Praga
6901,844,843,76.22,50,0,Strada Lămâiței
6902,84,85,53.12,30,0,Strada Köteles Sámuel
6903,1284,1286,62.71,50,1,
6904,518,508,24.57,50,0,
6905,469,8666,45.34,30,1,Aleea Cornișa
6906,8666,5237,14.78,30,1,Aleea Cornișa
6907,475,476,52.75,50,0,Aleea Cornișa
6908,471,474,53.67,50,0,Aleea Cornișa
6909,1609,1608,47.67,50,1,Aleea Ion Mihuț
6910,1608,1613,43.22,50,1,Aleea Ion Mihuț
6911,1613,1584,29.27,50,1,Aleea Ion Mihuț
6912,1457,6083,43.18,50,0,
6913,6083,8309,25.79,50,0,
6914,8309,8307,14.54,50,0,
6915,8307,1458,16.41,50,0,
6916,5503,523,15.50,20,0,
6917,5502,5503,9.43,20,0,
6918,6993,5504,72.74,20,1,
6919,5504,8496,13.43,20,1,
6920,8496,8487,11.17,20,1,
6921,8487,8492,18.90,20,1,
6922,8492,8495,8.25,20,1,
6923,8495,7027,8.53,20,1,
6924,7027,5618,6.13,20,1,
6925,5618,8489,9.58,20,1,
6926,8489,5600,6.15,20,1,
6927,5600,5604,11.20,20,1,
6928,5604,7026,3.81,20,1,
6929,7026,8494,17.27,20,1,
6930,8494,8493,17.17,20,1,
6931,8493,5602,10.36,20,1,
6932,6900,7029,22.55,50,1,
6933,7029,5516,30.67,50,1,
6934,5516,5517,4.91,50,1,
6935,5517,5518,18.84,50,1,
6936,5518,5515,16.94,50,1,
6937,5515,6900,4.51,50,1,
6938,5519,5516,37.42,50,1,Strada Ion Fiscuteanu
6939,5515,5520,34.32,50,1,Strada Ion Fiscuteanu
6940,6793,4900,52.30,20,0,Strada Platanilor
6941,4900,4771,31.92,20,0,Strada Platanilor
6942,4771,4603,46.36,20,0,Strada Platanilor
6943,4603,4601,59.79,20,0,Strada Platanilor
6944,5523,5524,29.87,20,0,
6945,5524,5522,41.39,20,0,
6946,3566,5524,53.99,20,0,
6947,3592,5525,16.83,20,0,
6948,5965,7717,33.61,20,0,
6949,7717,3587,66.78,20,0,
6950,3587,5530,44.93,20,0,
6951,5530,3592,45.02,20,0,
6952,3592,5531,90.94,20,0,
6953,5529,5527,48.81,20,0,
6954,5530,5531,23.76,20,0,
6955,5531,5529,17.12,20,0,
6956,5529,5528,55.11,20,0,
6957,5536,5537,40.16,20,1,
6958,5535,5536,6.23,20,1,
6959,5540,5539,46.29,20,1,
6960,5541,5540,29.32,20,1,
6961,5537,5533,4.67,20,1,
6962,5533,5538,18.73,20,1,
6963,5542,3533,36.49,50,0,Strada Principală
6964,5542,5541,51.90,20,1,
6965,5539,3540,18.52,50,0,Strada Principală
6966,2917,5543,79.56,20,1,
6967,3545,3546,36.59,50,0,Strada Principală
6968,3548,5544,34.96,50,0,Strada Gheorghe Doja
6969,5544,2905,48.79,50,0,Strada Gheorghe Doja
6970,1676,1678,67.46,50,0,
6971,5691,1669,21.99,50,1,
6972,2896,1665,39.31,50,0,
6973,5544,1666,73.31,20,1,
6974,2905,267,72.04,50,0,Strada Gheorghe Doja
6975,2910,2914,204.50,20,0,
6976,5533,5534,37.72,20,0,
6977,3543,5538,37.19,50,0,Strada Principală
6978,5538,3545,15.38,50,0,Strada Principală
6979,5534,3543,18.72,20,0,
6980,3540,3541,30.11,50,0,Strada Principală
6981,3541,3543,30.67,50,0,Strada Principală
6982,3542,3544,49.78,20,0,
6983,3533,5539,67.10,50,0,Strada Principală
6984,3536,3535,113.00,20,0,
6985,1917,1912,4.69,30,0,Strada Piatra Corbului
6986,2607,5545,112.45,30,0,Aleea Nordului
6987,1244,1256,329.58,30,0,Aleea Lunii
6988,1256,2607,198.57,30,0,Aleea Lunii
6989,1247,1259,241.08,30,0,Aleea Soarelui
6990,1259,1262,101.96,30,0,Aleea Soarelui
6991,1262,1248,52.81,30,0,Aleea Soarelui
6992,1248,1244,81.14,30,0,Aleea Soarelui
6993,6354,5546,42.23,20,0,
6994,5547,6354,108.41,20,0,
6995,5550,5549,157.56,80,1,
6996,5551,3458,141.03,30,1,
6997,4487,5549,89.48,80,1,
6998,5549,5548,100.04,80,1,
6999,2322,5552,100.01,50,0,Strada Sportivilor
7000,5552,5553,251.93,50,0,Strada Sportivilor
7001,5555,5554,165.87,50,0,
7002,39,6710,78.99,50,0,Bulevardul 1848
7003,6710,1949,11.88,50,0,Bulevardul 1848
7004,252,39,24.36,50,1,Strada Crinului
7005,812,7658,12.95,50,0,Strada Barajului
7006,7658,5804,17.48,50,0,Strada Barajului
7007,5556,610,51.09,50,0,Strada Călărașilor
7008,5562,5557,3.17,50,1,Strada Călărașilor
7009,5558,5562,19.57,50,1,Strada Călărașilor
7010,783,5559,39.59,50,1,Strada Călărașilor
7011,5559,5558,31.51,50,1,Strada Călărașilor
7012,4883,5561,19.58,50,1,Strada Călărașilor
7013,5561,2612,2.02,50,1,Strada Călărașilor
7014,2619,2617,34.12,50,0,Strada Kós Károly
7015,600,5565,37.41,20,0,
7016,5564,5563,37.94,20,0,
7017,2983,5567,33.28,50,0,
7018,5567,2981,24.40,50,0,
7019,5567,5566,153.66,50,0,
7020,47,48,63.46,50,0,Bulevardul 1 Decembrie 1918
7021,4555,223,56.14,50,1,Piața Trandafirilor
7022,223,4553,39.38,50,1,Piața Trandafirilor
7023,4551,4554,60.28,50,1,Piața Trandafirilor
7024,5568,1975,62.04,20,0,
7025,2095,5570,61.46,20,0,
7026,2087,2172,73.89,20,0,
7027,2172,2169,102.32,20,0,
7028,2169,2133,14.98,20,0,
7029,2133,2182,125.34,20,0,
7030,2182,5569,12.15,20,0,
7031,5570,2094,14.84,20,0,
7032,2094,2153,288.28,20,0,
7033,2153,2137,94.18,20,0,
7034,2137,2221,224.34,20,0,
7035,2221,2109,20.17,20,0,
7036,5572,5571,20.59,20,0,
7037,2585,2631,38.53,50,1,Strada Gheorghe Doja
7038,2631,831,51.96,50,1,Strada Gheorghe Doja
7039,831,8181,28.23,50,1,Strada Gheorghe Doja
7040,3460,266,29.48,50,1,Strada Gheorghe Doja
7041,266,3467,101.03,50,1,Strada Gheorghe Doja
7042,4863,7804,10.99,50,1,Strada Gheorghe Doja
7043,7804,8983,25.51,50,1,Strada Gheorghe Doja
7044,8983,6739,19.06,50,1,Strada Gheorghe Doja
7045,6739,3475,62.01,50,1,Strada Gheorghe Doja
7046,3467,5573,7.78,20,0,
7047,2251,2270,165.41,30,0,Strada Morii
7048,2270,2247,80.29,30,0,Strada Morii
7049,5546,2447,94.72,20,0,
7050,5577,6768,57.02,20,0,
7051,6768,5576,37.73,20,0,
7052,2268,9176,111.85,20,0,Aleea Ovidiu
7053,9176,6911,85.85,20,0,Aleea Ovidiu
7054,11,6497,40.06,50,0,Strada Bega
7055,6497,10,48.56,50,0,Strada Bega
7056,2014,5580,16.02,30,0,Strada Morești
7057,1078,345,9.18,30,1,Strada Transilvania
7058,5505,5596,104.74,20,1,
7059,5596,5718,17.03,20,1,
7060,5718,5649,15.71,20,1,
7061,5649,5594,22.27,20,1,
7062,5594,5513,25.93,20,1,
7063,1865,5507,125.63,20,1,
7064,3458,554,94.74,50,1,Strada Gheorghe Doja
7065,554,3460,37.26,50,1,Strada Gheorghe Doja
7066,5581,6663,43.03,50,1,Strada Gheorghe Doja
7067,6663,3461,23.04,50,1,Strada Gheorghe Doja
7068,558,555,36.59,50,1,
7069,827,7118,35.57,50,0,Strada Toamnei
7070,7118,828,409.40,50,0,Strada Toamnei
7071,5582,4863,8.03,20,0,
7072,879,531,47.14,50,1,Strada Gheorghe Doja
7073,4133,879,37.35,50,1,Strada Gheorghe Doja
7074,2040,523,64.93,50,1,Strada Liviu Rebreanu
7075,523,66,28.79,50,1,Strada Liviu Rebreanu
7076,66,525,11.33,50,0,Strada Dorobanților
7077,5583,524,89.64,50,0,Strada Liviu Rebreanu
7078,66,6941,38.61,50,0,Strada Liviu Rebreanu
7079,6941,5583,48.92,50,0,Strada Liviu Rebreanu
7080,148,89,25.19,50,1,Strada Bolyai
7081,6956,861,132.45,30,0,Strada Bradului
7082,5584,43,49.83,50,0,Strada Ștefan cel Mare
7083,496,4858,115.49,50,0,Bulevardul 1 Decembrie 1918
7084,5585,495,36.07,50,0,Bulevardul 1 Decembrie 1918
7085,495,43,23.62,50,0,Bulevardul 1 Decembrie 1918
7086,42,5585,35.91,50,0,Bulevardul 1 Decembrie 1918
7087,759,42,35.72,50,0,Bulevardul 1 Decembrie 1918
7088,1372,4265,66.09,50,0,Bulevardul 1 Decembrie 1918
7089,99,1372,28.52,50,0,Bulevardul 1 Decembrie 1918
7090,99,245,59.12,50,0,Strada Sârguinței
7091,343,5586,14.61,40,1,
7092,875,4228,82.36,30,1,Strada Dâmbul Pietros
7093,875,6001,47.00,50,1,Strada Ceahlău
7094,6001,3668,38.82,50,1,Strada Ceahlău
7095,3668,6002,116.97,20,0,
7096,1865,1858,71.56,50,0,Bulevardul 1 Decembrie 1918
7097,6996,5630,16.64,20,1,
7098,5630,5506,16.63,20,1,
7099,5506,6994,17.85,20,1,
7100,6994,5631,17.33,20,1,
7101,5513,6898,20.91,20,1,
7102,6898,5512,17.84,20,1,
7103,5512,5629,16.48,20,1,
7104,5629,6897,16.20,20,1,
7105,6897,5511,16.28,20,1,
7106,5511,6997,16.70,20,1,
7107,6997,5593,15.85,20,1,
7108,5593,5591,15.45,20,1,
7109,5591,6999,17.12,20,1,
7110,6999,5627,18.58,20,1,
7111,5627,7001,19.82,20,1,
7112,7001,5510,18.00,20,1,
7113,5510,5625,16.33,20,1,
7114,5625,7003,16.37,20,1,
7115,7003,8486,12.42,20,1,
7116,5589,5624,48.89,20,1,
7117,5624,5508,16.16,20,1,
7118,5508,7004,16.18,20,1,
7119,7004,5626,16.21,20,1,
7120,5626,5590,17.17,20,1,
7121,5590,7002,16.57,20,1,
7122,7002,5628,17.89,20,1,
7123,5628,7000,18.08,20,1,
7124,7000,5592,16.06,20,1,
7125,5592,5507,18.20,20,1,
7126,5507,6998,15.39,20,1,
7127,6998,5597,15.99,20,1,
7128,9066,5588,39.36,20,1,
7129,8485,5613,111.06,20,1,
7130,5508,5509,44.52,20,0,
7131,5590,5510,53.12,20,0,
7132,5592,5591,48.91,20,0,
7133,5507,5593,54.87,20,0,
7134,5597,5511,56.89,20,0,
7135,5512,5506,59.46,20,0,
7136,5595,5594,76.15,20,0,
7137,5631,5595,19.81,20,1,
7138,5595,5648,18.19,20,1,
7139,5648,5598,18.78,20,1,
7140,5598,5596,74.81,20,1,
7141,7005,1867,152.00,20,1,
7142,7019,5640,21.09,20,1,
7143,5640,7026,51.85,20,1,
7144,5601,8503,31.38,20,0,
7145,8503,5599,9.58,20,0,
7146,5599,5603,35.48,20,0,
7147,5603,7012,17.22,20,0,
7148,7012,7020,19.29,20,0,
7149,7020,5644,10.06,20,0,
7150,5644,7016,25.38,20,0,
7151,7016,5643,18.69,20,0,
7152,5643,7018,17.00,20,0,
7153,7018,5642,17.59,20,0,
7154,8493,7025,24.64,20,1,
7155,7025,7008,48.87,20,1,
7156,7008,5605,14.70,20,1,
7157,5587,5611,39.21,20,0,
7158,5606,5622,25.57,50,0,
7159,5622,5609,4.69,50,0,
7160,5609,5608,9.52,50,0,
7161,5608,5620,14.54,50,0,
7162,5620,5621,9.43,50,0,
7163,5621,5610,9.16,50,0,
7164,5610,5607,18.43,50,0,
7165,5607,5606,9.27,50,0,
7166,5606,5494,95.25,50,1,Strada Ion Fiscuteanu
7167,707,1865,89.29,50,0,Bulevardul 1 Decembrie 1918
7168,1847,707,74.46,50,0,Bulevardul 1 Decembrie 1918
7169,5614,5588,34.62,20,1,
7170,5588,5505,5.89,20,1,
7171,6752,4515,79.17,50,1,
7172,4512,4513,17.34,30,0,Bulevardul 1 Decembrie 1918
7173,1912,5616,185.93,30,0,Strada Piatra Corbului
7174,576,2409,20.15,30,0,Aleea Carpați
7175,5645,7014,11.23,20,1,
7176,7014,7011,17.56,20,1,
7177,7011,5599,17.35,20,1,
7178,5599,7010,14.54,20,1,
7179,7010,7009,11.13,20,1,
7180,7009,8499,17.48,20,1,
7181,8499,7005,118.11,20,1,
7182,5609,5617,14.71,20,1,
7183,5498,8954,3.96,20,0,
7184,8954,6902,129.02,20,0,
7185,6902,6899,77.99,20,0,
7186,6899,7007,52.89,20,0,
7187,7007,6129,90.44,20,0,
7188,7024,5642,43.26,20,1,
7189,5642,5618,30.62,20,1,
7190,5495,5622,105.89,50,1,Strada Ion Fiscuteanu
7191,5612,5587,16.06,20,0,
7192,5624,5623,42.17,20,0,
7193,5626,5625,49.82,20,0,
7194,5628,5627,49.54,20,0,
7195,5630,5629,58.23,20,0,
7196,7028,5513,62.47,20,0,
7197,5496,5518,70.28,50,1,Strada Ion Fiscuteanu
7198,4803,4712,29.08,20,1,
7199,4714,4803,23.06,20,1,
7200,4937,4132,68.60,50,1,Strada Gheorghe Doja
7201,4235,4134,71.57,30,1,Piața Gării
7202,4712,4710,11.05,50,0,Strada Gheorghe Doja
7203,5633,4803,11.54,20,0,
7204,5632,4713,17.31,50,1,Strada Gheorghe Doja
7205,532,4135,33.86,50,1,Strada Gheorghe Doja
7206,5636,5635,26.58,20,0,
7207,7021,5641,27.35,20,0,
7208,5641,5640,45.81,20,0,
7209,5605,5647,40.65,20,1,
7210,5602,5605,32.35,20,0,
7211,5605,5612,4.59,20,0,
7212,5649,5648,79.44,20,0,
7213,3485,3486,8.69,50,1,
7214,3486,8598,12.52,50,1,
7215,8598,3485,7.22,50,1,
7216,3482,8598,77.01,50,1,
7217,37,5586,34.35,50,1,Strada Crinului
7218,5586,6169,49.69,50,1,Strada Crinului
7219,6169,273,81.48,50,1,Strada Crinului
7220,147,69,41.91,50,0,Strada Bernády György
7221,1874,4701,148.94,50,0,Strada Revoluției
7222,2637,1323,22.05,50,1,Strada Revoluției
7223,71,70,42.36,50,0,Strada Bernády György
7224,4343,1752,45.02,50,0,Strada Călărașilor
7225,5651,541,6.03,50,0,Strada Călărașilor
7226,541,552,85.34,50,0,Strada Călărașilor
7227,1752,5651,35.28,50,0,Strada Călărașilor
7228,3227,1755,33.51,50,0,
7229,3221,8065,1.23,90,0,
7230,8065,3219,2.16,90,0,
7231,3223,3221,6.70,90,0,
7232,3220,3222,3.40,90,0,
7233,645,6476,20.94,50,0,Strada Arany János
7234,6476,8683,126.29,50,0,Strada Arany János
7235,8683,1890,19.05,50,0,Strada Arany János
7236,1890,6475,14.84,50,0,Strada Arany János
7237,6475,4338,82.43,50,0,Strada Arany János
7238,4338,6580,41.85,50,0,Strada Arany János
7239,6580,2646,69.82,50,0,Strada Arany János
7240,1378,279,29.30,50,1,Strada Fântânii
7241,279,278,102.53,50,1,Strada Fântânii
7242,1379,1378,15.83,50,0,Strada Fântânii
7243,5652,282,32.07,20,0,Strada Strâmbă
7244,282,2694,18.51,50,0,Strada Grădinarilor
7245,2294,9146,207.88,20,0,
7246,562,1972,55.72,50,0,Strada Dezrobirii
7247,5573,5581,64.00,50,1,Strada Gheorghe Doja
7248,526,617,195.62,50,1,Strada Madách Imre
7249,122,6209,81.23,50,0,Strada Cuza Vodă
7250,5305,2700,7.54,50,0,Strada Tamás Ernő
7251,4258,5305,87.84,50,0,Strada Tamás Ernő
7252,4383,4877,28.54,30,1,Strada Călărașilor
7253,4880,4383,24.85,30,1,Strada Călărașilor
7254,5659,7680,71.57,20,0,
7255,5661,5660,34.96,20,0,
7256,5663,6577,93.09,20,0,
7257,6577,5662,20.44,20,0,
7258,5666,5665,59.41,20,1,
7259,5668,5669,24.97,20,0,
7260,5669,5666,5.18,20,0,
7261,5666,5667,13.82,20,0,
7262,5670,5669,88.89,20,0,
7263,5672,5671,49.79,20,0,
7264,5678,6796,47.62,20,0,
7265,6796,5677,10.94,20,0,
7266,5656,5655,93.17,20,0,
7267,5658,5657,38.26,20,0,
7268,5657,7789,81.13,20,0,
7269,7789,5656,6.24,20,0,
7270,5656,5655,86.09,20,0,
7271,5655,5654,93.40,20,0,
7272,5680,5679,36.14,20,0,
7273,5682,5680,17.37,20,0,
7274,5680,5681,132.55,20,0,
7275,5684,5683,29.74,20,0,
7276,1926,5684,27.05,20,0,
7277,5684,5685,41.87,20,0,
7278,3812,5686,54.83,20,0,
7279,5688,5687,25.10,30,0,
7280,3497,2286,177.65,50,0,Strada Viilor
7281,5690,5689,118.29,20,0,
7282,5691,2903,44.58,50,1,
7283,5692,5359,37.19,80,0,Strada Lungă
7284,5359,5357,18.65,80,0,Strada Lungă
7285,5357,5362,43.26,80,0,Strada Lungă
7286,5362,4823,6.18,80,0,Strada Lungă
7287,5697,5694,173.49,20,0,
7288,5694,8166,75.39,20,0,
7289,8166,5696,24.19,20,0,
7290,5693,4719,4.33,50,0,
7291,786,6602,30.95,50,1,Strada Decebal
7292,6602,1193,81.07,50,1,Strada Decebal
7293,2022,2068,60.65,50,0,Strada Mestecănișului
7294,2015,2022,39.75,50,0,Strada Mestecănișului
7295,5699,2431,15.49,20,0,
7296,5698,5699,13.88,20,0,
7297,4646,6219,66.94,50,0,Bulevardul Pandurilor
7298,6219,18,195.63,50,0,Bulevardul Pandurilor
7299,18,239,255.23,50,0,Bulevardul Pandurilor
7300,239,1850,99.21,50,0,Bulevardul Pandurilor
7301,2833,5702,35.87,20,0,
7302,5702,5701,39.16,20,0,
7303,5701,5700,21.89,20,0,
7304,5706,5705,35.72,20,0,
7305,5705,5704,39.00,20,0,
7306,5704,5703,22.09,20,0,
7307,5710,5709,35.55,20,0,
7308,5709,5708,38.84,20,0,
7309,5708,5707,22.28,20,0,
7310,5714,5713,22.47,20,0,
7311,5713,5712,38.68,20,0,
7312,5712,5711,35.77,20,0,
7313,2831,5717,35.98,20,0,
7314,5717,5716,38.53,20,0,
7315,5716,5715,22.69,20,0,
7316,2838,929,30.84,20,1,
7317,4427,4432,57.90,50,0,Bulevardul 1 Decembrie 1918
7318,4432,4431,20.08,50,0,Bulevardul 1 Decembrie 1918
7319,5600,5646,73.34,20,1,
7320,5598,5718,69.75,20,0,
7321,5619,6437,5.18,50,0,Bulevardul 1 Decembrie 1918
7322,6437,4440,25.60,50,0,Bulevardul 1 Decembrie 1918
7323,5403,4427,60.11,50,0,Bulevardul 1 Decembrie 1918
7324,1858,1867,24.64,50,0,Bulevardul 1 Decembrie 1918
7325,5719,4440,28.29,20,1,
7326,2830,5719,29.02,20,1,
7327,4436,4439,158.02,10,1,
7328,2833,5706,15.00,20,1,
7329,5706,5710,15.66,20,1,
7330,5710,5711,15.88,20,1,
7331,5711,2831,13.83,20,1,
7332,2837,2836,39.31,20,0,
7333,2836,2833,40.46,20,0,
7334,5722,5721,25.48,20,0,
7335,5367,6826,36.88,20,0,
7336,6826,5722,48.13,20,0,
7337,5722,5723,57.72,20,0,
7338,36,124,82.67,50,0,Strada Predeal
7339,2709,2708,83.50,50,0,Strada Gheorghe Marinescu
7340,2708,549,47.47,50,0,Strada Gheorghe Marinescu
7341,549,2707,238.78,50,0,Strada Gheorghe Marinescu
7342,2707,1654,86.05,50,0,Strada Gheorghe Marinescu
7343,1654,468,181.07,50,0,Strada Gheorghe Marinescu
7344,468,2570,35.09,50,0,Strada Gheorghe Marinescu
7345,2570,754,74.67,50,0,Strada Gheorghe Marinescu
7346,754,2566,62.87,50,0,Strada Gheorghe Marinescu
7347,2566,2573,31.67,50,0,Strada Gheorghe Marinescu
7348,2573,7713,35.16,50,0,Strada Gheorghe Marinescu
7349,7713,2704,174.40,50,0,Strada Gheorghe Marinescu
7350,5261,4681,7.48,30,1,
7351,4681,4682,8.67,30,1,
7352,4682,8354,0.79,30,1,
7353,8354,4680,12.06,30,1,
7354,5259,4679,12.70,30,1,
7355,4448,106,25.92,50,0,Strada Băneasa
7356,291,172,42.90,30,1,
7357,326,3813,16.74,50,1,
7358,3816,3814,61.60,50,1,
7359,3814,326,57.33,50,1,
7360,3813,3815,59.34,50,1,
7361,3815,3818,57.77,50,1,
7362,5726,5725,54.82,20,0,
7363,4181,5724,11.58,20,0,
7364,5728,2691,50.49,20,0,
7365,5239,5729,65.14,20,0,
7366,5729,1525,26.78,20,0,
7367,5730,2812,77.48,20,0,
7368,5500,5731,92.10,20,0,
7369,5499,2803,53.47,20,0,
7370,5732,596,139.33,30,1,
7371,596,1221,9.02,30,1,
7372,1221,597,7.12,30,1,
7373,5735,5734,72.31,20,0,
7374,5738,5737,31.15,20,0,
7375,5737,5736,107.99,20,0,
7376,1519,5738,119.44,20,0,
7377,5738,5741,98.73,20,0,
7378,5741,5737,78.86,20,0,
7379,5737,5739,79.81,20,0,
7380,3600,5741,62.00,20,0,
7381,5741,5740,151.19,20,0,
7382,5743,5742,62.18,20,0,
7383,5744,1293,33.00,30,0,Strada Londra
7384,2030,2033,45.73,50,0,
7385,5745,5746,175.34,50,0,Strada Vulturilor
7386,5378,5379,139.97,50,0,Strada Frasinului
7387,1870,5766,76.59,50,0,Strada Verii
7388,5766,5379,77.46,50,0,Strada Verii
7389,1861,5747,118.39,50,0,Strada Brândușelor
7390,5830,5775,111.85,50,0,Strada Lalelelor
7391,5775,6794,39.23,50,0,Strada Lalelelor
7392,6794,4896,72.81,50,0,Strada Lalelelor
7393,5771,5770,95.40,50,0,Strada Substejăriș
7394,5770,5769,44.36,50,0,Strada Substejăriș
7395,5769,5768,35.35,50,0,Strada Substejăriș
7396,5768,5767,106.68,50,0,Strada Substejăriș
7397,5767,8667,14.60,50,0,Strada Substejăriș
7398,8667,5003,39.50,50,0,Strada Substejăriș
7399,5003,5772,13.84,50,0,Strada Substejăriș
7400,5772,5773,50.00,50,0,Strada Substejăriș
7401,5773,5774,59.05,50,0,Strada Substejăriș
7402,5774,4896,58.47,50,0,Strada Substejăriș
7403,4894,4893,89.72,50,0,Strada Garoafei
7404,5748,5749,54.55,50,0,Pasajul Morii
7405,5750,5751,187.64,50,0,Strada Nucului
7406,9040,9039,59.38,50,0,
7407,1862,5745,207.28,50,0,Strada Castelului
7408,5745,5035,48.52,50,0,Strada Castelului
7409,5035,5037,187.01,50,0,Strada Castelului
7410,5037,5038,22.48,50,0,Strada Castelului
7411,5038,5748,30.35,50,0,Strada Castelului
7412,5748,1085,12.61,50,0,Strada Castelului
7413,5016,5753,53.12,50,0,
7414,1099,5777,362.20,50,0,Strada Transilvania
7415,5777,2492,194.99,50,0,Strada Transilvania
7416,2492,2559,90.35,50,0,Strada Transilvania
7417,2559,1100,48.11,50,0,Strada Transilvania
7418,2535,2565,429.16,50,0,
7419,4320,4319,174.87,50,0,Strada Crișului
7420,4319,5013,73.38,50,0,Strada Crișului
7421,5013,1097,188.23,50,0,Strada Crișului
7422,1097,5010,180.82,50,0,Strada Vatzman
7423,5010,9120,132.44,50,0,Strada Vatzman
7424,9120,2487,132.11,50,0,Strada Vatzman
7425,5009,5008,50.48,20,0,
7426,5756,5757,54.21,50,0,Strada Târnavei
7427,5757,5759,44.41,50,0,Strada Târnavei
7428,5759,2554,33.15,50,0,Strada Târnavei
7429,5757,5758,54.44,50,0,Strada Arieșului
7430,5759,5760,54.99,50,0,Strada Tisei
7431,5761,5762,210.95,50,0,Strada Pârâului de Sus
7432,2689,1914,1373.97,70,0,Strada de Sus
7433,4597,4594,37.64,50,0,Strada Bujorului
7434,4594,3605,31.56,50,0,Strada Bujorului
7435,3605,4599,58.51,50,0,Strada Bujorului
7436,4599,4894,128.08,50,0,Strada Bujorului
7437,4894,5768,110.50,50,0,Strada Bujorului
7438,5776,6794,95.13,50,0,Strada Palmierilor
7439,5777,5778,133.19,50,0,Strada Mureșului
7440,5006,4604,188.87,50,0,Strada Soarelui
7441,5781,5834,155.34,50,0,Strada Violetelor
7442,5834,8935,93.48,50,0,Strada Violetelor
7443,8935,5832,66.38,50,0,Strada Violetelor
7444,5832,8670,398.05,50,0,Strada Violetelor
7445,8670,2526,363.63,50,0,Strada Violetelor
7446,5779,5780,176.27,50,0,Strada Dornei
7447,3560,3551,103.05,20,0,
7448,421,1839,32.10,50,0,Bulevardul Pandurilor
7449,1839,1854,20.44,50,0,Bulevardul Pandurilor
7450,124,418,271.02,50,0,Bulevardul Pandurilor
7451,418,5244,54.43,50,0,Bulevardul Pandurilor
7452,2,421,38.33,50,0,Bulevardul Pandurilor
7453,408,7111,2.08,50,0,Strada Transilvania
7454,7111,2768,26.80,50,0,Strada Transilvania
7455,2773,21,31.99,50,0,Bulevardul Pandurilor
7456,49,1811,39.82,50,0,Bulevardul 1 Decembrie 1918
7457,2588,325,10.62,50,0,Bulevardul 1 Decembrie 1918
7458,4280,6442,5.40,50,0,Bulevardul 1 Decembrie 1918
7459,6442,3608,9.08,50,0,Bulevardul 1 Decembrie 1918
7460,5782,1348,61.81,50,0,Strada Ioan Roman
7461,5782,5783,37.67,50,0,Strada Ioan Roman
7462,567,8187,137.38,20,0,
7463,5785,5784,49.94,20,0,
7464,3824,5786,22.14,20,0,
7465,5787,8888,3.59,50,1,Strada Turzii
7466,8888,989,7.72,50,1,Strada Turzii
7467,917,927,38.75,30,0,Strada Oltului
7468,983,6187,34.76,50,0,Strada Vasile Lucaciu
7469,6187,4773,40.71,50,0,Strada Vasile Lucaciu
7470,4773,985,16.33,50,0,Strada Vasile Lucaciu
7471,1191,4362,42.73,50,0,Strada Voinicenilor
7472,4362,986,66.77,50,0,Strada Voinicenilor
7473,4775,985,20.24,50,0,Strada Voinicenilor
7474,985,4774,25.68,50,0,Strada Voinicenilor
7475,4360,4775,19.93,50,0,Strada Voinicenilor
7476,2960,2950,112.39,50,1,Strada Petki Dávid
7477,2950,5059,174.74,50,1,Strada Petki Dávid
7478,5059,5055,147.62,50,1,Strada Petki Dávid
7479,825,8184,16.29,30,0,Strada Islazului
7480,8184,1002,54.60,30,0,Strada Islazului
7481,5754,1922,77.78,50,0,Strada Pășunii
7482,5755,5754,8.89,50,0,Strada Pășunii
7483,5752,1870,3.59,50,0,Strada Castelului
7484,1870,1862,348.54,50,0,Strada Castelului
7485,1086,5752,11.96,50,0,Strada Castelului
7486,1084,2810,50.34,50,0,Strada Castelului
7487,2810,1086,176.27,50,0,Strada Castelului
7488,5764,1087,39.67,70,0,Strada Tholdalagi Mihály
7489,1087,2521,61.99,70,0,Strada Tholdalagi Mihály
7490,2521,1094,94.06,70,0,Strada Tholdalagi Mihály
7491,1094,5761,201.53,70,0,Strada Tholdalagi Mihály
7492,5761,5377,43.66,70,0,Strada Tholdalagi Mihály
7493,5377,8609,68.39,70,0,Strada Tholdalagi Mihály
7494,5763,5764,5.88,70,0,Strada Tholdalagi Mihály
7495,4543,4546,67.47,50,1,Piața Trandafirilor
7496,4546,2652,46.24,50,1,Piața Trandafirilor
7497,2651,4544,40.56,50,1,Piața Trandafirilor
7498,4544,3626,3.14,50,1,Piața Trandafirilor
7499,3626,4545,26.65,50,1,Piața Trandafirilor
7500,4545,4547,35.04,50,1,Piața Trandafirilor
7501,5262,1531,26.47,50,1,Strada Constantin Silvestri
7502,1531,1407,104.43,50,1,Strada Constantin Silvestri
7503,5790,5788,81.43,50,0,
7504,478,5790,21.92,50,0,
7505,5790,5789,34.56,50,0,
7506,5791,478,117.89,20,0,
7507,5792,5791,154.09,20,0,
7508,3609,162,20.09,30,1,Bulevardul Cetății
7509,5794,5793,48.32,20,0,
7510,2332,5797,253.66,20,0,
7511,2350,5798,26.56,20,0,
7512,4122,4123,15.61,20,0,
7513,4123,5803,31.76,20,0,
7514,5807,5806,30.91,20,0,
7515,5806,5805,20.39,20,0,
7516,5809,5808,31.29,20,0,
7517,5810,5809,16.99,20,0,
7518,5809,5807,11.84,20,0,
7519,1986,5815,65.01,30,0,
7520,5815,5814,80.53,30,0,
7521,5817,5816,44.16,30,0,
7522,5819,5818,134.62,30,0,
7523,1988,8776,27.54,30,0,
7524,8776,1982,21.49,30,0,
7525,3974,3976,27.84,20,0,
7526,5823,5824,36.66,20,0,
7527,5824,5822,309.69,20,0,
7528,5812,5813,12.78,50,0,Strada Depozitelor
7529,5827,5826,9.22,50,0,
7530,5362,5827,146.52,50,0,
7531,5829,5828,16.42,80,0,Strada Lungă
7532,4823,5354,63.63,80,0,Strada Lungă
7533,5354,5920,50.86,80,0,Strada Lungă
7534,5920,6830,49.63,80,0,Strada Lungă
7535,6830,4916,111.31,80,0,Strada Lungă
7536,4916,4998,8.64,80,0,Strada Lungă
7537,4998,4996,66.51,80,0,Strada Lungă
7538,4996,867,67.07,80,0,Strada Lungă
7539,867,866,98.49,80,0,Strada Lungă
7540,866,4913,19.68,80,0,Strada Lungă
7541,4913,9097,123.80,80,0,Strada Lungă
7542,9097,5918,60.65,80,0,Strada Lungă
7543,5918,1243,19.11,80,0,Strada Lungă
7544,1243,8471,13.31,80,0,Strada Lungă
7545,8471,8941,72.32,80,0,Strada Lungă
7546,8941,1251,23.90,80,0,Strada Lungă
7547,1251,4859,85.46,80,0,Strada Lungă
7548,4859,8757,31.31,80,0,Strada Lungă
7549,8757,1060,12.93,80,0,Strada Lungă
7550,1060,1065,467.60,80,0,Strada Lungă
7551,1861,9011,89.40,50,0,Calea Sighișoarei
7552,9011,3606,11.10,50,0,Calea Sighișoarei
7553,1166,8985,25.99,50,0,Calea Sighișoarei
7554,8985,8989,38.66,50,0,Calea Sighișoarei
7555,8989,9007,150.91,50,0,Calea Sighișoarei
7556,9007,1861,99.36,50,0,Calea Sighișoarei
7557,2780,2776,95.03,50,0,Calea Sighișoarei
7558,2543,2536,88.62,50,0,Calea Sighișoarei
7559,2776,2543,34.18,50,0,Calea Sighișoarei
7560,5832,5833,78.86,20,0,
7561,5833,5831,17.85,20,0,
7562,5780,5833,170.22,50,0,Strada Dornei
7563,5835,4542,138.82,20,0,
7564,5840,5839,299.44,20,0,
7565,2416,2412,8.34,50,0,
7566,780,2416,53.35,50,0,
7567,5841,780,300.71,20,0,
7568,2064,5843,85.30,20,0,
7569,5843,5842,86.04,20,0,
7570,727,872,100.66,50,0,Strada Ciocanului
7571,872,6571,61.40,50,0,Strada Ciocanului
7572,6571,728,40.29,50,0,Strada Ciocanului
7573,852,727,20.02,30,1,Strada Ludușului
7574,5845,5844,59.63,20,0,
7575,441,4480,37.23,50,0,Bulevardul 1 Decembrie 1918
7576,4264,441,13.43,50,0,Bulevardul 1 Decembrie 1918
7577,5847,7644,5.43,20,0,
7578,7644,5846,56.17,20,0,
7579,8141,5848,47.74,20,0,
7580,5848,4458,77.95,20,0,
7581,1629,496,28.68,50,0,Bulevardul 1 Decembrie 1918
7582,4858,3216,14.04,50,0,Bulevardul 1 Decembrie 1918
7583,1829,99,86.41,50,0,Bulevardul 1 Decembrie 1918
7584,333,334,39.78,50,0,
7585,1627,1628,47.58,50,0,
7586,1628,332,20.50,50,0,Bulevardul 1 Decembrie 1918
7587,378,1840,9.72,50,0,Bulevardul 1 Decembrie 1918
7588,1840,1628,86.76,50,0,Bulevardul 1 Decembrie 1918
7589,1811,378,15.45,50,0,Bulevardul 1 Decembrie 1918
7590,377,1840,46.17,50,0,
7591,8737,2623,109.70,50,0,
7592,3193,746,87.00,50,0,Bulevardul 22 Decembrie 1989
7593,702,3193,31.68,50,0,Bulevardul 22 Decembrie 1989
7594,1879,545,58.44,50,0,Bulevardul 22 Decembrie 1989
7595,1879,3614,28.74,30,0,
7596,1512,3155,4.04,50,0,Strada Mihai Viteazul
7597,3155,159,241.66,50,0,Strada Mihai Viteazul
7598,964,168,56.30,30,1,Strada Mihai Viteazul
7599,5850,5849,278.91,20,0,
7600,5852,5851,113.56,20,0,
7601,2932,5853,65.84,20,0,
7602,864,5947,221.73,50,0,Strada Voinicenilor
7603,5947,1038,4.72,50,0,Strada Voinicenilor
7604,1038,4391,34.34,50,0,Strada Voinicenilor
7605,4391,963,235.96,50,0,Strada Voinicenilor
7606,963,4399,22.67,50,0,Strada Voinicenilor
7607,4399,4348,21.60,50,0,Strada Voinicenilor
7608,5858,5857,7.41,20,0,
7609,5862,5858,21.29,20,0,
7610,5861,5859,103.48,20,0,
7611,5857,5861,49.90,20,0,
7612,5861,5860,131.50,20,0,
7613,5863,3740,133.42,20,0,
7614,1484,1813,164.30,90,0,Strada Transilvaniei
7615,76,8321,129.49,90,0,Strada Transilvaniei
7616,8321,3057,13.86,90,0,Strada Transilvaniei
7617,1813,76,28.89,90,0,Strada Transilvaniei
7618,1476,1124,29.61,90,0,Strada Transilvaniei
7619,1124,1484,18.50,90,0,Strada Transilvaniei
7620,5867,1638,35.27,90,0,Strada Transilvaniei
7621,5329,5327,85.23,90,0,Strada Transilvaniei
7622,1637,9019,10.33,90,0,Strada Transilvaniei
7623,9019,9013,25.67,90,0,Strada Transilvaniei
7624,9013,9015,18.30,90,0,Strada Transilvaniei
7625,9015,5867,16.05,90,0,Strada Transilvaniei
7626,5327,9018,90.86,90,0,Strada Transilvaniei
7627,9018,1637,4.43,90,0,Strada Transilvaniei
7628,3170,3090,263.73,90,0,
7629,3171,3170,219.74,50,0,
7630,5869,5868,65.82,20,0,
7631,5871,5870,218.10,20,0,
7632,5873,5872,190.51,50,0,
7633,5875,5874,122.85,50,0,
7634,5877,5878,245.10,20,0,
7635,5879,5880,253.36,20,0,
7636,6987,5876,110.45,30,0,
7637,5906,5911,72.68,30,0,
7638,4534,5907,70.87,20,0,
7639,5909,5908,44.14,30,0,
7640,5911,5908,40.18,30,0,
7641,5908,5910,25.84,30,0,
7642,5913,5912,95.26,20,0,
7643,5891,5890,87.24,50,0,
7644,1470,5892,124.51,50,0,
7645,5894,9152,18.17,20,0,
7646,9152,5893,46.62,20,0,
7647,1112,5895,120.47,20,0,
7648,5882,5881,76.85,20,0,
7649,5885,5882,3.48,20,0,
7650,5882,5884,17.71,20,0,
7651,7347,5884,71.08,20,0,
7652,5884,5881,64.62,20,0,
7653,5881,5883,8.59,20,0,
7654,5886,5887,15.83,20,0,
7655,5887,5885,10.56,20,0,
7656,5885,5886,31.67,20,0,
7657,5897,5896,86.66,50,0,
7658,5899,5898,231.12,50,0,Strada Mărului
7659,3061,5900,193.81,20,0,
7660,5902,5901,146.08,50,0,
7661,5904,5903,123.29,20,0,
7662,5914,5905,78.16,20,0,
7663,5916,5915,157.30,20,0,
7664,5918,5917,99.10,20,0,
7665,5920,5919,126.78,20,0,
7666,1661,5921,167.98,20,0,
7667,5924,7937,3.87,20,0,
7668,7937,5925,27.75,20,0,
7669,5925,5923,82.98,20,0,
7670,5926,5925,111.02,20,0,
7671,5932,5927,85.17,20,0,
7672,5927,5953,23.21,20,0,
7673,5928,5927,110.12,20,0,
7674,5922,6536,45.59,20,0,
7675,6536,5929,156.82,20,0,
7676,5931,5929,59.58,20,0,
7677,5929,5928,20.23,20,0,
7678,5928,6534,29.21,20,0,
7679,6534,5930,66.05,20,0,
7680,5822,5824,70.69,20,0,
7681,5934,8786,3.04,50,0,Strada Fabrica de Zahăr
7682,8786,6034,11.86,50,0,Strada Fabrica de Zahăr
7683,6034,5933,94.98,50,0,Strada Fabrica de Zahăr
7684,5936,5935,72.31,20,0,
7685,5938,5936,72.05,20,0,
7686,5936,5937,46.78,20,0,
7687,4770,6411,8.53,20,0,
7688,6411,6412,11.05,20,0,
7689,6412,814,159.90,20,0,
7690,5939,5940,45.01,20,0,
7691,5940,7422,47.44,20,0,
7692,7422,6059,139.73,20,0,
7693,5941,5940,61.54,20,0,
7694,5943,5942,79.14,20,0,
7695,5942,5941,46.20,20,0,
7696,5945,5943,53.02,20,0,
7697,5943,5944,45.80,20,0,
7698,5945,6058,41.00,20,0,
7699,6058,7981,117.57,20,0,
7700,7981,6057,45.22,20,0,
7701,3833,5948,124.80,20,0,
7702,1181,5949,129.04,50,0,
7703,5300,5299,38.93,20,0,
7704,5950,5299,83.00,20,0,
7705,5299,5298,39.10,20,0,
7706,5956,5955,159.11,20,0,
7707,5957,5956,38.42,20,0,
7708,5956,6631,105.04,20,0,
7709,6631,5955,6.44,20,0,
7710,5955,5954,51.59,20,0,
7711,1937,5958,60.29,30,0,
7712,5960,5959,80.78,30,0,
7713,5961,2393,93.26,20,0,
7714,2307,5962,207.47,50,0,Aleea Nordului
7715,1654,7716,66.02,20,0,
7716,7716,5966,76.85,20,0,
7717,3567,5963,53.07,20,0,
7718,5963,5964,237.33,20,0,
7719,5964,5965,109.16,20,0,
7720,5966,7720,41.98,20,0,
7721,7720,3590,49.56,20,0,
7722,3590,3593,11.13,20,0,
7723,3593,3591,52.52,20,0,
7724,3591,3595,120.94,20,0,
7725,5966,5965,26.78,20,0,
7726,3587,3567,152.03,20,0,
7727,3567,3566,33.74,20,0,
7728,3566,5985,26.85,20,0,
7729,5968,5967,44.45,20,0,
7730,5970,5969,144.32,20,0,
7731,3242,5971,61.74,20,0,
7732,3329,5975,74.79,20,0,
7733,5977,5976,263.92,50,0,
7734,5973,5972,100.82,50,0,
7735,5972,8469,147.23,50,0,
7736,3294,3301,132.43,30,0,Strada Tineretului
7737,3301,3304,62.81,30,0,Strada Tineretului
7738,3304,8558,83.17,30,0,Strada Tineretului
7739,5978,5974,118.80,20,0,
7740,1047,5979,41.62,50,0,Strada Mureșului
7741,5981,5980,141.20,20,0,
7742,5983,5982,144.43,50,0,
7743,1051,2325,112.88,30,0,Strada Vadului
7744,2325,5146,356.44,30,0,Strada Vadului
7745,5146,5145,65.53,30,0,Strada Vadului
7746,5145,5144,128.94,30,0,Strada Vadului
7747,3589,5984,231.26,20,0,
7748,5987,5986,80.12,20,0,
7749,5989,5988,112.00,50,0,
7750,5991,7252,67.67,20,0,
7751,4302,4303,19.91,20,0,
7752,5993,4293,25.31,20,0,
7753,5995,5994,35.22,30,0,
7754,5996,1758,74.61,30,0,
7755,1758,4293,12.43,30,0,
7756,4293,5997,11.87,30,0,
7757,5997,513,13.99,30,0,
7758,1758,4291,26.33,30,0,
7759,5998,6010,53.30,20,0,
7760,6010,4228,76.25,20,0,
7761,875,5999,20.90,20,0,
7762,6001,6000,22.76,20,0,
7763,6004,6003,13.69,30,1,
7764,6004,6005,123.30,30,1,
7765,6007,4136,150.89,30,1,
7766,6008,1013,125.85,30,1,
7767,6011,6010,16.08,20,0,
7768,4939,6012,523.01,20,0,
7769,6012,6013,145.30,20,0,
7770,6013,6014,11.28,20,0,
7771,6012,6015,69.33,20,0,
7772,6013,6016,58.96,20,0,
7773,6016,6017,19.38,20,0,
7774,6016,6018,37.90,20,0,
7775,6024,6023,46.16,20,0,
7776,6020,6019,46.17,20,0,
7777,6022,6021,46.16,20,0,
7778,588,6020,16.56,30,0,
7779,6020,6022,7.06,30,0,
7780,6022,6024,7.26,30,0,
7781,6024,6025,53.54,30,0,
7782,6026,6033,28.87,20,0,
7783,6027,6026,21.00,20,0,
7784,6031,7765,5.08,20,0,
7785,7765,6028,38.74,20,0,
7786,6030,6032,61.23,20,0,
7787,6032,6033,93.91,20,0,
7788,6033,6030,93.35,20,0,
7789,6030,6031,67.43,20,0,
7790,6033,6032,32.47,20,0,
7791,6034,6027,5.89,20,0,
7792,5729,1526,74.36,20,0,
7793,6041,6042,15.35,50,0,Strada Budai Nagy Antal
7794,6040,6039,49.81,20,0,
7795,697,2744,69.78,20,0,
7796,2745,635,40.91,20,0,Strada Suceava
7797,635,636,53.38,50,0,
7798,2001,6398,1.71,30,0,Strada Suceava
7799,6398,635,6.38,30,0,Strada Suceava
7800,6037,6038,30.24,20,0,
7801,6038,6036,22.50,20,0,
7802,2703,7814,41.43,30,0,Strada Dimitrie Cantemir
7803,7814,7812,24.38,30,0,Strada Dimitrie Cantemir
7804,7812,2702,6.95,30,0,Strada Dimitrie Cantemir
7805,2702,4485,63.13,30,0,Strada Dimitrie Cantemir
7806,1140,3132,73.69,30,0,Pasajul Pădurii
7807,1704,1208,97.82,20,0,
7808,6044,6556,42.03,20,0,
7809,6556,6043,42.50,20,0,
7810,782,4940,175.03,90,0,Strada Budiului
7811,777,776,8.79,50,0,Strada Budiului
7812,6046,6048,55.87,20,0,
7813,6050,6051,125.17,20,0,
7814,6049,6050,11.77,20,0,
7815,6047,6048,119.67,20,0,
7816,6048,6049,92.84,20,0,
7817,6053,6052,374.81,20,0,
7818,6056,6054,39.87,20,0,
7819,4876,6056,60.84,20,0,
7820,6056,6055,32.81,20,0,
7821,4389,4390,14.02,20,0,
7822,4398,7121,28.82,20,0,
7823,7121,4399,33.44,20,0,
7824,5946,6058,80.19,20,0,
7825,5947,5946,31.26,20,0,
7826,5946,5945,51.77,20,0,
7827,6060,6062,16.35,30,1,
7828,6062,6061,27.15,30,1,
7829,6061,6060,27.42,30,1,
7830,6063,6065,13.44,50,1,Strada Sântana
7831,6065,6072,13.27,50,1,Strada Sântana
7832,6069,6066,16.32,50,1,Strada Voinicenilor
7833,6066,1029,16.30,50,1,Strada Voinicenilor
7834,6068,6067,7.78,50,1,Strada Voinicenilor
7835,6067,6071,8.89,50,1,Strada Voinicenilor
7836,6071,6070,2.95,30,0,
7837,6070,6064,15.37,30,0,
7838,6064,6069,3.05,30,0,
7839,6069,1029,5.30,30,0,
7840,1029,6063,8.16,30,0,
7841,6063,6072,10.62,30,0,
7842,6072,6068,3.78,30,0,
7843,6068,6071,5.88,30,0,
7844,1028,1026,19.19,50,0,Strada Florilor
7845,6075,6074,65.85,20,0,
7846,445,903,93.13,50,0,Piața Albert Metz
7847,3083,3086,14.17,50,0,
7848,1108,6081,19.65,50,1,
7849,72,5054,7.60,30,0,Strada Fântânii
7850,2982,5056,7.97,50,0,Strada Constructorilor
7851,1547,7784,60.72,20,0,
7852,1202,5484,67.59,50,0,Strada Vasile Săbădeanu
7853,6087,6085,76.32,20,0,
7854,6088,6087,58.42,20,0,
7855,6087,6086,44.86,20,0,
7856,6091,6090,55.60,20,0,
7857,3795,3794,28.37,20,0,
7858,2612,1316,29.69,50,1,Strada Călărașilor
7859,6093,4884,91.76,20,0,Pasajul Bürger Albert
7860,604,6094,27.80,20,0,
7861,6096,6095,45.28,20,0,
7862,6098,6095,76.97,20,0,
7863,344,2662,57.37,20,0,
7864,1428,7668,25.12,30,0,Strada Ilie Munteanu
7865,7668,3802,76.06,30,0,Strada Ilie Munteanu
7866,3172,1425,132.75,50,0,Strada Mestecănișului
7867,6103,6104,38.59,20,0,
7868,6105,6106,128.36,20,0,
7869,6108,6107,12.74,20,0,
7870,6110,6107,47.20,20,0,
7871,6107,6109,20.54,20,0,
7872,6113,6112,125.20,20,0,
7873,6112,6108,111.49,20,0,
7874,6108,6111,9.18,20,0,
7875,57,511,100.97,30,1,Strada Cutezanței
7876,96,509,49.02,30,0,Strada Prieteniei
7877,4455,4456,32.06,30,0,Strada Semenic
7878,396,459,35.85,50,0,Strada Rodniciei
7879,198,197,48.92,30,0,Livezeni 7A
7880,6118,6117,32.46,20,0,
7881,6120,6119,28.32,20,0,
7882,6122,6121,22.21,20,0,
7883,6124,6123,23.62,20,0,
7884,6757,6127,14.41,20,1,
7885,6127,206,86.42,20,1,
7886,5602,5647,8.26,20,1,
7887,5647,7022,26.01,20,1,
7888,7022,5641,18.30,20,1,
7889,5641,7023,16.94,20,1,
7890,7023,8502,36.45,20,1,
7891,8502,7019,6.54,20,1,
7892,7019,5646,13.62,20,1,
7893,5646,7024,15.23,20,1,
7894,7024,5645,5.52,20,1,
7895,6131,6130,73.03,20,0,
7896,6134,6133,48.95,20,0,
7897,1148,6134,78.58,50,0,Strada Lămâiței
7898,6134,3402,26.84,50,0,Strada Lămâiței
7899,3402,6135,93.23,50,0,Strada Lămâiței
7900,3402,3400,52.76,20,0,
7901,3390,3400,91.73,20,0,
7902,3400,6136,51.09,20,0,
7903,1141,5978,286.81,50,0,Strada Vale
7904,5978,3343,25.68,50,0,Strada Vale
7905,3343,1142,55.73,50,0,Strada Vale
7906,1142,8564,167.07,50,0,Strada Vale
7907,8564,1143,177.90,50,0,Strada Vale
7908,6137,3362,16.19,50,0,Strada Vale
7909,3387,6140,22.55,20,0,
7910,6140,6138,29.03,20,0,
7911,6144,6143,35.91,20,0,
7912,6142,6141,36.73,20,0,
7913,3382,6142,61.34,20,0,
7914,6142,6144,19.86,20,0,
7915,6144,6140,51.43,20,0,
7916,6146,6145,188.91,20,0,
7917,6148,6147,128.43,20,0,
7918,3355,3357,40.64,50,0,
7919,3357,5149,106.40,50,0,
7920,4767,5394,2.69,20,0,
7921,6149,4768,8.26,20,0,
7922,4768,5392,2.71,20,0,
7923,2715,6150,4.82,30,0,Strada Plutelor
7924,4875,4878,48.03,30,1,Strada Burebista
7925,4874,961,39.32,50,1,Strada Tisei
7926,786,1552,107.67,50,1,Strada Bărăganului
7927,1552,1548,82.33,50,1,Strada Bărăganului
7928,3794,6092,22.23,20,0,
7929,3793,575,6.73,50,1,Aleea Carpați
7930,575,2409,31.12,50,1,Aleea Carpați
7931,611,6420,41.43,50,0,Strada Sinaia
7932,6420,646,95.06,50,0,Strada Sinaia
7933,227,228,88.20,30,0,Strada Bucegi
7934,4739,6151,146.39,20,0,
7935,4658,6152,89.84,20,0,
7936,5091,6154,34.43,50,0,Strada Strada Hints Ottó
7937,5090,4905,295.87,30,0,Strada Hints Ottó
7938,984,7054,16.85,50,0,Strada Apaductului
7939,7054,6933,24.99,50,0,Strada Apaductului
7940,4774,1191,19.62,50,0,Strada Voinicenilor
7941,1190,4361,31.88,50,1,Strada Agricultorilor
7942,4905,1341,194.70,50,0,Strada Hints Ottó
7943,1198,1544,5.31,50,0,Strada Pomilor
7944,1198,4739,134.72,30,0,Strada Szotyori József
7945,963,5521,6.54,50,0,Strada Apaductului
7946,6076,7120,1.46,50,1,Strada Tisei
7947,7120,4347,5.07,50,1,Strada Tisei
7948,4738,1189,117.48,50,0,Strada Agricultorilor
7949,960,6156,53.47,20,0,
7950,3107,1602,34.36,50,1,Strada Decebal
7951,1602,2667,48.02,50,1,Strada Decebal
7952,2667,4349,25.30,50,1,Strada Decebal
7953,6158,6159,106.80,20,1,
7954,6160,6161,101.82,30,0,Strada Bărăganului
7955,1599,1600,30.06,30,0,Strada Petru Maior
7956,1603,1601,19.19,30,1,Strada Petru Maior
7957,287,6515,2.56,30,0,Strada Bobâlna
7958,6515,288,75.20,30,0,Strada Bobâlna
7959,126,6321,49.58,50,0,Strada Bobâlna
7960,6321,127,3.28,50,0,Strada Bobâlna
7961,1323,5650,75.67,50,1,Strada Revoluției
7962,87,4521,89.08,50,1,Strada Bolyai
7963,216,5257,17.61,50,0,Piața Victoriei
7964,4531,6162,112.66,20,0,
7965,6166,6165,296.72,20,0,
7966,4143,4145,106.11,20,0,
7967,574,6164,60.21,30,0,Aleea Carpați
7968,6164,4152,22.31,30,0,Aleea Carpați
7969,574,3785,46.03,50,1,Aleea Carpați
7970,3785,3786,8.38,50,1,Aleea Carpați
7971,3786,3788,74.33,50,1,Aleea Carpați
7972,3788,3793,19.86,50,1,Aleea Carpați
7973,1340,4776,42.33,20,0,
7974,1543,3435,152.88,50,0,Strada Remetea
7975,6169,6168,73.59,20,0,
7976,712,6586,79.75,50,1,Aleea Constructorilor
7977,6586,711,76.60,50,1,Aleea Constructorilor
7978,569,847,100.26,30,0,Strada Rozmarinului
7979,847,825,146.28,30,0,Strada Rozmarinului
7980,825,823,143.95,30,0,Strada Rozmarinului
7981,824,823,61.77,50,0,Strada Acarului
7982,521,8085,66.93,50,0,Strada Armoniei
7983,8085,1773,39.10,50,0,Strada Armoniei
7984,1773,520,12.78,50,0,Strada Armoniei
7985,6956,6263,74.02,50,0,Strada Vulcan
7986,6263,6255,12.98,50,0,Strada Vulcan
7987,6255,654,91.63,50,0,Strada Vulcan
7988,2770,6172,40.21,30,0,Aleea Vrancea
7989,6173,6174,40.58,30,0,Aleea Vrancea
7990,1631,6178,45.89,30,0,
7991,6178,7986,30.30,30,0,
7992,4548,224,5.61,50,1,
7993,4553,4552,16.90,50,1,Piața Trandafirilor
7994,6184,3626,8.31,20,0,
7995,6183,3628,8.70,20,0,
7996,1346,1345,67.96,50,0,Strada Verde
7997,1345,1347,64.26,50,0,Strada Verde
7998,1347,1348,85.02,50,0,Strada Verde
7999,1348,1338,62.19,50,0,Strada Verde
8000,6185,6186,193.98,30,1,Strada Vânătorilor
8001,6188,6190,45.14,30,0,
8002,6190,7051,6.15,30,0,
8003,7051,6189,12.22,30,0,
8004,6190,6191,10.94,30,0,
8005,6191,6188,42.49,30,0,
8006,6191,4364,79.51,30,0,
8007,6193,6192,107.68,50,0,Strada Vasile Goldiș
8008,6193,6195,47.56,30,0,
8009,6195,6197,29.94,30,0,
8010,6197,6199,29.62,30,0,
8011,6199,6201,16.22,30,0,
8012,6201,6194,73.21,30,0,
8013,6195,6196,27.73,30,0,
8014,6197,6198,24.08,30,0,
8015,6199,6200,29.92,30,0,
8016,6201,7994,39.77,30,0,
8017,6202,6303,81.44,30,0,
8018,6303,6203,44.73,30,0,
8019,4142,4517,40.96,20,0,
8020,6204,6205,40.07,30,0,
8021,3564,846,62.00,50,0,Strada Urcușului
8022,846,1009,31.56,50,0,Strada Urcușului
8023,854,842,90.62,30,0,Strada Slatina
8024,6206,6207,21.48,20,0,
8025,85,5390,56.11,30,1,Piața Unirii
8026,5501,7083,2.73,30,0,Strada Turzii
8027,7083,7087,7.02,30,0,Strada Turzii
8028,7087,7081,33.09,30,0,Strada Turzii
8029,7081,870,3.75,30,0,Strada Turzii
8030,6042,6320,1.42,50,0,Strada Budai Nagy Antal
8031,6320,174,2.00,50,0,Strada Budai Nagy Antal
8032,6212,6213,33.80,20,0,
8033,162,859,81.79,50,0,Strada Trébely
8034,859,467,31.25,50,0,Strada Trébely
8035,748,6215,1.40,50,0,Strada Privighetorii
8036,6214,748,2.43,50,0,Strada Privighetorii
8037,6216,6218,34.75,30,0,
8038,6218,6217,64.68,30,0,
8039,6218,8901,14.86,30,0,
8040,8901,6220,45.61,30,0,
8041,6220,6219,38.28,30,0,
8042,6220,6221,90.09,30,0,
8043,6972,6222,12.24,5,0,
8044,6222,6223,84.29,5,0,
8045,6222,6224,65.10,5,0,
8046,6225,8832,48.38,20,0,
8047,5959,6227,87.00,30,0,
8048,6227,6228,37.44,30,0,
8049,6227,6231,37.18,30,0,
8050,6231,6229,60.92,30,0,
8051,6230,6231,40.31,30,0,
8052,6232,6233,52.29,30,0,
8053,119,4276,24.81,50,0,Strada Ady Endre
8054,4276,6239,77.68,50,0,Strada Ady Endre
8055,6239,911,56.90,50,0,Strada Ady Endre
8056,6234,6742,60.65,30,0,
8057,6742,6236,34.52,30,0,
8058,6236,6235,53.46,30,0,
8059,6237,4173,40.57,30,0,
8060,6237,6238,18.94,30,0,
8061,6239,6240,71.40,20,0,
8062,6241,6242,98.39,30,0,
8063,2609,2608,128.11,30,0,Strada Cerbului
8064,480,6244,88.02,30,0,
8065,6244,482,15.62,30,0,
8066,6245,482,74.70,30,0,
8067,519,8089,106.96,30,0,
8068,6246,6247,48.60,30,0,
8069,6249,6250,69.98,30,0,
8070,6251,6252,22.06,30,0,
8071,1850,19,127.53,50,0,Bulevardul Pandurilor
8072,19,20,97.39,50,0,Bulevardul Pandurilor
8073,6254,8253,83.56,30,0,
8074,185,6171,102.04,50,0,Strada Zărnești
8075,6255,6256,109.45,30,0,
8076,6257,6258,28.48,30,0,
8077,6259,6260,61.88,1,0,
8078,6261,6262,77.19,30,0,
8079,6263,8816,36.26,20,0,
8080,6264,6265,122.38,30,0,
8081,6266,6267,113.93,30,0,
8082,5074,6268,100.81,30,0,
8083,6269,5074,53.50,30,0,
8084,5074,6266,29.22,30,0,
8085,6266,5073,68.19,30,0,
8086,6270,6271,112.38,20,0,
8087,6272,6273,71.05,20,0,
8088,6274,6275,106.17,20,0,
8089,6276,6277,37.24,20,0,
8090,6278,6279,41.31,20,0,
8091,6279,6280,13.85,20,0,
8092,6279,6281,16.29,20,0,
8093,6282,6283,61.68,20,0,
8094,6284,6285,112.77,20,0,
8095,6157,6103,14.97,20,0,
8096,6286,6287,78.50,20,0,
8097,6287,6288,37.60,20,0,
8098,6288,6289,41.89,20,0,
8099,6287,6290,44.02,20,0,
8100,6291,6175,34.53,50,1,Pasajul Violetelor
8101,6177,6292,35.79,30,0,Pasajul Violetelor
8102,6292,7984,17.64,30,0,Pasajul Violetelor
8103,6292,6293,27.82,30,0,
8104,6295,6953,54.58,30,0,
8105,4288,4286,70.06,30,0,
8106,6297,6298,33.95,30,0,
8107,6299,95,42.81,30,0,
8108,7991,6300,129.02,30,0,Strada Petri Ádám
8109,6300,6301,50.56,30,0,Strada Petri Ádám
8110,3128,6302,175.48,30,0,
8111,6303,6377,69.15,30,0,
8112,6377,6304,13.55,30,0,
8113,6306,6307,77.48,20,0,
8114,4230,6309,28.78,20,0,
8115,854,6206,22.98,20,0,
8116,6206,6310,11.07,20,0,
8117,6312,6311,22.84,20,0,
8118,6313,6314,29.47,20,0,
8119,6314,1844,13.13,20,0,
8120,6314,6315,6.92,20,0,
8121,6315,6316,57.72,20,0,
8122,6315,6317,18.81,20,0,
8123,186,6312,15.37,50,1,Strada Tudor Vladimirescu
8124,6312,179,185.55,50,1,Strada Tudor Vladimirescu
8125,179,185,103.93,50,1,Strada Tudor Vladimirescu
8126,185,183,55.74,50,1,Strada Tudor Vladimirescu
8127,183,181,69.74,50,1,Strada Tudor Vladimirescu
8128,181,6319,64.00,50,1,Strada Tudor Vladimirescu
8129,6319,6211,5.37,50,1,Strada Tudor Vladimirescu
8130,6211,228,91.29,50,1,Strada Tudor Vladimirescu
8131,228,6320,79.08,50,1,Strada Tudor Vladimirescu
8132,6320,176,92.21,50,1,Strada Tudor Vladimirescu
8133,176,6321,167.44,50,1,Strada Tudor Vladimirescu
8134,6321,129,152.34,50,1,Strada Tudor Vladimirescu
8135,129,6210,31.79,50,1,Strada Tudor Vladimirescu
8136,6210,128,115.44,50,1,Strada Tudor Vladimirescu
8137,128,4691,67.11,50,1,Strada Tudor Vladimirescu
8138,196,6324,67.58,30,0,
8139,6322,6324,4.08,30,0,
8140,6323,6322,16.60,30,0,
8141,2766,7113,27.40,30,0,
8142,7113,6325,23.31,30,0,
8143,30,6327,159.57,30,0,
8144,6327,6326,52.44,30,0,
8145,4222,6327,32.52,30,0,
8146,422,6328,76.97,30,0,
8147,426,6332,21.58,30,0,
8148,6331,6329,23.62,30,0,
8149,6329,6330,63.82,30,0,
8150,6328,6331,35.84,30,0,
8151,6333,6334,58.70,30,0,
8152,4386,6335,28.36,20,0,
8153,6335,6338,17.48,20,0,
8154,6338,6336,12.02,20,0,
8155,6336,6337,48.02,20,0,
8156,6338,6339,58.91,20,0,
8157,650,648,89.13,50,0,Strada Târnavei
8158,1361,6340,48.83,20,0,
8159,6341,6342,37.01,30,0,
8160,6343,6344,23.68,30,0,
8161,6342,6343,11.87,30,0,
8162,4824,6348,53.37,30,0,Aleea Tâmplarilor
8163,6348,6346,33.71,30,0,Aleea Tâmplarilor
8164,6346,6345,42.36,30,0,Aleea Tâmplarilor
8165,6346,6347,29.73,30,0,
8166,6348,6349,29.34,20,0,
8167,6350,6352,31.43,30,0,
8168,6352,6351,23.80,30,0,
8169,6352,4253,133.12,30,0,
8170,4253,4254,80.88,30,0,
8171,6355,6356,45.74,20,0,
8172,6358,6359,17.21,30,0,
8173,6359,6360,62.17,30,0,
8174,6362,6364,14.77,30,0,
8175,6364,6366,17.27,30,0,
8176,6366,6368,22.65,30,0,
8177,6368,6363,2.82,30,0,
8178,6364,6365,50.35,30,0,
8179,6365,6366,32.49,30,0,
8180,6365,7052,23.64,30,0,
8181,7052,6367,2.38,30,0,
8182,6368,6369,41.63,30,0,
8183,6370,7143,31.04,30,0,
8184,7143,4777,5.44,30,0,
8185,979,6371,29.23,20,0,
8186,6372,6373,56.86,20,0,
8187,6374,6375,44.07,20,0,
8188,4403,6376,44.27,20,0,
8189,6377,6378,19.78,20,0,
8190,6379,6380,14.68,20,0,
8191,6380,6381,32.12,20,0,
8192,6382,6383,7.44,20,0,
8193,6383,6384,78.23,20,0,
8194,6385,6386,29.23,30,0,Aleea Hațeg
8195,6386,6387,70.79,30,0,Aleea Hațeg
8196,6387,6386,63.45,30,0,Aleea Hațeg
8197,6387,6388,22.54,30,0,Aleea Hațeg
8198,6389,6391,17.02,20,0,
8199,6391,6390,14.38,20,0,
8200,356,6393,26.35,50,0,Strada Parângului
8201,6393,6395,3.00,50,0,Strada Parângului
8202,6395,6392,4.07,50,0,Strada Parângului
8203,6393,6394,35.18,20,0,
8204,6395,6396,24.18,20,0,
8205,2584,6397,208.22,30,0,Strada Parângului
8206,6398,6035,15.47,20,0,
8207,6035,6399,91.06,20,0,
8208,1838,6400,48.17,20,0,Strada Rovine
8209,6401,6402,81.13,30,0,Strada Subpădure
8210,855,8930,1.50,30,1,Strada Spitalul Vechi
8211,8930,393,27.09,30,1,Strada Spitalul Vechi
8212,6403,6404,119.49,30,0,
8213,6405,6406,167.91,20,0,
8214,6407,6408,124.56,20,0,
8215,6409,6410,80.27,20,0,
8216,6411,6412,72.09,20,0,
8217,6413,839,82.51,30,0,Strada Constantin Dobrogeanu Gherea
8218,4922,6414,57.82,20,0,
8219,6415,6416,55.92,20,0,
8220,6417,6418,74.31,20,0,
8221,4919,6949,13.53,20,0,
8222,6420,6421,16.49,20,0,
8223,6421,6422,24.26,20,0,
8224,6423,6424,55.48,20,0,
8225,6424,6425,3.37,20,0,
8226,6426,6427,137.35,20,0,
8227,2475,6738,83.14,30,1,
8228,6428,6429,29.68,30,0,
8229,1629,6430,30.17,30,0,
8230,6430,6431,142.15,30,0,
8231,6432,1767,41.92,30,0,
8232,1767,6433,23.38,30,0,
8233,6434,895,74.36,30,0,
8234,337,334,25.99,50,0,
8235,2844,3607,54.54,30,0,
8236,6995,6436,155.58,20,0,
8237,6437,6438,73.63,30,0,
8238,6439,6440,85.00,30,1,
8239,6440,6441,15.21,30,1,
8240,6441,6442,28.79,30,1,
8241,495,6443,138.40,30,0,
8242,130,1382,30.99,30,1,Strada Semănătorilor
8243,4334,4335,41.41,30,0,
8244,6444,6445,35.88,30,0,
8245,6446,6447,138.52,30,0,
8246,6448,6449,103.80,30,0,
8247,6451,8324,5.21,30,0,
8248,8324,8328,186.02,30,0,
8249,6452,6453,8.95,20,0,
8250,6453,6454,59.10,30,0,
8251,6450,8329,8.04,30,0,
8252,8329,6451,37.68,30,0,
8253,6455,5821,239.69,20,0,
8254,6456,8931,158.37,30,0,
8255,8931,6457,7.98,30,0,
8256,6458,6459,5.96,30,0,
8257,6459,6460,76.54,30,0,
8258,6986,6461,2.86,20,0,
8259,6461,6462,106.98,30,0,
8260,6988,6463,3.19,20,0,
8261,6463,6464,54.70,30,0,
8262,6243,6465,82.44,20,0,
8263,6466,6467,11.76,20,0,
8264,6467,6470,90.17,20,0,
8265,6470,6468,119.55,20,0,
8266,6469,6470,107.55,20,0,
8267,6471,6472,44.57,30,0,
8268,6473,6474,112.40,20,0,
8269,6476,6477,67.91,20,0,
8270,1997,6248,148.19,30,0,
8271,5811,5810,31.65,20,0,
8272,4067,6479,184.04,20,0,
8273,6479,6478,119.81,20,0,
8274,6479,6480,50.27,20,0,
8275,8128,6481,132.35,20,0,
8276,4056,6483,35.46,20,0,
8277,6483,6482,22.33,20,0,
8278,6483,6484,92.71,20,0,
8279,6487,6489,113.82,20,0,
8280,6491,6492,162.83,20,0,
8281,2366,6493,328.76,20,0,
8282,2345,6494,75.17,20,0,
8283,4483,6495,69.38,20,0,
8284,2436,6496,33.60,20,0,
8285,6497,6499,38.78,20,0,
8286,6499,6498,47.85,20,0,
8287,6499,6500,146.00,20,0,
8288,6500,6501,9.86,20,0,
8289,6500,6502,57.67,20,0,
8290,6502,6503,35.58,20,0,
8291,6503,6504,21.69,20,0,
8292,6503,6505,111.38,20,0,
8293,6506,6507,33.77,20,0,
8294,6508,6509,171.97,20,0,
8295,4251,6510,155.27,20,0,
8296,6511,6512,82.57,30,0,Strada Bihorului
8297,6513,710,44.17,50,0,Strada Bistriței
8298,710,6514,125.10,50,1,Strada Bistriței
8299,6515,6516,16.71,20,0,
8300,6517,6518,46.45,20,0,
8301,6519,6520,39.90,20,0,
8302,6521,6522,5.06,20,0,
8303,6522,6523,25.35,20,0,
8304,6524,6525,44.05,20,0,
8305,6526,6527,44.53,20,0,
8306,6528,6529,95.00,20,0,
8307,6530,6531,6.35,20,0,
8308,6531,3102,26.94,20,0,
8309,6956,150,206.68,30,0,Strada Bradului
8310,150,88,78.07,50,0,Strada Bradului
8311,6532,6533,46.10,50,0,Strada Branului
8312,6533,733,142.20,50,0,Strada Branului
8313,733,731,22.88,50,0,Strada Branului
8314,731,258,127.41,50,0,Strada Branului
8315,5930,6532,16.62,20,0,
8316,5953,6534,119.47,20,0,
8317,6535,6536,62.32,20,0,
8318,6537,6538,50.18,20,0,
8319,6539,6540,10.59,20,0,
8320,503,6541,59.20,20,0,
8321,502,503,26.43,50,0,
8322,232,6542,75.28,20,0,
8323,6543,6544,27.97,20,0,
8324,6545,6546,63.27,20,0,
8325,6548,6547,27.47,20,0,
8326,6549,2774,128.82,20,0,
8327,6551,7935,68.20,20,0,
8328,7935,6552,15.56,20,0,
8329,6553,8867,212.96,20,0,
8330,6043,6555,15.35,20,0,
8331,6555,6554,81.09,20,0,
8332,6555,6556,101.69,20,0,
8333,6557,6558,39.95,20,0,
8334,2592,6559,122.32,20,0,
8335,6163,574,37.85,20,0,
8336,6560,4343,46.84,20,0,
8337,6561,6562,49.64,20,0,
8338,6563,6565,74.44,20,0,
8339,6565,6564,22.78,20,0,
8340,6565,6566,10.67,20,0,
8341,6567,6568,39.15,20,0,
8342,6569,6570,112.33,50,0,Strada Cibinului
8343,6571,6573,16.12,30,0,
8344,6573,6572,7.75,30,0,
8345,6573,6574,15.88,20,0,
8346,6574,7913,61.10,20,0,
8347,7913,6575,15.67,20,0,
8348,6575,6574,44.24,20,0,
8349,6575,6576,37.32,20,0,
8350,6577,6578,81.95,20,0,
8351,6579,6580,98.36,50,1,Strada Cloșca
8352,1420,843,265.06,50,0,Strada Constantin Dobrogeanu Gherea
8353,6581,6582,46.23,20,0,
8354,6583,6584,66.15,20,0,
8355,1877,6585,22.73,20,0,
8356,6586,8864,51.52,20,0,Aleea Constructorilor
8357,6587,6588,52.29,20,0,
8358,6589,6590,110.41,30,0,Strada Crișan
8359,6591,6592,49.08,20,0,
8360,6593,6594,40.15,20,0,
8361,6595,6596,73.76,20,0,
8362,6597,7667,33.35,20,0,
8363,7667,6598,19.72,20,0,
8364,6599,6600,58.75,20,0,
8365,4349,2666,32.88,50,1,Strada Decebal
8366,6602,6603,25.72,20,0,
8367,2336,6604,23.59,20,0,
8368,6605,6606,94.97,20,0,
8369,6606,2377,11.90,20,0,
8370,2377,6607,61.60,20,0,
8371,6607,6606,136.85,20,0,
8372,2386,6607,11.81,20,0,
8373,6608,6609,36.62,20,0,
8374,6610,6611,63.35,20,0,
8375,6611,6612,142.35,20,0,
8376,6613,6614,23.23,20,0,
8377,6615,6616,102.94,20,0,
8378,6617,6618,59.56,20,0,
8379,6619,6621,26.71,20,0,
8380,6621,6620,46.17,20,0,
8381,6621,6622,35.30,20,0,
8382,6623,6625,33.50,20,0,
8383,6625,6624,45.58,20,0,
8384,6625,6626,96.40,20,0,
8385,6627,6628,16.91,20,0,
8386,6628,6629,134.01,20,0,
8387,6629,6628,40.73,20,0,
8388,6628,6629,112.70,20,0,
8389,3890,6630,81.60,20,0,
8390,6631,6632,46.91,20,0,
8391,2362,6635,98.45,20,0,
8392,6635,6633,28.08,20,0,
8393,6633,6634,69.80,20,0,
8394,6634,6635,48.34,20,0,
8395,6634,6636,139.80,20,0,
8396,2339,6640,30.92,20,0,
8397,6640,6637,44.63,20,0,
8398,6638,6640,34.61,20,0,
8399,6640,6639,22.89,20,0,
8400,1534,1224,37.61,30,0,Strada Prahovei
8401,2702,6641,130.73,30,0,Strada Episcop Ioan Bob
8402,6641,7778,128.93,30,0,Strada Episcop Ioan Bob
8403,6641,6642,33.94,20,0,
8404,6643,6644,62.30,20,0,
8405,6645,6357,40.40,20,0,
8406,6646,6647,51.96,20,0,
8407,6101,6648,66.46,20,0,
8408,6650,6652,79.48,20,0,
8409,6652,6651,34.75,20,0,
8410,6652,6653,30.61,20,0,
8411,950,952,17.70,50,0,Strada Frederic Joliot-Curie
8412,6655,6657,14.69,20,0,
8413,6657,6656,26.50,20,0,
8414,6657,6658,84.40,20,0,
8415,6659,6660,32.95,20,0,
8416,6661,6662,110.16,20,0,
8417,6663,6665,21.37,20,0,
8418,6665,6664,36.20,20,0,
8419,6665,6666,86.75,20,0,
8420,6667,6668,133.81,20,0,
8421,6669,6670,94.83,20,0,
8422,6671,6672,17.81,20,0,
8423,6672,6673,53.72,20,0,
8424,6672,7206,23.48,20,0,
8425,7206,6674,25.34,20,0,
8426,6106,6675,98.67,20,0,
8427,6676,6677,18.22,20,0,
8428,6677,6678,17.72,20,0,
8429,6677,6679,59.17,20,0,
8430,6680,6681,23.53,20,0,
8431,6682,4292,69.05,20,0,
8432,4292,1757,30.02,20,0,
8433,1757,6683,140.10,20,0,
8434,6684,6686,133.28,20,0,
8435,6686,6685,40.80,20,0,
8436,6686,6687,32.84,20,0,
8437,6689,6688,66.11,20,0,
8438,6690,6691,32.38,20,0,
8439,6692,6694,20.60,30,0,Aleea Hațeg
8440,6694,6693,51.51,30,0,Aleea Hațeg
8441,6693,6694,52.56,30,0,Aleea Hațeg
8442,309,6692,25.75,50,0,Aleea Hațeg
8443,6693,6696,18.13,30,0,Aleea Hațeg
8444,6696,6695,78.46,30,0,Aleea Hațeg
8445,6696,6697,24.37,30,0,Aleea Hațeg
8446,6698,1411,53.66,30,0,Strada Homorodului
8447,1411,1226,23.26,30,0,Strada Homorodului
8448,6699,6700,16.89,20,0,
8449,6700,6701,102.52,20,0,
8450,6701,6700,111.61,20,0,
8451,6701,6702,35.98,20,0,
8452,1585,1609,31.96,50,0,Aleea Ion Mihuț
8453,4356,6703,16.58,20,0,
8454,6704,6705,63.54,20,0,
8455,5076,8857,123.04,30,0,Strada Ion Vlasiu
8456,6707,6708,73.14,30,0,
8457,4113,6709,28.11,20,0,
8458,6710,6711,77.39,30,0,
8459,2875,3539,22.35,20,0,
8460,3539,3529,115.31,20,0,
8461,3529,5547,40.41,20,0,
8462,2447,2445,107.02,20,0,
8463,6717,6713,5.32,20,0,
8464,6714,6713,216.12,20,0,
8465,6713,1312,73.66,20,0,
8466,6714,6715,22.97,20,0,
8467,6718,6719,181.49,20,0,
8468,827,829,100.45,50,1,Strada Gheorghe Doja
8469,829,8968,33.59,50,1,Strada Gheorghe Doja
8470,8968,1943,94.77,50,1,Strada Gheorghe Doja
8471,1005,7186,49.88,50,1,Strada Gheorghe Doja
8472,7186,6669,312.10,50,1,Strada Gheorghe Doja
8473,6669,1006,31.12,50,1,Strada Gheorghe Doja
8474,1006,3476,34.98,50,1,Strada Gheorghe Doja
8475,3476,8592,82.81,50,1,Strada Gheorghe Doja
8476,6721,6722,23.68,30,0,Strada Crinului
8477,6723,6724,46.41,30,0,
8478,6724,6725,20.05,30,0,
8479,6725,3852,49.96,30,0,
8480,2066,8290,181.81,30,0,Strada Mestecănișului
8481,781,6726,23.96,50,0,
8482,6726,6728,151.25,50,0,
8483,6728,9161,10.65,50,0,
8484,1328,3141,10.66,30,1,Strada Poștei
8485,1388,1387,211.92,20,0,
8486,1007,990,90.53,50,1,Strada Gheorghe Doja
8487,7,1836,70.94,50,1,Strada Gheorghe Doja
8488,1836,4708,52.63,50,1,Strada Gheorghe Doja
8489,990,7744,52.59,50,1,Strada Gheorghe Doja
8490,7744,991,32.61,50,1,Strada Gheorghe Doja
8491,991,992,65.71,50,1,Strada Gheorghe Doja
8492,992,993,60.89,50,1,Strada Gheorghe Doja
8493,993,994,63.52,50,0,
8494,993,994,46.68,50,1,Strada Gheorghe Doja
8495,994,995,121.61,50,1,Strada Gheorghe Doja
8496,2009,2016,90.54,50,0,
8497,2013,13,90.75,50,1,Strada Gheorghe Doja
8498,13,7757,4.14,50,1,Strada Gheorghe Doja
8499,7757,2026,6.42,50,1,Strada Gheorghe Doja
8500,2026,2025,36.51,50,1,Strada Gheorghe Doja
8501,2025,7759,9.21,50,1,Strada Gheorghe Doja
8502,7759,7,108.39,50,1,Strada Gheorghe Doja
8503,4709,4711,14.68,50,0,Strada Gheorghe Doja
8504,4804,5633,12.00,20,0,
8505,4792,4804,12.85,20,0,
8506,8649,4794,18.08,20,0,
8507,4794,4793,16.18,20,0,
8508,728,14,80.58,50,1,Strada Gheorghe Doja
8509,988,2032,62.75,50,1,Strada Gheorghe Doja
8510,2032,2033,78.02,50,1,Strada Gheorghe Doja
8511,6729,6730,25.60,20,0,
8512,6731,6732,25.67,20,0,
8513,6733,6734,25.78,20,0,
8514,6735,6736,25.72,20,0,
8515,6737,1218,16.00,20,0,
8516,6739,6740,174.94,30,0,
8517,6741,6742,22.06,30,0,
8518,1533,6743,82.45,30,0,
8519,6745,3252,57.90,50,0,
8520,3252,3264,165.75,50,0,
8521,3294,5111,130.13,50,0,Strada Pășunii
8522,5111,3270,63.12,50,0,Strada Pășunii
8523,3342,3341,62.86,50,0,
8524,3364,3361,91.47,30,0,Strada Plopilor
8525,6746,6747,117.94,30,0,Strada Lucernei
8526,6748,6061,65.01,30,0,
8527,6062,6749,29.45,20,0,
8528,6070,6750,16.26,30,1,
8529,6750,6064,14.79,30,1,
8530,6750,6060,3.78,30,0,
8531,4492,3458,78.80,50,1,Strada Gheorghe Doja
8532,3461,3459,80.89,50,1,Strada Gheorghe Doja
8533,3459,7032,89.70,50,1,Strada Gheorghe Doja
8534,7032,4493,39.01,50,1,Strada Gheorghe Doja
8535,877,878,14.60,30,0,Strada Széchenyi István
8536,878,879,59.90,30,0,Strada Széchenyi István
8537,6155,4905,12.42,50,0,Strada Hints Ottó
8538,6755,6754,47.71,20,0,
8539,207,7887,117.17,30,1,Aleea Cornișa
8540,7887,473,24.79,30,1,Aleea Cornișa
8541,6127,6756,52.44,20,0,
8542,6758,6759,1.67,30,0,
8543,6759,3618,7.91,30,0,
8544,3618,6760,6.19,30,0,
8545,6760,6758,6.71,30,0,
8546,6760,4537,35.56,30,0,
8547,3585,6761,34.13,20,0,
8548,4430,6762,65.22,50,0,
8549,929,2839,25.05,50,0,
8550,2838,708,37.94,50,1,
8551,708,929,39.57,50,1,
8552,6764,6763,37.68,20,0,
8553,3178,3176,8.88,80,1,
8554,3174,3173,8.50,80,1,
8555,3175,3177,8.48,80,1,
8556,6766,6767,23.19,20,0,
8557,6767,6765,26.77,20,0,
8558,6768,6767,23.20,20,0,
8559,6770,5576,32.07,20,0,
8560,5576,6769,10.04,20,0,
8561,5548,6875,130.21,30,1,
8562,6875,6712,76.77,30,1,
8563,3333,6771,102.29,50,0,
8564,6773,6772,130.63,20,0,
8565,789,6775,172.97,20,0,
8566,6776,3771,411.41,20,0,
8567,5233,6774,227.43,50,0,
8568,6778,6777,151.63,50,0,
8569,6780,6779,96.47,20,0,
8570,9089,2552,52.94,20,0,
8571,2552,6782,61.06,20,0,
8572,6784,6783,61.18,20,0,
8573,6786,6785,235.71,20,0,
8574,6788,6787,99.03,20,0,
8575,6790,6789,239.05,50,0,Strada Recoltei
8576,6792,6791,59.34,20,0,Strada Văilor
8577,4866,4867,76.55,20,0,Strada Lavandei
8578,6799,7803,222.39,20,0,
8579,6797,6795,54.72,20,0,
8580,6798,6797,48.02,20,0,
8581,6797,6796,44.16,20,0,
8582,6801,6800,118.95,20,0,
8583,6802,2385,63.80,20,0,
8584,6805,6807,157.34,20,0,
8585,6807,6803,48.28,20,0,
8586,6808,6806,166.66,20,0,
8587,6809,4079,138.88,20,0,
8588,6804,5825,277.89,20,0,
8589,6811,6810,154.75,20,0,
8590,6813,6812,27.57,20,0,
8591,108,6815,27.93,20,0,
8592,6815,1727,76.97,20,0,
8593,6817,6816,326.65,20,0,
8594,6819,6818,162.83,50,0,
8595,6820,8321,126.37,20,0,
8596,6951,6831,47.82,20,0,
8597,6833,6832,10.61,20,1,
8598,6835,6834,31.08,20,0,
8599,6832,6834,24.62,20,1,
8600,6834,6833,74.11,20,1,
8601,5723,6821,48.24,20,0,
8602,6823,6822,202.24,20,0,
8603,6824,5723,153.46,20,0,
8604,5723,6823,62.85,20,0,
8605,6826,6825,21.91,20,0,
8606,5366,6823,83.88,20,0,
8607,6828,6827,133.41,30,0,
8608,6830,6829,152.09,20,0,
8609,6837,6836,154.66,20,0,
8610,6838,2491,96.54,20,0,
8611,6840,6839,102.74,20,0,
8612,6842,6840,60.86,20,0,
8613,6840,6841,94.99,20,0,
8614,6843,3253,455.02,50,0,
8615,6849,6844,91.06,20,0,
8616,6850,6845,89.77,20,0,
8617,6851,6846,81.67,20,0,
8618,6852,6847,99.78,20,0,
8619,6854,6853,102.77,20,0,
8620,6844,6845,33.12,20,0,
8621,6845,6846,59.30,20,0,
8622,6846,6847,35.27,20,0,
8623,6847,6853,30.18,20,0,
8624,6853,6855,131.24,20,0,
8625,6856,6855,11.71,20,0,
8626,6855,6854,19.87,20,0,
8627,6854,6852,30.01,20,0,
8628,6852,6851,28.20,20,0,
8629,6851,6850,57.11,20,0,
8630,6850,6849,24.43,20,0,
8631,6849,6848,37.10,20,0,
8632,4319,6863,70.18,20,0,
8633,6858,6857,53.01,20,0,
8634,6860,8995,99.91,20,0,
8635,8995,6859,56.63,20,0,
8636,5775,4600,138.67,50,0,
8637,6862,6861,56.49,20,0,
8638,6870,6869,81.22,20,0,
8639,6874,6870,36.68,20,0,
8640,6870,6871,24.26,20,0,
8641,6872,6869,57.27,20,0,
8642,6869,6868,31.98,20,0,
8643,6873,6872,53.77,20,0,
8644,6872,6874,90.91,20,0,
8645,6874,2545,17.83,20,0,
8646,6865,6864,181.43,20,0,
8647,6866,6867,93.74,20,0,
8648,6865,2448,79.39,20,0,
8649,2448,5574,169.23,20,0,
8650,6867,2448,130.96,20,0,
8651,6876,6878,3.63,70,0,
8652,6878,6879,16.75,70,0,
8653,6879,6877,5.85,70,0,
8654,6877,6876,18.17,70,0,
8655,615,6876,34.61,30,0,Piața Armatei
8656,796,639,37.43,50,0,Strada Alexandru Papiu Ilarian
8657,1069,1070,36.12,70,0,
8658,6880,1069,13.97,70,0,
8659,6883,6882,196.65,20,0,
8660,6885,6884,39.70,20,0,
8661,6887,6884,17.01,20,0,
8662,6884,6886,53.94,20,0,
8663,6889,6888,178.63,50,0,
8664,6892,6890,37.00,20,0,
8665,6890,6891,85.09,20,0,
8666,6891,6890,114.56,20,0,
8667,3292,6893,243.04,20,0,
8668,6896,6895,77.18,50,0,
8669,6903,2233,43.74,30,1,Strada Libertății
8670,6905,8427,27.32,20,0,
8671,8427,8159,10.12,20,0,
8672,8159,6904,25.13,20,0,
8673,6904,9031,69.34,20,0,
8674,9031,8274,19.89,20,0,
8675,8274,8701,22.85,20,0,
8676,8701,8631,25.40,20,0,
8677,8631,8514,18.90,20,0,
8678,8514,8628,32.38,20,0,
8679,5610,5611,28.49,20,1,
8680,5611,5607,36.82,20,1,
8681,8483,5498,28.27,20,1,
8682,5498,8484,30.55,20,1,
8683,1281,2679,54.85,50,0,Strada Viena
8684,2679,8122,34.17,30,1,Strada Berlin
8685,8122,2680,68.76,30,1,Strada Berlin
8686,1278,1281,65.20,50,0,Strada Praga
8687,1049,1048,463.89,50,0,
8688,1048,5113,130.38,50,0,
8689,5113,3313,28.25,50,0,
8690,3313,5981,6.85,50,0,
8691,5981,3319,157.67,50,0,
8692,3319,3320,7.23,50,0,
8693,3320,1047,55.58,50,0,
8694,1047,1141,44.43,50,0,
8695,1141,3339,255.12,50,0,
8696,3339,1046,166.18,50,0,
8697,3274,3286,84.04,20,0,
8698,3274,3275,17.67,20,0,
8699,3299,3296,28.21,50,0,Strada Mureșului
8700,3322,5977,156.75,50,0,Strada Mureșului
8701,5977,9125,72.13,50,0,Strada Mureșului
8702,9125,3299,118.53,50,0,Strada Mureșului
8703,4593,4190,9.81,50,0,Strada Salcâmilor
8704,5804,813,5.42,50,0,Strada Barajului
8705,5804,7656,103.82,50,0,Strada Insulei
8706,7656,4111,7.16,50,0,Strada Insulei
8707,4111,4118,149.02,50,0,Strada Insulei
8708,4118,4121,44.94,50,0,Strada Insulei
8709,4121,5803,99.15,50,0,Strada Insulei
8710,5803,7664,194.67,50,0,Strada Insulei
8711,7664,3923,174.58,50,0,Strada Insulei
8712,3923,5308,145.07,50,0,Strada Insulei
8713,1309,1312,57.75,50,0,Strada Insulei
8714,1312,817,4.20,50,0,Strada Insulei
8715,4884,4883,3.66,50,1,Strada Călărașilor
8716,4885,582,5.72,50,0,Strada Furnicilor
8717,6912,6915,59.49,30,0,Strada Ioan Vescan
8718,6915,7639,20.00,30,0,Strada Ioan Vescan
8719,7639,6913,24.14,30,0,Strada Ioan Vescan
8720,6914,6915,66.42,30,0,Strada Ioan Vescan
8721,6738,6916,128.75,30,1,
8722,1614,6918,38.26,20,1,
8723,6918,6917,15.88,20,1,
8724,6917,8090,2.96,20,1,
8725,8090,6919,29.99,20,1,
8726,6920,1692,90.89,20,0,
8727,6881,869,77.58,50,0,Strada Sfântul Ioan
8728,6881,1692,22.08,50,0,Strada Sfântul Ioan
8729,6923,6922,35.95,20,0,
8730,6925,6924,53.05,20,0,
8731,6927,6928,115.50,30,1,
8732,1987,8020,18.75,30,0,
8733,8020,1984,75.27,30,0,
8734,1984,8025,28.36,30,0,
8735,8025,8017,1.00,30,0,
8736,8017,8019,30.58,30,0,
8737,8019,1989,12.84,30,0,
8738,1518,1520,36.23,50,0,Strada Cornești
8739,130,2693,30.60,50,0,Bulevardul 1 Decembrie 1918
8740,6928,130,1.74,50,0,Bulevardul 1 Decembrie 1918
8741,2650,2651,22.39,50,1,Piața Victoriei
8742,704,592,29.28,30,0,Strada George Coșbuc
8743,1226,6938,29.38,30,0,Strada Homorodului
8744,1596,6937,2.37,50,1,Strada Gheorghe Pop de Băsești
8745,66,6941,70.18,20,0,
8746,138,4203,28.45,50,0,Strada Moldovei
8747,237,6385,59.10,50,0,Strada Șelimbăr
8748,6385,239,37.46,50,0,Strada Șelimbăr
8749,3229,196,50.38,50,0,Strada Progresului
8750,459,4299,39.92,50,1,Strada Rodniciei
8751,4299,212,28.75,50,1,Strada Rodniciei
8752,1633,1632,12.08,50,1,Strada Viitorului
8753,1632,1631,18.80,50,1,Strada Viitorului
8754,1631,94,40.07,50,1,Strada Viitorului
8755,4815,1421,163.95,50,1,Bulevardul 1848
8756,832,1012,14.45,50,0,Strada Ceahlău
8757,1012,3184,137.84,50,1,Bulevardul 1848
8758,3183,832,133.64,50,1,Bulevardul 1848
8759,4416,1845,160.10,50,1,Bulevardul 1848
8760,5855,8271,95.50,50,0,Strada Zarandului
8761,8271,5854,50.60,50,0,Strada Zarandului
8762,8789,8714,41.99,50,1,Strada Vulcan
8763,8714,6957,45.50,50,1,Strada Vulcan
8764,6957,6959,37.90,50,1,Strada Vulcan
8765,6959,6961,32.39,50,1,Strada Vulcan
8766,6961,6956,57.42,50,1,Strada Vulcan
8767,6957,6958,22.59,20,0,
8768,6959,6960,31.95,20,0,
8769,6961,6962,26.57,20,0,
8770,6965,6963,9.59,50,0,Aleea Vrancea
8771,6963,8822,13.91,50,0,Aleea Vrancea
8772,8822,6257,35.76,50,0,Aleea Vrancea
8773,6257,6964,74.71,50,0,Aleea Vrancea
8774,6967,6964,6.43,30,0,Aleea Vrancea
8775,6964,6968,31.45,30,0,Aleea Vrancea
8776,6966,6969,1.29,30,0,Aleea Vrancea
8777,237,6965,75.47,50,0,Aleea Vrancea
8778,6972,6971,57.56,50,0,Strada Vlădeasa
8779,6970,6972,25.12,50,0,Strada Vlădeasa
8780,6971,2387,157.99,50,0,Strada Vlădeasa
8781,1339,288,55.26,50,1,Pasajul Violetelor
8782,4238,295,112.02,50,1,Strada Vulturilor
8783,295,230,157.48,50,1,Strada Vulturilor
8784,230,9067,35.12,50,1,Strada Vulturilor
8785,9067,8788,42.03,50,1,Strada Vulturilor
8786,6974,64,51.36,50,0,Strada Vișeului
8787,6975,1509,33.83,30,0,Strada Vișeului
8788,6974,6976,30.42,30,0,Strada Vișeului
8789,392,6973,49.94,50,0,Strada Vișeului
8790,1534,6444,68.95,50,0,Bulevardul 22 Decembrie 1989
8791,6444,3850,84.21,50,0,Bulevardul 22 Decembrie 1989
8792,3850,3851,52.71,50,0,Bulevardul 22 Decembrie 1989
8793,3851,6723,182.30,50,0,Bulevardul 22 Decembrie 1989
8794,6723,3852,36.21,50,0,Bulevardul 22 Decembrie 1989
8795,3852,6977,8.94,50,0,Bulevardul 22 Decembrie 1989
8796,1929,1938,168.09,50,0,Strada 8 Martie
8797,1938,3475,304.58,50,0,Strada 8 Martie
8798,6978,6979,159.45,50,0,Strada Abrudului
8799,650,742,61.25,50,1,Strada Alexandru Vlahuță
8800,742,6980,157.89,50,1,Strada Alexandru Vlahuță
8801,6981,6982,89.72,30,0,Strada Aluniș
8802,6982,6985,80.45,30,0,Strada Aluniș
8803,8030,6458,30.29,30,0,Strada Aluniș
8804,6458,6989,108.52,30,0,Strada Aluniș
8805,6987,6988,35.30,30,0,Strada Aluniș
8806,6986,6987,26.22,30,0,Strada Aluniș
8807,6933,6194,10.74,50,0,Strada Apaductului
8808,6194,8885,1.43,50,0,Strada Apaductului
8809,8885,987,2.80,50,0,Strada Apaductului
8810,481,8036,9.28,30,0,
8811,8036,8050,57.39,30,0,
8812,8050,6990,5.34,30,0,
8813,6990,8046,57.62,30,0,
8814,6992,6991,41.70,20,0,
8815,5513,6993,7.84,20,1,
8816,6994,6898,60.42,20,0,
8817,6996,6897,57.27,20,0,
8818,7000,6999,46.88,20,0,
8819,7002,7001,55.14,20,0,
8820,7004,7003,47.10,20,0,
8821,6902,7006,19.66,20,0,
8822,6902,6899,90.08,20,1,
8823,7007,6899,61.07,20,1,
8824,1867,5619,74.46,50,0,Bulevardul 1 Decembrie 1918
8825,7008,7025,34.06,20,1,
8826,7013,7011,40.71,20,0,
8827,7011,7012,35.65,20,0,
8828,7015,7014,41.22,20,0,
8829,7014,7020,30.26,20,0,
8830,5643,7017,17.94,20,0,
8831,7017,7016,37.33,20,0,
8832,7023,7021,46.14,20,1,
8833,7021,7022,44.25,20,1,
8834,7029,5514,2.86,50,0,Strada Ion Fiscuteanu
8835,6508,4249,6.50,50,0,Strada Belșugului
8836,4249,8906,76.26,50,0,Strada Belșugului
8837,8906,446,27.60,50,0,Strada Belșugului
8838,1195,5061,114.24,50,0,Strada Voinicenilor
8839,5061,1575,184.08,50,0,Strada Voinicenilor
8840,1575,1571,525.62,50,0,Strada Voinicenilor
8841,1571,8418,14.21,50,0,Strada Voinicenilor
8842,8418,8416,23.08,50,0,Strada Voinicenilor
8843,8416,788,57.94,50,0,Strada Voinicenilor
8844,3644,7030,108.76,30,0,Strada Socului
8845,7034,9080,66.16,50,0,
8846,9080,9079,89.51,50,0,
8847,9079,9078,45.01,50,0,
8848,9078,7033,48.07,50,0,
8849,5828,865,247.59,80,0,Strada Lungă
8850,865,1066,114.61,80,0,Strada Lungă
8851,1066,7035,1695.39,80,0,Strada Lungă
8852,865,7037,188.06,5,1,Strada Lungă 144 A-H
8853,7035,2690,665.25,80,0,
8854,7037,1066,60.70,50,0,
8855,7036,7037,8.85,50,0,
8856,2652,2696,63.01,50,1,Strada Iuliu Maniu
8857,9116,9115,22.78,50,0,
8858,9115,7038,5.97,50,0,
8859,9116,9117,15.41,50,0,
8860,9117,1199,30.49,50,0,
8861,7041,7040,68.51,20,0,
8862,4990,9139,301.06,50,0,
8863,7042,7044,281.76,50,0,
8864,7046,7047,39.88,50,0,
8865,7047,7045,36.99,50,0,
8866,7048,7047,59.21,50,0,
8867,1169,1174,193.68,50,0,Strada Bisericii
8868,3666,5829,184.26,80,0,Strada Lungă
8869,1065,3666,12.66,80,0,Strada Lungă
8870,7050,7049,87.80,50,0,Strada Sfântul Mihail
8871,7051,4362,48.45,30,0,
8872,6305,4380,19.01,30,0,
8873,7052,7053,22.17,30,0,
8874,7054,7055,35.61,20,0,
8875,7056,7057,42.03,20,0,
8876,7057,7058,5.31,20,0,
8877,7059,7068,72.78,30,0,Strada Valea Rece
8878,7068,7060,24.60,30,0,Strada Valea Rece
8879,7060,7061,49.03,30,0,Strada Valea Rece
8880,7062,7063,11.64,30,0,Strada Valea Rece
8881,7063,7064,27.09,30,0,Strada Valea Rece
8882,7063,7061,17.15,30,0,Strada Valea Rece
8883,7061,7065,25.83,30,0,Strada Valea Rece
8884,7065,7066,30.00,30,0,Strada Valea Rece
8885,7065,7067,25.48,30,0,Strada Valea Rece
8886,7062,7068,33.20,30,0,Strada Valea Rece
8887,7060,7069,133.52,30,0,
8888,1283,7070,330.68,30,0,
8889,7071,7079,60.98,30,1,
8890,7079,7075,15.24,30,1,
8891,7075,7072,40.54,30,1,
8892,7072,7073,1.74,30,1,
8893,7073,7076,12.80,30,1,
8894,7076,7077,15.64,30,1,
8895,7077,7074,54.15,30,1,
8896,7075,7076,27.18,30,1,
8897,7077,7078,19.31,30,1,
8898,7078,820,49.16,30,1,
8899,7078,7079,5.32,30,1,
8900,6310,7080,29.69,20,0,
8901,7081,7082,83.37,30,1,
8902,7083,7084,121.13,30,0,
8903,5501,7088,57.08,50,0,Strada Turzii
8904,7088,8966,51.38,50,0,Strada Turzii
8905,8966,7085,57.65,50,0,Strada Turzii
8906,766,7086,328.04,30,0,
8907,7087,7088,74.51,30,0,
8908,620,7089,34.97,20,0,
8909,7090,7092,56.86,30,0,
8910,7092,7091,17.24,30,0,
8911,7092,7093,58.57,20,0,
8912,7094,7095,28.70,30,1,
8913,7095,172,21.66,30,1,
8914,7094,291,11.43,30,1,
8915,4516,7094,5.94,30,1,
8916,4516,7095,52.62,30,1,
8917,1770,1762,26.84,50,0,
8918,7096,195,7.71,50,0,Strada Progresului
8919,7097,7098,91.90,30,0,Strada Livezeni
8920,7098,452,17.45,30,0,Strada Livezeni
8921,7099,7102,41.71,20,1,
8922,7102,7100,46.16,20,1,
8923,7102,7101,21.80,20,1,
8924,7103,7104,47.83,20,0,
8925,7105,7106,43.90,20,0,
8926,7107,7108,26.52,20,0,
8927,7108,7109,26.12,20,0,
8928,7108,7110,16.32,20,0,
8929,7111,7112,98.25,20,1,
8930,7113,7114,47.33,20,0,
8931,7115,429,84.15,30,0,Strada Transilvania
8932,7115,438,16.03,30,0,
8933,7116,7117,12.52,20,0,
8934,7118,7119,25.23,20,0,
8935,7120,7121,58.33,20,0,
8936,7122,7124,22.38,20,0,
8937,7124,7123,10.06,20,0,
8938,7124,7125,18.81,20,0,
8939,2700,7127,13.16,20,0,
8940,7127,7126,13.02,20,0,
8941,7127,7128,19.66,20,0,
8942,7129,4256,32.23,20,0,
8943,6125,7130,65.39,20,0,
8944,7130,4659,4.28,20,0,
8945,7130,6126,41.26,20,0,
8946,4660,6125,541.93,20,0,
8947,7131,7132,223.74,30,0,Strada Szotyori József
8948,1018,2001,16.56,30,1,Strada Suceava
8949,7133,7134,182.40,20,0,
8950,8461,8462,50.93,20,0,
8951,8462,7137,242.41,20,0,
8952,636,1017,25.52,20,1,
8953,6400,7138,33.12,20,0,Strada Rovine
8954,1306,7139,14.72,50,0,Strada Strâmbă
8955,7139,7140,18.11,50,0,Strada Strâmbă
8956,7141,7142,63.82,30,0,Strada Stejarului
8957,7143,7144,40.52,20,0,
8958,7145,7147,28.83,20,0,
8959,7147,7146,8.15,20,0,
8960,7147,7148,38.95,20,0,
8961,7149,7150,65.21,20,0,
8962,7151,7152,24.67,20,0,
8963,7153,7154,23.76,20,0,
8964,1025,7159,11.21,20,0,
8965,7159,7156,334.21,20,0,
8966,7156,7155,49.34,20,0,
8967,7156,7157,118.61,20,0,
8968,7157,7160,4.97,20,0,
8969,7160,7158,2.51,20,0,
8970,7158,7159,208.26,20,0,
8971,7155,7160,188.65,20,0,
8972,6414,7161,90.20,20,0,
8973,868,7162,15.16,50,0,Strada Sfântul Ioan
8974,7162,3115,77.15,50,0,Strada Sfântul Ioan
8975,3115,3117,61.56,30,0,Strada Sfântul Ioan
8976,7162,7163,43.70,20,0,
8977,5879,5877,47.35,20,0,
8978,7164,7165,71.36,20,0,
8979,7166,7167,146.84,30,0,Strada Sfântul Ioan
8980,7168,7169,123.06,20,0,
8981,7170,7171,132.05,30,0,Strada Livezeni
8982,7172,7173,99.83,20,0,
8983,1876,3615,70.63,50,0,Strada Secuilor Martiri
8984,3615,546,46.80,50,0,Strada Secuilor Martiri
8985,499,3214,15.35,50,1,Strada Secerei
8986,3213,499,16.17,50,1,Strada Secerei
8987,296,7175,12.81,20,0,
8988,7175,7174,128.97,20,0,
8989,7175,7177,74.77,20,0,
8990,7177,7176,15.57,20,0,
8991,7179,8841,43.91,20,0,
8992,8841,7178,110.07,20,0,
8993,7176,7179,152.38,20,0,
8994,8841,7180,96.02,20,0,
8995,7181,7185,8.47,20,0,
8996,7185,7182,41.59,20,0,
8997,7182,7183,6.00,20,0,
8998,7183,7184,2.37,20,0,
8999,7184,7185,48.54,20,0,
9000,7184,7186,47.49,20,1,
9001,7187,7188,49.02,20,0,
9002,7189,7190,54.85,30,0,
9003,7191,7192,101.84,30,0,
9004,4570,7193,30.03,30,0,
9005,6065,6954,4.01,50,0,Strada Sântana
9006,7194,7195,62.21,20,0,
9007,7196,7197,70.47,20,0,
9008,5460,4030,32.54,20,0,
9009,7198,7199,13.17,20,0,
9010,7199,7200,43.43,20,0,
9011,7200,7201,17.94,20,0,
9012,7201,7199,19.09,20,0,
9013,7641,7202,11.24,20,0,
9014,7201,7203,6.81,20,0,
9015,7203,7204,69.60,20,0,
9016,7205,7206,28.67,20,0,
9017,2061,7207,33.58,20,0,
9018,7208,7209,22.64,20,0,
9019,7210,7211,15.88,20,0,Strada Rodniciei
9020,7211,7212,22.26,20,0,Strada Rodniciei
9021,7211,7213,39.76,20,0,Strada Rodniciei
9022,7214,1392,54.52,20,0,
9023,7215,7216,122.54,20,0,
9024,7217,7218,135.27,20,0,
9025,7219,7220,37.40,20,0,
9026,7221,7222,45.05,20,0,
9027,7223,7224,22.88,20,0,
9028,7225,7226,55.76,20,0,
9029,7227,7228,207.75,20,0,
9030,7229,7230,41.65,20,0,
9031,2843,6435,5.18,20,0,
9032,6435,7234,10.89,20,0,
9033,7234,7231,110.74,20,0,
9034,7231,7232,12.86,20,0,
9035,7232,7233,98.83,20,0,
9036,7233,7235,9.49,20,0,
9037,7235,7234,6.49,20,0,
9038,3607,7235,16.59,20,0,
9039,7232,7236,50.84,20,0,
9040,7233,7237,26.45,20,0,
9041,7230,7231,118.36,20,0,
9042,7238,7239,19.78,20,0,
9043,7239,7240,29.38,20,0,
9044,7239,7242,30.89,20,0,
9045,7242,7243,6.99,20,0,
9046,7243,7241,41.34,20,0,
9047,7241,7242,23.03,20,0,
9048,7243,7244,19.20,20,0,
9049,7241,7245,44.41,20,0,
9050,7246,7247,78.07,20,0,
9051,7248,7249,34.76,20,0,
9052,7249,7250,41.15,20,0,
9053,7249,7251,11.52,20,0,
9054,1374,6078,32.50,20,0,
9055,7252,1374,17.92,20,0,
9056,7253,7254,65.88,20,0,
9057,5992,7255,52.46,20,0,
9058,2466,7256,20.93,20,0,
9059,7257,7258,54.08,20,0,
9060,1978,7259,68.72,20,0,
9061,7259,7260,34.25,20,0,
9062,7259,7261,80.37,20,0,
9063,7262,7263,58.30,50,0,Strada Recoltei
9064,7263,7264,93.98,20,0,
9065,7265,7266,215.84,30,0,Strada Cristești
9066,7266,7267,27.84,20,0,
9067,7267,9135,410.93,20,0,
9068,9135,1980,159.68,20,0,
9069,7268,7274,69.21,20,0,
9070,7274,7269,131.18,20,0,
9071,7270,7271,82.55,20,0,
9072,7272,7273,25.60,20,0,
9073,7274,7275,82.28,20,0,
9074,5800,7277,59.10,20,0,
9075,7277,7276,74.14,20,0,
9076,7277,7278,142.43,20,0,
9077,7280,7281,35.56,20,0,
9078,7279,7280,22.16,20,0,
9079,2344,2382,12.08,30,0,Strada Prutului
9080,7282,7283,53.60,50,0,
9081,7283,7284,368.29,20,0,
9082,7285,7286,98.20,20,0,
9083,2383,2353,40.16,20,0,
9084,2360,6633,85.58,20,0,
9085,5799,7287,66.98,20,0,
9086,7288,7289,30.95,20,0,
9087,7290,7294,9.73,50,0,Strada Vasile Săbădeanu
9088,7294,7291,27.47,50,0,Strada Vasile Săbădeanu
9089,7291,7292,23.01,50,0,Strada Vasile Săbădeanu
9090,7292,5484,20.97,50,0,Strada Vasile Săbădeanu
9091,7291,7292,48.45,20,0,
9092,7293,7294,43.54,20,0,
9093,7295,7296,43.00,20,0,
9094,7297,7298,52.64,20,0,
9095,7299,7300,30.19,20,0,
9096,7301,7302,29.42,20,0,
9097,7303,7304,29.83,20,0,
9098,7305,7306,27.78,20,0,
9099,1278,7308,72.14,50,0,Strada Praga
9100,7309,7310,75.13,20,0,
9101,7311,7312,27.73,20,0,
9102,7312,7313,36.54,20,0,
9103,7312,8831,21.73,20,0,
9104,7314,8238,3.53,20,0,
9105,7316,7318,2.06,20,0,
9106,7320,7322,41.58,20,1,
9107,7322,9169,12.65,20,1,
9108,9169,7319,101.67,20,1,
9109,9169,7321,73.76,20,1,
9110,7322,9168,55.51,20,1,
9111,4381,7158,17.67,20,0,
9112,9170,7323,128.47,20,0,
9113,7324,7325,34.47,20,0,
9114,7328,7327,69.27,20,0,
9115,7326,7328,59.62,20,0,
9116,7346,9061,32.71,20,0,
9117,9061,9059,103.52,20,0,
9118,9059,7344,302.25,20,0,
9119,5316,1114,41.99,50,0,Lalelelor
9120,3045,3051,120.26,20,0,
9121,6080,4956,80.88,90,1,Strada Transilvaniei
9122,7348,7347,86.19,50,0,Strada Agricultorilor
9123,7347,2640,5.98,50,0,Strada Agricultorilor
9124,2640,3055,117.44,50,0,Strada Agricultorilor
9125,3055,1484,280.62,50,0,Strada Agricultorilor
9126,3049,5889,21.79,20,0,
9127,3042,1480,22.21,50,0,
9128,7330,7329,28.32,20,0,
9129,7332,7331,41.74,20,0,
9130,1483,7333,57.31,20,0,
9131,7335,7334,45.82,20,0,
9132,7337,7336,56.68,20,0,
9133,7340,7338,14.83,20,0,
9134,7338,7339,52.83,20,0,
9135,7343,7341,34.36,20,0,
9136,7341,7342,40.36,20,0,
9137,1479,3038,154.28,20,0,
9138,1478,1479,19.41,50,0,
9139,1441,8859,74.91,50,0,Strada Ion Buteanu
9140,8859,8858,15.41,50,0,Strada Ion Buteanu
9141,8858,1442,3.18,50,0,Strada Ion Buteanu
9142,695,3179,96.51,50,0,
9143,3179,3185,49.25,50,0,
9144,3185,3186,11.62,50,0,
9145,3186,3187,4.24,50,0,
9146,7349,7353,17.48,20,0,
9147,7353,7352,5.19,20,0,
9148,7352,7350,27.02,20,0,
9149,7351,7352,28.73,20,0,
9150,7355,7356,24.02,20,0,
9151,7356,7357,40.93,20,0,
9152,7356,7358,20.49,20,0,
9153,2590,7359,19.11,20,0,
9154,7359,7360,39.83,20,0,
9155,7359,7361,50.87,20,0,
9156,7362,7363,16.91,20,0,
9157,7364,7365,49.71,20,0,
9158,7366,7367,71.83,20,0,
9159,7368,7369,48.00,20,0,
9160,7370,7371,80.48,20,0,
9161,7372,7373,39.37,20,0,
9162,3583,7374,36.16,20,0,
9163,6753,7379,29.75,20,0,
9164,7379,7375,12.40,20,0,
9165,7375,7376,50.75,20,0,
9166,7375,7377,59.55,20,1,
9167,7377,7378,23.94,20,1,
9168,7378,7379,42.51,20,0,
9169,7377,7380,17.50,20,0,
9170,7381,7382,36.67,20,0,
9171,7383,7385,20.52,20,0,
9172,7385,7384,10.50,20,0,
9173,7386,7387,10.10,20,0,
9174,7388,7389,26.44,20,0,
9175,1775,1789,12.16,20,0,
9176,662,7390,20.55,30,0,Strada Negoiului
9177,7390,7394,16.31,30,0,Strada Negoiului
9178,7394,7391,11.83,30,0,Strada Negoiului
9179,7390,7398,5.55,30,0,Strada Negoiului
9180,7398,7400,27.94,30,0,Strada Negoiului
9181,7400,7402,32.45,30,0,Strada Negoiului
9182,7402,7392,37.34,30,0,Strada Negoiului
9183,7391,7393,28.21,20,0,
9184,7394,7396,6.78,20,0,
9185,7396,7395,11.46,20,0,
9186,7396,7397,12.82,20,0,
9187,7398,7399,25.60,20,0,
9188,7400,7401,133.45,20,0,
9189,7402,7403,34.35,20,0,
9190,7404,7405,46.86,20,0,
9191,659,7406,115.37,20,0,
9192,660,7407,58.62,20,0,
9193,7408,7409,46.11,20,0,
9194,7410,7411,107.78,20,0,
9195,7412,7413,12.74,20,0,
9196,7413,7411,39.06,20,0,
9197,7413,7414,34.31,20,0,
9198,7415,7416,145.59,20,0,
9199,7416,7417,4.88,20,0,
9200,7417,7418,35.77,20,0,
9201,7417,7419,38.88,20,0,
9202,7420,7421,69.77,20,0,
9203,5942,7422,66.66,20,0,
9204,7423,7424,105.35,20,0,
9205,7425,7426,50.68,20,0,
9206,7427,7428,26.23,20,0,
9207,7429,7430,98.37,30,0,
9208,7431,7432,14.16,20,0,
9209,7692,7433,44.93,20,0,
9210,7433,7434,91.96,20,0,
9211,7435,7436,26.69,20,0,
9212,7437,7438,32.98,20,0,
9213,721,720,97.27,50,0,
9214,720,8739,36.31,50,0,
9215,8739,3570,5.63,50,0,
9216,7439,7440,83.17,20,0,
9217,9188,725,57.00,50,0,Strada Molter Károly
9218,725,719,31.46,50,0,Strada Molter Károly
9219,719,1748,18.96,50,0,Strada Molter Károly
9220,1748,2622,86.63,50,0,Strada Molter Károly
9221,2622,550,35.61,50,0,Strada Molter Károly
9222,7441,7442,40.36,20,0,
9223,7443,7444,50.75,20,0,
9224,7445,7446,59.38,20,0,
9225,7447,7448,45.22,20,0,
9226,4924,7455,69.64,20,0,
9227,7455,7449,29.53,20,0,
9228,7449,7450,55.14,20,0,
9229,7450,7451,60.49,20,0,
9230,7449,7453,44.97,20,0,
9231,7453,7452,15.80,20,0,
9232,7453,7454,41.01,20,0,
9233,7455,7456,42.85,20,0,
9234,7457,7458,55.54,20,0,
9235,7458,7459,16.66,20,0,
9236,7458,7460,44.29,20,0,
9237,7461,7462,32.96,20,0,
9238,7462,7463,38.93,20,0,
9239,7464,7465,29.15,20,1,
9240,7466,7467,31.42,20,1,
9241,7468,7469,22.57,20,0,
9242,7470,7471,18.22,20,0,
9243,1974,7473,106.23,30,0,Strada Măcinului
9244,7473,7476,46.84,30,0,Strada Măcinului
9245,7476,7472,42.21,30,0,Strada Măcinului
9246,7473,7474,35.66,20,0,
9247,7472,7475,35.64,20,0,
9248,7476,7477,37.88,20,0,
9249,7478,7479,25.06,20,0,
9250,7480,7481,18.98,20,0,
9251,7481,7482,32.92,20,0,
9252,7481,7483,15.37,20,0,
9253,7481,7484,12.19,20,0,
9254,7484,7485,11.99,20,0,
9255,7484,7486,13.23,20,0,
9256,7487,7489,29.37,20,0,
9257,7489,7488,47.05,20,0,
9258,7489,7490,52.79,20,0,
9259,7491,7492,93.88,20,0,
9260,4196,4195,113.13,20,0,
9261,8358,7493,23.05,20,0,
9262,4199,8358,2.94,20,0,
9263,8358,7494,22.96,20,0,
9264,7494,7495,75.55,20,0,
9265,7495,7496,72.03,20,0,
9266,7496,7498,75.08,20,0,
9267,7498,7497,28.38,20,0,
9268,7498,7499,114.25,20,0,
9269,7495,7503,111.49,20,0,
9270,7503,7500,98.18,20,0,
9271,7501,7502,67.64,20,0,
9272,4200,7503,40.03,20,0,
9273,7504,7500,42.56,20,0,
9274,1900,7505,61.41,20,0,
9275,7506,7507,65.29,20,0,
9276,4574,7508,30.30,20,0,
9277,4580,4582,20.21,50,0,
9278,4582,4585,24.18,50,0,
9279,4585,4586,35.11,50,0,
9280,4586,4582,39.99,50,0,
9281,2931,8147,2.48,20,0,
9282,8147,7509,46.31,20,0,
9283,7509,7510,24.82,20,0,
9284,7509,7510,222.17,20,0,
9285,8654,7513,35.37,30,0,
9286,7513,7512,98.69,30,0,
9287,7513,7514,40.30,30,0,
9288,7515,7516,272.43,20,0,
9289,7516,7517,75.73,20,0,
9290,7518,7516,33.00,20,0,
9291,6100,7517,10.20,50,0,
9292,7517,1905,24.10,50,0,
9293,1905,7519,18.14,50,0,
9294,7520,7521,41.01,20,0,
9295,1899,7522,72.30,20,0,
9296,7168,7524,20.49,20,0,
9297,7524,7523,75.78,20,0,
9298,7524,7525,23.82,20,0,
9299,7526,7528,15.46,20,0,
9300,7528,7527,64.77,20,0,
9301,7528,7529,31.46,20,0,
9302,7530,7531,57.72,20,0,
9303,7531,7515,40.23,20,0,
9304,7531,7532,47.81,20,0,
9305,1287,1290,46.48,30,0,Strada Lisabona
9306,7533,7534,39.89,20,0,
9307,2403,7535,89.75,20,0,
9308,7536,7979,25.03,20,0,
9309,7537,7538,38.56,20,0,
9310,7539,7540,114.98,20,0,
9311,7541,7542,129.37,20,0,
9312,7544,7545,115.14,20,0,
9313,7546,7547,120.12,20,0,
9314,7545,7548,27.86,20,0,
9315,7549,7550,227.21,20,0,
9316,7551,7553,16.64,20,0,
9317,7553,7552,54.87,20,0,
9318,7553,7554,12.06,20,0,
9319,7555,7556,11.31,20,0,
9320,7556,7557,103.02,20,0,
9321,7556,7558,67.03,20,0,
9322,2361,7559,8.02,20,0,
9323,7559,7560,34.38,20,0,
9324,7559,7561,30.09,20,0,
9325,7562,7563,89.88,20,0,
9326,7562,7564,726.19,20,0,
9327,7564,7565,112.06,20,0,
9328,7564,2342,327.15,20,0,
9329,7566,7568,131.68,20,0,
9330,7568,7567,31.12,20,0,
9331,7568,7569,56.63,20,0,
9332,7569,7570,43.46,20,0,
9333,7569,7571,66.35,20,0,
9334,7572,7573,36.44,20,0,
9335,7573,7574,143.67,20,0,
9336,3933,7575,43.48,20,0,
9337,7978,7577,86.07,20,0,
9338,7578,3936,70.28,20,0,
9339,3936,7579,11.14,20,0,
9340,7579,7583,20.91,20,0,
9341,7583,7580,115.20,20,0,
9342,7579,7586,22.45,20,0,
9343,7586,7584,21.29,20,0,
9344,7584,7581,9.98,20,0,
9345,7581,3945,19.95,20,0,
9346,7581,7585,39.31,20,0,
9347,7585,7587,21.37,20,0,
9348,7587,7582,4.67,20,0,
9349,7582,7583,12.18,20,0,
9350,7584,7585,27.32,20,0,
9351,7586,7587,30.61,20,0,
9352,7582,3939,14.39,20,0,
9353,3939,7588,33.46,20,0,
9354,7589,8600,14.05,20,0,
9355,7590,7592,87.28,20,0,
9356,7594,7595,77.43,20,1,
9357,7595,7593,46.05,20,1,
9358,2230,7594,12.74,20,1,
9359,7594,7596,133.46,20,1,
9360,7596,7595,46.73,20,1,
9361,7594,7596,31.91,20,1,
9362,7597,7598,46.20,20,0,
9363,7599,7600,9.15,20,0,
9364,7600,7601,18.67,20,0,
9365,7600,7602,11.17,20,0,
9366,7603,7604,25.26,20,0,
9367,7605,7606,34.65,20,0,
9368,386,7607,23.46,30,0,Strada Köteles Sámuel
9369,7608,7609,73.82,20,0,
9370,6208,7611,23.92,20,0,
9371,7611,7613,18.02,20,0,
9372,7613,7610,3.85,20,0,
9373,7611,7612,33.14,20,0,
9374,7613,7614,31.34,20,0,
9375,7615,7616,55.66,20,0,
9376,7617,7618,39.11,20,0,
9377,606,7617,28.48,20,0,
9378,7617,7619,92.52,20,0,
9379,7619,7620,56.87,20,0,
9380,7619,7621,33.74,20,0,
9381,6099,7623,29.31,20,0,
9382,7623,6098,2.18,20,0,
9383,6095,6097,65.53,20,0,
9384,6097,6096,21.82,20,0,
9385,6096,6098,22.81,20,0,
9386,6097,7622,33.16,20,0,
9387,7623,7625,28.24,20,0,
9388,7625,7626,178.08,20,0,
9389,7626,7624,55.34,20,0,
9390,7625,7626,84.35,20,0,
9391,7627,7628,55.30,20,0,
9392,7629,7630,18.12,20,0,
9393,7631,7632,17.66,20,0,
9394,6705,7633,20.20,20,0,
9395,3937,7634,30.24,20,0,
9396,6909,8170,33.94,20,0,
9397,8170,8172,48.39,20,0,
9398,8172,5694,23.20,20,0,
9399,5694,6908,24.85,20,0,
9400,6908,8467,24.63,20,0,
9401,8467,9036,89.55,20,0,
9402,9036,8466,56.22,20,0,
9403,5695,8164,34.83,20,0,
9404,8164,5696,84.15,20,0,
9405,5696,6907,22.97,20,0,
9406,6907,8468,24.22,20,0,
9407,8468,8630,24.12,20,0,
9408,8630,8627,51.29,20,0,
9409,8627,9035,19.67,20,0,
9410,9035,8629,15.53,20,0,
9411,7636,8425,25.71,20,0,
9412,8425,8274,23.77,20,0,
9413,8628,8516,124.59,20,0,
9414,8516,7638,20.20,20,0,
9415,7639,7640,60.13,20,0,
9416,4099,4172,26.72,20,0,
9417,4109,4174,6.64,20,0,
9418,7200,7641,8.15,20,0,
9419,4170,4000,38.21,20,0,
9420,4013,4171,11.21,20,0,
9421,3634,4229,10.53,20,0,
9422,4384,4385,10.09,20,0,
9423,4889,7642,10.35,20,0,
9424,4328,7208,5.01,20,0,
9425,7208,4327,6.52,20,0,
9426,4524,4525,9.18,20,0,
9427,4522,2576,8.65,20,0,
9428,5880,6920,22.61,20,0,
9429,6920,1703,30.26,20,0,
9430,5878,1893,12.36,20,0,
9431,2755,7643,9.36,20,0,
9432,3190,3189,9.50,20,0,
9433,2944,2938,241.01,50,0,Strada Petöfi Sándor
9434,5847,7644,40.13,20,0,
9435,2596,7646,31.17,20,0,
9436,7646,7645,21.68,20,0,
9437,7646,7647,11.48,20,0,
9438,7648,7649,20.18,20,0,
9439,7649,2599,57.28,20,0,
9440,7649,7650,58.86,20,0,
9441,2601,7650,7.90,20,0,
9442,7650,7651,53.18,20,0,
9443,6716,6714,17.71,20,0,
9444,7652,7653,18.50,20,0,
9445,7654,7655,29.30,20,0,
9446,7656,7657,20.39,20,0,
9447,7658,7659,62.50,20,0,
9448,4117,7660,52.73,20,0,
9449,4117,7661,12.91,20,0,
9450,7662,7663,38.43,20,0,
9451,7664,7665,111.80,20,0,
9452,6115,7666,28.73,20,0,
9453,1888,7667,50.69,20,0,
9454,7668,7669,20.06,20,0,
9455,7903,7902,24.58,30,0,
9456,7902,7900,83.66,30,0,
9457,7900,7670,68.78,30,0,
9458,7671,7672,15.76,20,0,
9459,2632,7673,60.33,20,0,
9460,7674,7675,37.69,20,0,
9461,7675,7676,75.11,20,0,
9462,7676,7675,15.45,20,0,
9463,7676,7677,55.10,20,0,
9464,7678,7679,77.40,20,0,
9465,7681,7682,26.50,20,0,
9466,7683,7684,30.39,20,0,
9467,7685,7686,81.93,20,0,
9468,8746,7687,108.47,20,0,
9469,7687,7689,27.80,20,0,
9470,7689,7688,66.07,20,0,
9471,7689,7690,32.63,20,0,
9472,7691,8565,13.13,20,0,
9473,4417,4418,25.03,20,0,
9474,6697,4417,9.27,20,0,
9475,977,4748,59.26,50,0,Strada Gurghiului
9476,4748,6746,47.63,50,0,Strada Gurghiului
9477,6746,4747,49.78,50,0,Strada Gurghiului
9478,7693,7694,42.95,20,0,
9479,7695,7698,27.94,20,0,
9480,7698,7696,20.60,20,0,
9481,7697,7698,27.35,20,0,
9482,626,7699,42.66,20,0,
9483,4301,7705,75.53,20,0,
9484,7704,7703,39.97,20,0,
9485,7705,7704,20.85,20,0,
9486,642,641,54.90,30,0,Strada Ghiocelului
9487,1408,7706,47.61,20,0,
9488,4702,7707,41.92,20,0,
9489,7708,7709,120.17,20,0,
9490,7710,7711,26.42,20,0,
9491,4540,7712,157.98,20,0,
9492,7713,7714,94.75,20,0,
9493,7715,7716,120.99,20,0,
9494,7717,7718,27.41,20,0,
9495,5964,7719,60.01,20,0,
9496,7720,7721,31.86,20,0,
9497,7722,7724,34.48,20,1,
9498,7724,7725,86.06,20,1,
9499,7725,7723,17.12,20,1,
9500,7724,7725,61.33,20,1,
9501,7032,7726,85.46,20,0,
9502,3461,7727,13.48,20,1,
9503,7727,7729,115.77,20,1,
9504,7729,3459,13.74,20,1,
9505,7727,7730,8.44,20,1,
9506,7730,7728,46.68,20,1,
9507,7728,7729,8.45,20,1,
9508,7730,7728,53.55,20,1,
9509,6664,7731,110.23,20,0,
9510,7732,7733,60.15,20,0,
9511,7734,7735,67.31,20,0,
9512,7736,7737,23.36,20,1,
9513,7737,7738,13.12,20,1,
9514,7738,1690,24.40,20,1,
9515,7737,7739,4.51,20,1,
9516,7739,7738,24.75,20,1,
9517,7737,7739,71.72,20,1,
9518,7740,7742,12.30,20,0,
9519,7742,7741,34.32,20,0,
9520,7742,7743,13.22,20,0,
9521,7744,7745,36.16,20,0,
9522,7746,7747,54.56,20,0,
9523,7748,7749,36.60,20,0,
9524,7750,7751,35.22,20,0,
9525,7752,7753,52.05,20,0,
9526,3563,7754,47.78,20,0,
9527,7755,7756,38.83,20,0,
9528,7757,7758,75.73,20,1,
9529,7758,7759,22.43,20,1,
9530,7758,7760,28.66,20,0,
9531,7761,7762,26.32,20,0,
9532,7700,7701,57.81,20,0,
9533,7701,7702,26.21,20,0,
9534,4932,4411,23.44,30,1,Piața Gării
9535,6654,7763,33.40,20,0,
9536,7763,7764,60.48,20,0,
9537,6029,6031,24.41,20,0,
9538,7765,7767,41.98,20,0,
9539,7767,7766,29.28,20,0,
9540,7766,7769,87.88,20,0,
9541,7769,7768,8.40,20,0,
9542,7768,7766,25.81,20,0,
9543,7767,7768,57.99,20,0,
9544,6028,7769,120.24,20,0,
9545,7770,7777,15.43,20,0,
9546,7777,7771,25.76,20,0,
9547,7772,7773,15.62,20,0,
9548,7773,7774,6.31,20,0,
9549,7774,7775,15.75,20,0,
9550,7774,7776,22.45,20,0,
9551,7773,7777,7.17,20,0,
9552,5451,7779,174.57,20,0,
9553,7780,7781,141.78,30,0,Strada Eden
9554,7782,7783,109.49,20,0,
9555,7785,7786,41.51,20,0,
9556,7786,7787,26.35,20,0,
9557,7786,7788,195.03,20,0,
9558,5657,7789,118.66,20,0,
9559,5654,7794,53.83,20,0,
9560,7794,7790,15.85,20,0,
9561,7790,7792,72.36,20,0,
9562,7792,7795,60.11,20,0,
9563,7795,7800,13.58,20,0,
9564,7800,7791,3.48,20,0,
9565,7791,7801,9.85,20,0,
9566,7801,7802,10.38,20,0,
9567,7802,7798,24.16,20,0,
9568,7798,5655,44.33,20,0,
9569,7790,7793,51.17,20,0,
9570,7793,7791,30.22,20,0,
9571,7791,7792,58.20,20,0,
9572,7793,7794,79.29,20,0,
9573,7795,7799,76.62,20,0,
9574,7799,7796,14.73,20,0,
9575,7796,7797,16.23,20,0,
9576,7797,7798,75.47,20,0,
9577,7799,7800,66.42,20,0,
9578,7796,7801,68.75,20,0,
9579,7797,7802,69.68,20,0,
9580,1925,7804,239.60,20,0,
9581,7805,7806,40.72,20,0,
9582,7807,7380,32.84,20,0,
9583,7808,7809,178.72,20,0,
9584,7810,7811,80.77,20,0,
9585,7812,7813,42.15,20,0,
9586,7814,7815,46.11,20,0,
9587,7816,7819,65.81,20,0,
9588,7819,7817,55.89,20,0,
9589,7818,7819,70.15,20,0,
9590,7820,7821,32.25,20,0,
9591,7822,7823,16.66,20,0,
9592,7823,7825,13.08,20,0,
9593,7823,7826,52.73,20,0,
9594,7827,7828,68.37,20,0,
9595,7829,7830,65.62,20,0,
9596,6637,7831,135.97,20,0,
9597,394,653,68.54,50,0,Strada Mihai Viteazul
9598,653,4715,117.71,50,0,Strada Mihai Viteazul
9599,162,394,17.76,50,0,Strada Mihai Viteazul
9600,8592,8866,8.26,50,1,Strada Gheorghe Doja
9601,8866,6667,101.08,50,1,Strada Gheorghe Doja
9602,6667,5582,16.48,50,1,Strada Gheorghe Doja
9603,5582,7734,59.42,50,1,Strada Gheorghe Doja
9604,7734,7732,41.56,50,1,Strada Gheorghe Doja
9605,7732,5573,43.90,50,1,Strada Gheorghe Doja
9606,3475,827,125.78,50,1,Strada Gheorghe Doja
9607,7840,7839,3.13,50,0,
9608,7839,7833,3.27,50,0,
9609,7833,7832,5.70,50,0,
9610,7832,7837,2.41,50,0,
9611,7837,7838,5.45,50,0,
9612,7838,7835,15.20,50,0,
9613,7835,7834,6.03,50,0,
9614,7834,7836,5.96,50,0,
9615,7836,7840,3.13,50,0,
9616,7845,7844,11.13,50,1,Strada Liviu Rebreanu
9617,525,920,27.98,50,1,Strada Dorobanților
9618,920,7810,76.57,50,1,Strada Dorobanților
9619,7810,67,30.98,50,1,Strada Dorobanților
9620,67,917,88.06,50,1,Strada Dorobanților
9621,917,921,163.61,50,1,Strada Dorobanților
9622,7846,7847,78.06,20,0,
9623,7848,7849,96.44,20,0,
9624,7850,7851,124.32,20,0,
9625,7852,7853,118.92,20,0,
9626,7854,7855,93.59,20,0,
9627,7855,7856,50.30,20,0,
9628,7855,7857,28.21,20,0,
9629,5168,7858,84.89,20,0,
9630,4447,7859,36.31,20,0,
9631,4269,6579,105.93,50,0,Strada Cuza Vodă
9632,7860,7861,28.85,20,0,
9633,7864,7865,25.02,20,0,
9634,8698,7865,39.00,20,0,
9635,7865,7862,19.77,20,0,
9636,7862,8699,81.94,20,0,
9637,7866,7867,26.62,20,0,
9638,7868,7869,149.88,20,0,
9639,7870,7871,51.53,20,0,
9640,38,7872,31.30,20,0,
9641,5309,3369,118.04,30,0,Strada Cotului
9642,7873,7874,71.86,20,0,
9643,7875,7876,34.42,20,0,
9644,7877,7878,41.18,20,0,
9645,7879,7880,81.41,20,0,
9646,7880,7881,51.77,20,0,
9647,7880,7882,42.09,20,0,
9648,7883,7884,81.31,20,0,
9649,3584,3585,13.58,20,0,
9650,7885,7886,34.51,20,0,
9651,7887,7888,33.06,20,0,
9652,7889,7891,24.22,20,0,
9653,7891,7890,19.14,20,0,
9654,7891,7892,17.29,20,0,
9655,7893,7894,27.72,20,0,
9656,7895,7896,30.67,20,0,
9657,7896,7897,19.49,20,0,
9658,711,7898,59.19,30,0,
9659,7899,7900,64.69,20,0,
9660,7901,7902,65.68,20,0,
9661,7903,7904,44.19,20,0,
9662,7907,7905,44.51,20,0,
9663,7905,7906,43.05,20,0,
9664,7906,7905,131.95,20,0,
9665,7907,5663,20.39,50,0,Strada Cisnădie
9666,5663,7910,15.27,50,0,Strada Cisnădie
9667,7910,7901,17.49,50,0,Strada Cisnădie
9668,7901,773,9.57,50,0,Strada Cisnădie
9669,7909,7912,40.91,20,0,
9670,7912,7908,73.95,20,0,
9671,7910,7911,60.28,20,0,
9672,7906,7912,42.26,20,0,
9673,7913,7914,35.78,20,0,
9674,7915,1528,56.67,20,1,
9675,7916,7917,64.32,20,0,
9676,7918,7919,10.84,20,0,
9677,7919,7920,65.11,20,0,
9678,7919,7921,26.58,20,0,
9679,7921,7926,21.53,20,0,
9680,7926,7922,28.29,20,0,
9681,7923,7924,78.10,20,0,
9682,7921,7925,92.51,20,0,
9683,7926,7927,100.34,20,0,
9684,7928,7929,111.88,20,0,
9685,7930,7931,51.62,20,0,
9686,6917,7932,16.11,20,0,
9687,7934,7935,51.63,20,0,
9688,7936,7937,123.07,20,0,
9689,7938,7939,67.57,20,0,
9690,7940,7941,20.48,20,0,
9691,7941,7942,4.67,20,0,
9692,7942,7946,3.50,20,0,
9693,7946,7943,4.10,20,0,
9694,7942,7944,4.93,20,0,
9695,7943,7945,10.94,20,0,
9696,7946,7947,11.29,20,0,
9697,7942,7948,11.53,20,0,
9698,7944,7949,11.70,20,0,
9699,7945,7947,4.17,20,0,
9700,7947,7950,2.20,20,0,
9701,7950,7948,1.32,20,0,
9702,7948,7949,4.92,20,0,
9703,7950,7951,22.19,20,0,
9704,4296,7952,111.94,20,0,
9705,7954,7953,75.26,20,0,
9706,7954,778,68.60,50,0,Strada Budiului
9707,779,7956,8.52,20,0,
9708,7956,7955,62.31,20,0,
9709,7956,7957,36.99,20,0,
9710,7958,7959,98.49,20,0,
9711,7960,2426,109.69,20,0,
9712,2422,2420,16.95,20,0,
9713,7961,7962,38.52,20,0,
9714,6550,7963,52.11,20,0,
9715,2676,1295,188.52,30,0,Strada București
9716,2676,1287,59.33,50,0,Strada Lisabona
9717,7964,7965,29.82,20,0,
9718,502,7966,79.19,20,0,
9719,7967,7968,33.18,20,0,
9720,7969,7973,49.44,20,0,
9721,7973,7970,11.47,20,0,
9722,7970,7971,29.28,20,0,
9723,7970,7972,43.14,20,0,
9724,7973,7974,43.68,20,0,
9725,7975,1335,14.55,20,0,
9726,2862,4500,79.30,50,0,Strada Veseliei
9727,4500,4501,69.05,50,0,Strada Veseliei
9728,8542,3978,9.64,20,0,
9729,3978,7976,9.53,20,0,
9730,7576,7978,22.88,20,0,
9731,2037,2036,23.23,20,0,
9732,7977,2329,22.57,20,0,
9733,7979,7980,24.94,20,0,
9734,3873,3872,12.14,20,0,
9735,6170,907,13.93,50,0,Strada Zidarilor
9736,6253,8254,10.55,30,0,Strada Zeno Vancea
9737,8254,6254,35.12,30,0,Strada Zeno Vancea
9738,6254,5075,43.65,30,0,Strada Zeno Vancea
9739,5075,8154,65.22,30,0,Strada Zeno Vancea
9740,8154,6089,9.20,30,0,Strada Zeno Vancea
9741,7981,7983,17.82,20,0,
9742,7983,7982,100.37,20,0,
9743,7983,6057,68.40,20,0,
9744,6952,1622,5.23,30,0,
9745,1617,6182,5.96,30,0,
9746,4287,7985,49.32,30,0,
9747,1376,7987,13.63,30,0,
9748,7993,7989,92.01,30,1,Strada Verii
9749,7989,4461,108.18,40,1,
9750,466,7991,215.96,50,0,Strada Verii
9751,7991,8148,47.25,50,0,Strada Verii
9752,8148,7988,50.15,50,0,Strada Verii
9753,7988,8794,159.73,50,0,Strada Verii
9754,8794,7992,198.58,50,0,Strada Verii
9755,7992,7989,104.27,50,0,Strada Verii
9756,4517,7072,5.82,30,0,
9757,7995,7996,124.56,50,0,Strada Ulciorului
9758,1333,7997,95.42,50,1,Strada Tușnad
9759,714,712,84.15,50,0,Aleea Constructorilor
9760,6006,6004,79.48,30,1,
9761,8006,8007,39.98,30,0,
9762,7998,8004,16.08,30,1,
9763,8004,8002,7.62,30,1,
9764,8002,7999,2.31,30,1,
9765,8000,8003,8.09,30,1,
9766,8003,8005,6.70,30,1,
9767,8005,8001,13.91,30,1,
9768,7999,8000,22.19,30,1,
9769,8002,8003,19.80,30,1,
9770,8004,8005,23.90,30,1,
9771,2639,6452,26.00,50,0,Bulevardul 22 Decembrie 1989
9772,6452,1534,16.27,50,0,Bulevardul 22 Decembrie 1989
9773,8008,8009,48.00,20,0,
9774,8010,8012,22.73,20,0,
9775,8012,8011,4.99,20,0,
9776,8012,8013,10.75,20,0,
9777,8014,8015,42.98,20,0,
9778,8016,1001,8.84,30,0,Strada Acarului
9779,8017,8018,77.81,20,0,
9780,8018,8019,108.17,20,0,
9781,8020,8018,44.82,20,0,
9782,1984,8021,64.79,20,0,
9783,8019,8022,71.24,20,0,
9784,8022,8023,30.63,20,0,
9785,8023,8024,2.80,20,0,
9786,8024,8025,69.65,20,0,
9787,8024,8026,12.75,20,0,
9788,8022,8027,15.62,20,0,
9789,4789,1188,107.77,50,0,Strada Agricultorilor
9790,8029,7771,138.71,50,1,Strada Aiudului
9791,7771,8028,23.56,50,1,Strada Aiudului
9792,6985,658,89.11,30,0,Strada Ana Ipătescu
9793,6984,6986,72.61,30,0,Strada Aluniș
9794,6988,8030,19.37,30,0,Strada Aluniș
9795,1291,5744,106.18,30,0,Strada Londra
9796,6985,6984,2.19,30,0,Strada Aluniș
9797,1419,3369,83.07,30,0,Strada Apelor
9798,3369,8783,4.55,30,0,Strada Apelor
9799,8783,1418,53.64,30,0,Strada Apelor
9800,8034,8037,89.33,30,0,
9801,8037,8035,137.84,30,0,
9802,8035,8042,28.04,30,0,
9803,8042,8044,26.80,30,0,
9804,8044,8036,18.98,30,0,
9805,8037,8038,21.00,20,0,
9806,8038,8039,34.44,20,0,
9807,8038,8040,12.22,20,0,
9808,8035,8041,55.33,20,0,
9809,8042,8043,40.33,20,0,
9810,8044,8045,56.52,20,0,
9811,4474,8049,82.37,30,0,
9812,8047,8048,38.55,30,0,
9813,8970,8050,91.38,20,0,
9814,8051,8052,28.30,30,0,
9815,8056,8057,17.89,30,0,
9816,8053,8055,23.62,30,0,
9817,8055,8056,18.26,30,0,
9818,8057,8054,15.33,30,0,
9819,8058,8060,42.17,30,0,
9820,8060,8059,17.92,30,0,
9821,8061,8063,22.70,30,0,
9822,8064,8062,15.22,30,0,
9823,8063,8064,18.19,30,0,
9824,540,8065,25.11,30,1,Strada Arany János
9825,8066,540,20.82,30,1,Strada Arany János
9826,1890,8068,66.43,30,1,
9827,8068,6475,51.34,30,1,
9828,8068,8069,39.42,30,0,
9829,95,8074,44.94,50,1,Strada Armoniei
9830,8074,519,49.24,50,1,Strada Armoniei
9831,519,8087,27.68,50,1,Strada Armoniei
9832,8087,8082,31.21,50,1,Strada Armoniei
9833,8082,520,17.75,50,1,Strada Armoniei
9834,520,8080,36.80,50,1,Strada Armoniei
9835,8080,8071,55.33,50,1,Strada Armoniei
9836,8072,8070,34.62,50,1,Strada Armoniei
9837,8071,8073,30.70,50,1,Strada Armoniei
9838,8073,8072,42.10,50,1,Strada Armoniei
9839,8075,8078,60.93,30,0,
9840,8078,8074,32.68,30,0,
9841,8076,8077,12.54,30,0,
9842,8077,8078,106.28,30,0,
9843,8077,8079,23.98,30,0,
9844,8073,8076,38.06,30,0,
9845,8076,8075,26.92,30,0,
9846,8080,8081,38.45,30,0,
9847,8082,8088,10.56,30,0,
9848,8088,8086,36.54,30,0,
9849,8086,8083,68.87,30,0,
9850,8083,521,21.98,30,0,
9851,8083,8084,53.91,30,0,
9852,8085,8086,17.50,30,0,
9853,8087,8088,42.27,30,1,
9854,8121,8031,52.80,50,0,Strada Atena
9855,8031,8032,31.77,50,0,Strada Atena
9856,8031,8033,32.90,50,0,Strada Atena
9857,8090,8091,41.74,20,0,
9858,765,1614,24.12,20,1,
9859,6918,8092,51.57,30,0,
9860,8093,8094,57.51,50,0,Strada Azuga
9861,8095,8096,129.40,30,0,Strada Azurului
9862,8097,8098,114.88,30,1,Strada Băilor
9863,4681,8099,13.44,50,1,Strada Constantin Silvestri
9864,8099,4682,13.22,30,1,Strada Constantin Silvestri
9865,5262,8100,60.53,20,0,
9866,8101,8102,44.83,30,0,
9867,8102,6248,15.35,30,0,
9868,6248,8104,2.35,30,0,
9869,8104,8103,22.63,30,0,
9870,8104,8105,35.54,30,0,
9871,8106,8107,54.00,30,0,
9872,8108,8109,56.67,30,0,
9873,8110,8111,42.04,30,0,
9874,6950,1548,9.07,50,1,
9875,8112,1548,31.85,30,1,Strada Bărăganului
9876,8113,7934,81.44,20,0,
9877,7934,5932,65.28,20,0,
9878,5932,5931,116.27,20,0,
9879,8114,8115,50.73,20,0,
9880,8116,8115,98.76,20,0,
9881,2421,8117,79.29,20,0,
9882,8118,8119,76.42,20,0,
9883,2736,8125,36.68,50,1,
9884,8125,8121,20.52,50,1,
9885,8121,8120,24.01,50,1,
9886,8120,2679,29.17,50,1,
9887,8122,8123,36.25,20,0,
9888,8120,7307,36.85,20,0,
9889,8124,8125,35.53,20,0,
9890,8126,8127,36.43,20,0,
9891,4064,8128,22.30,20,0,
9892,8130,8129,386.36,20,0,
9893,5613,6751,38.14,30,1,
9894,8132,8247,216.56,50,0,
9895,8247,8131,122.21,50,0,
9896,8134,8246,47.17,50,0,
9897,8246,8131,156.39,50,0,
9898,8131,8133,50.11,50,0,
9899,8135,3385,192.01,50,0,
9900,8136,3385,88.25,50,0,
9901,8137,3360,69.13,50,0,
9902,8139,8138,138.20,50,0,
9903,5848,8140,41.15,20,0,
9904,4456,6511,38.04,30,0,Strada Negoiului
9905,6511,1705,122.14,30,0,Strada Negoiului
9906,58,463,50.64,50,0,Strada Rămurele
9907,463,1267,127.58,50,0,Strada Rămurele
9908,4457,1708,156.95,30,0,Strada Posada
9909,1705,1706,27.97,30,0,Strada Posada
9910,1706,1707,43.35,30,0,Strada Posada
9911,8144,8142,41.32,20,0,
9912,8145,8144,61.85,20,0,
9913,8144,8143,128.44,20,0,
9914,8146,8145,68.57,20,0,
9915,1749,4459,13.32,20,0,
9916,4583,4584,13.05,50,0,Strada Livezeni
9917,4584,61,62.84,50,0,Strada Livezeni
9918,61,4587,4.90,50,0,Strada Livezeni
9919,4587,4588,4.14,50,0,Strada Livezeni
9920,4588,3201,39.44,50,0,Strada Livezeni
9921,4587,6128,53.09,50,1,
9922,4580,4588,53.16,50,1,
9923,4573,8662,90.67,50,0,
9924,8662,8664,15.77,50,0,
9925,8664,8663,18.74,50,0,
9926,8663,4582,17.66,50,0,
9927,6077,7097,1.09,50,0,Strada Livezeni
9928,6451,8151,25.19,20,0,
9929,8151,8152,21.55,20,0,
9930,8150,6450,65.58,50,1,Bulevardul 22 Decembrie 1989
9931,6450,8325,92.75,50,1,Bulevardul 22 Decembrie 1989
9932,6977,8325,94.29,50,0,Bulevardul 22 Decembrie 1989
9933,6451,8326,99.20,20,0,
9934,8152,8151,63.64,20,0,
9935,8151,8326,78.28,20,0,
9936,8326,8327,49.58,20,0,
9937,8153,2749,10.92,20,0,
9938,8154,8155,187.15,30,0,Strada Zeno Vancea
9939,6181,6299,34.33,30,0,
9940,6179,6180,45.70,30,0,
9941,6180,6181,5.72,30,0,
9942,6178,6179,6.66,30,0,
9943,5368,5367,151.67,30,0,
9944,5367,5366,98.46,30,0,
9945,5366,8448,194.35,30,0,
9946,8448,8157,58.84,30,0,
9947,8159,8158,17.35,20,0,
9948,8161,8160,16.08,20,0,
9949,8162,8164,16.67,20,0,
9950,8164,8163,16.36,20,0,
9951,8166,8165,15.88,20,0,
9952,8168,8170,17.66,20,0,
9953,8170,8169,16.96,20,0,
9954,8167,8172,17.15,20,0,
9955,8172,8171,17.11,20,0,
9956,8174,8173,69.69,20,0,
9957,8176,8177,50.08,20,0,
9958,8177,8175,21.24,20,0,
9959,5476,8177,39.76,20,0,
9960,5085,8178,28.80,20,0,
9961,8180,8179,57.41,30,0,Strada Pomilor
9962,8181,771,74.65,50,1,Strada Gheorghe Doja
9963,8182,1002,41.05,50,1,Strada Gheorghe Doja
9964,1002,2669,45.72,50,1,Strada Gheorghe Doja
9965,2669,1003,99.29,50,1,Strada Gheorghe Doja
9966,1003,6671,71.89,50,1,Strada Gheorghe Doja
9967,6671,1004,36.77,50,1,Strada Gheorghe Doja
9968,1004,7736,89.18,50,1,Strada Gheorghe Doja
9969,7736,1690,41.48,50,1,Strada Gheorghe Doja
9970,8184,8183,27.55,20,0,
9971,8186,8185,24.83,20,0,
9972,8188,8190,19.95,20,0,
9973,8189,8188,9.18,20,0,
9974,2651,8189,13.44,20,0,
9975,8191,8193,74.56,20,0,
9976,8192,8191,11.42,20,0,
9977,4550,8192,12.58,20,0,
9978,8195,8197,53.03,20,0,
9979,8196,8195,12.65,20,0,
9980,8194,8196,13.80,20,0,
9981,8202,8198,19.62,20,0,
9982,8203,8202,19.52,20,0,
9983,8200,8199,17.51,20,0,
9984,6183,8200,5.74,20,0,
9985,8199,8201,49.11,20,0,
9986,4551,8203,14.31,20,0,
9987,8204,8208,11.73,20,0,
9988,8205,8204,13.53,20,0,
9989,8206,8205,8.06,20,0,
9990,8209,8207,14.61,20,0,
9991,8207,8206,13.53,20,0,
9992,8210,8212,27.98,20,0,
9993,8211,8210,14.18,20,0,
9994,8213,8211,13.50,20,0,
9995,8215,8214,64.78,20,0,
9996,8216,8215,13.09,20,0,
9997,4549,8216,12.65,20,0,
9998,4263,8218,8.78,20,0,
9999,8219,4263,7.91,20,0,
10000,8218,8217,63.22,20,0,
10001,8222,3165,2.01,20,0,
10002,3165,3164,5.74,20,0,
10003,8223,8222,10.24,20,0,
10004,3168,8223,13.51,20,0,
10005,8225,8228,33.71,20,0,
10006,8226,8225,17.56,20,0,
10007,3166,8227,44.23,20,0,
10008,8229,8226,12.75,20,0,
10009,8231,8230,19.17,20,0,
10010,8232,8231,15.41,20,0,
10011,1615,8232,14.14,20,0,
10012,8233,8235,6.80,20,0,
10013,8234,8233,16.23,20,0,
10014,8236,8234,12.40,20,0,
10015,8220,8933,24.84,20,0,
10016,8221,8220,7.42,20,0,
10017,6184,8221,5.56,20,0,
10018,7318,7317,55.84,20,0,
10019,8238,7315,23.35,20,0,
10020,8241,8240,128.24,20,0,
10021,8243,5441,22.39,30,0,Strada Mărului
10022,5441,8242,23.29,30,0,Strada Mărului
10023,8245,8244,50.01,20,0,
10024,3679,8239,25.68,20,0,
10025,8247,8246,34.10,50,0,
10026,4740,8248,231.72,20,0,
10027,8252,8249,143.39,20,0,
10028,8250,8375,55.50,20,0,
10029,3434,8251,207.50,20,0,
10030,6236,6237,33.79,30,0,
10031,1300,1302,48.16,50,0,Strada Bányai János
10032,8254,8256,125.66,30,0,
10033,8787,8255,83.05,30,0,
10034,5075,8256,184.50,30,0,
10035,8256,8257,12.63,30,0,
10036,8260,8261,53.15,50,1,Strada Zefirului
10037,8259,8260,1.70,50,1,Strada Zefirului
10038,8259,8262,27.43,20,0,
10039,8262,8263,43.35,20,0,
10040,8263,8265,2.79,20,0,
10041,8265,8264,60.35,20,0,
10042,8265,8266,56.81,20,0,
10043,8263,8267,103.66,20,0,
10044,8267,8268,58.08,20,0,
10045,8262,8269,46.55,20,0,
10046,8261,8270,58.56,20,0,
10047,8271,8272,31.71,20,0,
10048,5854,8273,147.03,30,0,
10049,8516,8515,61.16,20,0,
10050,8515,8702,44.32,20,0,
10051,8702,8523,23.34,20,0,
10052,8523,8428,22.03,20,0,
10053,8428,8430,107.00,20,0,
10054,8430,8538,20.28,20,0,
10055,8275,8276,89.08,20,0,
10056,1271,8277,164.20,20,0,
10057,5843,8278,153.86,20,0,
10058,1946,5194,46.73,50,0,Strada Viile Dealului Mic
10059,5194,1270,46.81,50,0,Strada Viile Dealului Mic
10060,8281,8280,40.23,20,0,
10061,8283,8284,17.15,20,0,
10062,8284,8281,97.29,20,0,
10063,8281,8282,31.51,20,0,
10064,1945,8284,40.95,20,0,
10065,8286,8285,74.23,20,0,
10066,5191,5190,55.47,20,0,
10067,5192,8287,46.52,20,0,
10068,8291,8289,101.72,20,0,
10069,4140,2004,18.99,30,1,
10070,1294,1289,24.93,50,0,Strada Budapesta
10071,1295,1285,50.77,30,0,Strada București
10072,8295,8293,260.61,20,0,
10073,8294,8295,37.01,20,0,
10074,3667,8295,218.94,20,0,
10075,8296,8297,41.70,20,0,
10076,7353,7354,28.79,20,0,
10077,2678,8298,18.09,20,0,Strada București
10078,1277,8299,11.11,20,0,Strada București
10079,8301,8300,69.41,20,0,
10080,8304,8303,46.83,20,0,
10081,8310,8304,42.94,20,0,
10082,8304,8305,38.22,20,0,
10083,8312,8310,30.61,20,0,
10084,8310,8311,34.81,20,0,
10085,4951,8313,59.77,20,0,
10086,1138,8301,41.38,50,0,
10087,8301,8300,14.94,50,0,
10088,8300,8312,35.00,50,0,
10089,8312,4951,36.26,50,0,
10090,8316,8314,60.01,20,0,
10091,1458,8315,87.54,20,0,
10092,8309,8308,46.51,20,1,
10093,8308,8306,39.41,20,1,
10094,8308,8307,60.87,20,1,
10095,3018,1465,16.16,20,0,
10096,3016,1117,21.57,20,0,
10097,8318,8317,20.92,20,0,
10098,5404,5044,65.98,50,1,Strada Transilvaniei
10099,1822,1823,25.62,20,0,
10100,3014,3017,38.20,20,0,
10101,8320,8319,27.90,20,0,
10102,3004,8505,9.14,20,0,
10103,8505,8768,57.49,20,0,
10104,8768,3009,107.10,20,0,
10105,5051,6081,48.69,50,1,Strada Transilvaniei
10106,6081,5404,54.65,50,1,Strada Transilvaniei
10107,8322,8324,27.08,30,0,
10108,8324,8328,78.71,30,0,
10109,8328,8323,10.45,30,0,
10110,8329,8150,67.26,50,1,Bulevardul 22 Decembrie 1989
10111,8325,8329,93.82,50,1,Bulevardul 22 Decembrie 1989
10112,8333,8332,20.83,20,0,
10113,8335,8333,98.21,20,0,
10114,8333,8334,24.00,20,0,
10115,8331,8330,205.56,20,0,
10116,8337,8336,89.15,50,0,
10117,8339,8338,175.20,50,0,
10118,8340,8341,150.58,50,0,
10119,1301,8342,108.81,20,0,
10120,8343,3773,391.02,20,0,
10121,8345,8344,110.96,50,0,
10122,3724,5066,133.07,20,0,
10123,3722,3708,367.36,50,0,Strada Salcâmului
10124,3696,8348,132.19,20,0,
10125,8349,8346,139.11,20,0,
10126,3710,5411,75.25,30,0,Strada Gutuiului
10127,5411,8350,66.04,30,0,Strada Gutuiului
10128,8352,3757,80.54,50,0,
10129,8352,8351,174.10,50,0,
10130,3695,8353,244.07,50,0,Strada Mărului
10131,4685,4943,70.98,30,0,
10132,4943,5456,49.49,30,0,
10133,5456,4684,24.73,30,0,
10134,4684,5455,77.72,30,0,
10135,5455,5457,45.36,30,0,
10136,6949,6419,4.30,20,0,
10137,6948,4920,3.87,20,0,
10138,6946,748,3.94,50,0,Strada Trébely
10139,1059,7993,28.68,30,1,Strada Platoul Cornești
10140,4462,1206,20.83,50,0,
10141,1206,4463,6.92,50,0,
10142,1190,6932,6.24,50,0,Strada Ionel Giurchi
10143,8355,8357,25.76,20,0,
10144,8356,8355,6.32,20,0,
10145,1531,8356,3.32,20,0,
10146,6101,6649,26.44,20,0,Strada Evreilor Martiri
10147,4194,1909,8.93,20,0,
10148,601,3800,9.99,20,0,
10149,4194,600,20.69,50,0,
10150,601,4194,13.28,50,0,
10151,7997,6209,6.13,50,1,Strada Tușnad
10152,6209,116,5.96,50,0,Strada Cuza Vodă
10153,8359,8360,58.53,20,0,
10154,2919,8361,57.15,20,0,
10155,8366,8364,72.76,20,1,
10156,8367,8365,5.44,20,0,
10157,8363,8362,24.73,20,1,
10158,8368,8367,34.78,20,1,
10159,8364,8365,25.54,20,1,
10160,8365,6748,35.25,20,1,
10161,8367,8363,13.84,20,1,
10162,8363,8240,40.52,20,1,
10163,8240,8362,17.33,20,1,
10164,8362,8364,15.13,20,1,
10165,5088,5472,50.73,30,0,Strada Pomilor
10166,5472,3659,44.02,30,0,Strada Pomilor
10167,8370,8369,28.81,20,0,
10168,1197,8370,181.77,30,0,Strada Mărului
10169,8370,8371,35.97,30,0,Strada Mărului
10170,4373,8371,44.59,50,0,
10171,3432,8372,85.57,20,0,
10172,4745,4746,85.08,20,0,
10173,8374,8373,65.61,20,0,
10174,8252,8250,49.17,20,0,
10175,8250,8251,109.13,20,0,
10176,8546,4740,162.74,20,0,
10177,3405,8376,97.87,20,0,
10178,8378,8377,122.14,20,0,
10179,8381,8379,40.30,20,0,
10180,3422,8381,21.92,20,0,
10181,8381,8380,179.63,20,0,
10182,8383,8382,46.37,20,0,
10183,5303,8384,130.37,20,0,
10184,8386,8385,125.93,20,0,
10185,5250,8387,166.19,20,0,
10186,8389,8388,118.01,20,0,
10187,8391,8390,496.52,50,0,
10188,8393,8392,139.74,50,0,
10189,8395,8394,137.11,20,0,
10190,8402,8396,123.56,20,0,
10191,5155,8402,274.10,50,0,
10192,8402,3426,97.99,50,0,
10193,3426,8397,282.95,50,0,
10194,8404,8403,44.36,20,0,
10195,8399,8398,90.41,20,0,
10196,6132,5156,55.38,20,0,
10197,8401,5154,37.23,20,0,
10198,5154,8400,53.91,20,0,
10199,3414,3406,180.84,50,0,
10200,8418,8417,90.66,20,0,
10201,8420,8419,139.22,20,0,
10202,8422,8421,39.42,20,0,
10203,8406,8423,44.45,20,0,
10204,5410,8406,58.68,50,0,
10205,8406,8405,106.41,50,0,
10206,1572,8407,91.47,20,0,
10207,8409,8408,143.17,20,0,
10208,8411,8410,121.70,20,0,
10209,5408,3685,181.22,50,0,
10210,3686,8412,158.44,50,0,
10211,8414,8413,251.41,20,0,
10212,1567,8415,83.86,30,0,Strada Mărului
10213,8416,1571,58.33,20,0,
10214,8433,8431,91.01,20,0,
10215,1991,8433,15.90,20,0,
10216,8433,8432,68.87,20,0,
10217,1186,8436,12.16,20,0,
10218,8436,8435,16.73,20,0,
10219,8435,9187,83.67,20,0,
10220,9187,8434,18.47,20,0,
10221,8437,2366,69.90,20,0,
10222,8438,8439,24.24,20,0,
10223,8440,6493,18.69,20,0,
10224,6493,8439,172.77,20,0,
10225,8439,2366,55.07,20,0,
10226,6486,1992,37.39,30,0,
10227,1992,2364,12.66,30,0,
10228,2364,7538,47.65,30,0,
10229,7538,2391,46.79,30,0,
10230,6485,6492,45.10,30,0,
10231,6492,6486,127.22,30,0,
10232,6490,2366,19.75,20,0,
10233,1992,1993,32.95,30,0,
10234,7542,7543,56.43,20,0,
10235,8442,8441,75.59,20,0,
10236,8425,8424,15.59,20,0,
10237,8427,8426,13.26,20,0,
10238,8430,8429,15.31,20,0,
10239,4850,8443,97.17,20,0,
10240,5486,8444,49.58,20,0,
10241,8445,1577,150.97,20,0,
10242,5079,8446,81.62,20,0,
10243,8448,8447,24.82,20,0,
10244,533,4235,11.54,30,1,Piața Gării
10245,8449,8453,10.96,20,0,
10246,8450,8451,10.91,20,0,
10247,8452,8450,18.35,20,0,
10248,8454,8449,18.84,20,0,
10249,2748,4562,11.41,20,0,
10250,1837,4563,11.04,20,0,
10251,8456,8455,63.24,20,0,
10252,8458,8457,16.51,20,0,
10253,1080,8457,59.79,20,0,
10254,8457,8456,18.15,20,0,
10255,8456,8459,46.59,20,0,
10256,1842,4,53.59,20,0,
10257,7136,8461,39.69,20,0,
10258,7135,7136,36.74,20,0,
10259,7136,1942,61.11,20,0,
10260,8461,8460,251.46,20,0,
10261,8463,8462,38.41,20,0,
10262,8465,8464,62.81,20,0,
10263,5551,4490,72.34,30,1,
10264,8467,9034,50.38,20,0,
10265,9034,8468,47.88,20,0,
10266,8471,8470,90.43,20,0,
10267,5142,8472,183.60,20,0,
10268,3574,8473,40.64,50,0,
10269,5014,1096,81.88,50,0,Strada Lacurilor
10270,1096,5013,20.39,50,0,Strada Lacurilor
10271,5012,8474,144.09,20,0,
10272,5011,8475,179.27,20,0,
10273,2487,8476,1126.14,50,0,Strada Vatzman
10274,2486,2535,13.70,50,0,Strada Păsăreni
10275,2535,5007,379.94,50,0,Strada Păsăreni
10276,1098,1099,471.62,50,0,Strada Transilvania
10277,6989,6983,3.32,30,0,Strada Aluniș
10278,4408,4934,10.87,20,0,
10279,5254,4410,14.84,50,0,
10280,8478,8479,27.98,20,0,
10281,611,8478,9.35,20,0,
10282,8480,5497,13.47,30,1,
10283,5497,8481,4.48,30,1,
10284,8481,8482,13.46,30,1,
10285,8482,5495,4.49,30,1,
10286,5495,5494,18.07,30,1,
10287,5494,8483,4.62,30,1,
10288,8483,8484,13.83,30,1,
10289,8484,5496,4.61,30,1,
10290,5496,8480,9.22,30,1,
10291,5631,7028,2.77,20,0,
10292,6998,6997,56.42,20,0,
10293,6996,8485,19.86,20,1,
10294,8486,5589,63.70,20,1,
10295,5604,8488,58.12,20,1,
10296,8488,8490,15.25,20,1,
10297,8490,8491,16.15,20,1,
10298,8491,8487,59.07,20,1,
10299,8488,8489,43.30,20,0,
10300,8490,7027,43.80,20,0,
10301,8491,8492,44.11,20,0,
10302,8493,8494,51.63,20,1,
10303,8495,8496,71.11,20,0,
10304,7018,8497,26.02,20,0,
10305,7017,8498,7.86,20,0,
10306,7010,8500,19.63,20,0,
10307,8500,5603,28.38,20,0,
10308,8499,8501,36.09,20,1,
10309,8501,8500,11.48,20,1,
10310,7009,8501,20.13,20,0,
10311,8502,7015,13.06,20,0,
10312,7015,7013,17.58,20,0,
10313,7013,5601,16.47,20,0,
10314,5601,8503,59.84,20,0,
10315,8504,2844,27.57,30,1,Strada Regina Elisabeta
10316,2844,930,26.39,30,1,Strada Regina Elisabeta
10317,5262,8099,4.71,50,0,Strada Constantin Silvestri
10318,5416,1110,8.35,50,0,Strada Gării
10319,5047,1466,7.63,50,0,Strada Apei Sărate
10320,6082,3004,7.43,50,1,Strada Transilvaniei
10321,8506,8546,26.20,30,0,Strada Delureni 93 D-H
10322,8546,8507,213.30,30,0,Strada Delureni 93 D-H
10323,3570,7439,7.89,50,0,Strada Molter Károly
10324,7439,2623,52.50,50,0,Strada Molter Károly
10325,2623,719,27.77,50,0,Strada Molter Károly
10326,2460,1747,16.41,50,0,
10327,1747,1748,15.83,50,0,
10328,725,723,15.18,50,0,
10329,723,2461,16.40,50,0,
10330,8509,8508,56.20,20,0,
10331,6904,6906,39.86,20,0,
10332,6907,8161,23.95,20,0,
10333,8161,7636,27.52,20,0,
10334,7636,7637,65.59,20,0,
10335,6908,6910,133.36,20,0,
10336,8511,8510,29.64,20,0,
10337,8513,8512,31.68,20,0,
10338,8515,8513,15.23,20,0,
10339,8513,8511,61.84,20,0,
10340,8511,8514,23.36,20,0,
10341,3467,3470,33.41,50,1,Strada Gheorghe Doja
10342,3470,3474,77.58,50,1,Strada Gheorghe Doja
10343,3474,4863,33.88,50,1,Strada Gheorghe Doja
10344,8518,8517,126.25,20,0,
10345,8532,8525,43.44,30,1,Strada Libertății
10346,8525,8530,46.04,30,1,Strada Libertății
10347,8520,8526,20.31,20,1,
10348,8526,8519,19.37,20,1,
10349,8531,8527,20.97,20,1,
10350,8527,8534,19.04,20,1,
10351,8529,8528,31.88,30,1,Strada Libertății
10352,8528,8521,35.69,30,1,Strada Libertății
10353,8524,8529,5.15,30,0,
10354,8529,8521,19.18,30,0,
10355,8521,8531,7.63,30,0,
10356,8531,8534,11.54,30,0,
10357,8534,8520,5.56,30,0,
10358,8520,8519,8.45,30,0,
10359,8519,8532,2.66,30,0,
10360,8532,8530,18.94,30,0,
10361,8530,8524,10.30,30,0,
10362,8535,7589,37.50,50,0,Strada Libertății
10363,7589,7578,35.70,50,0,Strada Libertății
10364,7578,7576,43.06,50,0,Strada Libertății
10365,7576,2036,31.05,50,0,Strada Libertății
10366,2036,8525,6.31,50,0,Strada Libertății
10367,8526,8533,30.80,20,0,
10368,8527,8466,70.52,20,0,
10369,5265,8535,52.39,50,0,Strada Libertății
10370,8523,8522,3.30,20,0,
10371,7635,3935,28.52,20,0,
10372,7835,8536,9.40,50,1,Strada Băneasa
10373,8536,7834,8.77,50,1,Strada Băneasa
10374,7837,8537,10.51,50,1,Strada Băneasa
10375,8537,7838,11.61,50,1,Strada Băneasa
10376,7833,8538,7.99,20,1,
10377,8538,7832,7.40,20,1,
10378,7836,8539,8.18,30,1,Strada Ion Heliade Rădulescu
10379,8539,7839,8.44,30,1,Strada Ion Heliade Rădulescu
10380,8540,3990,82.67,20,0,
10381,8541,3973,9.80,20,0,
10382,3973,8545,9.59,20,0,
10383,3546,3548,40.46,50,0,Strada Gheorghe Doja
10384,3130,8547,41.41,50,0,Strada Cornești
10385,5128,5126,33.44,50,0,
10386,5126,8555,153.30,50,0,
10387,8556,8548,187.97,20,0,
10388,5145,8556,128.85,50,0,
10389,8550,8551,31.29,20,0,
10390,8551,8549,61.52,20,0,
10391,8552,8551,34.67,20,0,
10392,8554,8552,76.48,20,0,
10393,8552,8553,108.97,20,0,
10394,8556,8555,110.31,50,0,Strada Plaiului
10395,8555,2324,6.41,50,0,Strada Plaiului
10396,8261,8258,1.82,50,1,Strada Zefirului
10397,8560,8559,97.30,50,0,
10398,5972,8561,83.45,50,0,
10399,8564,8563,120.14,50,0,
10400,8566,7687,10.14,20,0,
10401,8565,8566,18.39,20,0,
10402,4465,8567,45.35,20,0,
10403,8569,8568,38.97,20,0,
10404,1113,8570,181.50,20,0,
10405,8572,8571,82.65,50,0,
10406,4498,8573,59.55,50,0,
10407,4499,8574,116.75,50,0,
10408,8577,8576,148.14,50,0,
10409,8576,8603,79.07,50,0,
10410,8603,8605,44.11,50,0,
10411,8605,5839,61.07,50,0,
10412,8579,8578,250.45,20,0,
10413,886,612,78.75,50,1,Strada Ion Luca Caragiale
10414,8582,8581,141.22,50,0,
10415,8584,926,7.86,80,0,
10416,926,8585,4.62,80,0,
10417,8585,8588,3.82,80,0,
10418,8588,8587,4.56,80,0,
10419,8587,8586,7.28,80,0,
10420,8586,8584,8.75,80,0,
10421,122,8589,10.10,50,0,
10422,8589,8590,10.04,50,0,
10423,8590,8591,8.34,50,0,
10424,8591,122,8.54,50,0,
10425,526,616,130.06,50,1,Strada Lavandei
10426,1972,7816,6.12,50,0,Strada Dezrobirii
10427,7816,1187,131.92,50,0,Strada Dezrobirii
10428,1187,1185,5.07,50,0,Strada Dezrobirii
10429,12,8593,4.34,50,1,Strada Gheorghe Doja
10430,8594,996,4.34,50,1,Strada Gheorghe Doja
10431,1185,2392,94.66,30,0,Strada Băneasa
10432,2392,7550,132.07,30,0,Strada Băneasa
10433,7550,1362,256.72,30,0,Strada Băneasa
10434,8597,8596,29.95,20,0,
10435,8600,7590,19.03,20,0,
10436,7590,7591,19.76,20,0,
10437,803,107,38.26,50,0,Strada Nicolae Bălcescu
10438,8576,8601,76.33,20,0,
10439,8603,8602,65.28,20,0,
10440,8605,8604,62.51,20,0,
10441,8607,8577,17.04,20,0,
10442,8608,8607,111.76,20,0,
10443,8607,8608,51.67,20,0,
10444,8614,8609,11.83,70,1,Strada Tholdalagi Mihály
10445,8609,8619,13.37,70,1,Strada Tholdalagi Mihály
10446,8615,8610,15.55,50,1,Calea Sighișoarei
10447,8610,1095,15.86,30,1,Calea Sighișoarei
10448,8616,8611,13.39,50,1,
10449,8611,8618,11.44,50,1,
10450,8613,8612,15.79,50,1,Calea Sighișoarei
10451,8612,8617,15.38,50,1,Calea Sighișoarei
10452,8617,8616,13.61,30,0,
10453,8616,8618,6.49,30,0,
10454,8618,8615,6.49,30,0,
10455,8615,1095,9.27,30,0,
10456,1095,8614,5.85,30,0,
10457,8614,8619,8.11,30,0,
10458,8619,8613,13.18,30,0,
10459,8613,8617,9.50,30,0,
10460,2780,2779,46.06,20,0,
10461,2779,8606,157.94,20,0,
10462,5838,5837,141.41,50,0,
10463,5837,5836,46.30,50,0,
10464,5837,8620,161.83,50,0,
10465,8611,8577,12.62,50,0,
10466,6935,4816,12.98,30,1,Strada Slatina
10467,8621,6935,11.78,30,1,Strada Slatina
10468,8622,4819,17.58,30,1,Strada Parângului
10469,6720,4818,17.80,50,1,Bulevardul 1848
10470,4819,6720,18.36,50,1,Bulevardul 1848
10471,4817,8622,18.50,30,1,Strada Parângului
10472,842,1014,21.70,30,0,Strada Slatina
10473,1014,841,122.66,30,0,Strada Slatina
10474,840,839,32.42,30,0,Strada Constantin Dobrogeanu Gherea
10475,8624,8623,51.29,20,0,
10476,8626,8625,51.29,20,0,
10477,8628,8623,18.09,20,0,
10478,8623,8625,52.45,20,0,
10479,8625,8627,26.27,20,0,
10480,8631,8624,20.46,20,0,
10481,8624,8626,52.45,20,0,
10482,8626,8630,26.03,20,0,
10483,4642,8632,86.37,20,0,
10484,3475,8866,7.50,70,1,Strada 8 Martie
10485,8634,8633,115.83,20,0,
10486,8636,8635,78.17,20,0,
10487,8638,8637,88.27,50,0,Strada Fagului
10488,8640,8639,114.52,20,0,
10489,4619,5128,134.60,50,0,
10490,5128,5127,187.12,50,0,
10491,2315,2317,303.28,50,0,
10492,4730,8647,193.04,50,0,
10493,8642,8641,68.57,20,0,
10494,3280,8643,448.74,50,0,
10495,8645,8644,82.37,20,0,
10496,2031,8648,79.97,20,0,
10497,4793,4797,101.39,20,0,
10498,4802,8650,19.33,20,0,
10499,1050,8651,81.69,20,0,
10500,1667,2882,16.47,50,0,
10501,2882,1684,14.10,50,0,
10502,1684,2886,16.25,50,0,
10503,2886,1678,22.51,50,0,
10504,2878,2880,16.12,50,0,
10505,2880,2883,15.29,50,0,
10506,2883,2885,16.41,50,0,
10507,2885,1668,5.12,50,0,
10508,1020,1022,167.42,30,0,Strada Maramureș
10509,7511,8654,15.91,30,0,
10510,3694,8655,96.51,20,0,
10511,8657,8656,72.85,20,0,
10512,5150,8658,113.27,50,0,
10513,3350,8658,130.25,50,0,
10514,8658,5151,204.33,50,0,
10515,8660,8659,35.35,20,0,
10516,8661,296,66.84,20,0,
10517,8666,8665,27.29,20,0,
10518,8668,8667,46.06,20,0,
10519,8669,5770,33.64,50,0,
10520,4597,8670,154.64,50,0,
10521,9057,4594,409.58,50,0,Strada Florilor
10522,8672,8674,18.51,20,0,
10523,8674,8671,16.61,20,0,
10524,8674,8673,37.44,20,1,
10525,8676,8673,17.38,20,0,
10526,8673,8675,10.25,20,0,
10527,8677,8679,21.14,20,1,
10528,8679,8680,65.95,20,1,
10529,2717,8677,23.93,20,1,
10530,8677,8678,60.45,20,1,
10531,8679,8680,46.72,20,1,
10532,8680,8678,13.78,20,1,
10533,8678,8681,13.61,20,1,
10534,8067,8683,4.75,20,0,
10535,8682,8067,12.65,20,0,
10536,8684,8705,14.89,20,0,
10537,8705,8682,99.06,20,0,
10538,8685,8686,96.55,20,0,
10539,8686,8711,123.50,20,0,
10540,8687,8686,26.22,20,0,
10541,8689,8688,70.38,20,0,
10542,8691,8690,116.35,20,0,
10543,8693,8692,19.15,20,0,
10544,8694,8707,39.84,20,0,
10545,8707,8708,5.89,20,0,
10546,8696,8689,16.90,20,0,
10547,8689,8694,97.82,20,0,
10548,8694,8692,32.14,20,0,
10549,8692,8695,36.21,20,0,
10550,8697,1485,145.80,50,0,
10551,612,613,27.96,30,1,Piața Armatei
10552,5676,5675,63.63,20,0,
10553,5676,2627,31.15,50,0,
10554,7862,7863,26.52,20,0,
10555,5674,5664,35.72,50,0,
10556,8700,4887,49.60,20,0,
10557,8702,8701,98.73,20,0,
10558,8684,8703,23.73,20,0,
10559,8705,8704,24.21,20,0,
10560,4513,4514,5.07,30,0,Bulevardul 1 Decembrie 1918
10561,4514,4494,14.37,30,0,Bulevardul 1 Decembrie 1918
10562,4494,5614,2.36,30,0,Bulevardul 1 Decembrie 1918
10563,8486,5509,3.90,20,1,
10564,5509,5623,15.29,20,1,
10565,5623,5589,7.08,20,1,
10566,5597,6996,16.17,20,1,
10567,5630,8485,5.18,20,1,
10568,6751,4510,9.67,30,0,Bulevardul 1 Decembrie 1918
10569,8707,8706,15.21,20,0,
10570,8710,8711,17.57,20,0,
10571,8711,8709,76.30,20,0,
10572,8713,8712,168.52,20,0,
10573,5237,468,12.71,30,0,Aleea Cornișa
10574,8714,8715,24.64,20,0,
10575,8717,8716,65.54,20,0,
10576,8723,5432,63.33,20,0,
10577,8725,8724,44.21,20,0,
10578,8727,8726,54.90,20,0,
10579,8719,8718,52.56,20,0,
10580,8721,8720,37.86,20,0,
10581,544,8721,13.94,20,0,
10582,8721,8722,86.51,20,0,
10583,8730,8729,81.89,20,0,
10584,1045,8731,56.93,20,0,
10585,8733,8732,55.54,50,0,
10586,8735,8734,1.88,20,0,
10587,8736,3630,2.10,20,0,
10588,3630,8735,84.64,20,0,
10589,8739,8738,52.11,20,0,
10590,973,8744,2.21,50,1,Bulevardul 22 Decembrie 1989
10591,3104,8743,1.70,50,1,Bulevardul 22 Decembrie 1989
10592,8742,971,1.69,50,1,Bulevardul 22 Decembrie 1989
10593,8745,972,2.50,50,1,Bulevardul 22 Decembrie 1989
10594,3206,8748,1.08,80,1,
10595,8749,8750,84.95,50,0,
10596,8751,8752,79.93,50,0,
10597,950,902,76.12,50,1,Strada Frederic Joliot-Curie
10598,901,952,75.09,50,1,Strada Frederic Joliot-Curie
10599,2706,8753,232.81,50,0,
10600,2705,2706,25.78,50,0,
10601,8756,8755,115.30,20,0,
10602,2675,8754,98.05,20,0,
10603,8759,8758,45.19,20,0,
10604,4860,8759,17.68,20,0,
10605,8759,8757,191.73,20,0,
10606,8533,8761,29.99,10,0,
10607,8761,8760,53.56,10,0,
10608,8760,8763,108.65,10,0,
10609,8763,8762,35.04,10,0,
10610,8762,8761,35.53,10,0,
10611,8760,8762,17.90,10,0,
10612,8760,8763,18.24,10,0,
10613,2921,1686,4.53,50,0,
10614,1686,2919,16.55,50,0,
10615,2876,8766,53.04,20,0,
10616,8766,8653,17.77,20,0,
10617,8653,8652,20.43,20,0,
10618,8652,1667,16.92,20,0,
10619,2878,8766,14.97,20,0,
10620,115,5260,38.45,50,0,Strada Cuza Vodă
10621,5616,5615,58.29,30,0,Strada Piatra Corbului
10622,1918,1858,328.29,30,0,Strada Piatra Corbului
10623,8767,6951,10.81,50,1,Strada Paris
10624,6951,4215,9.93,50,1,Strada Paris
10625,2762,8767,15.04,50,1,Strada Transilvania
10626,4215,2762,17.46,50,1,Strada Paris
10627,8770,8768,83.50,20,0,
10628,8768,8769,27.76,20,0,
10629,8505,8771,41.52,20,0,
10630,5575,8772,10.87,20,0,
10631,8772,8774,21.98,20,0,
10632,8774,9111,14.90,20,0,
10633,9111,8773,17.47,20,0,
10634,8774,8775,12.78,20,0,
10635,8775,8772,20.34,20,0,
10636,8776,8777,80.31,20,0,
10637,1982,8778,68.67,20,0,
10638,8779,8780,15.79,20,0,
10639,8781,8782,50.62,20,0,
10640,8783,8784,30.94,20,0,
10641,8785,8786,217.94,30,0,
10642,655,7930,32.30,50,0,Strada Borzești
10643,7930,6943,79.71,50,0,Strada Borzești
10644,6943,861,5.17,50,0,Strada Borzești
10645,861,6942,2.54,50,0,Strada Borzești
10646,8557,2620,4.89,50,0,Strada Margaretelor
10647,2618,6940,10.58,50,0,Strada Zăgazului
10648,602,2618,54.57,50,0,Strada Zăgazului
10649,6929,6979,2.64,50,0,Strada Zăgazului
10650,6979,602,40.40,50,0,Strada Zăgazului
10651,656,8789,6.02,50,0,Strada Vulcan
10652,6969,6967,20.36,30,0,Aleea Vrancea
10653,6965,6955,2.95,30,0,Aleea Vrancea
10654,6955,2770,27.98,30,0,Aleea Vrancea
10655,6172,8823,17.85,30,0,Aleea Vrancea
10656,6174,2770,21.87,30,0,Aleea Vrancea
10657,8156,2387,24.69,30,0,Strada Vlădeasa
10658,6224,6706,13.71,5,0,
10659,6973,6974,39.06,50,0,Strada Vișeului
10660,6976,6975,5.02,30,0,Strada Vișeului
10661,6175,6177,13.72,50,1,Pasajul Violetelor
10662,289,1339,11.37,50,1,Pasajul Violetelor
10663,6176,289,2.34,20,0,
10664,209,1633,4.40,50,1,Strada Viitorului
10665,6953,1632,4.15,30,0,
10666,6298,6299,12.04,30,0,
10667,6296,6297,5.79,30,0,
10668,6297,6181,13.42,30,0,
10669,4286,4288,34.02,30,0,
10670,4288,6296,11.07,30,0,
10671,1384,1385,52.68,30,0,
10672,1383,7985,12.25,30,0,
10673,7985,1384,4.75,30,0,
10674,6182,1618,21.87,30,0,
10675,1618,1841,33.07,30,0,
10676,1841,1848,5.02,30,0,
10677,1848,1621,21.82,30,0,
10678,1658,1659,73.33,30,0,
10679,1659,1808,6.93,30,0,
10680,4283,6294,58.09,30,0,
10681,6294,6295,36.51,30,0,
10682,1808,4282,4.59,30,0,
10683,1657,1656,37.98,30,0,
10684,2677,6934,25.69,50,1,Strada Amsterdam
10685,3627,2624,27.47,50,0,Piața Victoriei
10686,5256,216,15.58,50,1,Piața Victoriei
10687,2652,8972,58.08,50,1,Piața Victoriei
10688,8791,8971,33.46,50,1,Piața Victoriei
10689,8971,2650,29.81,50,1,Piața Victoriei
10690,216,5255,16.42,50,1,Piața Victoriei
10691,3832,6936,7.40,30,1,Strada Tudor Vladimirescu
10692,6939,8792,102.89,50,0,Strada Verii
10693,8792,7990,17.67,50,0,Strada Verii
10694,7990,466,140.69,50,0,Strada Verii
10695,394,6939,85.74,50,0,Strada Verii
10696,8792,8793,64.92,20,0,
10697,8794,8796,10.39,20,0,
10698,8796,8795,40.52,20,0,
10699,8796,8797,48.16,20,0,
10700,8798,8799,46.69,20,0,
10701,6187,6188,38.89,30,0,
10702,6363,4380,37.17,30,0,
10703,983,6193,57.03,50,0,Strada Vasile Goldiș
10704,6308,8802,61.81,20,0,
10705,8802,8801,43.96,20,0,
10706,1009,1010,13.52,50,0,Strada Urcușului
10707,8803,8805,26.08,20,0,
10708,8805,8804,8.98,20,0,
10709,8805,8806,19.31,20,0,
10710,8807,8804,12.88,20,0,
10711,8804,8808,25.55,20,0,
10712,8809,8810,54.29,20,0,
10713,876,877,55.15,30,0,Strada Széchenyi István
10714,350,2002,104.00,30,1,Strada Suceava
10715,6401,1267,79.30,30,0,Strada Subpădure
10716,8811,8812,87.60,30,0,Strada Stejarului
10717,962,8925,18.72,30,0,Strada Ștefan Cicio Pop
10718,8925,8923,7.40,30,0,Strada Ștefan Cicio Pop
10719,8923,4400,10.62,30,0,Strada Ștefan Cicio Pop
10720,4400,6372,5.43,30,0,Strada Ștefan Cicio Pop
10721,1338,4367,90.50,50,0,Strada Mircea Robu
10722,4367,4368,50.97,30,0,Strada Mircea Robu
10723,5238,6947,3.68,50,0,
10724,8813,7229,23.70,30,0,
10725,7229,931,8.37,30,0,
10726,7825,7824,5.55,20,0,
10727,9085,8814,47.29,30,1,Strada Poștei
10728,5075,8815,74.63,20,0,
10729,8817,8818,10.90,20,0,
10730,8820,8821,0.98,20,0,
10731,8821,6963,15.98,20,0,
10732,8819,8820,15.15,20,0,
10733,8821,8822,22.39,20,0,
10734,8824,8825,25.00,30,0,Strada Vișeului
10735,1621,4284,32.74,30,0,
10736,4284,1853,29.85,30,0,
10737,8826,8827,37.73,30,0,
10738,8826,1619,10.23,30,0,
10739,1619,8828,44.53,30,0,
10740,4476,8829,5.31,30,0,
10741,8830,486,14.55,30,0,
10742,8832,8833,13.27,20,0,
10743,8833,6226,13.00,20,0,
10744,8833,8834,32.66,20,0,
10745,497,3629,91.45,30,0,Strada Plaiului
10746,498,8835,56.37,30,0,Strada Plaiului
10747,8836,941,73.16,20,0,
10748,1441,4178,56.90,30,0,Strada Petru Dobra
10749,4178,4177,14.87,30,0,Strada Petru Dobra
10750,4177,1440,94.50,30,0,Strada Petru Dobra
10751,1440,1439,5.14,30,0,Strada Petru Dobra
10752,1439,6944,3.38,30,0,Strada Petru Dobra
10753,6944,1437,72.72,30,0,Strada Petru Dobra
10754,6944,8837,20.25,30,0,Strada Petru Dobra
10755,624,1430,34.18,30,0,Strada Petru Dobra
10756,1430,1435,52.11,30,0,Strada Petru Dobra
10757,1435,630,31.13,30,0,Strada Petru Dobra
10758,346,359,12.86,50,0,Strada Parângului
10759,359,350,71.92,50,0,Strada Parângului
10760,350,4179,26.51,50,0,Strada Parângului
10761,4179,351,43.69,50,0,Strada Parângului
10762,351,354,34.62,50,0,Strada Parângului
10763,363,8838,44.77,30,0,Strada Parângului
10764,6397,5796,86.75,30,0,Strada Parângului
10765,8839,9091,31.25,30,0,Strada Parângului
10766,9091,8840,1.34,30,0,Strada Parângului
10767,8839,362,9.48,50,0,Strada Parângului
10768,5795,8842,98.90,30,0,
10769,8842,5794,35.49,30,0,Strada Pădurii
10770,5794,8843,73.37,30,0,Strada Pădurii
10771,8843,752,28.09,30,0,Strada Pădurii
10772,752,3133,67.47,30,0,Strada Pădurii
10773,8844,7368,160.13,30,0,Pasajul Pădurii
10774,7368,751,9.63,30,0,Pasajul Pădurii
10775,661,3127,5.78,30,0,Strada Nagy Pál
10776,3127,3128,14.50,30,0,Strada Nagy Pál
10777,3128,6983,78.67,30,0,Strada Nagy Pál
10778,1394,7418,88.88,50,0,Strada Mureșului
10779,7418,9064,250.85,50,0,Strada Mureșului
10780,9064,4778,60.39,30,0,Strada Mureșului
10781,2756,8845,120.49,30,1,Strada Muntenia
10782,1077,8845,89.23,30,0,Strada Muntenia
10783,2756,2755,17.47,30,0,Strada Muntenia
10784,2755,435,63.47,30,0,Strada Muntenia
10785,6045,8892,2.14,30,1,Strada Transilvania
10786,8892,1078,94.94,30,1,Strada Transilvania
10787,8846,47,50.92,50,0,Strada Moldovei
10788,8848,8847,46.16,20,0,
10789,8849,8848,66.52,20,0,
10790,8848,8847,38.30,20,0,
10791,8851,8852,25.18,20,0,Strada Mică
10792,8853,8854,26.82,30,0,Piața Memorandumului
10793,1195,1196,41.02,50,0,Strada Mărului
10794,6153,8855,122.44,30,0,Strada Pomilor
10795,8856,200,2.62,30,0,Strada Cosminului
10796,4423,4422,27.97,30,1,
10797,1434,4420,50.82,30,1,
10798,8858,8859,80.55,20,0,
10799,243,6101,62.68,30,0,Strada Evreilor Martiri
10800,315,318,14.66,50,0,Aleea Covasna
10801,318,314,16.62,50,0,Aleea Covasna
10802,312,311,40.11,30,0,Aleea Covasna
10803,316,312,42.46,30,0,Aleea Covasna
10804,8860,8270,7.02,20,0,
10805,8270,8860,38.81,20,0,
10806,6305,8861,10.86,20,0,
10807,8862,8863,68.11,20,0,
10808,1696,476,94.25,30,0,Aleea Cornișa
10809,3656,8366,72.63,50,0,Strada Constandin Hagi Stoian
10810,8366,6748,13.34,50,0,Strada Constandin Hagi Stoian
10811,6748,8368,12.36,50,0,Strada Constandin Hagi Stoian
10812,8368,8241,86.09,50,0,Strada Constandin Hagi Stoian
10813,8241,5475,164.60,50,0,Strada Constandin Hagi Stoian
10814,5475,3661,28.86,50,0,Strada Constandin Hagi Stoian
10815,3661,3660,222.61,50,0,Strada Constandin Hagi Stoian
10816,3661,5470,41.52,30,0,Strada Constandin Hagi Stoian
10817,5470,3659,33.17,30,0,Strada Constandin Hagi Stoian
10818,7670,7909,2.65,20,0,
10819,2394,5801,68.82,20,0,
10820,808,805,69.35,30,0,Strada Câmpului
10821,805,3453,149.42,50,0,Strada Pâinii
10822,899,8865,24.80,30,0,
10823,1548,4886,18.36,30,1,Strada Bărăganului
10824,4741,4742,73.89,50,0,Strada Mesteacănului
10825,4740,4741,156.86,20,0,
10826,8884,4464,5.26,30,0,Strada Acarului
10827,8868,8869,141.74,20,0,
10828,8871,8870,62.63,20,0,
10829,7996,1513,88.31,50,1,Strada Argeșului
10830,8872,8873,45.39,30,0,
10831,8874,8875,82.18,30,1,
10832,8102,8876,10.98,30,0,
10833,8877,8878,30.60,20,0,
10834,2763,8879,42.34,20,0,
10835,8880,8881,43.78,20,0,
10836,8882,8883,184.06,20,0,
10837,242,4564,23.27,30,0,Strada Bodoni Sándor
10838,4564,6519,13.03,30,0,Strada Bodoni Sándor
10839,8885,1538,52.49,30,0,
10840,8887,8888,38.30,30,0,
10841,8889,8890,74.76,20,0,
10842,8891,8892,24.28,20,1,
10843,8893,8895,55.73,20,0,
10844,8895,8894,7.17,20,0,
10845,8895,8898,63.63,20,0,
10846,8898,8899,13.72,20,0,
10847,8899,8897,13.83,20,0,
10848,8897,8896,33.44,20,0,
10849,8897,8900,38.90,20,1,
10850,8900,8898,37.28,20,1,
10851,8899,8900,24.72,20,1,
10852,8901,8902,34.40,20,0,
10853,4347,8903,37.30,20,0,
10854,8905,8906,68.62,20,0,
10855,8907,8908,37.46,20,0,
10856,8908,8909,18.45,20,0,
10857,8908,8910,39.61,20,0,
10858,8911,8912,57.66,20,0,
10859,8913,8914,70.71,20,0,
10860,6361,8915,29.67,30,0,Strada Șurianu
10861,8916,8918,6.67,20,0,
10862,8918,8917,76.42,20,0,
10863,8918,8919,52.72,20,0,
10864,6945,189,4.17,30,0,Strada Substejeriș
10865,8920,8921,11.27,20,0,
10866,8922,4407,44.28,20,0,
10867,8923,8924,50.09,20,0,
10868,8924,8925,45.78,20,0,
10869,8924,8926,14.89,20,0,
10870,4374,6167,28.14,20,0,
10871,8927,8928,16.40,30,1,
10872,8931,8932,40.27,20,0,
10873,5834,5780,69.49,50,0,
10874,8935,8934,177.10,20,0,
10875,8937,8936,57.30,20,0,
10876,8939,8938,96.47,50,0,
10877,8941,8940,180.13,50,0,
10878,8942,8944,8.14,20,0,
10879,8945,8944,60.40,20,0,
10880,8944,8943,31.53,20,0,
10881,8946,8945,24.54,20,0,
10882,8945,8942,55.47,20,0,
10883,8942,3577,23.63,20,0,
10884,8948,90,3.39,30,1,Strada Crizantemelor
10885,143,8949,24.93,30,1,Strada Borsos Tamás
10886,8951,8950,36.92,20,0,
10887,8952,8953,34.49,20,0,
10888,5645,5644,30.26,20,1,
10889,8957,8482,29.57,20,1,
10890,5617,5608,15.67,20,1,
10891,8955,5621,22.91,50,1,Strada Ion Fiscuteanu
10892,8954,6901,81.75,20,0,
10893,5620,8955,23.82,50,1,Strada Ion Fiscuteanu
10894,8957,8956,11.85,20,0,
10895,8481,8957,32.42,20,1,
10896,8958,7348,15.10,50,0,Strada Agricultorilor
10897,1111,8964,10.87,50,0,Strada Gării
10898,1110,5318,159.15,50,0,Strada Gării
10899,5318,5320,78.51,50,0,Strada Gării
10900,5320,1111,25.06,50,0,Strada Gării
10901,8963,8962,62.10,20,0,
10902,8966,8965,33.15,20,0,
10903,8960,8959,16.75,20,0,
10904,2923,8960,12.02,20,1,
10905,8960,8765,70.69,20,1,
10906,8765,3456,12.41,20,1,
10907,8961,8765,12.86,20,1,
10908,8968,8967,49.30,20,0,
10909,6430,8969,39.21,30,0,
10910,2696,5395,19.06,50,1,
10911,8972,5395,17.20,50,1,Piața Victoriei
10912,5395,8790,10.80,50,1,Piața Victoriei
10913,8972,8971,10.73,50,1,
10914,2696,8972,11.54,50,1,
10915,8973,8974,26.97,20,0,
10916,8975,8977,56.57,20,0,
10917,8977,8976,58.60,20,0,
10918,8977,8979,12.67,20,0,
10919,8979,8978,53.01,20,0,
10920,8979,8980,110.46,20,0,
10921,8983,8982,85.95,20,0,
10922,8985,8984,42.11,20,0,
10923,8987,8988,81.64,20,0,
10924,8988,8986,19.91,20,0,
10925,8989,8988,18.63,20,0,
10926,8991,8992,12.25,20,0,
10927,8992,8990,16.38,20,0,
10928,8993,8992,15.65,20,0,
10929,8995,8994,40.55,20,0,
10930,8997,8996,25.70,20,0,
10931,8999,8998,46.19,20,0,
10932,9000,9002,34.12,20,0,
10933,9003,9002,96.60,20,0,
10934,9002,9001,17.05,20,0,
10935,9004,1864,45.68,20,0,
10936,1864,9005,42.80,20,0,
10937,9008,9007,19.60,20,0,
10938,9010,9008,18.76,20,0,
10939,9008,9009,42.74,20,0,
10940,9012,9011,64.02,20,0,
10941,9014,9013,53.95,20,0,
10942,9016,9015,57.51,20,0,
10943,9018,9017,108.04,20,0,
10944,9020,9019,109.31,50,0,
10945,9022,9021,80.99,20,0,
10946,9024,9023,36.11,20,0,
10947,9025,4970,68.33,50,0,
10948,9027,9026,41.90,50,0,
10949,9030,9029,63.72,50,0,
10950,596,1220,44.19,50,1,Strada Plutelor
10951,8428,8276,49.14,20,0,
10952,8276,9031,48.33,20,0,
10953,9032,8466,166.05,20,0,
10954,9034,9033,48.39,20,0,
10955,9036,9035,99.56,20,0,
10956,9038,9037,181.98,50,0,
10957,9039,9042,177.34,50,0,
10958,9041,9040,169.67,50,0,
10959,9043,9038,53.59,50,0,Strada Ropo
10960,9038,9042,37.21,50,0,Strada Ropo
10961,9042,9041,64.55,50,0,Strada Ropo
10962,2521,5750,43.82,50,0,Strada Ropo
10963,5750,5039,16.68,50,0,Strada Ropo
10964,5039,2553,50.24,50,0,Strada Ropo
10965,2553,9043,161.17,50,0,Strada Ropo
10966,9045,9044,73.90,20,0,
10967,9047,9046,56.00,20,0,
10968,9048,1913,111.29,50,0,Strada Pășunii
10969,1913,5755,12.77,50,0,Strada Pășunii
10970,9050,1919,84.12,20,0,
10971,9052,9051,60.23,20,0,
10972,9053,2479,31.29,50,0,
10973,1448,9058,63.28,20,0,
10974,9060,9059,487.44,20,0,
10975,9061,9060,496.57,20,0,
10976,2619,8981,22.14,50,0,Strada Lăcrămioarei
10977,6940,2617,2.07,50,0,Strada Zăgazului
10978,936,9063,30.75,20,0,
10979,9067,9068,26.34,20,0,
10980,46,236,67.41,50,1,Strada Tudor Vladimirescu
10981,9070,9069,126.28,20,0,
10982,9069,9072,147.20,20,0,
10983,9071,9070,126.70,20,0,
10984,9070,9072,12.83,20,0,
10985,9072,9138,50.65,20,0,
10986,9138,9071,27.02,20,0,
10987,9071,8157,14.96,20,0,
10988,6160,6601,71.00,20,0,
10989,5484,4902,132.53,50,0,Strada Vasile Săbădeanu
10990,4902,3408,51.84,50,0,Strada Vasile Săbădeanu
10991,8955,9082,55.37,50,0,Strada Ion Fiscuteanu
10992,9082,7034,76.58,50,0,Strada Ion Fiscuteanu
10993,9074,9073,55.34,20,0,
10994,9076,9074,16.60,20,0,
10995,9074,9075,69.57,20,0,
10996,9078,9076,14.87,20,0,
10997,9076,9077,56.57,20,0,
10998,9080,9081,66.93,20,0,
10999,9081,9079,152.38,20,0,
11000,9082,9081,66.73,20,0,
11001,1871,4686,106.29,20,0,Strada Kemény János
11002,1946,1269,19.55,50,0,Strada Adrian Hidoș
11003,8814,9084,28.79,30,1,Strada Poștei
11004,2637,9084,41.23,50,0,Strada Revoluției
11005,2507,9086,18.72,20,0,
11006,9086,9087,48.89,20,0,
11007,6781,9086,146.75,20,0,
11008,9086,9088,40.49,20,0,
11009,6782,6781,98.60,20,0,
11010,1393,452,93.81,30,0,Strada Rodniciei
11011,9094,9093,49.73,20,0,
11012,9096,9095,98.05,20,0,
11013,9098,9097,24.77,20,0,
11014,9100,9099,56.43,20,0,
11015,9099,9098,70.24,20,0,
11016,9098,9099,70.26,20,0,
11017,9101,9102,93.57,20,0,
11018,9103,9104,43.73,30,0,Strada Podeni
11019,9105,9106,204.37,20,0,
11020,9107,9108,79.70,20,0,
11021,9109,9110,132.69,20,0,
11022,9111,8775,44.40,20,0,
11023,9112,9115,43.01,50,0,
11024,9113,7038,194.26,50,0,
11025,9117,9113,142.64,50,0,
11026,9113,9114,63.02,50,0,
11027,3582,9118,84.20,20,0,
11028,9120,9119,75.05,20,0,
11029,9122,4988,272.04,50,0,Pârâului
11030,9123,9124,126.42,50,0,
11031,9125,5276,210.48,50,0,
11032,5276,9126,65.25,50,0,
11033,9127,6893,57.76,50,0,
11034,6893,9128,97.34,50,0,
11035,9129,9130,93.06,50,0,
11036,9131,9132,186.55,50,0,
11037,9133,9134,71.13,50,0,
11038,7267,9135,232.91,20,0,
11039,9136,7266,98.71,50,0,
11040,9138,9137,22.14,20,0,
11041,2307,9141,28.53,20,0,
11042,4732,4731,155.20,30,0,Strada Crinului
11043,4731,4730,39.08,30,0,Strada Crinului
11044,4730,3234,5.29,30,0,Strada Crinului
11045,3234,4729,65.77,30,0,Strada Crinului
11046,4729,4728,8.30,30,0,Strada Crinului
11047,4728,4727,55.35,30,0,Strada Crinului
11048,4727,2297,63.08,30,0,Strada Crinului
11049,9143,9142,121.85,20,0,
11050,5161,9145,7.68,20,0,
11051,9148,9147,106.91,20,0,
11052,8580,5287,230.31,20,0,
11053,9144,5278,9.62,50,0,
11054,5293,4617,46.21,30,0,Strada Nucului
11055,4617,5296,54.50,30,0,Strada Nucului
11056,5296,5291,21.11,30,0,Strada Nucului
11057,5291,4614,93.69,30,0,Strada Nucului
11058,9150,9149,56.49,20,0,
11059,9152,9151,20.64,20,0,
11060,9154,9153,61.39,20,0,
11061,9156,9155,64.19,20,0,
11062,9158,9157,63.69,20,0,
11063,9160,9159,84.11,20,0,
11064,9166,9162,123.60,50,0,
11065,9164,9162,55.73,50,0,
11066,9162,9161,100.31,50,0,
11067,9161,9163,97.43,50,0,
11068,9165,9164,116.12,50,0,
11069,6727,9167,117.51,50,0,
11070,6726,9167,71.95,50,0,
11071,9167,9166,73.59,50,0,
11072,9166,9165,51.99,50,0,
11073,6728,6727,55.86,50,0,
11074,9172,9171,184.03,20,0,
11075,6911,5578,29.66,20,0,
11076,9174,6911,269.07,20,0,
11077,9176,9175,61.58,20,0,
11078,5552,9173,61.08,20,0,
11079,5133,9178,98.25,20,0,
11080,9181,9180,190.54,20,0,
11081,9182,3243,111.59,20,0,
11082,2722,2665,33.49,50,0,Bulevardul 22 Decembrie 1989
11083,9183,9184,114.52,20,0,Strada Viena
11084,9187,9186,23.60,20,0,
11085,8435,8436,75.66,20,0,
11086,6744,9185,304.87,20,0,
11087,412,7761,90.54,30,0,Strada George Enescu
11088,7761,9191,35.12,30,0,Strada George Enescu
