id,coords
0,46.528453:24.545380 46.528529:24.545307
1,46.526341:24.551514 46.526626:24.551492
2,46.531652:24.575903 46.531666:24.576243
3,46.531666:24.576243 46.531667:24.576295 46.531681:24.576583 46.531675:24.576677 46.531667:24.576763 46.531647:24.576969
4,46.531647:24.576969 46.531621:24.577150
5,46.533026:24.575775 46.532878:24.575788 46.532852:24.575791 46.532824:24.575793 46.532703:24.575804 46.532495:24.575821
6,46.532495:24.575821 46.532392:24.575829
7,46.532392:24.575829 46.532309:24.575837 46.532176:24.575851 46.532009:24.575867
8,46.532009:24.575867 46.531921:24.575876 46.531859:24.575882 46.531737:24.575894 46.531712:24.575896 46.531699:24.575897 46.531652:24.575903
9,46.533612:24.567875 46.533578:24.567880 46.533547:24.567872 46.533516:24.567856 46.533276:24.567639
10,46.537345:24.558665 46.537345:24.558652 46.537356:24.558493 46.537357:24.558481 46.537365:24.558286
11,46.537365:24.558286 46.537360:24.558226 46.537338:24.558156
12,46.537338:24.558156 46.537331:24.558134
13,46.539680:24.559853 46.539847:24.559126 46.539878:24.558965
14,46.543490:24.551672 46.543454:24.551695 46.542960:24.552014
15,46.542960:24.552014 46.542388:24.552390
16,46.542388:24.552390 46.541917:24.552715 46.541883:24.552736
17,46.541883:24.552736 46.541420:24.553020
18,46.541420:24.553020 46.540968:24.553312 46.540754:24.553458 46.540733:24.553472
19,46.536185:24.555889 46.536237:24.555809 46.536443:24.555520
20,46.536443:24.555520 46.536739:24.555099 46.537116:24.554586 46.537510:24.554057 46.537521:24.554043 46.537543:24.554014
21,46.564438:24.585871 46.564670:24.586257
22,46.564670:24.586257 46.565069:24.586920
23,46.565069:24.586920 46.565088:24.586952 46.565497:24.587630 46.566294:24.588959
24,46.593338:24.625527 46.593497:24.625284
25,46.540497:24.557018 46.540453:24.556994 46.540162:24.556828 46.539893:24.556631 46.539794:24.556506 46.539776:24.556485
26,46.539776:24.556485 46.539768:24.556474
27,46.539399:24.584682 46.539175:24.584580
28,46.539175:24.584580 46.539134:24.584561 46.539085:24.584539 46.538823:24.584420
29,46.538823:24.584420 46.538702:24.584377 46.538527:24.584360 46.538360:24.584369 46.538202:24.584381 46.538162:24.584384 46.538140:24.584385
30,46.532902:24.587403 46.532775:24.587326
31,46.532775:24.587326 46.532561:24.587200 46.532465:24.587121 46.532407:24.587010 46.532382:24.586864 46.532399:24.586686 46.532530:24.586267
32,46.532530:24.586267 46.532615:24.586011
33,46.532615:24.586011 46.532764:24.585564
34,46.532764:24.585564 46.532987:24.584881 46.532991:24.584869 46.532998:24.584855 46.533074:24.584704 46.533122:24.584650
35,46.533122:24.584650 46.533189:24.584574 46.533522:24.584242
36,46.533522:24.584242 46.533542:24.584222
37,46.533542:24.584222 46.533586:24.584178 46.533705:24.584038 46.533827:24.583839 46.534096:24.583222
38,46.534096:24.583222 46.534140:24.583124
39,46.534140:24.583124 46.534187:24.583029 46.534284:24.582835 46.534313:24.582776 46.534344:24.582713
40,46.532991:24.582906 46.533025:24.582855 46.533064:24.582798 46.533085:24.582768 46.533152:24.582669 46.533158:24.582661
41,46.533158:24.582661 46.533183:24.582624 46.533287:24.582470 46.533364:24.582359 46.533563:24.582066 46.533574:24.582049 46.533665:24.581916
42,46.531535:24.576444 46.531549:24.576859
43,46.531549:24.576859 46.531613:24.576931 46.531647:24.576969
44,46.542786:24.564965 46.542836:24.565039 46.543440:24.565705
45,46.543440:24.565705 46.543766:24.566062 46.543960:24.566228 46.544092:24.566339
46,46.544092:24.566339 46.544100:24.566346 46.544508:24.566662 46.544633:24.566762
47,46.544633:24.566762 46.544774:24.566901 46.544891:24.567040 46.545009:24.567203 46.545090:24.567348 46.545117:24.567429 46.545122:24.567472
48,46.530732:24.539304 46.530791:24.539299 46.530831:24.539300 46.530889:24.539310 46.530940:24.539328 46.530984:24.539365 46.531130:24.539501
49,46.522039:24.522908 46.522118:24.522687
50,46.522118:24.522687 46.522256:24.522316
51,46.522256:24.522316 46.522543:24.521532
52,46.522543:24.521532 46.522707:24.521078 46.522946:24.520418
53,46.522946:24.520418 46.523128:24.519913
54,46.538519:24.571202 46.538411:24.571234
55,46.538411:24.571234 46.538325:24.571258 46.538253:24.571279 46.537623:24.571456 46.537570:24.571468
56,46.535295:24.565648 46.535249:24.565879 46.535151:24.566439 46.535125:24.566821 46.535137:24.567262
57,46.535137:24.567262 46.535143:24.567321 46.535245:24.568516 46.535332:24.569421 46.535359:24.569736
58,46.535359:24.569736 46.535420:24.570358
59,46.535420:24.570358 46.535560:24.571846 46.535562:24.571872 46.535575:24.572004
60,46.546240:24.565137 46.546245:24.565096 46.546254:24.565026
61,46.546142:24.567777 46.546088:24.567813 46.545240:24.568373 46.545225:24.568383
62,46.542155:24.559724 46.542168:24.559703 46.542173:24.559687 46.542175:24.559679 46.542175:24.559656 46.542170:24.559635 46.541940:24.559230 46.541933:24.559225 46.541928:24.559220 46.541914:24.559214 46.541898:24.559213 46.541881:24.559220 46.541516:24.559670 46.541505:24.559683 46.541495:24.559697 46.541467:24.559731 46.541449:24.559753
63,46.543298:24.555939 46.542706:24.557318
64,46.542706:24.557318 46.542543:24.557697 46.542517:24.557757
65,46.542517:24.557757 46.542314:24.557581 46.542181:24.557464 46.542042:24.557322
66,46.541348:24.555307 46.541370:24.555378 46.541378:24.555402 46.541387:24.555433 46.541451:24.555636 46.541459:24.555664 46.541575:24.556035 46.541667:24.556330 46.541706:24.556459
67,46.542969:24.558251 46.543019:24.558134 46.543187:24.557737
68,46.540247:24.558059 46.540298:24.557899 46.540301:24.557883 46.540319:24.557803 46.540325:24.557773 46.540332:24.557742 46.540380:24.557534 46.540388:24.557496 46.540448:24.557235 46.540464:24.557163 46.540497:24.557018
69,46.541191:24.557549 46.541091:24.557568 46.540917:24.557617 46.540777:24.557671 46.540629:24.557750 46.540462:24.557881
70,46.536472:24.562465 46.536490:24.562476 46.536561:24.562527 46.536603:24.562556
71,46.540046:24.560057 46.540039:24.560103 46.539992:24.560407 46.539957:24.560620 46.539884:24.560984 46.539821:24.561391 46.539701:24.562183
72,46.539701:24.562183 46.539703:24.562210 46.539699:24.562234 46.539527:24.563288 46.539439:24.563816 46.539417:24.563944
73,46.532254:24.566119 46.532322:24.566070 46.532472:24.565962
74,46.532472:24.565962 46.532618:24.565860
75,46.532618:24.565860 46.533232:24.565432
76,46.533232:24.565432 46.533611:24.565204
77,46.533611:24.565204 46.533626:24.565195 46.533662:24.565173 46.533733:24.565126
78,46.533733:24.565126 46.533760:24.565109
79,46.533760:24.565109 46.533968:24.565023
80,46.533968:24.565023 46.534389:24.564850 46.534557:24.564799 46.534834:24.564745 46.534872:24.564737
81,46.534872:24.564737 46.535373:24.564637 46.535409:24.564630 46.535476:24.564616
82,46.535137:24.567262 46.535156:24.567258 46.535177:24.567255 46.535654:24.567174 46.535669:24.567171 46.535684:24.567164
83,46.534465:24.567326 46.534439:24.567256 46.534422:24.567200 46.534157:24.566812 46.534127:24.566782 46.534089:24.566751
84,46.534089:24.566751 46.534042:24.566782 46.533999:24.566846 46.533977:24.567003 46.533974:24.567180 46.533978:24.567536 46.533978:24.567979 46.533978:24.568039 46.533972:24.568451 46.533968:24.568791 46.533967:24.569003 46.533965:24.569440 46.533966:24.569640 46.533965:24.569673 46.533945:24.569810 46.533889:24.569937 46.533831:24.570052 46.533720:24.570158
85,46.533720:24.570158 46.533656:24.570233 46.533596:24.570263
86,46.535043:24.570362 46.535392:24.570359 46.535420:24.570358
87,46.537859:24.573649 46.537866:24.573880 46.537831:24.573999 46.537773:24.574087 46.537696:24.574109 46.537430:24.574187 46.537375:24.574188
88,46.537375:24.574188 46.537335:24.574175 46.537301:24.574168
89,46.535903:24.584173 46.535853:24.584277 46.535716:24.584576
90,46.535716:24.584576 46.535489:24.585104
91,46.535489:24.585104 46.535198:24.585780
92,46.535198:24.585780 46.534979:24.586278
93,46.534979:24.586278 46.534927:24.586396 46.534852:24.586567 46.534698:24.586906
94,46.534698:24.586906 46.534604:24.587128
95,46.534604:24.587128 46.534174:24.588078
96,46.534174:24.588078 46.534062:24.588342
97,46.534062:24.588342 46.533705:24.589193
98,46.533705:24.589193 46.533637:24.589356 46.533579:24.589506 46.533540:24.589611
99,46.534604:24.587128 46.534642:24.587159 46.534661:24.587176 46.534729:24.587239 46.534864:24.587364
100,46.534864:24.587364 46.534933:24.587427 46.534945:24.587438 46.535296:24.587762 46.535471:24.587917
101,46.535471:24.587917 46.535592:24.588038 46.535751:24.588189
102,46.535751:24.588189 46.535779:24.588217
103,46.540186:24.566749 46.540714:24.566657 46.540839:24.566633 46.541013:24.566577
104,46.541013:24.566577 46.541049:24.566575 46.541335:24.566526 46.541508:24.566444
105,46.541256:24.566259 46.541015:24.566382 46.540995:24.566392
106,46.540995:24.566392 46.540767:24.566502 46.540490:24.566630 46.540186:24.566749
107,46.545681:24.567115 46.545831:24.566927 46.545948:24.566655 46.545955:24.566639 46.546025:24.566433
108,46.544840:24.566887 46.544996:24.566996
109,46.544996:24.566996 46.545018:24.567011 46.545200:24.567126 46.545267:24.567137 46.545681:24.567115
110,46.545681:24.567115 46.545971:24.567214 46.545983:24.567218 46.546048:24.567240
111,46.545800:24.566001 46.545824:24.565973 46.546016:24.565745 46.546027:24.565732 46.546115:24.565654
112,46.543910:24.564025 46.544008:24.564032 46.544083:24.564066 46.544167:24.564158 46.544587:24.564629 46.544987:24.565171 46.545682:24.565983 46.545719:24.566001 46.545768:24.565998
113,46.545768:24.565998 46.545782:24.565997 46.545800:24.566001
114,46.545800:24.566001 46.545978:24.566089 46.546025:24.566118 46.546044:24.566129
115,46.543003:24.564771 46.542909:24.564878 46.542786:24.564965
116,46.542786:24.564965 46.542701:24.565002 46.542625:24.565037
117,46.542625:24.565037 46.542557:24.565117 46.542344:24.565367 46.542162:24.565544
118,46.542162:24.565544 46.541943:24.565758 46.541643:24.566027 46.541426:24.566163 46.541256:24.566259
119,46.542920:24.566639 46.542753:24.566817 46.542546:24.566998 46.542315:24.567146
120,46.542315:24.567146 46.541787:24.567384 46.541772:24.567390 46.541764:24.567394
121,46.542920:24.566639 46.542892:24.566593 46.542883:24.566580 46.542686:24.566258
122,46.543033:24.567745 46.543012:24.567728 46.542366:24.567188 46.542345:24.567171 46.542315:24.567146
123,46.542920:24.566639 46.542931:24.566653 46.543237:24.567048 46.543263:24.567084
124,46.548338:24.565419 46.548305:24.566717
125,46.548305:24.566717 46.548299:24.566940
126,46.548299:24.566940 46.548288:24.567417 46.548282:24.567651
127,46.548282:24.567651 46.548260:24.568549
128,46.548260:24.568549 46.548244:24.569400
129,46.548244:24.569400 46.548227:24.570315
130,46.548227:24.570315 46.548217:24.570644
131,46.548217:24.570644 46.548193:24.571313
132,46.548193:24.571313 46.548054:24.571959
133,46.548313:24.572376 46.548312:24.572309 46.548350:24.571300
134,46.548350:24.571300 46.548351:24.571237
135,46.548351:24.571237 46.548363:24.570655
136,46.548363:24.570655 46.548370:24.570326
137,46.548370:24.570326 46.548392:24.569409
138,46.548392:24.569409 46.548413:24.568542
139,46.548413:24.568542 46.548438:24.567668
140,46.548438:24.567668 46.548445:24.567430 46.548459:24.566954
141,46.548459:24.566954 46.548465:24.566731
142,46.548465:24.566731 46.548499:24.565542 46.548500:24.565502
143,46.554373:24.572976 46.554296:24.572937 46.554280:24.572926
144,46.554280:24.572926 46.554259:24.572910 46.554120:24.572811 46.554032:24.572748 46.553972:24.572705 46.553942:24.572685
145,46.553942:24.572685 46.553642:24.572567
146,46.553642:24.572567 46.553498:24.572510
147,46.553498:24.572510 46.553292:24.572438
148,46.553292:24.572438 46.552800:24.572250 46.552770:24.572238
149,46.552770:24.572238 46.552719:24.572210 46.552703:24.572200
150,46.552703:24.572200 46.552693:24.572195 46.552442:24.572054 46.552363:24.572010 46.552261:24.571952 46.552126:24.571877
151,46.552126:24.571877 46.552009:24.571811 46.551726:24.571653 46.551645:24.571607 46.551384:24.571461 46.551329:24.571430 46.551318:24.571424
152,46.551318:24.571424 46.551101:24.571303 46.551069:24.571285
153,46.551069:24.571285 46.550272:24.570854 46.550055:24.570788 46.549855:24.570760 46.549649:24.570748
154,46.549649:24.570748 46.549512:24.570738 46.548391:24.570657 46.548375:24.570656 46.548363:24.570655
155,46.550452:24.568369 46.550430:24.568361 46.550146:24.568260 46.549953:24.568192 46.549829:24.568135 46.549678:24.567994 46.549448:24.567751 46.549393:24.567691
156,46.548500:24.565502 46.548418:24.565463 46.548338:24.565419
157,46.550692:24.573740 46.550713:24.573664 46.550826:24.573245 46.551064:24.572364
158,46.551064:24.572364 46.551112:24.572185
159,46.551112:24.572185 46.551298:24.571500 46.551318:24.571424
160,46.551971:24.568939 46.551946:24.568983 46.551936:24.568998 46.551903:24.569053 46.551659:24.569289 46.551075:24.569959 46.551056:24.569970
161,46.551056:24.569970 46.550360:24.570364 46.550353:24.570368
162,46.537801:24.561353 46.537581:24.561950 46.537451:24.562276 46.537235:24.562730 46.537189:24.562827
163,46.539032:24.560205 46.539041:24.560153 46.539105:24.559783
164,46.538765:24.558927 46.538744:24.558915
165,46.538744:24.558915 46.538634:24.558860
166,46.536603:24.562556 46.536734:24.562628
167,46.535295:24.565648 46.535388:24.565660 46.535660:24.565694
168,46.535660:24.565694 46.535699:24.565700
169,46.535867:24.565724 46.536522:24.565822 46.536560:24.565828 46.536593:24.565832 46.536657:24.565839
170,46.536657:24.565839 46.537593:24.565965
171,46.537593:24.565965 46.537607:24.565966 46.537610:24.565967 46.537943:24.566010
172,46.537943:24.566010 46.538151:24.566036
173,46.538151:24.566036 46.538425:24.566072
174,46.538425:24.566072 46.538441:24.566074 46.538659:24.566102 46.538711:24.566109 46.538803:24.566121
175,46.537422:24.565009 46.537071:24.564869 46.537085:24.564788 46.536885:24.564711 46.536854:24.564702
176,46.536844:24.566883 46.536842:24.566920 46.536840:24.566940 46.536802:24.567562 46.536798:24.567614
177,46.536708:24.571687 46.536511:24.571738
178,46.536511:24.571738 46.536500:24.571741 46.536455:24.571754 46.535592:24.571999 46.535575:24.572004
179,46.536999:24.568483 46.536974:24.568494 46.536959:24.568500 46.536453:24.568683 46.536214:24.568774 46.536198:24.568781 46.536180:24.568788
180,46.537501:24.569029 46.537489:24.569030 46.537458:24.569032 46.537174:24.569056 46.537133:24.569060
181,46.537301:24.574168 46.537125:24.574260
182,46.537125:24.574260 46.537095:24.574275 46.536622:24.574523
183,46.536622:24.574523 46.536105:24.574783
184,46.536105:24.574783 46.535978:24.574845
185,46.535978:24.574845 46.535795:24.574934 46.535752:24.574955
186,46.536904:24.573341 46.536894:24.573347 46.536886:24.573351 46.536673:24.573457
187,46.536673:24.573457 46.535758:24.573926
188,46.535660:24.565694 46.535656:24.565753 46.535627:24.566269 46.535628:24.566547 46.535637:24.566789 46.535684:24.567164
189,46.535684:24.567164 46.535826:24.567989 46.535834:24.568031 46.535841:24.568070 46.535994:24.568921 46.536228:24.570217 46.536430:24.571307 46.536501:24.571685 46.536505:24.571707 46.536511:24.571738
190,46.538502:24.578902 46.538489:24.578919 46.538457:24.578960 46.538373:24.579068
191,46.538373:24.579068 46.538255:24.579217 46.538072:24.579452 46.537951:24.579607 46.537912:24.579653
192,46.537912:24.579653 46.537891:24.579679 46.537704:24.579921 46.537576:24.580087 46.537436:24.580264 46.537254:24.580496 46.537168:24.580605
193,46.537168:24.580605 46.537123:24.580661 46.537109:24.580678
194,46.537109:24.580678 46.537064:24.580731 46.536874:24.580959 46.536569:24.581331 46.536383:24.581555 46.536131:24.581858
195,46.546435:24.568702 46.546571:24.568718 46.546661:24.568709 46.547098:24.568666 46.547150:24.568660
196,46.547150:24.568660 46.547228:24.568653 46.548080:24.568568
197,46.548080:24.568568 46.548188:24.568557 46.548206:24.568555 46.548260:24.568549
198,46.534752:24.588960 46.534993:24.589693 46.534831:24.589802
199,46.534831:24.589802 46.534698:24.589897
200,46.534698:24.589897 46.534556:24.589977
201,46.534556:24.589977 46.534406:24.590055
202,46.534406:24.590055 46.534338:24.590092
203,46.548227:24.570315 46.548299:24.570321 46.548370:24.570326
204,46.548260:24.568549 46.548337:24.568545 46.548413:24.568542
205,46.551769:24.575099 46.551785:24.575054 46.551995:24.574478
206,46.551995:24.574478 46.552045:24.574341 46.552102:24.574196
207,46.552102:24.574196 46.552492:24.573079
208,46.552492:24.573079 46.552533:24.572955
209,46.552533:24.572955 46.552747:24.572304 46.552770:24.572238
210,46.552770:24.572238 46.552791:24.572174 46.553062:24.571348 46.553213:24.571064 46.553343:24.570893 46.553409:24.570740 46.553447:24.570575 46.553461:24.570363 46.553494:24.570149 46.553561:24.569884
211,46.553561:24.569884 46.553682:24.569602
212,46.552533:24.572955 46.552487:24.572930 46.552467:24.572919 46.552165:24.572756 46.551805:24.572560 46.551445:24.572365 46.551181:24.572222 46.551112:24.572185
213,46.553944:24.568938 46.553918:24.568948 46.553894:24.568967 46.553874:24.568993 46.553858:24.569024 46.553848:24.569060 46.553843:24.569098 46.553843:24.569137
214,46.552492:24.573079 46.552518:24.573099 46.552816:24.573325
215,46.552816:24.573325 46.552934:24.573408
216,46.552934:24.573408 46.553241:24.573634
217,46.552102:24.574196 46.552155:24.574235 46.552375:24.574397 46.552548:24.574531
218,46.552548:24.574531 46.552744:24.574682
219,46.552744:24.574682 46.553143:24.574991
220,46.535471:24.587917 46.535500:24.587851 46.535774:24.587237
221,46.535774:24.587237 46.536049:24.586612
222,46.536049:24.586612 46.536267:24.586129
223,46.536267:24.586129 46.536336:24.585976
224,46.536336:24.585976 46.536384:24.585867
225,46.536384:24.585867 46.536507:24.585557
226,46.537287:24.594261 46.537285:24.593775 46.537281:24.592598 46.537291:24.592368 46.537312:24.592183 46.537352:24.592020 46.537405:24.591839 46.537498:24.591651 46.537542:24.591562
227,46.537542:24.591562 46.537953:24.590781 46.537973:24.590743
228,46.537973:24.590743 46.537985:24.590719 46.538013:24.590664 46.538145:24.590431
229,46.538145:24.590431 46.538525:24.589750 46.538677:24.589479
230,46.539595:24.575865 46.539591:24.575951 46.539594:24.576034 46.539604:24.576118 46.539618:24.576230 46.539624:24.576275 46.539626:24.576295 46.539638:24.576390
231,46.539638:24.576390 46.539683:24.576698 46.539717:24.576994 46.539739:24.577248 46.539781:24.577412 46.539848:24.577591 46.539852:24.577602 46.539860:24.577621 46.539932:24.577816 46.539941:24.577839 46.540282:24.578629 46.540363:24.578892 46.540416:24.579190 46.540425:24.579487 46.540425:24.579929 46.540447:24.580157 46.540527:24.580589 46.540553:24.580763
232,46.546435:24.568702 46.546414:24.568706 46.546377:24.568714 46.546323:24.568725 46.545844:24.569041 46.545736:24.569126 46.545640:24.569232 46.545563:24.569376
233,46.545997:24.563746 46.546127:24.563903 46.546221:24.564016 46.546253:24.564095 46.546255:24.564185
234,46.546412:24.563517 46.546297:24.563875 46.546285:24.563966 46.546255:24.564185
235,46.546473:24.565187 46.546541:24.565226 46.546610:24.565249 46.546665:24.565268 46.547040:24.565341 46.547075:24.565348 46.547584:24.565456 46.547615:24.565463 46.548240:24.565488 46.548302:24.565444 46.548338:24.565419
236,46.538140:24.584385 46.537960:24.584399
237,46.537960:24.584399 46.537929:24.584401 46.537630:24.584435
238,46.537630:24.584435 46.537395:24.584455 46.536594:24.584573 46.536487:24.584575
239,46.536487:24.584575 46.536405:24.584564 46.536308:24.584524 46.536209:24.584451 46.536037:24.584299 46.536005:24.584271 46.535978:24.584245 46.535903:24.584173
240,46.536158:24.588578 46.536168:24.588587
241,46.536168:24.588587 46.536257:24.588673
242,46.536414:24.588823 46.536484:24.588890
243,46.536484:24.588890 46.536498:24.588904
244,46.536498:24.588904 46.536618:24.589020 46.536716:24.589115 46.536741:24.589140
245,46.536741:24.589140 46.536777:24.589178 46.537114:24.589547
246,46.537114:24.589547 46.537192:24.589633
247,46.537192:24.589633 46.537304:24.589755 46.537333:24.589787 46.537355:24.589811 46.537373:24.589831 46.537465:24.589931
248,46.534147:24.590918 46.534173:24.591001 46.534235:24.591198
249,46.534239:24.591211 46.534271:24.591308
250,46.534271:24.591308 46.534364:24.591600
251,46.534364:24.591600 46.534494:24.592004
252,46.534494:24.592004 46.534636:24.592448
253,46.534636:24.592448 46.534662:24.592530
254,46.534662:24.592530 46.534868:24.593172
255,46.538224:24.558107 46.538201:24.558181 46.538189:24.558215 46.537910:24.559129 46.537901:24.559159
256,46.537901:24.559159 46.537875:24.559219 46.537337:24.560464
257,46.537337:24.560464 46.537224:24.560734 46.537189:24.560817
258,46.541191:24.557549 46.541104:24.557439 46.541014:24.557363 46.540514:24.557029 46.540497:24.557018
259,46.540247:24.558059 46.540092:24.558145 46.540020:24.558224
260,46.539385:24.558426 46.539797:24.558461 46.539863:24.558462
261,46.539514:24.560826 46.539492:24.560971 46.539483:24.561030 46.539450:24.561233 46.539417:24.561449 46.539364:24.561792
262,46.539364:24.561792 46.539350:24.561867 46.539349:24.561878 46.539324:24.562056
263,46.539324:24.562056 46.539308:24.562170 46.539302:24.562210 46.539297:24.562245 46.539204:24.562880 46.539098:24.563525 46.539003:24.564132 46.538920:24.564681 46.538912:24.564731
264,46.538912:24.564731 46.538875:24.564985 46.538843:24.565299 46.538822:24.565655
265,46.545997:24.563746 46.546091:24.563777 46.546172:24.563771 46.546238:24.563724 46.546284:24.563682 46.546412:24.563517
266,46.540020:24.558224 46.539934:24.558316 46.539863:24.558462
267,46.543458:24.559540 46.543528:24.559506 46.543573:24.559466 46.543627:24.559407 46.543673:24.559341 46.543706:24.559280
268,46.545954:24.558295 46.545924:24.558355 46.545895:24.558413 46.545663:24.558843
269,46.545663:24.558843 46.545358:24.559430
270,46.545358:24.559430 46.545206:24.559752
271,46.545206:24.559752 46.545121:24.559921 46.545004:24.560101
272,46.543906:24.559626 46.543843:24.559641 46.543793:24.559690 46.543728:24.559773 46.543677:24.559858
273,46.545605:24.563206 46.545625:24.563177 46.545813:24.562898 46.545963:24.562675 46.545987:24.562639
274,46.539878:24.558965 46.539890:24.558838 46.539900:24.558753 46.539898:24.558609 46.539863:24.558462
275,46.546254:24.565026 46.546098:24.564961 46.546019:24.564929
276,46.536657:24.565839 46.536669:24.565768 46.536782:24.565105 46.536854:24.564702
277,46.536854:24.564702 46.536985:24.564035 46.537026:24.563845 46.537068:24.563702 46.537096:24.563562 46.537113:24.563231 46.537117:24.563160
278,46.537117:24.563160 46.537176:24.562867 46.537180:24.562850 46.537189:24.562827
279,46.537563:24.566972 46.537525:24.566968 46.537505:24.566965 46.536844:24.566883
280,46.536844:24.566883 46.536640:24.566857 46.536611:24.566854
281,46.536657:24.565839 46.536651:24.565895 46.536613:24.566815 46.536611:24.566854
282,46.536611:24.566854 46.536622:24.566900 46.536798:24.567614
283,46.536798:24.567614 46.536999:24.568483
284,46.536999:24.568483 46.537133:24.569060
285,46.537133:24.569060 46.537199:24.569343
286,46.537199:24.569343 46.537365:24.570063
287,46.537365:24.570063 46.537376:24.570117
288,46.536798:24.567614 46.536772:24.567624 46.536763:24.567628 46.536048:24.567899 46.536039:24.567903 46.536025:24.567909
289,46.538038:24.574821 46.538381:24.574746 46.538407:24.574740 46.538550:24.574709 46.538571:24.574674 46.538563:24.574480
290,46.538563:24.574480 46.538524:24.573778
291,46.538524:24.573778 46.538507:24.573494 46.538409:24.573482 46.538073:24.573587 46.538050:24.573592
292,46.538050:24.573592 46.537994:24.573611
293,46.537994:24.573611 46.537859:24.573649
294,46.537991:24.578714 46.537905:24.578382 46.537873:24.578260
295,46.537873:24.578260 46.537844:24.578146 46.537806:24.578001
296,46.537806:24.578001 46.537776:24.577885 46.537730:24.577709
297,46.537730:24.577709 46.537705:24.577611 46.537676:24.577500 46.537611:24.577251
298,46.535158:24.578481 46.535105:24.578507 46.535085:24.578517 46.534812:24.578651 46.534775:24.578669 46.534526:24.578791 46.534474:24.578816
299,46.534474:24.578816 46.534258:24.578923 46.534038:24.579030
300,46.532991:24.582906 46.533031:24.582914 46.533150:24.582936 46.533606:24.583023 46.533660:24.583033
301,46.533660:24.583033 46.533679:24.583037 46.533925:24.583083 46.534032:24.583104 46.534066:24.583110 46.534140:24.583124
302,46.531912:24.585906 46.532090:24.585374 46.532278:24.584813
303,46.532278:24.584813 46.532427:24.584353 46.532490:24.584179
304,46.532490:24.584179 46.532495:24.584166 46.532614:24.583782
305,46.532614:24.583782 46.532849:24.583201 46.532973:24.582943 46.532991:24.582906
306,46.532711:24.589668 46.532612:24.589590 46.532433:24.589451 46.532234:24.589306 46.532164:24.589253
307,46.543999:24.552617 46.543960:24.552655 46.543495:24.553057
308,46.543495:24.553057 46.543109:24.553372 46.542871:24.553566 46.542739:24.553673
309,46.542739:24.553673 46.542719:24.553686 46.542563:24.553832 46.542395:24.553974 46.542288:24.554052 46.542212:24.554099 46.542167:24.554119
310,46.542167:24.554119 46.542031:24.554165 46.541888:24.554210 46.541698:24.554267
311,46.541698:24.554267 46.541394:24.554367 46.541123:24.554459 46.541102:24.554466 46.541073:24.554477
312,46.541073:24.554477 46.541024:24.554493 46.540546:24.554616 46.540446:24.554654 46.540324:24.554719 46.540198:24.554832 46.540062:24.554988 46.539969:24.555143 46.539920:24.555249 46.539877:24.555363 46.539855:24.555443 46.539833:24.555559 46.539815:24.555686 46.539794:24.555831 46.539779:24.555927 46.539760:24.556022 46.539724:24.556161 46.539677:24.556289 46.539669:24.556317 46.539657:24.556350
313,46.539657:24.556350 46.539639:24.556398 46.539557:24.556613 46.539400:24.557012
314,46.539400:24.557012 46.539141:24.557668
315,46.539141:24.557668 46.539003:24.558007
316,46.539003:24.558007 46.538953:24.558137 46.538936:24.558182 46.538914:24.558249
317,46.538838:24.558342 46.538983:24.558368 46.539303:24.558413 46.539385:24.558426
318,46.537421:24.557488 46.537349:24.557636 46.537340:24.557666 46.537324:24.557699
319,46.537331:24.558134 46.537292:24.557933 46.537284:24.557896 46.537286:24.557860 46.537324:24.557699
320,46.527977:24.550655 46.528177:24.551060 46.528202:24.551111
321,46.524112:24.548008 46.524252:24.548185 46.524277:24.548225
322,46.524277:24.548225 46.524311:24.548272 46.524407:24.548406
323,46.524407:24.548406 46.524453:24.548480
324,46.524453:24.548480 46.524559:24.548649
325,46.524559:24.548649 46.524777:24.548997
326,46.524777:24.548997 46.524848:24.549112 46.524902:24.549199
327,46.524902:24.549199 46.524921:24.549229
328,46.524921:24.549229 46.525075:24.549471
329,46.525075:24.549471 46.525093:24.549501 46.525103:24.549516 46.525133:24.549564 46.525322:24.549864 46.525654:24.550360
330,46.525654:24.550360 46.525885:24.550668
331,46.525885:24.550668 46.526137:24.550994
332,46.527005:24.551464 46.527102:24.551551 46.527119:24.551639 46.527087:24.551827
333,46.527310:24.551417 46.527219:24.551505 46.527163:24.551627 46.527087:24.551827
334,46.528012:24.553493 46.527992:24.553481
335,46.527992:24.553481 46.527273:24.553031 46.527183:24.552937 46.527105:24.552825 46.527048:24.552644 46.527018:24.552470 46.527012:24.552292 46.527064:24.552053 46.527109:24.551945 46.527154:24.551857 46.527226:24.551772
336,46.527226:24.551772 46.527337:24.551644 46.527460:24.551503 46.527660:24.551312
337,46.528562:24.551070 46.528328:24.550968 46.528179:24.550866 46.528075:24.550773 46.527977:24.550655
338,46.531225:24.549860 46.531300:24.550004 46.531325:24.550061 46.531377:24.550168 46.531410:24.550280 46.531413:24.550379 46.531395:24.550510 46.531341:24.550633 46.531136:24.550784
339,46.511386:24.510109 46.511341:24.509946 46.511318:24.509729
340,46.511169:24.509438 46.511032:24.509343 46.510832:24.509103
341,46.510832:24.509103 46.510941:24.509416 46.510990:24.509561
342,46.511116:24.509943 46.511236:24.510041 46.511333:24.510187 46.511938:24.511398
343,46.511938:24.511398 46.512015:24.511551
344,46.510967:24.509652 46.510952:24.509724 46.510904:24.509857 46.510759:24.510036
345,46.510461:24.510428 46.510797:24.510081 46.510955:24.509958 46.511050:24.509910
346,46.538350:24.559557 46.538335:24.559549 46.538311:24.559530 46.537931:24.559186 46.537919:24.559175 46.537901:24.559159
347,46.548413:24.568542 46.548424:24.568541 46.549369:24.568447
348,46.549369:24.568447 46.550427:24.568372 46.550452:24.568369
349,46.539981:24.564200 46.539993:24.564214 46.539999:24.564221 46.540095:24.564335 46.540211:24.564443 46.540296:24.564467 46.540382:24.564447 46.540458:24.564399 46.540594:24.564283
350,46.540933:24.563767 46.540760:24.563482
351,46.540760:24.563482 46.540609:24.563132
352,46.540609:24.563132 46.540533:24.562956
353,46.540533:24.562956 46.540356:24.562545 46.540342:24.562530 46.540297:24.562504
354,46.539526:24.564384 46.539737:24.564343
355,46.540594:24.564283 46.540599:24.564296 46.540866:24.565095
356,46.540866:24.565095 46.541235:24.566196 46.541241:24.566215 46.541256:24.566259
357,46.540297:24.562504 46.540272:24.562483 46.540234:24.562469 46.540225:24.562464 46.539904:24.562299
358,46.540227:24.559255 46.540200:24.559514 46.540188:24.559675 46.540188:24.559694
359,46.540188:24.559694 46.540187:24.559836 46.540212:24.560052
360,46.540212:24.560052 46.540223:24.560093 46.540228:24.560109 46.540268:24.560261
361,46.540268:24.560261 46.540326:24.560519 46.540368:24.560764
362,46.540368:24.560764 46.540371:24.560838 46.540388:24.561204 46.540400:24.561576 46.540387:24.561960
363,46.540387:24.561960 46.540355:24.562134
364,46.540355:24.562134 46.540304:24.562463 46.540297:24.562504
365,46.540297:24.562504 46.540272:24.562590 46.539995:24.563295 46.539810:24.563771 46.539707:24.564025
366,46.539707:24.564025 46.539638:24.564194
367,46.539638:24.564194 46.539576:24.564283 46.539526:24.564384
368,46.539526:24.564384 46.539177:24.564721
369,46.541844:24.560311 46.541873:24.560288 46.543175:24.559261 46.543209:24.559234 46.543280:24.559162
370,46.542042:24.557322 46.542085:24.557206 46.542243:24.556743 46.542400:24.556289
371,46.542400:24.556289 46.542474:24.556080
372,46.542474:24.556080 46.542698:24.555468 46.542707:24.555448 46.542728:24.555378
373,46.538413:24.562079 46.538340:24.562176 46.538320:24.562200 46.538276:24.562253 46.538236:24.562313
374,46.538038:24.562224 46.538216:24.562304
375,46.538106:24.563164 46.538100:24.563204 46.537921:24.564507
376,46.537921:24.564507 46.537870:24.564780 46.537868:24.564857 46.537866:24.564951 46.537919:24.565669 46.537938:24.565936 46.537943:24.566010
377,46.538559:24.564738 46.538280:24.564633 46.538248:24.564621
378,46.538248:24.564621 46.538175:24.564594 46.538131:24.564578 46.537936:24.564512 46.537921:24.564507
379,46.537117:24.576980 46.536635:24.574588 46.536631:24.574568 46.536622:24.574523
380,46.536482:24.577243 46.536477:24.577208 46.536438:24.576955 46.536113:24.574838 46.536109:24.574810 46.536105:24.574783
381,46.535549:24.576106 46.535456:24.576150 46.535339:24.576205 46.535307:24.576220 46.535249:24.576276 46.535226:24.576384 46.535180:24.576661 46.535171:24.576723 46.535119:24.577058
382,46.535119:24.577058 46.535105:24.577119 46.535035:24.577305 46.534985:24.577441 46.534959:24.577522 46.534943:24.577609 46.534953:24.577710 46.535024:24.577966 46.535067:24.578122 46.535096:24.578227
383,46.537739:24.576721 46.537711:24.576732 46.537132:24.576974 46.537117:24.576980
384,46.537117:24.576980 46.537066:24.577001 46.536702:24.577152 46.536505:24.577234 46.536482:24.577243
385,46.536482:24.577243 46.536463:24.577251 46.536107:24.577408 46.535898:24.577499 46.535734:24.577556
386,46.539701:24.562183 46.539423:24.562090 46.539403:24.562085
387,46.539403:24.562085 46.539355:24.562067 46.539324:24.562056
388,46.540268:24.560261 46.540251:24.560337 46.540112:24.561212 46.539973:24.562098 46.539929:24.562233 46.539904:24.562299
389,46.539904:24.562299 46.539847:24.562348 46.539778:24.562712
390,46.539778:24.562712 46.539767:24.562771
391,46.532530:24.586267 46.532453:24.586222 46.532428:24.586208 46.532191:24.586069
392,46.532191:24.586069 46.531989:24.585951 46.531912:24.585906
393,46.531180:24.579426 46.531177:24.579499 46.531179:24.579549 46.531190:24.579617 46.531210:24.579661 46.531242:24.579719 46.531298:24.579794 46.531332:24.579839 46.531338:24.579908 46.531370:24.580653 46.531378:24.580820 46.531402:24.581361 46.531418:24.581647 46.531429:24.581865 46.531461:24.582658 46.531447:24.582691 46.531408:24.582814 46.531333:24.583053
394,46.533432:24.577120 46.533426:24.576981 46.533415:24.576746 46.533624:24.576730 46.533687:24.576658
395,46.533687:24.576658 46.534156:24.576620 46.534179:24.576618 46.534358:24.576603 46.534381:24.577232 46.534382:24.577282
396,46.534382:24.577282 46.534409:24.577316 46.534443:24.577360
397,46.535109:24.574747 46.535092:24.574759 46.534910:24.574846 46.534791:24.574913 46.534695:24.574984 46.534617:24.575076 46.534605:24.575092
398,46.534605:24.575092 46.534343:24.575438 46.534279:24.575506 46.534244:24.575533 46.534221:24.575539 46.534209:24.575537 46.534194:24.575535 46.534179:24.575528 46.534165:24.575522 46.534102:24.575480 46.534009:24.575382 46.533987:24.575359
399,46.535723:24.573945 46.535707:24.573980 46.535686:24.573989 46.535499:24.574074 46.535427:24.574094 46.535364:24.574063 46.535300:24.573960 46.535251:24.573881 46.535183:24.573811 46.535117:24.573788 46.535038:24.573820 46.534991:24.573895 46.534965:24.574012 46.534975:24.574107 46.534986:24.574157 46.535040:24.574398 46.535090:24.574676 46.535109:24.574747
400,46.535109:24.574747 46.535146:24.574969 46.535178:24.575092 46.535242:24.575145 46.535250:24.575152 46.535274:24.575172 46.535321:24.575206 46.535340:24.575211 46.535404:24.575225
401,46.534324:24.573226 46.534323:24.573160 46.534350:24.573122 46.534394:24.573119 46.534499:24.573111 46.534507:24.573254 46.534509:24.573283 46.534479:24.573418 46.534128:24.573879
402,46.533580:24.573439 46.533587:24.573936 46.533589:24.574076 46.533590:24.574180 46.533593:24.574395
403,46.534266:24.572299 46.534237:24.572398 46.534228:24.572415 46.534211:24.572445 46.534156:24.572547 46.534106:24.572616 46.534056:24.572670 46.533961:24.572728 46.533893:24.572799 46.533852:24.572880 46.533818:24.572979 46.533808:24.573057 46.533809:24.573117 46.533816:24.573334
404,46.533816:24.573334 46.533829:24.573578 46.533843:24.573818 46.533874:24.574381
405,46.534109:24.573324 46.533841:24.573333 46.533816:24.573334
406,46.534290:24.572819 46.534294:24.572995 46.534295:24.573055 46.534264:24.573172 46.534168:24.573284 46.534136:24.573322 46.534109:24.573324
407,46.533831:24.575327 46.533779:24.575050 46.533750:24.574870 46.533732:24.574766 46.533730:24.574634 46.533726:24.574418 46.533725:24.574395
408,46.534537:24.576640 46.534551:24.576853 46.534549:24.576905 46.534443:24.577360
409,46.534443:24.577360 46.534301:24.577959
410,46.534301:24.577959 46.534147:24.578589
411,46.534147:24.578589 46.534095:24.578798 46.534065:24.578921 46.534054:24.578964 46.534038:24.579030
412,46.535089:24.579998 46.535050:24.579851 46.535044:24.579829 46.535056:24.579765 46.535088:24.579714 46.535375:24.579550 46.535439:24.579513
413,46.534827:24.583123 46.534914:24.583304 46.534937:24.583380 46.534954:24.583517 46.534947:24.583611 46.534911:24.583838
414,46.534911:24.583838 46.535050:24.583698 46.535134:24.583658 46.535221:24.583642 46.535284:24.583653 46.535433:24.583707
415,46.535433:24.583707 46.535337:24.583522 46.535329:24.583495 46.535293:24.583371 46.535297:24.583204 46.535337:24.582964
416,46.535337:24.582964 46.535209:24.583082 46.535128:24.583120 46.535021:24.583141 46.534966:24.583145 46.534827:24.583123
417,46.526003:24.544295 46.526315:24.544923 46.527335:24.543857
418,46.527335:24.543857 46.526983:24.543163 46.526930:24.543064
419,46.527335:24.543857 46.527413:24.543819 46.527588:24.543636 46.527647:24.543575
420,46.527405:24.547241 46.527389:24.547207
421,46.527389:24.547207 46.527183:24.546828 46.527157:24.546776
422,46.527157:24.546776 46.527145:24.546750 46.526867:24.546104
423,46.526867:24.546104 46.526789:24.545932
424,46.529634:24.542734 46.529440:24.542932 46.529420:24.542954
425,46.529420:24.542954 46.529064:24.543315
426,46.529064:24.543315 46.529044:24.543335
427,46.529044:24.543335 46.528987:24.543394
428,46.528987:24.543394 46.528521:24.543870 46.528508:24.543883
429,46.528508:24.543883 46.528444:24.543949
430,46.528444:24.543949 46.528380:24.544013
431,46.528380:24.544013 46.528327:24.544068
432,46.528327:24.544068 46.528285:24.544110 46.528277:24.544118
433,46.528277:24.544118 46.528229:24.544168
434,46.528229:24.544168 46.528133:24.544266 46.528119:24.544280 46.528076:24.544324
435,46.526697:24.545749 46.526525:24.545386 46.527289:24.544445
436,46.534073:24.585731 46.534146:24.585800 46.534153:24.585805 46.534402:24.586037
437,46.534208:24.586474 46.534324:24.586574
438,46.534324:24.586574 46.534432:24.586664
439,46.534432:24.586664 46.534656:24.586864 46.534698:24.586906
440,46.533880:24.587813 46.533954:24.587874
441,46.533954:24.587874 46.534144:24.588049 46.534174:24.588078
442,46.533846:24.588252 46.533745:24.588173
443,46.533745:24.588173 46.533880:24.587813
444,46.533880:24.587813 46.533724:24.587681 46.533892:24.587225 46.534054:24.587364 46.534205:24.587284 46.534301:24.587064 46.534213:24.586869 46.534324:24.586574
445,46.537234:24.579681 46.537131:24.579462 46.537057:24.579304 46.536947:24.579070 46.536850:24.578864 46.536771:24.578696 46.536753:24.578657
446,46.536753:24.578657 46.536729:24.578608 46.536686:24.578456 46.536661:24.578366 46.536626:24.578232 46.536576:24.578042 46.536547:24.577929 46.536526:24.577849
447,46.537189:24.560817 46.537143:24.560924
448,46.537143:24.560924 46.537097:24.561035 46.537035:24.561182 46.536472:24.562465
449,46.536472:24.562465 46.536448:24.562522 46.536402:24.562625 46.536080:24.563352 46.535476:24.564616
450,46.537826:24.560885 46.537815:24.560877 46.537388:24.560509 46.537353:24.560478 46.537337:24.560464
451,46.534524:24.559609 46.534534:24.559640 46.534679:24.559987 46.534730:24.560113
452,46.535336:24.561901 46.535348:24.561853 46.535388:24.561693 46.535452:24.561460 46.535517:24.561225 46.535461:24.561167 46.535436:24.561078 46.535439:24.561023 46.535441:24.560980 46.535455:24.560878 46.535464:24.560832 46.535478:24.560768 46.535552:24.560497 46.535563:24.560448 46.535601:24.560281 46.535603:24.560271 46.535615:24.560151
453,46.535615:24.560151 46.535612:24.560041 46.535603:24.559952 46.535581:24.559848 46.535554:24.559781 46.535543:24.559752 46.535506:24.559687 46.535468:24.559648 46.535426:24.559621 46.535384:24.559615 46.535348:24.559621 46.535298:24.559643 46.535201:24.559720 46.535156:24.559756 46.535075:24.559824
454,46.535075:24.559824 46.535012:24.559877 46.534779:24.560072
455,46.534779:24.560072 46.534753:24.560094 46.534730:24.560113
456,46.533628:24.561342 46.533665:24.561389 46.533770:24.561521 46.533898:24.561682 46.534019:24.561828 46.534027:24.561838 46.534147:24.561986 46.534254:24.562118 46.534378:24.562271 46.534506:24.562429
457,46.534506:24.562429 46.534628:24.562579 46.534685:24.562659 46.534714:24.562775 46.534713:24.562822 46.534712:24.562871 46.534712:24.562890 46.534686:24.563011
458,46.533337:24.561503 46.533294:24.561447 46.533268:24.561414 46.533041:24.561119 46.533032:24.561107 46.532903:24.560937 46.532869:24.560893 46.532824:24.560830 46.532813:24.560789 46.532855:24.560406 46.532854:24.560341
459,46.530797:24.560644 46.530894:24.560633 46.531134:24.560587 46.531762:24.560482
460,46.531762:24.560482 46.532107:24.560426 46.532621:24.560350 46.532815:24.560338 46.532834:24.560337 46.532854:24.560341
461,46.532854:24.560341 46.532879:24.560355 46.533036:24.560339
462,46.533036:24.560339 46.533111:24.560315 46.533230:24.560213 46.533365:24.560196
463,46.532379:24.566946 46.532391:24.566802 46.532292:24.566285 46.532254:24.566119
464,46.532813:24.559909 46.532711:24.559772 46.532607:24.559646 46.532440:24.559444 46.532324:24.559300 46.532257:24.559217 46.532187:24.559129 46.532082:24.558998 46.531976:24.558867 46.531906:24.558780 46.531825:24.558679
465,46.531825:24.558679 46.531766:24.558605 46.531640:24.558449
466,46.527087:24.551827 46.527061:24.551889 46.527013:24.552018 46.526940:24.552217 46.526925:24.552436 46.526956:24.552666 46.527013:24.552869 46.527089:24.553030 46.527200:24.553166 46.527404:24.553309 46.527969:24.553643
467,46.534644:24.560224 46.534859:24.560472 46.534880:24.560500 46.534901:24.560542 46.535038:24.560705
468,46.531738:24.562320 46.531552:24.562627 46.531489:24.562549
469,46.531489:24.562549 46.531447:24.562496 46.531575:24.562282 46.531631:24.562188 46.531673:24.562240
470,46.531673:24.562240 46.531738:24.562320
471,46.531523:24.563638 46.531664:24.563400 46.531680:24.563372 46.531831:24.563117 46.531997:24.562836
472,46.541508:24.566444 46.541688:24.566333 46.541889:24.566153 46.542047:24.565982 46.542440:24.565541 46.542635:24.565243 46.542648:24.565222
473,46.534034:24.578295 46.534037:24.578123 46.534042:24.577923 46.534198:24.577917
474,46.534198:24.577917 46.534255:24.577941 46.534301:24.577959
475,46.534147:24.578589 46.534103:24.578576 46.534036:24.578557
476,46.534036:24.578557 46.533828:24.578501 46.533822:24.578296 46.533816:24.578058 46.533814:24.578001 46.533814:24.577987
477,46.533814:24.577987 46.533805:24.577691 46.533796:24.577346 46.533789:24.577101 46.533485:24.577117 46.533432:24.577120
478,46.534034:24.578295 46.534036:24.578557
479,46.532392:24.575829 46.532395:24.575889 46.532405:24.576170 46.532421:24.576255 46.532447:24.576333 46.532461:24.576358 46.532487:24.576405
480,46.532487:24.576405 46.532533:24.576458 46.532561:24.576549 46.532575:24.576807 46.532605:24.577285 46.532610:24.577481 46.532612:24.577566 46.532615:24.577710
481,46.532615:24.577710 46.532620:24.577808 46.532643:24.578300 46.532676:24.578990
482,46.532676:24.578990 46.532681:24.579068 46.532693:24.579303 46.532728:24.580035 46.532748:24.580440 46.532750:24.580499 46.532752:24.580538
483,46.532752:24.580538 46.532753:24.580551 46.532753:24.580561 46.532765:24.580792 46.532766:24.580815 46.532795:24.581391 46.532795:24.581399 46.532798:24.581453 46.532799:24.581477
484,46.532799:24.581477 46.532804:24.581570 46.532831:24.582108
485,46.532831:24.582108 46.532831:24.582120 46.532862:24.582730 46.532864:24.582777
486,46.532134:24.579032 46.532166:24.579030 46.532395:24.579012
487,46.532395:24.579012 46.532676:24.578990
488,46.532615:24.577710 46.532361:24.577222
489,46.532361:24.577222 46.532106:24.576708
490,46.532106:24.576708 46.532078:24.576655
491,46.532078:24.576655 46.532037:24.576564 46.532012:24.575939 46.532011:24.575924 46.532009:24.575867
492,46.534096:24.583222 46.534127:24.583249 46.534414:24.583504
493,46.534414:24.583504 46.534555:24.583640
494,46.534555:24.583640 46.534319:24.584158
495,46.533598:24.584990 46.533536:24.584934 46.533750:24.584453
496,46.533750:24.584453 46.534060:24.584752 46.534302:24.584198 46.534319:24.584158
497,46.533960:24.584135 46.534110:24.583804 46.534169:24.583778 46.534243:24.583779 46.534312:24.583747 46.534414:24.583504
498,46.534421:24.583302 46.534624:24.583488 46.534555:24.583640
499,46.540807:24.560280 46.540777:24.560314 46.540402:24.560732 46.540388:24.560742 46.540368:24.560764
500,46.541793:24.560235 46.541820:24.560275 46.541844:24.560311
501,46.541844:24.560311 46.542064:24.560666 46.542180:24.560855
502,46.542180:24.560855 46.542526:24.561418 46.542924:24.562060 46.543174:24.562462
503,46.543174:24.562462 46.543510:24.563005 46.543538:24.563050 46.543554:24.563077
504,46.540387:24.561960 46.540427:24.561937 46.540479:24.561904 46.541170:24.561095 46.541182:24.561081 46.541202:24.561057
505,46.540721:24.559840 46.541003:24.559441
506,46.541003:24.559441 46.541070:24.559346 46.541098:24.559307
507,46.541584:24.558695 46.541240:24.558711 46.541177:24.558714 46.541149:24.558715
508,46.546019:24.564929 46.545854:24.564879
509,46.545854:24.564879 46.545580:24.564812 46.545311:24.564734 46.545171:24.564666 46.545044:24.564596
510,46.545044:24.564596 46.544845:24.564485 46.544625:24.564316 46.544429:24.564151 46.544258:24.563991 46.544170:24.563928 46.544114:24.563912 46.544055:24.563920 46.543910:24.564025
511,46.545409:24.563952 46.545072:24.564543 46.545062:24.564561 46.545044:24.564596
512,46.551650:24.557237 46.551611:24.557311 46.551608:24.557318 46.551087:24.558271 46.550908:24.558605 46.550891:24.558634
513,46.550891:24.558634 46.550776:24.558847 46.550502:24.559383 46.550368:24.559685 46.550151:24.560264
514,46.550151:24.560264 46.550143:24.560283 46.549596:24.561648
515,46.549596:24.561648 46.549571:24.561705
516,46.549571:24.561705 46.549484:24.561922 46.549428:24.562048
517,46.549196:24.567451 46.549157:24.567693 46.549377:24.567700
518,46.551100:24.565441 46.551299:24.565618
519,46.546435:24.568702 46.546384:24.568540 46.546312:24.568327 46.546287:24.568252
520,46.546287:24.568252 46.546238:24.568110 46.546189:24.567950 46.546142:24.567777
521,46.551995:24.574478 46.551863:24.574398 46.551837:24.574383
522,46.551837:24.574383 46.551652:24.574271 46.551328:24.574079
523,46.551328:24.574079 46.551168:24.573994
524,46.540186:24.566749 46.539949:24.566850 46.539913:24.566865
525,46.539913:24.566865 46.539796:24.566922 46.539693:24.566969 46.539676:24.566976
526,46.539676:24.566976 46.539271:24.567147
527,46.539271:24.567147 46.539191:24.567184
528,46.543169:24.564090 46.543144:24.564059 46.542231:24.562902 46.542040:24.562552
529,46.542040:24.562552 46.541925:24.562294 46.541492:24.561561 46.541213:24.561077 46.541202:24.561057
530,46.534856:24.568721 46.534511:24.569313 46.534471:24.569381
531,46.535359:24.569736 46.535331:24.569740 46.534793:24.569801 46.534708:24.569810 46.534627:24.569807
532,46.534627:24.569807 46.534560:24.569773 46.534501:24.569718 46.534479:24.569628 46.534471:24.569381
533,46.534471:24.569381 46.534473:24.569249 46.534472:24.568781
534,46.534472:24.568781 46.534473:24.568685 46.534475:24.568275 46.534475:24.568232
535,46.534475:24.568232 46.534474:24.568083 46.534472:24.567484 46.534470:24.567397 46.534465:24.567326
536,46.534846:24.568120 46.534510:24.568714 46.534472:24.568781
537,46.534864:24.567534 46.534512:24.568165 46.534475:24.568232
538,46.534767:24.565974 46.534773:24.566873
539,46.534773:24.566873 46.534775:24.566942 46.534521:24.567257 46.534465:24.567326
540,46.534369:24.566366 46.534414:24.566284 46.534461:24.566202 46.534615:24.566395 46.534520:24.566605 46.534773:24.566873
541,46.534089:24.566382 46.534093:24.566685 46.534089:24.566751
542,46.534627:24.569807 46.534482:24.569787 46.534316:24.569763 46.534240:24.569786 46.534028:24.570154 46.533979:24.570227 46.533967:24.570384 46.533972:24.570555 46.534025:24.570899
543,46.541116:24.554604 46.541129:24.554645
544,46.541129:24.554645 46.541144:24.554686 46.541270:24.555067 46.541282:24.555103 46.541288:24.555121 46.541302:24.555165
545,46.543187:24.557737 46.542975:24.557552 46.542938:24.557520 46.542919:24.557503 46.542706:24.557318
546,46.535356:24.562351 46.535276:24.562714 46.535201:24.563017 46.535176:24.563078 46.535145:24.563141 46.535104:24.563205 46.535047:24.563256 46.534992:24.563271 46.534942:24.563268 46.534913:24.563259 46.534877:24.563235 46.534831:24.563195 46.534786:24.563139 46.534753:24.563091 46.534699:24.563026 46.534686:24.563011
547,46.534370:24.562885 46.533969:24.563717
548,46.533969:24.563717 46.533922:24.563828 46.533893:24.563900 46.533879:24.563942
549,46.533879:24.563942 46.533819:24.564127
550,46.533819:24.564127 46.533815:24.564137 46.533801:24.564184
551,46.533801:24.564184 46.533799:24.564203 46.533768:24.564374 46.533763:24.564491 46.533759:24.564590
552,46.533801:24.564184 46.533756:24.564197 46.533736:24.564203 46.533642:24.564233 46.533565:24.564261 46.533499:24.564295 46.533367:24.564523 46.533326:24.564594 46.533320:24.564603 46.533304:24.564668 46.533315:24.564712 46.533320:24.564735 46.533421:24.564856 46.533439:24.564878 46.533472:24.564903 46.533504:24.564956 46.533562:24.565057 46.533597:24.565162 46.533611:24.565204
553,46.534686:24.563011 46.534667:24.563054 46.534621:24.563149 46.534580:24.563217 46.534481:24.563382 46.534476:24.563391 46.534431:24.563466 46.534364:24.563578 46.534263:24.563747 46.534194:24.563862
554,46.534194:24.563862 46.534157:24.563925 46.534088:24.564039 46.534053:24.564098 46.534039:24.564124
555,46.534039:24.564124 46.533949:24.564272 46.533942:24.564284
556,46.533942:24.564284 46.533904:24.564347 46.533759:24.564590
557,46.533759:24.564590 46.533751:24.564770 46.533744:24.564919 46.533755:24.565047 46.533757:24.565072 46.533760:24.565109
558,46.533693:24.565506 46.533392:24.565822 46.533249:24.565471 46.533232:24.565432
559,46.533604:24.567163 46.533573:24.567355 46.533512:24.567508 46.533456:24.567589 46.533377:24.567634 46.533341:24.567636 46.533276:24.567639
560,46.532744:24.568018 46.532738:24.568330 46.532731:24.568628 46.532726:24.568840 46.532717:24.569257 46.532739:24.569388 46.532816:24.569511 46.532854:24.569571 46.532974:24.569762
561,46.532974:24.569762 46.532984:24.569741 46.533114:24.569445 46.533126:24.569343 46.533147:24.569159 46.533159:24.568920 46.533163:24.568848 46.533183:24.568415 46.533185:24.568369 46.533137:24.568223 46.533055:24.568122 46.532918:24.568035 46.532744:24.568018
562,46.532974:24.569762 46.533015:24.569826 46.533029:24.569850 46.533150:24.570019 46.533201:24.570085 46.533305:24.570162 46.533372:24.570197 46.533395:24.570208 46.533458:24.570225 46.533596:24.570263
563,46.532751:24.567723 46.532746:24.567954 46.532744:24.568018
564,46.532769:24.571704 46.532611:24.571722 46.532524:24.571735 46.532492:24.571744 46.532459:24.571762 46.532415:24.571833 46.532384:24.571880 46.532324:24.571975 46.532283:24.572054 46.532163:24.572291 46.532127:24.572355
565,46.532127:24.572355 46.531988:24.572359 46.531813:24.572355
566,46.531813:24.572355 46.531786:24.572339 46.531748:24.572314
567,46.531475:24.573425 46.531323:24.573435 46.531279:24.573438 46.531260:24.573399 46.531233:24.573348 46.531227:24.573150
568,46.531498:24.574137 46.531480:24.573555
569,46.532382:24.574066 46.532320:24.574072
570,46.532320:24.574072 46.532233:24.574092 46.532201:24.574131 46.532040:24.574165 46.531933:24.574179 46.531830:24.574187 46.531822:24.574099 46.531611:24.574122 46.531579:24.574127
571,46.531086:24.573267 46.531076:24.573477 46.531132:24.573683 46.531206:24.575143 46.531216:24.575396 46.531244:24.575508
572,46.532378:24.577749 46.532361:24.577222
573,46.531919:24.583044 46.532049:24.583183
574,46.532049:24.583183 46.532532:24.583694 46.532577:24.583741
575,46.532577:24.583741 46.532599:24.583765 46.532614:24.583782
576,46.530764:24.577246 46.530762:24.577264 46.530594:24.578719 46.530598:24.578821 46.530614:24.578874
577,46.530614:24.578874 46.530626:24.578914 46.530687:24.578981 46.530965:24.579214 46.531096:24.579343 46.531180:24.579426
578,46.531180:24.579426 46.531327:24.579506 46.531379:24.579535 46.531418:24.579557
579,46.531317:24.578585 46.531341:24.579091 46.531375:24.579121 46.531402:24.579154
580,46.531549:24.576859 46.531561:24.577300 46.531577:24.577317 46.531590:24.577333
581,46.532164:24.582066 46.532149:24.582033 46.532151:24.581971 46.532156:24.581716 46.532161:24.581477
582,46.532161:24.581477 46.532164:24.581333 46.532167:24.581249 46.532175:24.580935 46.532179:24.580694 46.532184:24.580502
583,46.532184:24.580502 46.532185:24.580454 46.532182:24.580260 46.532183:24.580239 46.532184:24.580222 46.532183:24.580210
584,46.532183:24.580210 46.532182:24.580110
585,46.532182:24.580110 46.532181:24.580085 46.532134:24.579032
586,46.532134:24.579032 46.532090:24.578397 46.532075:24.578326 46.532072:24.578305 46.532068:24.578278 46.532038:24.578119 46.531995:24.577879 46.531986:24.577836
587,46.531986:24.577836 46.531949:24.577663 46.531896:24.577449 46.531880:24.577414
588,46.531880:24.577414 46.531867:24.577383 46.531859:24.577368 46.531831:24.577321 46.531763:24.577251 46.531683:24.577196 46.531667:24.577185 46.531651:24.577174 46.531621:24.577150
589,46.531519:24.575119 46.531504:24.574835 46.531546:24.574817 46.531604:24.574784
590,46.532519:24.584949 46.532414:24.584890 46.532304:24.584829 46.532296:24.584824 46.532278:24.584813
591,46.532164:24.589253 46.532303:24.589116 46.532490:24.588567 46.532622:24.588198 46.532654:24.588106 46.532745:24.587854 46.532773:24.587769 46.532874:24.587483 46.532881:24.587464 46.532902:24.587403
592,46.531285:24.588655 46.531173:24.588674
593,46.531173:24.588674 46.531103:24.588687 46.531012:24.588746 46.530936:24.588823 46.530885:24.588925 46.530843:24.589041 46.530808:24.589137 46.530772:24.589235 46.530766:24.589252 46.530748:24.589301 46.530737:24.589332
594,46.530737:24.589332 46.530638:24.589602
595,46.530638:24.589602 46.530630:24.589624 46.530616:24.589661 46.530540:24.589870 46.530465:24.590079 46.530440:24.590147 46.530378:24.590319 46.530372:24.590335
596,46.530372:24.590335 46.530354:24.590382 46.530343:24.590484 46.530361:24.590580 46.530411:24.590667 46.530463:24.590713 46.530794:24.590985 46.530848:24.591029
597,46.530848:24.591029 46.530865:24.591044 46.530933:24.591099 46.530958:24.591120
598,46.530958:24.591120 46.530992:24.591148
599,46.530426:24.592645 46.530445:24.592592 46.530726:24.591799 46.530876:24.591416 46.530992:24.591148
600,46.528272:24.567118 46.528505:24.567134
601,46.528505:24.567134 46.528627:24.567089 46.528782:24.567045 46.529088:24.566993 46.529145:24.566993 46.529320:24.566981 46.529526:24.566935 46.529558:24.566928 46.529628:24.566903 46.529740:24.566902 46.530095:24.566877 46.530241:24.566874 46.530379:24.566883 46.530635:24.566913 46.530669:24.566916
602,46.530669:24.566916 46.530693:24.566912 46.530783:24.566901 46.530975:24.566846 46.531015:24.566837 46.531107:24.566802
603,46.531107:24.566802 46.531247:24.566749 46.531642:24.566581 46.531771:24.566515
604,46.531771:24.566515 46.531797:24.566500 46.532172:24.566269 46.532191:24.566257 46.532223:24.566238
605,46.532274:24.566467 46.532229:24.566488 46.532210:24.566523 46.532183:24.566611 46.532157:24.566709 46.532084:24.566946
606,46.532084:24.566946 46.531949:24.567340 46.531864:24.567696 46.531830:24.567956 46.531819:24.568045 46.531810:24.568443 46.531819:24.569082
607,46.531482:24.567231 46.531651:24.567165 46.531759:24.567120 46.531808:24.567105 46.531869:24.567106 46.531955:24.567092 46.531994:24.567059 46.532035:24.567003 46.532066:24.566952 46.532084:24.566946
608,46.535204:24.580906 46.535257:24.580851 46.535304:24.580628 46.535342:24.580246 46.535531:24.580129 46.535599:24.580088
609,46.544070:24.552965 46.544126:24.552953 46.544211:24.552926 46.544954:24.552552
610,46.544954:24.552552 46.545563:24.552225
611,46.545563:24.552225 46.546003:24.551992
612,46.546003:24.551992 46.546461:24.551750
613,46.546461:24.551750 46.546687:24.551629
614,46.546687:24.551629 46.547346:24.551264
615,46.537491:24.552876 46.536902:24.552892 46.536853:24.552904 46.536833:24.552909 46.536803:24.552922 46.536785:24.552932 46.536751:24.552976
616,46.534976:24.590532 46.534802:24.590879 46.534760:24.590957 46.534710:24.591022 46.534332:24.591268 46.534271:24.591308
617,46.535931:24.593553 46.535902:24.593574 46.535696:24.593722 46.535539:24.593829
618,46.535539:24.593829 46.535220:24.594035 46.535159:24.594070
619,46.537114:24.589547 46.537076:24.589624 46.536652:24.590485 46.536624:24.590518 46.536586:24.590519 46.536548:24.590500
620,46.536548:24.590500 46.536231:24.590180 46.536213:24.590162
621,46.537606:24.588855 46.537360:24.588577
622,46.537974:24.588098 46.537773:24.587879 46.537534:24.587617 46.537518:24.587599
623,46.538347:24.587364 46.537912:24.586897 46.537888:24.586871
624,46.538532:24.587002 46.538489:24.587085 46.538347:24.587364
625,46.538347:24.587364 46.538139:24.587774 46.538075:24.587900 46.537974:24.588098
626,46.537974:24.588098 46.537805:24.588429 46.537762:24.588562 46.537694:24.588689 46.537606:24.588855
627,46.537606:24.588855 46.537581:24.588947 46.537375:24.589348 46.537314:24.589402 46.537216:24.589588 46.537192:24.589633
628,46.538018:24.586610 46.537888:24.586871
629,46.537888:24.586871 46.537775:24.587091
630,46.537775:24.587091 46.537518:24.587599
631,46.537518:24.587599 46.537142:24.588347 46.536767:24.589090 46.536756:24.589111 46.536741:24.589140
632,46.538677:24.589479 46.538997:24.588823 46.539009:24.588748 46.538987:24.588672 46.538790:24.588447 46.538766:24.588378 46.538784:24.588296 46.538999:24.587839 46.539009:24.587784
633,46.539009:24.587784 46.539018:24.587728 46.539024:24.587692 46.539002:24.587574 46.538954:24.587479 46.538861:24.587373 46.538844:24.587356 46.538786:24.587291
634,46.538729:24.588779 46.538487:24.589259 46.538627:24.589422 46.538677:24.589479
635,46.538234:24.589731 46.537968:24.590238 46.538113:24.590397 46.538145:24.590431
636,46.536256:24.595427 46.536373:24.595826
637,46.536373:24.595826 46.536553:24.596401 46.536538:24.596411 46.536315:24.596559
638,46.551421:24.554483 46.551456:24.554481 46.551498:24.554498 46.551526:24.554517 46.551567:24.554563 46.551639:24.554634
639,46.551187:24.554865 46.551272:24.554733
640,46.554227:24.575929 46.554483:24.575593
641,46.554653:24.572431 46.554793:24.572009 46.554817:24.571890 46.554825:24.571746 46.554836:24.571642 46.554825:24.571540 46.554803:24.571435 46.554762:24.571350 46.554690:24.571266 46.554498:24.571133 46.554408:24.571094 46.554347:24.571056 46.554311:24.571048 46.554213:24.571028 46.554071:24.571085 46.554026:24.571103 46.553965:24.571139 46.553922:24.571222 46.553917:24.571311 46.553934:24.571413 46.553975:24.571502 46.554201:24.571902 46.554229:24.571995 46.554226:24.572043 46.554223:24.572084 46.554208:24.572113
642,46.554208:24.572113 46.554508:24.572327
643,46.554508:24.572327 46.554653:24.572431
644,46.552419:24.570869 46.552396:24.570946 46.552300:24.571276 46.552201:24.571615 46.552144:24.571816 46.552126:24.571877
645,46.530519:24.588849 46.530440:24.589069 46.530431:24.589095
646,46.530431:24.589095 46.530281:24.589515
647,46.531082:24.592556 46.531172:24.592320 46.531242:24.592111 46.531307:24.591927 46.531370:24.591747
648,46.531370:24.591747 46.531382:24.591710 46.531404:24.591647 46.531414:24.591552 46.531441:24.591399
649,46.531441:24.591399 46.531480:24.591283 46.531520:24.591179 46.531595:24.590965 46.531672:24.590761 46.531733:24.590606 46.531725:24.590587 46.531631:24.590304 46.531614:24.590255 46.531594:24.590198
650,46.531637:24.591569 46.531679:24.591446 46.531768:24.591199 46.531848:24.590978 46.531886:24.591006 46.532088:24.591145 46.532199:24.591221
651,46.531370:24.591747 46.531461:24.591807 46.531503:24.591837
652,46.531503:24.591837 46.531563:24.591880 46.531793:24.592043 46.531917:24.592130
653,46.532307:24.592735 46.532040:24.592543 46.531943:24.592473 46.531930:24.592463 46.531837:24.592390
654,46.532586:24.591936 46.532442:24.591831 46.532313:24.592207 46.532454:24.592309
655,46.532848:24.591193 46.532699:24.591080 46.532580:24.591410 46.532727:24.591523
656,46.537189:24.562827 46.537233:24.562843 46.538055:24.563145 46.538106:24.563164
657,46.538490:24.563948 46.538427:24.564295 46.538319:24.564489 46.538248:24.564621
658,46.538261:24.564925 46.538250:24.564662 46.538248:24.564621
659,46.538727:24.569075 46.538667:24.569075 46.538639:24.569075 46.538504:24.569075
660,46.538504:24.569075 46.538239:24.569075 46.538187:24.569075
661,46.538466:24.569680 46.538460:24.570233
662,46.538460:24.570233 46.538467:24.570775 46.538399:24.570839 46.538404:24.571124 46.538411:24.571234
663,46.538159:24.569899 46.538187:24.569075
664,46.537688:24.572268 46.537707:24.572262 46.537776:24.572241 46.537952:24.572188 46.537971:24.572144 46.538040:24.572067 46.538126:24.572047 46.538383:24.572000
665,46.538383:24.572000 46.538437:24.571990 46.538462:24.571988
666,46.538462:24.571988 46.538480:24.572054 46.538507:24.572814 46.538405:24.572888 46.538377:24.572903
667,46.538377:24.572903 46.538277:24.572958 46.538168:24.573018 46.538047:24.573076 46.538005:24.573097 46.537926:24.573119
668,46.537926:24.573119 46.537788:24.573157
669,46.537859:24.573649 46.537896:24.573898 46.538009:24.574623
670,46.538009:24.574623 46.538038:24.574821
671,46.538038:24.574821 46.538070:24.575035 46.538124:24.575389 46.538147:24.575539
672,46.538147:24.575539 46.538170:24.575748 46.538171:24.575765
673,46.538171:24.575765 46.538181:24.576129 46.538190:24.576481 46.538191:24.576498 46.538198:24.576804 46.538193:24.576839
674,46.538193:24.576839 46.538177:24.576908 46.538172:24.576991 46.538193:24.577241 46.538204:24.577309
675,46.538204:24.577309 46.538260:24.577537
676,46.538260:24.577537 46.538274:24.577602 46.538297:24.577693 46.538316:24.577745 46.538367:24.577842 46.538394:24.577876 46.538760:24.578213 46.538782:24.578233 46.538859:24.578303
677,46.538702:24.576698 46.538473:24.576762 46.538451:24.576768
678,46.538451:24.576768 46.538399:24.576782 46.538214:24.576833 46.538193:24.576839
679,46.539057:24.577673 46.539064:24.577739 46.539069:24.577792 46.539074:24.577835 46.539126:24.578317
680,46.539126:24.578317 46.539172:24.578738
681,46.539172:24.578738 46.539285:24.579788
682,46.539285:24.579788 46.539300:24.579907 46.539317:24.580046
683,46.539317:24.580046 46.539424:24.580973
684,46.539424:24.580973 46.539428:24.581020
685,46.539428:24.581020 46.539570:24.582283
686,46.539570:24.582283 46.539585:24.582413 46.539595:24.582628
687,46.539595:24.582628 46.539597:24.582666 46.539607:24.582936
688,46.539607:24.582936 46.539608:24.583346 46.539590:24.583844
689,46.539590:24.583844 46.539580:24.583998 46.539565:24.584054 46.539530:24.584082 46.539416:24.584066 46.539327:24.584039 46.538926:24.583808 46.538911:24.583799 46.538896:24.583790
690,46.538896:24.583790 46.538892:24.582956
691,46.538892:24.582956 46.538890:24.582639
692,46.538890:24.582639 46.538883:24.581638
693,46.538883:24.581638 46.538877:24.581185
694,46.538877:24.581185 46.538864:24.580079 46.538864:24.580058
695,46.539590:24.583844 46.539616:24.583857 46.539811:24.583958 46.539893:24.584000 46.539924:24.584016
696,46.539595:24.582628 46.539568:24.582629 46.539555:24.582629 46.539211:24.582636
697,46.539211:24.582636 46.538928:24.582639 46.538913:24.582639 46.538890:24.582639
698,46.539704:24.583494 46.539807:24.583053 46.539628:24.582948 46.539607:24.582936
699,46.536568:24.582560 46.536724:24.582373 46.536738:24.582320 46.536901:24.582116 46.536948:24.582099 46.537053:24.581961
700,46.536149:24.582504 46.536216:24.582617
701,46.536216:24.582617 46.536241:24.582657
702,46.536241:24.582657 46.536494:24.583066 46.536543:24.583145 46.536557:24.583166
703,46.534462:24.549344 46.534394:24.549293 46.534379:24.549282 46.534362:24.549269 46.533808:24.548065
704,46.533808:24.548065 46.533467:24.547338 46.533400:24.547240 46.533330:24.547173 46.533296:24.547162 46.533245:24.547147 46.533109:24.547154 46.533025:24.547139 46.532979:24.547109 46.532964:24.547100 46.532920:24.547049
705,46.532920:24.547049 46.532912:24.547040 46.532866:24.546968 46.532789:24.546806 46.532552:24.546281 46.532346:24.545811 46.532253:24.545585
706,46.532253:24.545585 46.532209:24.545476 46.532112:24.545176
707,46.533025:24.551735 46.532993:24.551578 46.532972:24.551452 46.532978:24.551366 46.532988:24.551234 46.532993:24.551208 46.533007:24.551143
708,46.551299:24.565618 46.551308:24.565597 46.551314:24.565583
709,46.551314:24.565583 46.551332:24.565539 46.551380:24.565420
710,46.551650:24.557237 46.551667:24.557278
711,46.551667:24.557278 46.551972:24.558043 46.552033:24.558197
712,46.552033:24.558197 46.552157:24.558487
713,46.552157:24.558487 46.552229:24.558658
714,46.557010:24.564074 46.556973:24.564134
715,46.556834:24.564361 46.556814:24.564397 46.556767:24.564470 46.556574:24.564798
716,46.556574:24.564798 46.556246:24.565409
717,46.559643:24.567747 46.559624:24.568029
718,46.556183:24.576556 46.556081:24.576669 46.555966:24.576674 46.555839:24.576650 46.555636:24.576617
719,46.555636:24.576617 46.555551:24.576605 46.555534:24.576603 46.555428:24.576633
720,46.555428:24.576633 46.555389:24.576671 46.555352:24.576706 46.555287:24.576820 46.555272:24.576969 46.555297:24.577122 46.555366:24.577240 46.555450:24.577330 46.555590:24.577449 46.555604:24.577460 46.555810:24.577634 46.555871:24.577709 46.555918:24.577806 46.555941:24.577921 46.555933:24.578045 46.555916:24.578090
721,46.555916:24.578090 46.555897:24.578144 46.555839:24.578197 46.555762:24.578229 46.555421:24.578201 46.555312:24.578228 46.555228:24.578294 46.555182:24.578415 46.555174:24.578563 46.555217:24.578674 46.555277:24.578746 46.555428:24.578907 46.555477:24.579010 46.555493:24.579134 46.555462:24.579255 46.555415:24.579313 46.555368:24.579345 46.555293:24.579357 46.555230:24.579337 46.555131:24.579267 46.554981:24.579119 46.554851:24.579013 46.554792:24.578949 46.554753:24.578906
722,46.554227:24.575929 46.554279:24.575994 46.554366:24.576149 46.554489:24.576464
723,46.554489:24.576464 46.554695:24.576993 46.554787:24.577230 46.554972:24.577676 46.555018:24.577770 46.555145:24.577926 46.555180:24.577976 46.555189:24.578036 46.555181:24.578113 46.555091:24.578292
724,46.550594:24.554611 46.550531:24.554717 46.550247:24.555172
725,46.550247:24.555172 46.550040:24.555503 46.549966:24.555603 46.549890:24.555676 46.549434:24.556076 46.549365:24.556144
726,46.549365:24.556144 46.549319:24.556190 46.549266:24.556259 46.549223:24.556336 46.549130:24.556531 46.548979:24.556889 46.548916:24.557014 46.548774:24.557217 46.548486:24.557606 46.548353:24.557788 46.548300:24.557876 46.548273:24.557920
727,46.548273:24.557920 46.547981:24.558522 46.547974:24.558614 46.547971:24.558658
728,46.542992:24.532000 46.543055:24.532121
729,46.543055:24.532121 46.543153:24.532312
730,46.543153:24.532312 46.543275:24.532551 46.543381:24.532740
731,46.543381:24.532740 46.543513:24.532969
732,46.524158:24.517822 46.524168:24.517762 46.524187:24.517709 46.524222:24.517658 46.524284:24.517590 46.524461:24.517459 46.524731:24.517299
733,46.524731:24.517299 46.524983:24.517133 46.525062:24.517051 46.525116:24.516957 46.525163:24.516851 46.525200:24.516718 46.525264:24.516451 46.525319:24.516110
734,46.525319:24.516110 46.525356:24.515654
735,46.525356:24.515654 46.525357:24.515636 46.525385:24.514885
736,46.525385:24.514885 46.525407:24.513925
737,46.525407:24.513925 46.525407:24.513787
738,46.544067:24.555184 46.544033:24.555363 46.544018:24.555445
739,46.525993:24.539676 46.525920:24.539780 46.525896:24.539814 46.525870:24.539851 46.525528:24.540337 46.525490:24.540391
740,46.525490:24.540391 46.525398:24.540522
741,46.523736:24.533350 46.523756:24.533388
742,46.523756:24.533388 46.523782:24.533439 46.524233:24.534339 46.524243:24.534358 46.524260:24.534392
743,46.524260:24.534392 46.524277:24.534427 46.524286:24.534444 46.524323:24.534514
744,46.524323:24.534514 46.524654:24.535199 46.524672:24.535236
745,46.524672:24.535236 46.524693:24.535277 46.524704:24.535299
746,46.524704:24.535299 46.524728:24.535348 46.525060:24.536020 46.525075:24.536050
747,46.525075:24.536050 46.525087:24.536074 46.525433:24.536745 46.525472:24.536818 46.525493:24.536859 46.525608:24.537081
748,46.525608:24.537081 46.526087:24.536585 46.526099:24.536572 46.526129:24.536541
749,46.531672:24.546626 46.532629:24.548345
750,46.532629:24.548345 46.533178:24.549323
751,46.533876:24.550597 46.533813:24.550495 46.533750:24.550422 46.533697:24.550398 46.533662:24.550396
752,46.545930:24.554792 46.545917:24.554710 46.545915:24.554697 46.545904:24.554605 46.546002:24.552029 46.546003:24.552014 46.546003:24.551992
753,46.553474:24.558085 46.553507:24.557950 46.553589:24.557572 46.553637:24.557366 46.553703:24.557173 46.553829:24.556974 46.553998:24.556751 46.554200:24.556503
754,46.557010:24.564074 46.557063:24.564162 46.557072:24.564177 46.557473:24.564847
755,46.558241:24.565829 46.558622:24.565739 46.558717:24.565594 46.558742:24.565380 46.558839:24.565258
756,46.558479:24.566042 46.559493:24.566957
757,46.557473:24.564847 46.557637:24.564645
758,46.557637:24.564645 46.557675:24.564548 46.557675:24.564432 46.557620:24.564297 46.557544:24.564174 46.557451:24.564038
759,46.560269:24.568174 46.560652:24.568475
760,46.554753:24.568441 46.554783:24.568469 46.554799:24.568484 46.555049:24.568718
761,46.555049:24.568718 46.555071:24.568738 46.555161:24.568826
762,46.558960:24.573787 46.558859:24.573946
763,46.558859:24.573946 46.558796:24.574020 46.558452:24.574345 46.558415:24.574381
764,46.558415:24.574381 46.558100:24.574673
765,46.558100:24.574673 46.558011:24.574770 46.557771:24.575014 46.557719:24.575063
766,46.557719:24.575063 46.557593:24.575186 46.557556:24.575222 46.557501:24.575276
767,46.559341:24.573845 46.559179:24.573498 46.559156:24.573445 46.559084:24.573284
768,46.560340:24.576180 46.560286:24.575974 46.560096:24.575464 46.559949:24.575127 46.559694:24.574668
769,46.558028:24.566090 46.557986:24.566176 46.557709:24.566731
770,46.557709:24.566731 46.557622:24.566907
771,46.557622:24.566907 46.557447:24.567258 46.557438:24.567275
772,46.556010:24.565856 46.556049:24.565895 46.556063:24.565909 46.557398:24.567234 46.557438:24.567275
773,46.554992:24.560659 46.555030:24.560608 46.555100:24.560514 46.555142:24.560475 46.555205:24.560462 46.555326:24.560447 46.555391:24.560442
774,46.555391:24.560442 46.555407:24.560441 46.555605:24.560425 46.555804:24.560409 46.556003:24.560392 46.556201:24.560376
775,46.555075:24.560803 46.555058:24.560823 46.555043:24.560842
776,46.559650:24.567520 46.559659:24.567607 46.559662:24.567635
777,46.553159:24.560668 46.553113:24.560320 46.553106:24.560262
778,46.553070:24.560642 46.552939:24.560675
779,46.552939:24.560675 46.552429:24.560806 46.552366:24.560818 46.552291:24.560815 46.552205:24.560796 46.552177:24.560790 46.552162:24.560787
780,46.554869:24.561059 46.554827:24.561107 46.554075:24.561984
781,46.554075:24.561984 46.553894:24.562195 46.553721:24.562327 46.553692:24.562349
782,46.551208:24.554650 46.551068:24.554710 46.550972:24.554725 46.550884:24.554718 46.550766:24.554709 46.550652:24.554666
783,46.550723:24.555650 46.550801:24.555596 46.550883:24.555594 46.550960:24.555615 46.551044:24.555685
784,46.540167:24.548944 46.540209:24.548889 46.540222:24.548872
785,46.540222:24.548872 46.541252:24.547570 46.541272:24.547544 46.541301:24.547497
786,46.541078:24.554494 46.541116:24.554604
787,46.538070:24.548190 46.538124:24.548283 46.538138:24.548308
788,46.538138:24.548308 46.538865:24.549475
789,46.538865:24.549475 46.539341:24.550243 46.539425:24.550378
790,46.538364:24.547728 46.538823:24.547106
791,46.538823:24.547106 46.538855:24.547064 46.539147:24.546675 46.539435:24.546287
792,46.537491:24.552876 46.537514:24.552844 46.537530:24.552822 46.537551:24.552793 46.538324:24.551737 46.538332:24.551727 46.538341:24.551716 46.538368:24.551684
793,46.536772:24.546106 46.536832:24.546205
794,46.536832:24.546205 46.536851:24.546236 46.537312:24.546988 46.537329:24.547015
795,46.537329:24.547015 46.537341:24.547035 46.537379:24.547098 46.537387:24.547111 46.537678:24.547585 46.537729:24.547668
796,46.537729:24.547668 46.537984:24.548064 46.538000:24.548090 46.538032:24.548140
797,46.538115:24.548016 46.538070:24.547946 46.537813:24.547557
798,46.537813:24.547557 46.537492:24.547037
799,46.537492:24.547037 46.537473:24.547007 46.537414:24.546911
800,46.537414:24.546911 46.537226:24.546606
801,46.537226:24.546606 46.537080:24.546370 46.536938:24.546140 46.536934:24.546134 46.536914:24.546100
802,46.536914:24.546100 46.536853:24.546002
803,46.539617:24.550143 46.539764:24.550589
804,46.539764:24.550589 46.539913:24.551032
805,46.539913:24.551032 46.540152:24.551730
806,46.540152:24.551730 46.540356:24.552329 46.540361:24.552344 46.540376:24.552389
807,46.540376:24.552389 46.540424:24.552547 46.540453:24.552648
808,46.540453:24.552648 46.540518:24.552837 46.540714:24.553414 46.540733:24.553472
809,46.540733:24.553472 46.540743:24.553499 46.540962:24.554150 46.541064:24.554450 46.541073:24.554477
810,46.541073:24.554477 46.541078:24.554494
811,46.527999:24.553679 46.527970:24.553776 46.527962:24.553811 46.527858:24.554248 46.527821:24.554344 46.527434:24.555001
812,46.527434:24.555001 46.527321:24.555206
813,46.527321:24.555206 46.527056:24.555641 46.526893:24.555908
814,46.526893:24.555908 46.526838:24.556008 46.526682:24.556271
815,46.527434:24.555001 46.527380:24.554942 46.527366:24.554928 46.527164:24.554709
816,46.526908:24.557891 46.526870:24.557951 46.526812:24.557976 46.526746:24.557955 46.526330:24.557458 46.526539:24.557101
817,46.528073:24.558741 46.528056:24.558720
818,46.528056:24.558720 46.528027:24.558686 46.527949:24.558598 46.527804:24.558834 46.527770:24.558897
819,46.527770:24.558897 46.527882:24.559028 46.527901:24.559049 46.528033:24.558810 46.528073:24.558741
820,46.529276:24.559789 46.529396:24.559923 46.529566:24.560115 46.529950:24.560547 46.529959:24.560558
821,46.529177:24.559734 46.529148:24.559765 46.529114:24.559823 46.529101:24.559883 46.529112:24.559944
822,46.529112:24.559944 46.529136:24.559984 46.529168:24.560009 46.529204:24.560015 46.529237:24.559998
823,46.529237:24.559998 46.529261:24.559958 46.529281:24.559917 46.529291:24.559873 46.529291:24.559834 46.529276:24.559789
824,46.529276:24.559789 46.529257:24.559760 46.529253:24.559757 46.529232:24.559740 46.529205:24.559731 46.529177:24.559734
825,46.546039:24.584388 46.545941:24.584309 46.544726:24.583059 46.544551:24.582833 46.544414:24.582588 46.544165:24.581966
826,46.543992:24.581564 46.543984:24.581513 46.543980:24.581485
827,46.543980:24.581485 46.543961:24.581307 46.543894:24.580718
828,46.543894:24.580718 46.543845:24.580365 46.543774:24.579964 46.543727:24.579783 46.543666:24.579604 46.543523:24.579146
829,46.543523:24.579146 46.543503:24.579079
830,46.543503:24.579079 46.543374:24.578790 46.543205:24.578498 46.542947:24.578100 46.542458:24.577370 46.542286:24.577055 46.542137:24.576753 46.541981:24.576386 46.541860:24.576019 46.541823:24.575885
831,46.541823:24.575885 46.541747:24.575613
832,46.541747:24.575613 46.541651:24.575100 46.541584:24.574570
833,46.541584:24.574570 46.541560:24.574196 46.541557:24.573992 46.541563:24.573791 46.541610:24.573178 46.541613:24.573134
834,46.528073:24.558741 46.528171:24.558851 46.528407:24.559136
835,46.528407:24.559136 46.528725:24.559521
836,46.527846:24.560215 46.527881:24.560147 46.527891:24.560126 46.527948:24.560109
837,46.527948:24.560109 46.528013:24.560139 46.528584:24.560625 46.528693:24.560681 46.528784:24.560686
838,46.528784:24.560686 46.528837:24.560652
839,46.528837:24.560652 46.528922:24.560560 46.529203:24.560059 46.529237:24.559998
840,46.526908:24.557891 46.526970:24.557964
841,46.526970:24.557964 46.527500:24.558585
842,46.527500:24.558585 46.527733:24.558859 46.527770:24.558897
843,46.545792:24.550218 46.545806:24.550250 46.546436:24.551693 46.546449:24.551721 46.546461:24.551750
844,46.545792:24.550218 46.545297:24.550455 46.545219:24.550499 46.545189:24.550516 46.545116:24.550632 46.545057:24.550797 46.545057:24.550902 46.545441:24.551904 46.545525:24.552124 46.545539:24.552163 46.545563:24.552225
845,46.548273:24.557920 46.548318:24.558011 46.548451:24.558278 46.548486:24.558347
846,46.547421:24.558581 46.547452:24.558593 46.547535:24.558625 46.547692:24.558738 46.547769:24.558793 46.547814:24.558806
847,46.547484:24.560813 46.547561:24.560839 46.547885:24.560945
848,46.547885:24.560945 46.548263:24.561069
849,46.548263:24.561069 46.548292:24.561079 46.548325:24.561090 46.548509:24.561147
850,46.548509:24.561147 46.549127:24.561341
851,46.552520:24.562048 46.552714:24.562223 46.552724:24.562257 46.552718:24.562295 46.552520:24.562763
852,46.552520:24.562763 46.552337:24.563195 46.552276:24.563323 46.552250:24.563377
853,46.553905:24.563925 46.553794:24.564086
854,46.552250:24.563377 46.552272:24.563405 46.552282:24.563416 46.552662:24.563804 46.553181:24.564337 46.553371:24.564596
855,46.553371:24.564596 46.553433:24.564540 46.553556:24.564467
856,46.553556:24.564467 46.553771:24.564561 46.553995:24.564658 46.554078:24.564748 46.554197:24.564878
857,46.554197:24.564878 46.554096:24.565050 46.553797:24.565558 46.553770:24.565604
858,46.553770:24.565604 46.553314:24.566403
859,46.553314:24.566403 46.553276:24.566473 46.553157:24.566688
860,46.551837:24.568825 46.551874:24.568860 46.551896:24.568877 46.551971:24.568939
861,46.553926:24.574934 46.553641:24.574567 46.553728:24.573876
862,46.548350:24.571300 46.548272:24.571307 46.548252:24.571308 46.548193:24.571313
863,46.540366:24.570111 46.540374:24.570149
864,46.540374:24.570149 46.540391:24.570225 46.540416:24.570341 46.540706:24.571575
865,46.540706:24.571575 46.540894:24.572822 46.540969:24.573315 46.540971:24.573331 46.540973:24.573344 46.540984:24.573413
866,46.541771:24.571803 46.541792:24.571807 46.543196:24.572087 46.543297:24.572074 46.543332:24.572070 46.543376:24.572063
867,46.544311:24.578538 46.544316:24.578534 46.544699:24.578176 46.544706:24.578170
868,46.544706:24.578170 46.544968:24.577934 46.545078:24.577811 46.545136:24.577702 46.545168:24.577548 46.545168:24.577515 46.545168:24.577378 46.545145:24.577147
869,46.545145:24.577147 46.545079:24.576905 46.544967:24.576590
870,46.544967:24.576590 46.544449:24.575405 46.544216:24.574751 46.544149:24.574552
871,46.544149:24.574552 46.544125:24.574399 46.544115:24.574069 46.544111:24.573923
872,46.540553:24.580763 46.540568:24.580821 46.540638:24.581091 46.540667:24.581251 46.540672:24.581607
873,46.540672:24.581607 46.540677:24.581936 46.540680:24.582017 46.540688:24.582273 46.540684:24.582596 46.540656:24.582802 46.540590:24.582971 46.540506:24.583157
874,46.540506:24.583157 46.540455:24.583333 46.540370:24.583672 46.540236:24.584237
875,46.540236:24.584237 46.540232:24.584252 46.540097:24.584908 46.540039:24.585231 46.539975:24.585609 46.539928:24.585884 46.539894:24.586261 46.539843:24.586554 46.539796:24.586819 46.539745:24.587088 46.539696:24.587398 46.539670:24.587566 46.539621:24.587890 46.539605:24.587964 46.539560:24.588180 46.539528:24.588332 46.539393:24.588939 46.539168:24.589739 46.539059:24.590085 46.538983:24.590397 46.538934:24.590771 46.538922:24.591284 46.538923:24.591353 46.538923:24.591377
876,46.536135:24.595984 46.536373:24.595826
877,46.537186:24.591578 46.537219:24.591607 46.537054:24.592009 46.537019:24.592176 46.537012:24.592350 46.537012:24.593130 46.537003:24.594016 46.536985:24.594180 46.536959:24.594275 46.536949:24.594312 46.536626:24.595068 46.536602:24.595124
878,46.549127:24.561341 46.549087:24.561208 46.548934:24.560706
879,46.548934:24.560706 46.548614:24.559623
880,46.548614:24.559623 46.548625:24.559621 46.549209:24.559449 46.549328:24.559402 46.549377:24.559377 46.549425:24.559349 46.549764:24.559058 46.549866:24.558960 46.550624:24.558204 46.550628:24.558199 46.550637:24.558190
881,46.549127:24.561341 46.549228:24.561391 46.549537:24.561674 46.549551:24.561687 46.549571:24.561705
882,46.551989:24.563002 46.551932:24.562971 46.551240:24.562647
883,46.551240:24.562647 46.551043:24.562555 46.550752:24.562434 46.550575:24.562379
884,46.550575:24.562379 46.550384:24.562319 46.550315:24.562297 46.550142:24.562256
885,46.555095:24.558792 46.554887:24.558815 46.554687:24.558837 46.554487:24.558858 46.554470:24.558860
886,46.554470:24.558860 46.554330:24.558875 46.554265:24.558882 46.554179:24.558924 46.554122:24.558990 46.554056:24.559074
887,46.557007:24.562200 46.557055:24.562061 46.557214:24.561605 46.557295:24.561567
888,46.557295:24.561567 46.557467:24.561346 46.557511:24.561342
889,46.557295:24.561567 46.557438:24.562069 46.557443:24.562085 46.557486:24.562469
890,46.557486:24.562469 46.557537:24.562572 46.557642:24.562650 46.557741:24.562816 46.557798:24.563003 46.557852:24.563087
891,46.557852:24.563087 46.557199:24.563941
892,46.553797:24.554566 46.553773:24.554917 46.553730:24.555312 46.553647:24.555864 46.553546:24.556394 46.553484:24.556649 46.553406:24.556838 46.553289:24.556982
893,46.553289:24.556982 46.553098:24.557189 46.553036:24.557260
894,46.553031:24.556428 46.553289:24.556982
895,46.544593:24.549035 46.544575:24.548999 46.543661:24.547156 46.543642:24.547119
896,46.542804:24.545595 46.542791:24.545574 46.542773:24.545545 46.542683:24.545397 46.542285:24.544732 46.542268:24.544704 46.542253:24.544678
897,46.542253:24.544678 46.542218:24.544624 46.542183:24.544567 46.541630:24.543684 46.541612:24.543655 46.541577:24.543601
898,46.541300:24.538954 46.541382:24.538981 46.541428:24.538996 46.541617:24.539056 46.541765:24.539104 46.542038:24.539192 46.542182:24.539238 46.542291:24.539273 46.542652:24.539389 46.542867:24.539458 46.542880:24.539462 46.542917:24.539474
899,46.543110:24.538012 46.543106:24.538152
900,46.543106:24.538152 46.543026:24.538714 46.542925:24.539418 46.542917:24.539474
901,46.540805:24.544553 46.540515:24.544596
902,46.540515:24.544596 46.540034:24.545161 46.539956:24.545252 46.539936:24.545279
903,46.535247:24.552421 46.535199:24.552501 46.535184:24.552524 46.535032:24.552773
904,46.535032:24.552773 46.534645:24.553394
905,46.534645:24.553394 46.534555:24.553543 46.534532:24.553579 46.534479:24.553669
906,46.528368:24.554955 46.528470:24.554794 46.528528:24.554748 46.528603:24.554779 46.529147:24.555420 46.529198:24.555533 46.529199:24.555702 46.529123:24.555837 46.528963:24.556051 46.528897:24.556163
907,46.528897:24.556163 46.528897:24.556177 46.528897:24.556199
908,46.514868:24.517835 46.514964:24.517687 46.515000:24.517632
909,46.553561:24.569884 46.553613:24.569910 46.553630:24.569919 46.553682:24.569922 46.553820:24.569901 46.553923:24.569898 46.554006:24.569924 46.554129:24.570011 46.554224:24.570116 46.554458:24.570415 46.554735:24.570757 46.554909:24.570957 46.555323:24.571722 46.555361:24.571823 46.555373:24.571889 46.555381:24.571930 46.555385:24.572180 46.555389:24.572280 46.555405:24.572358 46.555432:24.572391 46.555441:24.572402 46.555458:24.572423
910,46.555553:24.576272 46.555506:24.576466 46.555449:24.576588 46.555428:24.576633
911,46.556472:24.570063 46.556482:24.570072 46.557647:24.571166 46.557714:24.571255 46.557864:24.571565
912,46.557864:24.571565 46.558908:24.573682 46.558939:24.573746 46.558960:24.573787
913,46.556289:24.569787 46.556408:24.569599 46.556456:24.569506 46.556597:24.569232 46.556601:24.569202 46.556599:24.569180
914,46.556599:24.569180 46.556591:24.569160 46.555880:24.568483 46.555769:24.568381 46.555736:24.568344 46.555611:24.568209 46.555560:24.568161 46.555150:24.567770 46.555136:24.567756 46.555124:24.567744
915,46.531992:24.598254 46.532058:24.598234 46.532232:24.597991 46.532186:24.597745 46.532536:24.597238 46.532637:24.597382 46.532978:24.596870 46.532986:24.596784 46.532962:24.596696 46.532579:24.596149 46.532524:24.596075 46.532476:24.596049 46.532425:24.596056 46.532344:24.596085
916,46.532344:24.596085 46.532258:24.596110 46.532155:24.596140
917,46.532155:24.596140 46.532016:24.596130 46.531967:24.596121
918,46.531967:24.596121 46.531830:24.596026
919,46.531830:24.596026 46.531722:24.595947 46.531652:24.595959 46.531588:24.596001 46.531416:24.596252
920,46.544970:24.557122 46.545100:24.556903
921,46.545100:24.556903 46.545457:24.556269 46.545610:24.555921
922,46.545610:24.555921 46.545689:24.555742
923,46.545689:24.555742 46.545798:24.555474 46.545814:24.555435 46.545901:24.555215
924,46.544970:24.557122 46.544989:24.557145 46.545629:24.557892 46.545902:24.558231 46.545954:24.558295
925,46.545954:24.558295 46.546305:24.558745 46.546431:24.558908
926,46.546431:24.558908 46.546549:24.559042 46.546619:24.559102 46.546677:24.559151 46.546701:24.559167 46.546809:24.559235
927,46.546809:24.559235 46.546870:24.559268 46.547137:24.559412
928,46.555643:24.566553 46.555641:24.566550 46.555625:24.566520 46.555124:24.565585 46.554769:24.564871
929,46.554769:24.564871 46.554722:24.564779 46.554170:24.563702 46.554051:24.563462 46.553957:24.563198 46.553947:24.563156
930,46.553947:24.563156 46.553897:24.562951 46.553888:24.562911 46.553875:24.562861
931,46.553875:24.562861 46.553776:24.562529 46.553733:24.562434 46.553720:24.562407 46.553692:24.562349
932,46.555923:24.570137 46.555949:24.570112 46.555966:24.570095 46.556242:24.569832
933,46.556242:24.569832 46.556289:24.569787
934,46.555553:24.576272 46.555582:24.576395 46.555622:24.576559 46.555636:24.576617
935,46.555763:24.571873 46.555760:24.571886 46.555720:24.571927 46.555571:24.572084 46.555490:24.572220 46.555458:24.572423
936,46.555458:24.572423 46.555452:24.572490
937,46.555452:24.572490 46.555398:24.573066
938,46.544954:24.552552 46.544954:24.552572 46.544944:24.553313 46.544875:24.555147 46.544874:24.555164 46.544872:24.555215
939,46.560046:24.583702 46.559903:24.583489
940,46.559903:24.583489 46.559789:24.583332
941,46.560717:24.583185 46.560881:24.582954 46.560908:24.582896 46.560912:24.582849 46.560883:24.582796 46.560841:24.582747 46.560628:24.582455
942,46.560100:24.581087 46.560473:24.581628
943,46.560473:24.581628 46.560589:24.581796
944,46.560589:24.581796 46.560910:24.582261
945,46.527310:24.551417 46.527291:24.551309 46.527276:24.551222 46.526709:24.549944 46.526704:24.549932 46.526688:24.549898
946,46.525885:24.550668 46.525911:24.550640 46.525933:24.550615 46.526267:24.550293 46.526618:24.549964 46.526688:24.549898
947,46.526688:24.549898 46.526698:24.549887 46.526956:24.549633 46.527283:24.549326 46.527320:24.549291
948,46.538226:24.554916 46.538239:24.554898 46.538249:24.554884 46.539487:24.553147
949,46.539487:24.553147 46.539510:24.553119 46.539529:24.553096 46.539583:24.553060 46.539976:24.552877 46.540401:24.552672 46.540412:24.552667 46.540453:24.552648
950,46.541420:24.553020 46.541426:24.553049 46.541432:24.553074 46.541686:24.554206 46.541694:24.554241 46.541698:24.554267
951,46.543568:24.551814 46.543627:24.551756 46.543636:24.551745 46.544529:24.550795
952,46.544529:24.550795 46.544714:24.550985 46.544728:24.551055 46.544660:24.551290
953,46.544660:24.551290 46.544540:24.551702 46.544475:24.551927 46.544387:24.552149 46.544290:24.552339 46.544210:24.552437 46.544052:24.552571 46.544040:24.552581 46.543999:24.552617
954,46.555811:24.562652 46.555798:24.562680 46.555786:24.562706 46.555380:24.563567 46.555375:24.563578 46.555364:24.563601
955,46.555364:24.563601 46.555353:24.563623 46.555346:24.563637 46.555053:24.564247 46.555045:24.564264
956,46.555045:24.564264 46.555032:24.564293 46.554783:24.564841 46.554776:24.564855 46.554769:24.564871
957,46.554188:24.566125 46.554171:24.566153 46.554163:24.566167 46.553740:24.566861 46.553731:24.566876 46.553707:24.566899
958,46.554480:24.568629 46.554445:24.568550 46.553707:24.566899
959,46.553707:24.566899 46.553354:24.566453 46.553331:24.566422 46.553314:24.566403
960,46.557864:24.571565 46.557843:24.571588 46.557829:24.571603 46.557570:24.571885 46.557448:24.572018
961,46.557448:24.572018 46.556996:24.572498
962,46.556996:24.572498 46.556817:24.572685
963,46.556817:24.572685 46.556621:24.572890
964,46.556621:24.572890 46.556458:24.573058 46.556446:24.573070 46.556407:24.573111
965,46.553157:24.566688 46.553100:24.566647 46.552469:24.566197 46.551837:24.565746 46.551414:24.565444 46.551403:24.565436 46.551380:24.565420
966,46.549790:24.583695 46.549815:24.583278 46.549849:24.582893
967,46.549849:24.582893 46.549905:24.582454 46.549918:24.582224 46.549925:24.582041 46.549912:24.581601 46.549898:24.581455
968,46.549898:24.581455 46.549890:24.581404 46.549850:24.581261 46.549811:24.581115 46.549632:24.580735
969,46.547902:24.574689 46.547929:24.574697 46.547944:24.574704 46.548728:24.575059 46.549071:24.575270
970,46.549071:24.575270 46.549420:24.575483 46.549729:24.575714
971,46.549729:24.575714 46.550386:24.576375
972,46.550386:24.576375 46.550390:24.576380 46.550404:24.576394
973,46.539913:24.566865 46.539893:24.566793 46.539745:24.566219 46.539732:24.566165
974,46.539732:24.566165 46.539600:24.565619
975,46.539600:24.565619 46.539473:24.565647 46.539347:24.565675
976,46.539347:24.565675 46.539503:24.566275
977,46.539503:24.566275 46.539520:24.566338 46.539652:24.566875 46.539657:24.566896 46.539676:24.566976
978,46.539543:24.564995 46.539578:24.565497 46.539592:24.565576 46.539600:24.565619
979,46.545663:24.558843 46.546106:24.559345 46.546146:24.559365 46.546174:24.559362 46.546206:24.559335 46.546353:24.559057 46.546400:24.558967 46.546431:24.558908
980,46.545004:24.560101 46.544609:24.560624 46.544599:24.560637 46.544532:24.560720
981,46.524672:24.535236 46.524189:24.535753 46.524178:24.535768 46.524138:24.535811
982,46.524260:24.534392 46.524001:24.534674 46.523947:24.534732
983,46.523947:24.534732 46.523829:24.534862
984,46.523829:24.534862 46.523824:24.534867 46.523777:24.534918 46.523752:24.534945 46.523725:24.534974
985,46.524018:24.535760 46.523965:24.535810 46.523953:24.535823 46.523733:24.536055 46.523561:24.536236 46.523420:24.536378
986,46.523420:24.536378 46.523269:24.536530
987,46.523269:24.536530 46.523012:24.536787 46.522869:24.536935
988,46.522869:24.536935 46.522658:24.537153
989,46.514361:24.562865 46.514417:24.562700 46.514455:24.562554
990,46.514455:24.562554 46.514473:24.562398 46.514466:24.562246 46.514432:24.561865 46.514409:24.561617 46.514411:24.561377 46.514449:24.561166 46.514510:24.560951 46.514829:24.560033 46.514916:24.559708
991,46.514916:24.559708 46.515467:24.557200 46.515591:24.556559 46.515717:24.555695 46.515802:24.554824 46.515867:24.554407 46.515937:24.553874 46.515954:24.553629 46.515947:24.553389 46.515861:24.552887 46.515838:24.552534 46.515835:24.552404 46.515851:24.552278 46.515917:24.552055 46.515997:24.551817 46.516099:24.551517 46.516196:24.551212 46.516266:24.550934 46.516388:24.550431 46.516463:24.550061 46.516909:24.548813 46.517473:24.547484 46.517615:24.547206 46.517704:24.547126
992,46.517704:24.547126 46.517809:24.547052 46.518002:24.546983 46.518236:24.546922
993,46.518236:24.546922 46.518587:24.546841 46.518775:24.546793 46.519086:24.546671 46.519348:24.546531
994,46.519348:24.546531 46.519447:24.546486 46.519632:24.546404 46.519806:24.546354 46.519977:24.546335 46.520062:24.546325
995,46.520062:24.546325 46.520241:24.546288 46.520409:24.546212 46.520529:24.546132 46.520566:24.546109
996,46.542960:24.552014 46.542977:24.552046 46.542989:24.552069 46.543480:24.553025 46.543489:24.553044 46.543495:24.553057
997,46.542388:24.552390 46.542400:24.552434 46.542407:24.552458 46.542724:24.553621 46.542730:24.553643 46.542739:24.553673
998,46.530451:24.560212 46.530471:24.560237
999,46.530471:24.560237 46.530539:24.560323 46.530767:24.560610 46.530782:24.560630 46.530797:24.560644
1000,46.530267:24.560023 46.529945:24.559611 46.529736:24.559348 46.529670:24.559265 46.529656:24.559248
1001,46.529656:24.559248 46.529576:24.559147 46.529539:24.559100
1002,46.539835:24.579720 46.539790:24.579653 46.539739:24.579648
1003,46.539739:24.579648 46.539623:24.579689 46.539595:24.579697
1004,46.539595:24.579697 46.539325:24.579776 46.539311:24.579780 46.539285:24.579788
1005,46.535539:24.593829 46.535545:24.593847 46.535766:24.594545
1006,46.535647:24.594625 46.535766:24.594545
1007,46.535766:24.594545 46.536014:24.594377 46.536061:24.594266 46.536083:24.594154 46.536076:24.594011 46.535944:24.593593 46.535931:24.593553
1008,46.539487:24.553147 46.539504:24.553169 46.539511:24.553178 46.539629:24.553331 46.540078:24.553913 46.540091:24.553930 46.540108:24.553953
1009,46.535468:24.547919 46.535494:24.547954 46.535687:24.548213
1010,46.535687:24.548213 46.536077:24.548710
1011,46.536077:24.548710 46.536513:24.549273
1012,46.536513:24.549273 46.536546:24.549315
1013,46.536546:24.549315 46.536948:24.549845
1014,46.536948:24.549845 46.537093:24.550037
1015,46.537093:24.550037 46.537749:24.550877
1016,46.537749:24.550877 46.537828:24.550983
1017,46.537828:24.550983 46.538350:24.551662 46.538368:24.551684
1018,46.538368:24.551684 46.538381:24.551701 46.538832:24.552288
1019,46.538832:24.552288 46.539203:24.552774 46.539216:24.552791 46.539249:24.552834
1020,46.543642:24.547119 46.543621:24.547147 46.543607:24.547167 46.543263:24.547623 46.543243:24.547649
1021,46.543243:24.547649 46.543221:24.547679 46.542992:24.547982
1022,46.542992:24.547982 46.542953:24.548033
1023,46.542953:24.548033 46.542185:24.549052 46.542176:24.549064 46.542158:24.549088
1024,46.542158:24.549088 46.542116:24.549144 46.541311:24.550206 46.541291:24.550232
1025,46.541291:24.550232 46.540194:24.551675 46.540168:24.551709 46.540152:24.551730
1026,46.543474:24.544693 46.543455:24.544683 46.543439:24.544664 46.543194:24.544274 46.542941:24.543878 46.542926:24.543852 46.542898:24.543806
1027,46.542898:24.543806 46.542881:24.543779 46.542872:24.543764 46.542773:24.543603 46.542283:24.542814 46.542234:24.542737
1028,46.542380:24.546126 46.542584:24.545867 46.542804:24.545595
1029,46.542804:24.545595 46.542836:24.545556
1030,46.542836:24.545556 46.543431:24.544785
1031,46.543431:24.544785 46.543458:24.544732 46.543474:24.544693
1032,46.543474:24.544693 46.543492:24.544642 46.543505:24.544598 46.543518:24.544520 46.543524:24.544397 46.543550:24.543705 46.543565:24.543321 46.543580:24.543005
1033,46.543580:24.543005 46.543592:24.542927 46.543612:24.542850 46.543693:24.542614 46.543820:24.542250
1034,46.543820:24.542250 46.544005:24.541692 46.544196:24.541100
1035,46.544196:24.541100 46.544317:24.540680 46.544365:24.540522
1036,46.544365:24.540522 46.544521:24.539968
1037,46.544521:24.539968 46.544544:24.539907 46.544555:24.539864 46.544558:24.539835 46.544558:24.539779 46.544534:24.539352 46.544511:24.539008 46.544482:24.538626 46.544458:24.538440 46.544432:24.538280 46.544390:24.538054 46.544355:24.537916 46.544308:24.537792 46.544272:24.537713 46.544236:24.537642
1038,46.544236:24.537642 46.544183:24.537537 46.544144:24.537454 46.544125:24.537425 46.544072:24.537368
1039,46.544072:24.537368 46.544037:24.537359 46.543997:24.537358 46.543948:24.537372 46.543899:24.537402 46.543829:24.537456
1040,46.543829:24.537456 46.543602:24.537642
1041,46.543602:24.537642 46.543418:24.537784
1042,46.543418:24.537784 46.543341:24.537845 46.543278:24.537889 46.543110:24.538012
1043,46.543110:24.538012 46.543037:24.538067 46.542961:24.538106 46.542841:24.538149
1044,46.542841:24.538149 46.542637:24.538227 46.542315:24.538379
1045,46.542315:24.538379 46.542129:24.538455 46.541803:24.538602
1046,46.541803:24.538602 46.541606:24.538692 46.541443:24.538773 46.541387:24.538827
1047,46.541387:24.538827 46.541329:24.538886
1048,46.541329:24.538886 46.541300:24.538954
1049,46.541052:24.540706 46.540981:24.540800 46.540966:24.540819 46.540748:24.541104
1050,46.540748:24.541104 46.539710:24.542450
1051,46.539710:24.542450 46.539490:24.542736
1052,46.539490:24.542736 46.538903:24.543475 46.538874:24.543511
1053,46.543048:24.533504 46.543259:24.533258
1054,46.543513:24.532969 46.543604:24.532860
1055,46.543604:24.532860 46.543768:24.532668
1056,46.547505:24.549007 46.547577:24.549199 46.547589:24.549233 46.547660:24.549391
1057,46.547660:24.549391 46.547738:24.549561
1058,46.547738:24.549561 46.547742:24.549568 46.547837:24.549777
1059,46.547837:24.549777 46.547883:24.549876
1060,46.547883:24.549876 46.547900:24.549914
1061,46.547900:24.549914 46.547918:24.549953 46.548095:24.550356 46.548279:24.550775
1062,46.548279:24.550775 46.548500:24.551263 46.548773:24.551855
1063,46.547980:24.548752 46.547691:24.548911
1064,46.547691:24.548911 46.547664:24.548926 46.547603:24.548959 46.547551:24.548987
1065,46.547551:24.548987 46.547505:24.549007
1066,46.549504:24.553065 46.549461:24.553107 46.549444:24.553123 46.549423:24.553149 46.549418:24.553198 46.549420:24.553247 46.549441:24.553338
1067,46.549697:24.552778 46.549718:24.552783
1068,46.549718:24.552783 46.549754:24.552793 46.549907:24.552836
1069,46.549907:24.552836 46.550036:24.552859 46.550151:24.552848 46.550237:24.552818 46.550507:24.552705 46.550600:24.552688 46.550686:24.552715 46.550732:24.552749
1070,46.550732:24.552749 46.550768:24.552769
1071,46.549641:24.552835 46.549514:24.553047 46.549504:24.553065
1072,46.549697:24.552778 46.549661:24.552803
1073,46.549661:24.552803 46.549641:24.552835
1074,46.554964:24.548832 46.555418:24.548045
1075,46.551778:24.553751 46.553187:24.551587 46.553452:24.551194 46.554108:24.550126 46.554318:24.549809 46.554964:24.548832
1076,46.525378:24.536864 46.524980:24.537333 46.524961:24.537357 46.524932:24.537392
1077,46.525075:24.536050 46.524606:24.536571 46.524598:24.536580 46.524551:24.536633
1078,46.523717:24.533429 46.523545:24.533605 46.523431:24.533728 46.523277:24.533892
1079,46.523335:24.531433 46.523309:24.531459 46.523295:24.531473 46.523253:24.531514
1080,46.523253:24.531514 46.523108:24.531658 46.522998:24.531767 46.522985:24.531795 46.522968:24.531836
1081,46.517827:24.523025 46.517762:24.523090
1082,46.518278:24.524168 46.518255:24.524193 46.518238:24.524211 46.515679:24.526808
1083,46.520516:24.533908 46.520212:24.533358
1084,46.520212:24.533358 46.520033:24.533035 46.520005:24.532911 46.519997:24.532848
1085,46.519997:24.532848 46.520001:24.532768 46.520042:24.532667 46.520080:24.532609
1086,46.520080:24.532609 46.520097:24.532584
1087,46.520097:24.532584 46.520474:24.532142
1088,46.520474:24.532142 46.520542:24.532062
1089,46.520542:24.532062 46.520752:24.531826
1090,46.520752:24.531826 46.520960:24.531592
1091,46.520960:24.531592 46.521125:24.531406
1092,46.521125:24.531406 46.521360:24.531141 46.521426:24.531067
1093,46.521426:24.531067 46.521483:24.531002 46.521545:24.530932 46.521562:24.530913 46.521595:24.530876
1094,46.529086:24.554516 46.529121:24.554702 46.529168:24.554763 46.529308:24.554920 46.529542:24.555211 46.529761:24.555472 46.529932:24.555527
1095,46.530690:24.553054 46.531007:24.552536 46.531034:24.552512 46.531064:24.552500
1096,46.531064:24.552500 46.531096:24.552503 46.531128:24.552525 46.531381:24.552838 46.531396:24.552876 46.531393:24.552918 46.531324:24.553059
1097,46.531064:24.552500 46.530922:24.552311 46.530799:24.552146
1098,46.533548:24.558638 46.533558:24.558647 46.533579:24.558654 46.534112:24.558595 46.534126:24.558594
1099,46.534126:24.558594 46.534147:24.558674 46.534160:24.558719 46.534226:24.558899
1100,46.534226:24.558899 46.534322:24.559150
1101,46.535522:24.556629 46.535713:24.556856 46.535728:24.556873
1102,46.535775:24.556443 46.535728:24.556873
1103,46.535728:24.556873 46.535559:24.558423 46.535556:24.558456 46.535547:24.558541
1104,46.535424:24.556525 46.535167:24.556248
1105,46.522209:24.530274 46.521734:24.530791 46.521719:24.530807 46.521680:24.530850
1106,46.521198:24.536041 46.521235:24.536002 46.521496:24.535728
1107,46.521496:24.535728 46.521608:24.535610
1108,46.521608:24.535610 46.521883:24.535320
1109,46.521883:24.535320 46.521912:24.535290
1110,46.521912:24.535290 46.522319:24.534861 46.522581:24.534586
1111,46.522581:24.534586 46.523086:24.534095 46.523110:24.534073 46.523128:24.534056 46.523157:24.534028
1112,46.529261:24.550830 46.529232:24.550770 46.529225:24.550754 46.528600:24.549459 46.527967:24.548216 46.527945:24.548174 46.527933:24.548149
1113,46.529261:24.550830 46.529143:24.550951 46.529064:24.551005 46.529046:24.551012 46.528936:24.551059
1114,46.529750:24.553437 46.529705:24.553400 46.529694:24.553391 46.529609:24.553321 46.529518:24.553292 46.529434:24.553275 46.529342:24.553283 46.529215:24.553337 46.529109:24.553369 46.529026:24.553366 46.528903:24.553311 46.528646:24.553157 46.528493:24.553043 46.528331:24.552920 46.528192:24.552797 46.528042:24.552630
1115,46.531977:24.553950 46.531890:24.553988 46.531791:24.554039 46.531695:24.554139 46.531647:24.554220
1116,46.531647:24.554220 46.531633:24.554278
1117,46.531633:24.554278 46.531605:24.554443 46.531582:24.554508 46.531552:24.554565 46.531479:24.554680 46.531322:24.554928 46.531314:24.554941
1118,46.531314:24.554941 46.531210:24.555098 46.531120:24.555234 46.531019:24.555387 46.530973:24.555456 46.530934:24.555515
1119,46.534455:24.556770 46.534417:24.556689 46.534398:24.556633 46.534289:24.556235 46.534264:24.556146
1120,46.534264:24.556146 46.534227:24.556055 46.534194:24.555996 46.534158:24.555941 46.533863:24.555493
1121,46.533863:24.555493 46.533614:24.555111 46.533263:24.554569 46.533105:24.554322 46.532612:24.553575
1122,46.532612:24.553575 46.532469:24.553312 46.532044:24.552527
1123,46.534264:24.556146 46.534255:24.556153 46.534232:24.556166 46.533489:24.556589 46.533478:24.556595 46.533446:24.556613
1124,46.533446:24.556613 46.533403:24.556638 46.533392:24.556644 46.533030:24.556855
1125,46.533030:24.556855 46.532740:24.557015
1126,46.532740:24.557015 46.532491:24.557131
1127,46.532491:24.557131 46.532466:24.557138 46.532371:24.557157 46.532321:24.557160
1128,46.551627:24.575447 46.551613:24.575488 46.551594:24.575546 46.551577:24.575596 46.551412:24.576095
1129,46.551412:24.576095 46.551146:24.576845 46.551071:24.577058 46.551064:24.577077 46.551052:24.577111
1130,46.553646:24.578807 46.553621:24.578777 46.552600:24.577546 46.551670:24.576375 46.551434:24.576119 46.551422:24.576106 46.551412:24.576095
1131,46.550854:24.574896 46.551472:24.575310 46.551587:24.575386
1132,46.548083:24.575814 46.548070:24.575818 46.547265:24.576088 46.547258:24.576090
1133,46.537504:24.601518 46.537547:24.601501 46.537561:24.601495 46.538166:24.601253 46.538818:24.601014 46.539176:24.600868 46.539373:24.600714 46.539398:24.600694
1134,46.539398:24.600694 46.539513:24.600496 46.539580:24.600265 46.539604:24.599998 46.539575:24.599718 46.539510:24.599505 46.539460:24.599347 46.539435:24.599300 46.539403:24.599268
1135,46.539403:24.599268 46.539363:24.599242
1136,46.538685:24.555377 46.538637:24.555454 46.537467:24.557326 46.537448:24.557368 46.537421:24.557488
1137,46.528987:24.543394 46.529019:24.543460 46.529818:24.545099 46.529835:24.545134 46.529844:24.545154
1138,46.528531:24.547393 46.528547:24.547418 46.528572:24.547461 46.529931:24.549940 46.529942:24.549961 46.529970:24.550011
1139,46.528019:24.546422 46.527866:24.546099 46.527839:24.546039
1140,46.527839:24.546039 46.527827:24.546013 46.527408:24.545146
1141,46.538138:24.548308 46.538115:24.548338 46.537568:24.549047 46.537553:24.549066 46.537550:24.549071 46.537534:24.549087
1142,46.537534:24.549087 46.537523:24.549106 46.536971:24.549815 46.536960:24.549828 46.536948:24.549845
1143,46.539330:24.551697 46.539317:24.551677 46.539305:24.551659 46.538908:24.551078 46.538885:24.551045
1144,46.538885:24.551045 46.538868:24.551019 46.538465:24.550434 46.538312:24.550209 46.538297:24.550187
1145,46.538297:24.550187 46.538275:24.550155 46.537836:24.549524 46.537618:24.549215 46.537552:24.549111 46.537534:24.549087
1146,46.537534:24.549087 46.537518:24.549065 46.537175:24.548551 46.537132:24.548490 46.537117:24.548465
1147,46.537117:24.548465 46.537097:24.548437 46.536714:24.547875 46.536703:24.547859
1148,46.536703:24.547859 46.536690:24.547841 46.536392:24.547407 46.536207:24.547126 46.536194:24.547104 46.536164:24.547057
1149,46.536164:24.547057 46.536102:24.546958
1150,46.538832:24.552288 46.538852:24.552264 46.538864:24.552251 46.539162:24.551896 46.539330:24.551697
1151,46.539330:24.551697 46.539793:24.551157 46.539865:24.551078 46.539879:24.551064 46.539913:24.551032
1152,46.537749:24.550877 46.537767:24.550854 46.538275:24.550213 46.538283:24.550203 46.538297:24.550187
1153,46.538297:24.550187 46.538313:24.550168 46.538826:24.549523 46.538837:24.549509 46.538865:24.549475
1154,46.539095:24.581174 46.539068:24.581175 46.538899:24.581184 46.538877:24.581185
1155,46.538864:24.580058 46.539064:24.580092
1156,46.539064:24.580092 46.539263:24.580056 46.539290:24.580051 46.539317:24.580046
1157,46.538945:24.548681 46.538955:24.548667 46.538967:24.548650 46.539526:24.547885
1158,46.540128:24.547401 46.540082:24.547318 46.540026:24.547225
1159,46.540026:24.547225 46.539624:24.546580 46.539597:24.546536
1160,46.539597:24.546536 46.540178:24.545772 46.540208:24.545713
1161,46.540208:24.545713 46.540232:24.545675 46.540304:24.545569 46.540734:24.544960
1162,46.540734:24.544960 46.540751:24.544904 46.540805:24.544553
1163,46.540734:24.544960 46.540800:24.545001 46.540821:24.545001 46.540836:24.545001 46.541390:24.544936 46.541893:24.544887
1164,46.541300:24.538954 46.541270:24.539107 46.541243:24.539311
1165,46.541243:24.539311 46.541225:24.539442 46.541124:24.540190
1166,46.541124:24.540190 46.541111:24.540284 46.541052:24.540706
1167,46.542380:24.546126 46.542406:24.546175 46.542425:24.546206 46.543212:24.547594 46.543220:24.547608 46.543243:24.547649
1168,46.537414:24.546911 46.537329:24.547015
1169,46.537329:24.547015 46.537315:24.547034 46.537311:24.547039 46.536732:24.547821 46.536713:24.547845 46.536703:24.547859
1170,46.536703:24.547859 46.536690:24.547877 46.536681:24.547889 46.536102:24.548676 46.536089:24.548693 46.536077:24.548710
1171,46.537093:24.550037 46.537067:24.550075 46.536967:24.550211 46.536754:24.550504 46.536301:24.551127 46.535871:24.551750 46.535862:24.551767 46.535839:24.551801
1172,46.536565:24.552730 46.536589:24.552695 46.536871:24.552305 46.537409:24.551560 46.537783:24.551051 46.537800:24.551025 46.537828:24.550983
1173,46.534462:24.549344 46.534470:24.549294 46.534508:24.549195 46.534601:24.549055 46.535139:24.548362
1174,46.535139:24.548362 46.535468:24.547919
1175,46.533808:24.548065 46.533816:24.548055 46.534925:24.546654 46.534936:24.546640 46.534953:24.546618
1176,46.529844:24.545154 46.529761:24.545232 46.529361:24.545606 46.529340:24.545626
1177,46.529340:24.545626 46.529279:24.545683
1178,46.529279:24.545683 46.529040:24.545907 46.528972:24.545976
1179,46.538781:24.543587 46.538734:24.543611 46.538694:24.543659 46.538510:24.543886 46.538399:24.544029
1180,46.538399:24.544029 46.538255:24.544214
1181,46.538255:24.544214 46.538128:24.544377
1182,46.538128:24.544377 46.537695:24.544932
1183,46.537695:24.544932 46.537612:24.545037 46.537399:24.545308
1184,46.537399:24.545308 46.536853:24.546002
1185,46.536853:24.546002 46.536809:24.546059
1186,46.536809:24.546059 46.536772:24.546106
1187,46.536772:24.546106 46.536102:24.546958
1188,46.536102:24.546958 46.536079:24.546986
1189,46.536079:24.546986 46.535753:24.547452 46.535719:24.547577
1190,46.535719:24.547577 46.535802:24.547538 46.536164:24.547057
1191,46.536164:24.547057 46.536832:24.546205
1192,46.536832:24.546205 46.536914:24.546100
1193,46.536914:24.546100 46.537567:24.545260
1194,46.537567:24.545260 46.537670:24.545127 46.538310:24.544304
1195,46.538310:24.544304 46.538649:24.543868 46.538747:24.543746 46.538786:24.543697 46.538809:24.543632
1196,46.536874:24.540515 46.536882:24.540529 46.537222:24.541074
1197,46.537222:24.541074 46.537466:24.541471 46.537588:24.541670
1198,46.537588:24.541670 46.537965:24.542283
1199,46.537965:24.542283 46.538030:24.542389
1200,46.538030:24.542389 46.538226:24.542707
1201,46.538226:24.542707 46.538277:24.542790
1202,46.538277:24.542790 46.538329:24.542875 46.538710:24.543503 46.538781:24.543537
1203,46.530755:24.597097 46.530706:24.597166
1204,46.530706:24.597166 46.530606:24.597306
1205,46.530606:24.597306 46.530501:24.597455
1206,46.530501:24.597455 46.530404:24.597591
1207,46.530404:24.597591 46.530297:24.597742
1208,46.530297:24.597742 46.530209:24.597866
1209,46.530629:24.596522 46.530535:24.596385 46.530234:24.595951 46.530167:24.595865
1210,46.531992:24.598254 46.531921:24.598212 46.531450:24.597538 46.531326:24.597349
1211,46.531326:24.597349 46.531227:24.597199
1212,46.531227:24.597199 46.531129:24.597049
1213,46.531129:24.597049 46.531101:24.597006
1214,46.531101:24.597006 46.531009:24.596866
1215,46.531009:24.596866 46.530982:24.596825 46.530923:24.596774
1216,46.530337:24.598102 46.530436:24.597959
1217,46.530436:24.597959 46.530547:24.597798
1218,46.530547:24.597798 46.530641:24.597663
1219,46.530641:24.597663 46.530746:24.597511
1220,46.530746:24.597511 46.530846:24.597367
1221,46.530846:24.597367 46.530912:24.597271 46.530947:24.597221
1222,46.531736:24.593549 46.533803:24.595094
1223,46.534212:24.552847 46.534588:24.553321 46.534645:24.553394
1224,46.534645:24.553394 46.534669:24.553423 46.534864:24.553671 46.535055:24.553902
1225,46.535055:24.553902 46.535189:24.554085 46.535489:24.554482
1226,46.535318:24.554759 46.535357:24.554696 46.535377:24.554664 46.535489:24.554482
1227,46.535489:24.554482 46.535641:24.554235
1228,46.535641:24.554235 46.535833:24.553921
1229,46.534606:24.552225 46.534454:24.552465 46.534212:24.552847
1230,46.535385:24.554041 46.535667:24.553583 46.535571:24.553455 46.535426:24.553270
1231,46.535426:24.553270 46.535401:24.553236 46.535056:24.552803 46.535032:24.552773
1232,46.535032:24.552773 46.534972:24.552696 46.534606:24.552225
1233,46.534745:24.554019 46.534704:24.554085 46.534318:24.554729
1234,46.534472:24.551554 46.534436:24.551606 46.534066:24.552085 46.533917:24.552280
1235,46.533424:24.551508 46.533366:24.551585 46.533861:24.552348 46.533917:24.552280
1236,46.536546:24.549315 46.536524:24.549345 46.536510:24.549362 46.535276:24.550997 46.535266:24.551010 46.535251:24.551030
1237,46.537813:24.547557 46.537729:24.547668
1238,46.537729:24.547668 46.537715:24.547685 46.537706:24.547698 46.537154:24.548417 46.537128:24.548448 46.537117:24.548465
1239,46.537117:24.548465 46.537103:24.548485 46.537090:24.548501 46.536543:24.549232 46.536530:24.549250 46.536524:24.549257 46.536513:24.549273
1240,46.540128:24.547401 46.540721:24.546659 46.540734:24.546644 46.540760:24.546609
1241,46.540760:24.546609 46.540778:24.546585 46.540798:24.546560 46.541939:24.545050 46.542006:24.544960
1242,46.542006:24.544960 46.542233:24.544701 46.542253:24.544678
1243,46.542253:24.544678 46.542265:24.544662 46.542270:24.544655 46.542882:24.543827 46.542898:24.543806
1244,46.542898:24.543806 46.542928:24.543767 46.543541:24.543008 46.543560:24.543007 46.543572:24.543005 46.543580:24.543005
1245,46.556574:24.564798 46.556560:24.564784 46.556550:24.564774 46.555377:24.563614 46.555364:24.563601
1246,46.555364:24.563601 46.555339:24.563574 46.554798:24.562998
1247,46.554798:24.562998 46.554068:24.562877
1248,46.554068:24.562877 46.553928:24.562853 46.553913:24.562854 46.553897:24.562854 46.553875:24.562861
1249,46.555510:24.562140 46.555478:24.562179 46.555472:24.562186 46.554816:24.562976 46.554808:24.562986 46.554798:24.562998
1250,46.539402:24.544427 46.539434:24.544385 46.539445:24.544370 46.540719:24.542720 46.540742:24.542690 46.540776:24.542646
1251,46.540951:24.541374 46.540986:24.541386 46.540997:24.541389 46.542478:24.541837 46.542498:24.541843 46.542578:24.541867
1252,46.542578:24.541867 46.542651:24.541887 46.542670:24.541892 46.543796:24.542241 46.543805:24.542244 46.543820:24.542250
1253,46.541124:24.540190 46.541154:24.540199 46.542654:24.540658 46.542681:24.540666 46.542747:24.540684
1254,46.542747:24.540684 46.542820:24.540705 46.544172:24.541093 46.544179:24.541094 46.544196:24.541100
1255,46.556742:24.547101 46.556717:24.547129 46.556698:24.547165 46.556695:24.547209 46.556701:24.547251 46.556708:24.547264 46.556722:24.547293 46.556744:24.547326 46.556771:24.547364 46.556785:24.547380
1256,46.561692:24.540474 46.561567:24.540666 46.561559:24.540681 46.560627:24.542391 46.560516:24.542591
1257,46.560516:24.542591 46.560462:24.542710 46.560306:24.543019 46.560232:24.543148
1258,46.560232:24.543148 46.560167:24.543272 46.560150:24.543303 46.560110:24.543379 46.560037:24.543517 46.559860:24.543855 46.559834:24.543904
1259,46.559834:24.543904 46.559790:24.543988 46.559660:24.544234 46.559599:24.544349 46.559587:24.544374
1260,46.559587:24.544374 46.559577:24.544392 46.559480:24.544578 46.559342:24.544841
1261,46.559342:24.544841 46.559270:24.544978
1262,46.559814:24.548797 46.559828:24.548803 46.560396:24.549062
1263,46.560396:24.549062 46.560406:24.549067 46.560644:24.549178
1264,46.560644:24.549178 46.560865:24.549274 46.560891:24.549283
1265,46.560891:24.549283 46.560910:24.549289
1266,46.560967:24.550566 46.560973:24.550537 46.560977:24.550518 46.561205:24.549501 46.561215:24.549446
1267,46.561298:24.549091 46.561534:24.549182
1268,46.561534:24.549182 46.561607:24.549210
1269,46.561607:24.549210 46.561662:24.549233 46.562010:24.549399
1270,46.562010:24.549399 46.562191:24.549478
1271,46.562191:24.549478 46.562234:24.549498 46.562549:24.549647
1272,46.562549:24.549647 46.562737:24.549730 46.562751:24.549737 46.562835:24.549777
1273,46.564872:24.552746 46.564720:24.552508 46.564710:24.552392
1274,46.564710:24.552392 46.564674:24.551919 46.564665:24.551775
1275,46.564665:24.551775 46.564647:24.551456
1276,46.564647:24.551456 46.564612:24.551156
1277,46.564612:24.551156 46.564587:24.550851
1278,46.558852:24.549597 46.558872:24.549609 46.558928:24.549635 46.559455:24.549876
1279,46.559455:24.549876 46.559643:24.549962
1280,46.559643:24.549962 46.560246:24.550238
1281,46.560246:24.550238 46.560967:24.550566
1282,46.560967:24.550566 46.561053:24.550608 46.562050:24.551069 46.562513:24.551283
1283,46.531652:24.550193 46.531308:24.549802
1284,46.531308:24.549802 46.531186:24.549657 46.531165:24.549629 46.530970:24.549384
1285,46.530970:24.549384 46.530772:24.549129
1286,46.531308:24.549802 46.531322:24.549683 46.531354:24.549400 46.531220:24.549232 46.531023:24.549352 46.530970:24.549384
1287,46.527369:24.541165 46.527487:24.541390 46.528020:24.540813
1288,46.527651:24.543397 46.527679:24.543312 46.527757:24.543073 46.527696:24.542935 46.527636:24.542797 46.527524:24.542837 46.527426:24.542629 46.527375:24.542655 46.527327:24.542679
1289,46.526047:24.539598 46.525993:24.539676
1290,46.519790:24.527303 46.519866:24.527221
1291,46.521106:24.529701 46.521132:24.529675 46.521159:24.529648 46.521354:24.529455
1292,46.521354:24.529455 46.521482:24.529328 46.521572:24.529257 46.521680:24.529214
1293,46.521680:24.529214 46.521786:24.529196 46.521875:24.529200 46.521960:24.529238 46.522039:24.529306 46.522109:24.529397 46.522325:24.529756 46.522661:24.530314 46.522990:24.530860 46.523335:24.531433
1294,46.523335:24.531433 46.524055:24.532621 46.524183:24.532870
1295,46.524183:24.532870 46.524733:24.533893
1296,46.524733:24.533893 46.524791:24.534002
1297,46.524791:24.534002 46.525194:24.534765
1298,46.525194:24.534765 46.525221:24.534818 46.526129:24.536541
1299,46.526129:24.536541 46.526832:24.537782 46.526891:24.537922
1300,46.526891:24.537922 46.526901:24.538064 46.526853:24.538215 46.526481:24.538853
1301,46.526481:24.538853 46.526094:24.539517 46.526085:24.539532 46.526047:24.539598
1302,46.528453:24.545380 46.528388:24.545443 46.528019:24.545834 46.527839:24.546039
1303,46.527839:24.546039 46.527480:24.546423 46.527375:24.546532 46.527157:24.546776
1304,46.527157:24.546776 46.527010:24.546942 46.526769:24.547198 46.526593:24.547389 46.526545:24.547443 46.526496:24.547496 46.526477:24.547515
1305,46.526477:24.547515 46.526470:24.547522 46.526277:24.547717 46.525996:24.548019 46.525871:24.548154
1306,46.525871:24.548154 46.525681:24.548363 46.524936:24.549160 46.524924:24.549173 46.524902:24.549199
1307,46.535128:24.558795 46.535104:24.558712 46.535099:24.558694 46.534996:24.558353 46.534979:24.558258 46.534970:24.558153 46.535074:24.557321 46.535090:24.557224 46.535120:24.557136 46.535185:24.556984 46.535394:24.556580 46.535403:24.556563 46.535424:24.556525
1308,46.529170:24.554372 46.529240:24.554321
1309,46.529240:24.554321 46.529258:24.554294 46.529273:24.554269 46.529290:24.554239 46.529457:24.553952 46.529516:24.553849 46.529595:24.553716
1310,46.529595:24.553716 46.529750:24.553437
1311,46.528012:24.553493 46.527988:24.553507 46.527969:24.553534 46.527959:24.553569 46.527959:24.553607 46.527969:24.553643
1312,46.530127:24.560763 46.530451:24.560212
1313,46.534393:24.557039 46.534325:24.557072 46.533928:24.557289 46.533532:24.557515 46.533509:24.557530 46.533465:24.557559
1314,46.530363:24.554759 46.530141:24.554457 46.529880:24.554102
1315,46.529880:24.554102 46.529639:24.553775 46.529621:24.553751 46.529595:24.553716
1316,46.532321:24.557160 46.532240:24.557135 46.532145:24.557055
1317,46.532145:24.557055 46.532022:24.556899
1318,46.532022:24.556899 46.531892:24.556735
1319,46.531892:24.556735 46.531788:24.556603
1320,46.531788:24.556603 46.531525:24.556262 46.531492:24.556222
1321,46.532164:24.582066 46.532488:24.582397
1322,46.532488:24.582397 46.532864:24.582777
1323,46.532864:24.582777 46.532991:24.582906
1324,46.531161:24.581754 46.531149:24.581413 46.531099:24.580475 46.531053:24.580288
1325,46.564587:24.550851 46.564630:24.550845 46.564653:24.550842 46.564666:24.550832 46.564679:24.550825 46.565111:24.550274
1326,46.565111:24.550274 46.565528:24.549740 46.565550:24.549713
1327,46.564439:24.548206 46.564471:24.548212 46.564478:24.548213 46.564506:24.548218 46.564573:24.548270 46.564711:24.548412 46.564891:24.548664 46.565521:24.549666 46.565550:24.549713
1328,46.565550:24.549713 46.566019:24.550487
1329,46.566019:24.550487 46.566276:24.550911 46.566291:24.550919
1330,46.566291:24.550919 46.566307:24.550916 46.566449:24.550727
1331,46.566449:24.550727 46.566873:24.550165 46.566883:24.550151 46.566897:24.550133 46.566912:24.550112
1332,46.565595:24.547923 46.565597:24.547966 46.565607:24.548023 46.565632:24.548087 46.566151:24.548932 46.566912:24.550112
1333,46.569798:24.547400 46.569983:24.547617 46.570629:24.548382 46.571636:24.549515
1334,46.551409:24.582369 46.551411:24.582348 46.551416:24.582298 46.551466:24.581613 46.551467:24.581570 46.551462:24.581515 46.551444:24.581457 46.551424:24.581393 46.551400:24.581335 46.551313:24.581186 46.551195:24.581006 46.550922:24.580638 46.550737:24.580397 46.550180:24.579683 46.550138:24.579632
1335,46.554111:24.577814 46.554067:24.577891
1336,46.554067:24.577891 46.553993:24.578008
1337,46.549696:24.580576 46.549717:24.580589 46.549738:24.580601 46.549791:24.580640 46.549917:24.580760 46.550026:24.580890 46.550573:24.581567
1338,46.547690:24.573608 46.547589:24.574145
1339,46.547589:24.574145 46.547371:24.575307 46.547244:24.576046
1340,46.535247:24.552421 46.534949:24.552160 46.534811:24.552047 46.534749:24.551973 46.534664:24.551868 46.534619:24.551795 46.534472:24.551554
1341,46.534472:24.551554 46.533923:24.550677
1342,46.533923:24.550677 46.533876:24.550597
1343,46.553821:24.624709 46.553577:24.624586 46.553344:24.624518
1344,46.553344:24.624518 46.553287:24.624502
1345,46.553287:24.624502 46.552873:24.624395
1346,46.552873:24.624395 46.552606:24.624323
1347,46.552606:24.624323 46.552344:24.624254
1348,46.552344:24.624254 46.551947:24.624150
1349,46.551947:24.624150 46.551578:24.624057
1350,46.551578:24.624057 46.551406:24.624013
1351,46.551406:24.624013 46.549932:24.623673
1352,46.549932:24.623673 46.549866:24.623652
1353,46.549866:24.623652 46.549426:24.623424
1354,46.549426:24.623424 46.549383:24.623401
1355,46.549383:24.623401 46.547981:24.622673 46.547760:24.622606 46.547511:24.622586 46.547203:24.622620
1356,46.547203:24.622620 46.546210:24.623068
1357,46.546210:24.623068 46.545628:24.623338
1358,46.547078:24.636712 46.547165:24.636715 46.547234:24.636683 46.547312:24.636598
1359,46.547312:24.636598 46.547555:24.635974 46.547632:24.635861 46.547729:24.635738 46.547908:24.635548 46.548286:24.635288 46.549147:24.634813 46.549240:24.634784
1360,46.547908:24.627497 46.547029:24.627816 46.546739:24.625725 46.546510:24.624266 46.546380:24.623483 46.546312:24.623258 46.546210:24.623068
1361,46.550044:24.628412 46.548653:24.630608 46.548126:24.631986
1362,46.549866:24.623652 46.549939:24.624580 46.549934:24.624636 46.549920:24.624660 46.549731:24.624856 46.549710:24.624898 46.549680:24.624995 46.549698:24.625165
1363,46.549698:24.625165 46.549723:24.625404
1364,46.549723:24.625404 46.549762:24.625775
1365,46.549762:24.625775 46.549778:24.625940
1366,46.549778:24.625940 46.549824:24.626358
1367,46.549824:24.626358 46.549905:24.627125
1368,46.549905:24.627125 46.549956:24.627614
1369,46.549956:24.627614 46.549998:24.628008
1370,46.549998:24.628008 46.550044:24.628412
1371,46.531098:24.582877 46.531158:24.582931 46.531217:24.582974 46.531262:24.583018 46.531314:24.583048 46.531333:24.583053
1372,46.531333:24.583053 46.531401:24.583079
1373,46.531401:24.583079 46.531419:24.583084 46.531478:24.583034 46.531533:24.582953 46.531580:24.582879 46.531649:24.582781
1374,46.530029:24.581955 46.529985:24.581949 46.529950:24.581910 46.529929:24.581856 46.529891:24.581599
1375,46.529891:24.581599 46.529774:24.581044 46.529596:24.579907
1376,46.529596:24.579907 46.529421:24.578971 46.529319:24.578078 46.529214:24.577668 46.529027:24.577298 46.528676:24.576923 46.528457:24.576732 46.528182:24.576506 46.527891:24.576311 46.527690:24.576265 46.527509:24.576263
1377,46.555602:24.567141 46.555469:24.567248 46.555299:24.567411 46.555290:24.567429
1378,46.555290:24.567429 46.555124:24.567744
1379,46.555124:24.567744 46.554899:24.568168 46.554753:24.568441
1380,46.554753:24.568441 46.554711:24.568503 46.554613:24.568574 46.554480:24.568629
1381,46.554480:24.568629 46.554265:24.568751 46.554220:24.568776
1382,46.531663:24.550535 46.531726:24.550561 46.531829:24.550635 46.532016:24.550788
1383,46.524508:24.614876 46.524505:24.615365 46.524479:24.615921 46.524418:24.617235 46.524414:24.617674 46.524451:24.618095 46.524658:24.620051
1384,46.504020:24.640839 46.503428:24.640977 46.503282:24.640996 46.503062:24.640966 46.503011:24.640965 46.502969:24.640988 46.502940:24.641083 46.503014:24.641552
1385,46.506776:24.629862 46.506776:24.629285 46.506814:24.628801 46.506965:24.627430 46.507201:24.625854 46.507419:24.624196 46.507491:24.623532 46.507525:24.622970
1386,46.507525:24.622970 46.507528:24.622912 46.507571:24.622430 46.507606:24.622024 46.507650:24.621623 46.507712:24.621163
1387,46.507712:24.621163 46.507758:24.620880 46.507809:24.620570 46.507893:24.620086 46.508091:24.619152 46.508138:24.618926 46.508162:24.618754
1388,46.508162:24.618754 46.508132:24.618665
1389,46.582753:24.633704 46.582256:24.632162
1390,46.582256:24.632162 46.582012:24.631405
1391,46.582012:24.631405 46.581655:24.630296
1392,46.581655:24.630296 46.581531:24.629890
1393,46.581531:24.629890 46.581423:24.629355 46.581278:24.628495 46.581071:24.627251
1394,46.581071:24.627251 46.581013:24.626897
1395,46.581013:24.626897 46.580910:24.626321
1396,46.580910:24.626321 46.580710:24.625191
1397,46.580710:24.625191 46.580510:24.624064
1398,46.580510:24.624064 46.580175:24.622175
1399,46.580175:24.622175 46.580005:24.621218
1400,46.581810:24.604812 46.581899:24.604736 46.582038:24.604637 46.582192:24.604562
1401,46.582192:24.604562 46.583104:24.604229
1402,46.583104:24.604229 46.583436:24.604201
1403,46.583436:24.604201 46.584370:24.604121
1404,46.584370:24.604121 46.585458:24.604008
1405,46.585458:24.604008 46.587050:24.603824
1406,46.587050:24.603824 46.587169:24.603771
1407,46.576962:24.608443 46.577284:24.608114
1408,46.577284:24.608114 46.577553:24.607843
1409,46.577553:24.607843 46.577735:24.607686 46.577863:24.607603 46.577998:24.607546
1410,46.577998:24.607546 46.578106:24.607519 46.578374:24.607481 46.578527:24.607449 46.578594:24.607422 46.578654:24.607386
1411,46.578654:24.607386 46.578860:24.607243
1412,46.578860:24.607243 46.579016:24.607135 46.579159:24.607040 46.579292:24.606970 46.579471:24.606927 46.579554:24.606886 46.579581:24.606859
1413,46.577680:24.612831 46.578415:24.612837
1414,46.578415:24.612837 46.578635:24.612618
1415,46.578635:24.612618 46.579593:24.611666 46.579631:24.611623 46.579661:24.611574 46.580119:24.610846 46.580453:24.610272
1416,46.583240:24.611816 46.583115:24.611924 46.582821:24.612042
1417,46.582821:24.612042 46.582322:24.612104
1418,46.582322:24.612104 46.582155:24.612117 46.582047:24.612134
1419,46.582047:24.612134 46.581958:24.612213 46.581399:24.613077 46.581130:24.613485
1420,46.581130:24.613485 46.579904:24.615634
1421,46.579904:24.615634 46.578945:24.617105
1422,46.576486:24.610863 46.576459:24.610910 46.575228:24.614601
1423,46.574973:24.607640 46.574931:24.607692 46.574852:24.607858 46.573693:24.611189 46.573520:24.611749
1424,46.572867:24.611043 46.574331:24.606877 46.574360:24.606795
1425,46.573707:24.606113 46.574360:24.606795
1426,46.574360:24.606795 46.574782:24.607248
1427,46.574782:24.607248 46.574892:24.607442 46.574973:24.607640
1428,46.574973:24.607640 46.575492:24.608993
1429,46.575492:24.608993 46.575814:24.609796 46.576040:24.610241 46.576310:24.610634 46.576486:24.610863
1430,46.576486:24.610863 46.576872:24.611338 46.576932:24.611434 46.576975:24.611529 46.577008:24.611709 46.577025:24.611822 46.577043:24.611880 46.577070:24.611933 46.577463:24.612559 46.577594:24.612686 46.577673:24.612713
1431,46.573520:24.611749 46.572867:24.611043
1432,46.572867:24.611043 46.572258:24.610403
1433,46.572258:24.610403 46.571534:24.609637
1434,46.548328:24.586040 46.548418:24.585862 46.548420:24.585737 46.548393:24.585615 46.548403:24.585373 46.548426:24.585286 46.548468:24.585057 46.548542:24.584638 46.548625:24.584100 46.548641:24.583897 46.548644:24.583688 46.548606:24.583439 46.548562:24.583043 46.548511:24.582784 46.548468:24.582542 46.548414:24.582279 46.548384:24.581990 46.548377:24.581877 46.548329:24.580703 46.548290:24.580126
1435,46.551875:24.507302 46.551797:24.507332 46.551453:24.507335
1436,46.551705:24.506150 46.551806:24.506150 46.551907:24.506175 46.552024:24.506219 46.552114:24.506300 46.552886:24.507054 46.553155:24.507313
1437,46.552300:24.511063 46.551600:24.510157 46.550723:24.509042 46.550693:24.509001 46.550669:24.508937 46.550662:24.508869 46.550680:24.508804 46.550738:24.508697 46.550970:24.508383 46.551082:24.508271
1438,46.553430:24.506733 46.552700:24.506031 46.552643:24.505960 46.552614:24.505841 46.552631:24.505410
1439,46.552839:24.508007 46.552082:24.507300 46.551979:24.507272 46.551875:24.507302
1440,46.551896:24.505452 46.551966:24.505377 46.552064:24.505245 46.552133:24.505069 46.552287:24.504473 46.552303:24.504264 46.552282:24.503990 46.552285:24.503709 46.552343:24.503488 46.552457:24.503309 46.552613:24.503175 46.552758:24.503134 46.552882:24.503134 46.552927:24.503153 46.553007:24.503180 46.553068:24.503226 46.553196:24.503362 46.553288:24.503539 46.553338:24.503762 46.553350:24.504019 46.553303:24.504243 46.553175:24.504490 46.553094:24.504697 46.553028:24.504923 46.553027:24.505041 46.553049:24.505189 46.553033:24.505290 46.552976:24.505374 46.552843:24.505477
1441,46.551415:24.505131 46.551537:24.505139
1442,46.552598:24.510272 46.553292:24.510009 46.553506:24.509901 46.553711:24.509754 46.553844:24.509574 46.553956:24.509373
1443,46.553956:24.509373 46.554105:24.509144
1444,46.554105:24.509144 46.554305:24.508755 46.554369:24.508588 46.554378:24.508449
1445,46.554378:24.508449 46.554295:24.508347
1446,46.554295:24.508347 46.554180:24.508198
1447,46.515516:24.610129 46.515581:24.610247 46.515618:24.610316
1448,46.515618:24.610316 46.515662:24.610343 46.515743:24.610357 46.516238:24.610351 46.516421:24.610365 46.516687:24.610397 46.516832:24.610443 46.516975:24.610491 46.517227:24.610636 46.517512:24.610872 46.517790:24.611105 46.518088:24.611341 46.518656:24.611762 46.518747:24.611796
1449,46.549498:24.634206 46.549920:24.634530 46.550145:24.634708 46.550333:24.634773
1450,46.550333:24.634773 46.550575:24.635196 46.551319:24.636327 46.551409:24.636486 46.551493:24.636682 46.551661:24.637478 46.551750:24.637674 46.551804:24.637739 46.551870:24.637788
1451,46.551870:24.637788 46.551999:24.637802
1452,46.551760:24.652186 46.552087:24.653157 46.552262:24.653712 46.552375:24.654130 46.552540:24.654970 46.552618:24.655434 46.552643:24.655748 46.552628:24.656308 46.552631:24.656601 46.552762:24.657727 46.552772:24.658148 46.552760:24.658508 46.552616:24.659463 46.552609:24.659644
1453,46.552609:24.659644 46.552586:24.661029 46.552573:24.662186 46.552626:24.663341 46.552624:24.663857 46.552638:24.664342 46.552687:24.664926 46.552721:24.665473 46.552844:24.666852 46.553031:24.668250 46.553052:24.668498
1454,46.551055:24.638329 46.551418:24.638129
1455,46.549368:24.633456 46.549480:24.633373 46.549637:24.633236 46.549798:24.633043 46.549926:24.632842
1456,46.549926:24.632842 46.550199:24.632417 46.550260:24.632373 46.550323:24.632356 46.550449:24.632330 46.550597:24.632332 46.550743:24.632351
1457,46.551276:24.634352 46.551347:24.634162 46.551376:24.633982 46.551380:24.633845 46.551347:24.633638 46.551250:24.633358 46.551133:24.633146 46.550978:24.632932 46.550838:24.632675 46.550751:24.632420 46.550743:24.632351
1458,46.550743:24.632351 46.550749:24.632263 46.550781:24.632198 46.551156:24.631708 46.551194:24.631640 46.551226:24.631554 46.551250:24.631469 46.551262:24.631380
1459,46.551262:24.631380 46.551374:24.631233 46.552235:24.630041 46.552454:24.629772
1460,46.552454:24.629772 46.552726:24.629435
1461,46.552726:24.629435 46.553283:24.628834
1462,46.553283:24.628834 46.553599:24.628632
1463,46.544936:24.531328 46.544984:24.531284 46.545128:24.531202 46.545223:24.531174
1464,46.545223:24.531174 46.545318:24.531162 46.545521:24.531184 46.545723:24.531248 46.547243:24.532100 46.547425:24.532179 46.547589:24.532210 46.547720:24.532195 46.547848:24.532154
1465,46.543768:24.532668 46.544864:24.531401
1466,46.525318:24.525372 46.525351:24.525342 46.525370:24.525326 46.525644:24.525091
1467,46.525644:24.525091 46.526216:24.524624 46.526512:24.524367
1468,46.526512:24.524367 46.526680:24.524221 46.526896:24.524052 46.526919:24.524010 46.526930:24.523973 46.526930:24.523920 46.526923:24.523862 46.526872:24.523727 46.526819:24.523586 46.526759:24.523398 46.526689:24.523108 46.526673:24.522927 46.526667:24.522805 46.526677:24.522758 46.526685:24.522717 46.526700:24.522639
1469,46.561766:24.542072 46.561771:24.542268 46.561788:24.542432
1470,46.561788:24.542432 46.561801:24.542517 46.561818:24.542621 46.561883:24.542954
1471,46.561883:24.542954 46.561983:24.543485 46.562072:24.543925
1472,46.557095:24.545643 46.557149:24.545717 46.557175:24.545754 46.557354:24.546003
1473,46.562439:24.545362 46.562402:24.545399 46.562390:24.545412 46.561823:24.546009
1474,46.561823:24.546009 46.560558:24.547364 46.560549:24.547374 46.560543:24.547380 46.560441:24.547494
1475,46.580301:24.542138 46.580439:24.541605 46.580543:24.541181
1476,46.580543:24.541181 46.580658:24.540750
1477,46.555028:24.543570 46.555252:24.543703
1478,46.555252:24.543703 46.554369:24.544919 46.553917:24.545539
1479,46.556869:24.541527 46.557046:24.541216
1480,46.557046:24.541216 46.557087:24.541146 46.557152:24.541045
1481,46.557152:24.541045 46.557193:24.540985 46.557372:24.540727 46.557405:24.540681
1482,46.557405:24.540681 46.557852:24.540036 46.558099:24.539647 46.558268:24.539337 46.558401:24.539086
1483,46.558401:24.539086 46.558605:24.538680 46.558665:24.538639
1484,46.556480:24.541057 46.556869:24.541527
1485,46.556869:24.541527 46.558112:24.543133 46.558148:24.543179
1486,46.546653:24.586973 46.546876:24.587391 46.547201:24.587913
1487,46.547353:24.587537 46.547444:24.587058 46.547453:24.587010
1488,46.546756:24.561509 46.546504:24.561227 46.546405:24.561115 46.546378:24.561085 46.546148:24.560824 46.545906:24.560555 46.545888:24.560536 46.545778:24.560412 46.545560:24.560170
1489,46.545560:24.560170 46.545250:24.559805 46.545206:24.559752
1490,46.547092:24.561890 46.547039:24.561830 46.547016:24.561804 46.546756:24.561509
1491,46.547086:24.574361 46.547054:24.574347 46.547032:24.574337 46.546742:24.574209 46.546416:24.574046
1492,46.546721:24.572319 46.546707:24.572352 46.546697:24.572376 46.546414:24.573048 46.546368:24.573156 46.546110:24.573822 46.546101:24.573845 46.546087:24.573881
1493,46.550542:24.565030 46.550509:24.565102 46.550498:24.565125 46.550469:24.565190 46.550388:24.565337 46.550304:24.565441 46.550206:24.565578 46.550166:24.565660 46.550142:24.565757 46.550083:24.566113 46.550020:24.566483 46.549988:24.566622 46.549965:24.566683 46.549953:24.566715 46.549943:24.566743
1494,46.545358:24.559430 46.545341:24.559414 46.545332:24.559405 46.545103:24.559164 46.545032:24.559089
1495,46.545032:24.559089 46.544703:24.558736 46.544593:24.558630
1496,46.544593:24.558630 46.544586:24.558618 46.544473:24.558513
1497,46.544473:24.558513 46.544400:24.558457
1498,46.560496:24.572272 46.560442:24.572379 46.560352:24.572436 46.560230:24.572449 46.560147:24.572410 46.560061:24.572314 46.560047:24.572147 46.560111:24.571263 46.560128:24.570871 46.560249:24.570218 46.560344:24.569891 46.560409:24.569748 46.560463:24.569689
1499,46.560480:24.576804 46.560388:24.576513 46.560346:24.576272
1500,46.551550:24.582891 46.551641:24.582427
1501,46.550692:24.573740 46.550497:24.573629 46.550368:24.573555
1502,46.555642:24.570938 46.555680:24.570899 46.556059:24.570506 46.556073:24.570490 46.556096:24.570467
1503,46.560622:24.578796 46.560614:24.578783 46.559920:24.577443 46.559893:24.577393
1504,46.559301:24.575151 46.559424:24.575483
1505,46.559424:24.575483 46.559813:24.576580 46.560005:24.577120 46.560014:24.577146
1506,46.558874:24.576127 46.558894:24.576145 46.559797:24.576952 46.559999:24.577132 46.560014:24.577146
1507,46.558312:24.576797 46.558408:24.576678 46.558422:24.576660 46.558518:24.576538 46.558874:24.576127
1508,46.558874:24.576127 46.559405:24.575505 46.559424:24.575483
1509,46.556996:24.572498 46.557011:24.572529 46.557123:24.572747 46.557133:24.572767
1510,46.557133:24.572767 46.557600:24.573681
1511,46.557600:24.573681 46.557663:24.573804 46.557886:24.574251 46.558011:24.574503 46.558063:24.574602 46.558100:24.574673
1512,46.594865:24.531580 46.594847:24.530839 46.594805:24.530066
1513,46.594805:24.530066 46.594755:24.529609 46.594688:24.529184 46.594571:24.528628 46.594423:24.528108 46.594349:24.527809 46.594295:24.527467 46.594260:24.527085 46.594166:24.525946 46.594128:24.525317 46.594132:24.524797 46.594116:24.524250 46.594123:24.523711 46.594160:24.523013 46.594221:24.522109 46.594226:24.521736 46.594226:24.520733
1514,46.594226:24.520733 46.594159:24.519786 46.594126:24.519178 46.593933:24.517190 46.593895:24.516584 46.593895:24.516389 46.593899:24.516301 46.593919:24.516222
1515,46.593919:24.516222 46.594075:24.515913 46.594186:24.515675
1516,46.594186:24.515675 46.594308:24.515221 46.594402:24.514786
1517,46.594402:24.514786 46.594452:24.514599 46.594507:24.514462 46.594732:24.514020 46.594823:24.513793 46.594881:24.513528 46.594917:24.513192 46.594917:24.512982 46.594902:24.512864 46.594864:24.512777 46.594780:24.512692 46.594430:24.512398 46.594376:24.512295 46.594355:24.512204 46.594374:24.512062 46.594404:24.511885 46.594524:24.511466
1518,46.594524:24.511466 46.594598:24.511276 46.594631:24.511193 46.594693:24.511091
1519,46.594693:24.511091 46.594847:24.510945 46.594988:24.510819 46.595302:24.510581 46.595483:24.510489 46.595580:24.510432 46.595726:24.510337 46.595802:24.510239 46.595936:24.510030 46.595993:24.509931 46.596044:24.509884 46.596099:24.509840
1520,46.596099:24.509840 46.596267:24.509752 46.597122:24.509260 46.597406:24.509098 46.597578:24.508992
1521,46.597578:24.508992 46.597720:24.508905 46.597879:24.508783 46.597984:24.508669 46.598142:24.508472 46.598476:24.507986
1522,46.594226:24.520733 46.594495:24.520704 46.594764:24.520672 46.595064:24.520641 46.595084:24.520626
1523,46.595084:24.520626 46.595106:24.520599 46.595119:24.520544 46.595172:24.520358 46.595218:24.519870
1524,46.595218:24.519870 46.595122:24.519199 46.594971:24.518250 46.594881:24.517751 46.594818:24.517528 46.594626:24.516943 46.594442:24.516372 46.594186:24.515675
1525,46.594311:24.514641 46.594225:24.514332 46.594164:24.513985 46.594123:24.513662 46.594119:24.513399 46.594156:24.512582 46.594208:24.511976 46.594267:24.511675 46.594306:24.511413
1526,46.594306:24.511413 46.594252:24.511136 46.594184:24.510737 46.594038:24.510246 46.593874:24.509959 46.593832:24.509892 46.593644:24.509777 46.593579:24.509699 46.593500:24.509532 46.593388:24.509208 46.592936:24.507861 46.592874:24.507631 46.592831:24.507373 46.592776:24.507242 46.592674:24.507060 46.592544:24.506810 46.592463:24.506585 46.592400:24.506392 46.592320:24.506032 46.592206:24.505624 46.592112:24.505490 46.591996:24.505410 46.591757:24.505303 46.591628:24.505230 46.591438:24.504965 46.591323:24.504718 46.591228:24.504485 46.591145:24.504122 46.591023:24.503465 46.590606:24.501362 46.590419:24.500684 46.590246:24.500192 46.590117:24.499882 46.589988:24.499647 46.589863:24.499435 46.589744:24.499249 46.589616:24.499093 46.589462:24.498931 46.589268:24.498777 46.589124:24.498668 46.589017:24.498597 46.588895:24.498535 46.588752:24.498489 46.588633:24.498460 46.588528:24.498447 46.588359:24.498431 46.588245:24.498416 46.588073:24.498389
1527,46.594524:24.511466 46.594306:24.511413
1528,46.593919:24.516222 46.593711:24.516132 46.593632:24.516132 46.593574:24.516157 46.593529:24.516223 46.593413:24.516388 46.593262:24.516654 46.592929:24.517240 46.592770:24.517482 46.592632:24.517673 46.592238:24.518075 46.592153:24.518166 46.592057:24.518317
1529,46.595218:24.519870 46.595732:24.519761 46.596112:24.519656 46.596312:24.519591 46.596396:24.519537 46.596473:24.519477 46.596555:24.519383 46.596614:24.519372 46.596659:24.519375 46.596997:24.519470
1530,46.544953:24.620368 46.545163:24.620321 46.545540:24.620210
1531,46.545540:24.620210 46.545863:24.620114
1532,46.545863:24.620114 46.545915:24.620105 46.545979:24.620093 46.546040:24.620107 46.546088:24.620151
1533,46.546088:24.620151 46.546799:24.620790
1534,46.546799:24.620790 46.547039:24.620993 46.547200:24.621094 46.547378:24.621094 46.547516:24.621020 46.547663:24.620821 46.548097:24.619849
1535,46.548097:24.619849 46.548329:24.619274
1536,46.545863:24.620114 46.545727:24.619301 46.545722:24.619217 46.545731:24.619138 46.545750:24.619074 46.545790:24.619018 46.545836:24.618978 46.545890:24.618949 46.546703:24.618686
1537,46.546703:24.618686 46.546831:24.619552
1538,46.546831:24.619552 46.546877:24.619848 46.546899:24.619910 46.546926:24.619951 46.546966:24.619984 46.547010:24.619999 46.547340:24.619900 46.547387:24.619881 46.547423:24.619849 46.547450:24.619805 46.547465:24.619743 46.547472:24.619678 46.547464:24.619608 46.547295:24.618408 46.547287:24.618337 46.547287:24.618257 46.547306:24.618196 46.547333:24.618146 46.547384:24.618113 46.547430:24.618088 46.547841:24.617980
1539,46.547841:24.617980 46.548552:24.617771 46.548607:24.617766 46.548653:24.617788 46.548683:24.617826 46.548704:24.617881 46.548787:24.618458
1540,46.545254:24.621732 46.546268:24.621433
1541,46.546268:24.621433 46.546830:24.621258 46.546854:24.621225 46.546855:24.621172 46.546799:24.620790
1542,46.551549:24.619531 46.551024:24.619686
1543,46.550594:24.619943 46.549859:24.620206
1544,46.550950:24.621847 46.550821:24.621085
1545,46.547901:24.621409 46.548541:24.621206
1546,46.548028:24.619319 46.547841:24.617980
1547,46.548272:24.619952 46.548249:24.619861 46.548209:24.619814 46.548153:24.619805 46.548097:24.619849
1548,46.546831:24.619552 46.546209:24.619731
1549,46.546703:24.618686 46.546665:24.618440
1550,46.527763:24.560138 46.527584:24.560222 46.527442:24.560288 46.527216:24.560392 46.526891:24.560571 46.526623:24.560779 46.526424:24.561054 46.526227:24.561500 46.525419:24.563180 46.525143:24.563626 46.524833:24.563995 46.524562:24.564263 46.524451:24.564373
1551,46.524451:24.564373 46.524163:24.564655
1552,46.524163:24.564655 46.523975:24.564838
1553,46.523975:24.564838 46.523399:24.565400
1554,46.523399:24.565400 46.522670:24.566167
1555,46.522670:24.566167 46.522347:24.566506 46.521659:24.567390 46.521011:24.567952 46.520960:24.568061
1556,46.521459:24.569016 46.522283:24.568219 46.522452:24.568028 46.522588:24.567925 46.522763:24.567856 46.522967:24.567789
1557,46.522967:24.567789 46.523099:24.567868 46.523231:24.567907 46.523357:24.567883 46.524405:24.567100 46.524509:24.567089 46.524634:24.567085 46.524775:24.567094 46.524887:24.567141 46.525068:24.567201
1558,46.525068:24.567201 46.525185:24.567305 46.525247:24.567332 46.525306:24.567308 46.525781:24.567014 46.526346:24.566732 46.526409:24.566752 46.526466:24.566818
1559,46.513423:24.564700 46.513188:24.565237
1560,46.513188:24.565237 46.513123:24.565369 46.513036:24.565591
1561,46.509094:24.575382 46.509083:24.575582 46.509070:24.575914 46.509048:24.576328 46.509046:24.576765 46.509056:24.577178 46.509101:24.577484 46.509204:24.578114 46.509260:24.578592 46.509294:24.579001 46.509334:24.579384 46.509444:24.579971
1562,46.509444:24.579971 46.509539:24.580476
1563,46.509539:24.580476 46.509590:24.580647 46.509606:24.580771 46.509591:24.580944
1564,46.509591:24.580944 46.509512:24.581306 46.509338:24.581843
1565,46.509338:24.581843 46.509206:24.582315 46.509165:24.582653 46.509143:24.583221 46.509116:24.583459 46.509070:24.583709 46.508895:24.584743 46.508875:24.585098 46.508879:24.585383 46.508841:24.585661 46.508762:24.586085 46.508707:24.586452 46.508681:24.586833 46.508679:24.587220 46.508666:24.588098 46.508622:24.588648 46.508557:24.588961
1566,46.531718:24.570814 46.531363:24.570676 46.531189:24.570636 46.531001:24.570610 46.530618:24.570597 46.529580:24.570744 46.529287:24.570855 46.529095:24.570990 46.529004:24.571081 46.528933:24.571179
1567,46.528933:24.571179 46.528336:24.572161 46.528296:24.572222
1568,46.526064:24.568742 46.526187:24.569115
1569,46.527433:24.572495 46.527286:24.572538 46.527099:24.572651 46.526922:24.572816
1570,46.527478:24.575628 46.527503:24.575943 46.527509:24.576263
1571,46.527440:24.570377 46.527381:24.570384 46.527110:24.570414 46.526780:24.570528 46.526430:24.570754 46.526166:24.570996 46.525906:24.571296 46.525876:24.571334
1572,46.531655:24.571239 46.531528:24.571558 46.530978:24.572937 46.530849:24.573306 46.530741:24.573698 46.530651:24.574088 46.530583:24.574525 46.530514:24.575064 46.530496:24.575209
1573,46.530496:24.575209 46.530127:24.578275
1574,46.530127:24.578275 46.530109:24.578425 46.530089:24.578725 46.530075:24.579001 46.530061:24.579710 46.530059:24.579850
1575,46.530059:24.579850 46.530054:24.580260
1576,46.530054:24.580260 46.530051:24.580477
1577,46.530051:24.580477 46.530048:24.580759
1578,46.530048:24.580759 46.530047:24.580855
1579,46.530047:24.580855 46.530043:24.581163
1580,46.531966:24.570432 46.531655:24.571239
1581,46.560652:24.568475 46.560779:24.568574
1582,46.560779:24.568574 46.560834:24.568623 46.560943:24.568720 46.561021:24.568789 46.561225:24.569047 46.561322:24.569169 46.561396:24.569247 46.561537:24.569394 46.561741:24.569553 46.561982:24.569667 46.562191:24.569726 46.563118:24.569986 46.563315:24.570041
1583,46.566492:24.589289 46.566555:24.589235 46.567076:24.588590 46.567471:24.588038
1584,46.567612:24.580476 46.567518:24.580250 46.567152:24.580533
1585,46.567471:24.588038 46.567445:24.587981 46.566843:24.586668 46.566486:24.586131 46.565862:24.585497 46.565433:24.585203 46.564965:24.584956
1586,46.564965:24.584956 46.564608:24.584765
1587,46.564608:24.584765 46.564518:24.584717 46.564190:24.584543 46.564110:24.584488 46.564028:24.584413 46.563934:24.584290 46.563803:24.584046
1588,46.563803:24.584046 46.563338:24.583214
1589,46.563338:24.583214 46.563215:24.583021
1590,46.557852:24.563087 46.558198:24.562656 46.557985:24.562297
1591,46.529837:24.591784 46.529578:24.591784 46.529439:24.591770 46.529381:24.591755 46.529320:24.591733 46.529240:24.591695
1592,46.560259:24.547564 46.560441:24.547494
1593,46.526466:24.566818 46.526487:24.566986 46.526446:24.567155 46.526336:24.567417 46.526231:24.567634 46.526095:24.567863 46.525920:24.567995 46.525812:24.568079 46.525410:24.568626 46.525201:24.568960 46.525032:24.569171
1594,46.525032:24.569171 46.524904:24.569260 46.524792:24.569384 46.524697:24.569550 46.524150:24.570332 46.523848:24.570885 46.523664:24.571303 46.523590:24.571472 46.523322:24.572325 46.523029:24.573150 46.522878:24.573935 46.522769:24.574267 46.522503:24.574912 46.522431:24.575196 46.522249:24.576024 46.522166:24.576577 46.522033:24.576879 46.521896:24.577230 46.521832:24.577558 46.521619:24.577965
1595,46.550460:24.546139 46.550500:24.546149 46.550538:24.546159 46.551308:24.546840 46.551572:24.547123 46.551946:24.547607 46.552369:24.548563 46.552420:24.548678 46.552922:24.549927 46.553084:24.550371 46.553115:24.550551 46.553346:24.551114
1596,46.548504:24.548475 46.548487:24.548416 46.548417:24.548171 46.548400:24.547981 46.548424:24.547800 46.548531:24.547600 46.548652:24.547316 46.548740:24.547017 46.548815:24.546619
1597,46.548815:24.546619 46.548735:24.545027
1598,46.548735:24.545027 46.548658:24.542439 46.548675:24.542335 46.548688:24.542313 46.548720:24.542260
1599,46.548015:24.548734 46.547996:24.548694 46.547992:24.548685 46.547901:24.548525 46.547829:24.548432 46.547767:24.548368 46.547695:24.548333 46.547276:24.548206 46.546756:24.548027 46.546629:24.547970 46.546498:24.547863 46.546377:24.547733 46.546259:24.547539 46.546178:24.547342 46.546129:24.547141 46.545939:24.545485 46.545567:24.542236 46.545547:24.542154 46.545506:24.542120 46.545446:24.542120 46.545293:24.542141
1600,46.551639:24.554634 46.551593:24.554521 46.551573:24.554468 46.551564:24.554415 46.551562:24.554362 46.551569:24.554307 46.551576:24.554246 46.551592:24.554185
1601,46.551592:24.554185 46.551718:24.554085 46.552966:24.552178 46.553002:24.552117 46.553032:24.552042
1602,46.553032:24.552042 46.553018:24.551964 46.552986:24.551894 46.552943:24.551862 46.552892:24.551847
1603,46.552892:24.551847 46.552844:24.551873 46.552802:24.551918 46.552239:24.552790 46.551596:24.553784
1604,46.539003:24.558007 46.539029:24.558069 46.539065:24.558105 46.539111:24.558112 46.539145:24.558066
1605,46.548500:24.565502 46.548700:24.565616 46.548863:24.565746 46.548985:24.565856 46.549691:24.566540
1606,46.549691:24.566540 46.549943:24.566743
1607,46.549943:24.566743 46.550328:24.567045 46.550516:24.567197 46.550662:24.567309 46.550750:24.567398 46.550799:24.567449
1608,46.547958:24.564344 46.548044:24.564385 46.548302:24.564462
1609,46.546581:24.563096 46.546519:24.563127 46.546464:24.563144 46.546429:24.563142 46.546407:24.563140 46.546364:24.563129
1610,46.546334:24.564857 46.546445:24.564787 46.546706:24.564626 46.547278:24.564388
1611,46.546815:24.563630 46.546607:24.563478 46.546569:24.563450 46.546552:24.563437 46.546472:24.563353
1612,46.546255:24.564185 46.546170:24.564334 46.546075:24.564728 46.546052:24.564843 46.546019:24.564929
1613,46.541575:24.556851 46.541618:24.556853 46.541778:24.556857 46.541836:24.556858
1614,46.542042:24.557322 46.541928:24.557147
1615,46.541928:24.557147 46.541953:24.557306 46.541981:24.557368 46.542001:24.557372 46.542020:24.557370 46.542042:24.557322
1616,46.542765:24.558218 46.542865:24.558247 46.542969:24.558251
1617,46.541659:24.556602 46.541625:24.556580 46.541489:24.556466
1618,46.541489:24.556466 46.541365:24.556361 46.541337:24.556337 46.541205:24.556224
1619,46.541205:24.556224 46.541168:24.556193 46.541123:24.556155 46.541019:24.556066 46.540965:24.556020 46.540955:24.556012 46.540893:24.555958
1620,46.541659:24.556602 46.541575:24.556851
1621,46.541575:24.556851 46.541470:24.557150 46.541387:24.557396 46.541375:24.557440 46.541349:24.557541
1622,46.541706:24.556459 46.541659:24.556602
1623,46.543281:24.558650 46.543244:24.558650 46.543188:24.558695 46.543152:24.558755 46.543134:24.558835
1624,46.503135:24.642579 46.503176:24.642682 46.503475:24.643824 46.503524:24.643969 46.503615:24.644235 46.503743:24.644535 46.503864:24.644865 46.503941:24.644995 46.504067:24.645114 46.504175:24.645174
1625,46.504175:24.645174 46.504279:24.645185 46.504335:24.645172
1626,46.504335:24.645172 46.504363:24.645119 46.504380:24.644978 46.504432:24.644331 46.504452:24.643939 46.504484:24.643648 46.504514:24.643507 46.504568:24.643173 46.504642:24.642783 46.504679:24.642466 46.504691:24.642128 46.504698:24.642006
1627,46.564613:24.547952 46.564612:24.547870 46.564614:24.547794 46.564925:24.547306 46.565526:24.546417 46.566370:24.545153 46.566392:24.545120
1628,46.563200:24.547126 46.564425:24.545288 46.564449:24.545252
1629,46.564449:24.545252 46.564469:24.545222 46.565412:24.543823 46.565434:24.543791
1630,46.565434:24.543791 46.565465:24.543743 46.566449:24.542238
1631,46.562532:24.545600 46.562591:24.545532 46.562605:24.545510 46.563595:24.544044
1632,46.563595:24.544044 46.564553:24.542627 46.564574:24.542596
1633,46.564574:24.542596 46.565451:24.541251
1634,46.562855:24.546399 46.562897:24.546339 46.562923:24.546308 46.563627:24.545260 46.564006:24.544698 46.564026:24.544669
1635,46.564026:24.544669 46.564053:24.544633 46.564256:24.544316 46.564988:24.543253 46.565016:24.543210
1636,46.567284:24.544566 46.567478:24.544346 46.567632:24.544195 46.567654:24.544192 46.567671:24.544208 46.568359:24.545685
1637,46.563595:24.544044 46.563627:24.544090 46.563634:24.544102 46.563987:24.544616 46.563997:24.544630 46.564026:24.544669
1638,46.564026:24.544669 46.564038:24.544689 46.564066:24.544734 46.564408:24.545197 46.564417:24.545209 46.564449:24.545252
1639,46.564449:24.545252 46.564470:24.545282 46.564478:24.545294 46.564944:24.545954 46.564993:24.546020 46.565005:24.546038
1640,46.525318:24.525372 46.525695:24.526313
1641,46.525695:24.526313 46.526710:24.528869
1642,46.526710:24.528869 46.526986:24.529565
1643,46.526986:24.529565 46.527415:24.530663 46.527599:24.531148
1644,46.527599:24.531148 46.527788:24.531646 46.528156:24.532580 46.528449:24.533310
1645,46.528449:24.533310 46.528934:24.534482
1646,46.531130:24.539501 46.531143:24.539534
1647,46.531143:24.539534 46.531155:24.539562 46.531179:24.539618 46.531562:24.540531
1648,46.531562:24.540531 46.531826:24.541125
1649,46.531826:24.541125 46.532037:24.541617 46.532351:24.542350
1650,46.532351:24.542350 46.532970:24.543778 46.533096:24.544082
1651,46.539711:24.580981 46.539451:24.581017 46.539428:24.581020
1652,46.538864:24.580058 46.538795:24.580038 46.538585:24.580060 46.538585:24.580084 46.538604:24.581655
1653,46.538604:24.581655 46.538610:24.582093 46.538639:24.582147 46.538642:24.582524 46.538604:24.582571 46.538609:24.582679
1654,46.538609:24.582679 46.538613:24.582824
1655,46.538604:24.581655 46.538848:24.581640 46.538883:24.581638
1656,46.533767:24.589903 46.533799:24.589833 46.533932:24.589538
1657,46.533932:24.589538 46.533898:24.589442 46.534168:24.588767 46.534255:24.588776 46.534332:24.588601 46.534341:24.588576
1658,46.534341:24.588576 46.534358:24.588543 46.534425:24.588391 46.534389:24.588268 46.534660:24.587627 46.534747:24.587611 46.534829:24.587438 46.534864:24.587364
1659,46.534341:24.588576 46.534109:24.588384 46.534062:24.588342
1660,46.533954:24.587874 46.533877:24.588083 46.533885:24.588149 46.533846:24.588252
1661,46.533846:24.588252 46.533786:24.588397
1662,46.534110:24.590812 46.534026:24.590931 46.534014:24.590947 46.533995:24.590999
1663,46.533995:24.590999 46.533882:24.591300 46.533804:24.591424 46.533679:24.591615 46.533574:24.591849 46.533533:24.591942
1664,46.533533:24.591942 46.533492:24.592037 46.533240:24.592780 46.533235:24.592797
1665,46.533235:24.592797 46.533074:24.593291
1666,46.533074:24.593291 46.533066:24.593315 46.533047:24.593366
1667,46.549382:24.567679 46.549377:24.567700
1668,46.549377:24.567700 46.549369:24.567727 46.549370:24.568398 46.549369:24.568420 46.549369:24.568447
1669,46.546472:24.563353 46.546581:24.563096
1670,46.545614:24.562143 46.545351:24.561818 46.545320:24.561782 46.545086:24.561509 46.544834:24.561190 46.544804:24.561152 46.544732:24.561044 46.544698:24.560993 46.544532:24.560720
1671,46.544532:24.560720 46.544350:24.560401 46.544080:24.559925 46.543954:24.559709 46.543906:24.559626
1672,46.543906:24.559626 46.543706:24.559280
1673,46.546472:24.563353 46.546420:24.563238 46.546364:24.563129
1674,46.540320:24.558799 46.540272:24.559131 46.540651:24.559926 46.540807:24.560280
1675,46.540807:24.560280 46.541185:24.561025 46.541202:24.561057
1676,46.541618:24.557674 46.541604:24.557773 46.541596:24.557832 46.541584:24.557920 46.542063:24.558052
1677,46.542063:24.558052 46.542082:24.557966 46.542093:24.557918 46.542108:24.557840
1678,46.541149:24.558715 46.541091:24.558724 46.541029:24.558755
1679,46.541029:24.558755 46.541082:24.559218 46.541098:24.559307
1680,46.539364:24.561792 46.539473:24.561666 46.539569:24.561052 46.539544:24.560896 46.539514:24.560826
1681,46.536568:24.582560 46.536449:24.582363 46.536366:24.582229 46.536149:24.582504
1682,46.536149:24.582504 46.536123:24.582520 46.535920:24.582773 46.535820:24.583115
1683,46.537854:24.585621 46.537599:24.586104 46.537486:24.586328 46.537348:24.586593 46.537333:24.586615 46.537316:24.586696 46.537334:24.586784
1684,46.537334:24.586784 46.537519:24.586960 46.537582:24.586898
1685,46.537582:24.586898 46.537710:24.587026 46.537775:24.587091
1686,46.540376:24.552389 46.540393:24.552381 46.540404:24.552376 46.541938:24.551638
1687,46.541938:24.551638 46.541972:24.551622 46.543104:24.551094 46.543122:24.551083 46.543173:24.551051
1688,46.543572:24.550859 46.543814:24.550790 46.544947:24.550271
1689,46.554539:24.550673 46.554557:24.550921 46.554575:24.551089 46.554582:24.551125 46.554588:24.551154 46.554629:24.551301 46.554890:24.552019 46.555013:24.552347 46.555195:24.552829 46.555231:24.552912
1690,46.555231:24.552912 46.555247:24.552948 46.555428:24.553320
1691,46.555428:24.553320 46.555709:24.553858
1692,46.555709:24.553858 46.555870:24.554158
1693,46.555870:24.554158 46.555996:24.554392
1694,46.555996:24.554392 46.556233:24.554833 46.556502:24.555400
1695,46.556502:24.555400 46.556519:24.555435 46.556528:24.555461
1696,46.556528:24.555461 46.556612:24.555679
1697,46.556612:24.555679 46.556946:24.556556
1698,46.537725:24.590629 46.537347:24.591365 46.537501:24.591521 46.537542:24.591562
1699,46.536548:24.590500 46.536459:24.590667
1700,46.535416:24.592841 46.535342:24.592593
1701,46.548193:24.571313 46.548135:24.571323 46.547772:24.571383 46.547731:24.571390 46.547522:24.571425 46.547510:24.571427 46.547466:24.571434
1702,46.548363:24.570655 46.548290:24.570649 46.548217:24.570644
1703,46.550153:24.569692 46.550123:24.569691
1704,46.550123:24.569691 46.549175:24.569652 46.549092:24.569655 46.549037:24.569686 46.548954:24.569780 46.548555:24.570305 46.548502:24.570337 46.548398:24.570329 46.548382:24.570327 46.548370:24.570326
1705,46.548438:24.567668 46.548360:24.567659 46.548282:24.567651
1706,46.541747:24.575613 46.541762:24.575606 46.541800:24.575589 46.543337:24.574906 46.543363:24.574895 46.543381:24.574887
1707,46.558340:24.582559 46.558291:24.582485 46.558266:24.582450 46.558238:24.582413 46.558198:24.582358 46.558135:24.582264 46.558061:24.582158 46.558029:24.582117
1708,46.558029:24.582117 46.557814:24.581812
1709,46.557814:24.581812 46.557564:24.581441
1710,46.557564:24.581441 46.557536:24.581396
1711,46.535838:24.580920 46.535882:24.580878 46.535905:24.580856 46.536062:24.580770 46.536111:24.580742
1712,46.536111:24.580742 46.536232:24.580676
1713,46.536232:24.580676 46.536256:24.580662 46.536298:24.580643 46.536377:24.580605
1714,46.536377:24.580605 46.536416:24.580586 46.536487:24.580550 46.536619:24.580483 46.536808:24.580274 46.536830:24.580245 46.537234:24.579681
1715,46.537234:24.579681 46.537281:24.579628 46.537457:24.579401 46.537686:24.579107 46.537875:24.578864 46.537964:24.578748 46.537991:24.578714
1716,46.540733:24.553472 46.540690:24.553505 46.540136:24.553931 46.540108:24.553953
1717,46.540108:24.553953 46.540077:24.553984 46.538758:24.555299 46.538724:24.555335 46.538685:24.555377
1718,46.540167:24.548944 46.540139:24.548898 46.540131:24.548885 46.539622:24.548071
1719,46.553629:24.546788 46.553608:24.546811 46.553278:24.547163 46.553209:24.547181 46.553148:24.547154 46.552711:24.546297 46.552335:24.545395 46.552321:24.545342
1720,46.532993:24.559053 46.533038:24.558976
1721,46.533038:24.558976 46.533051:24.558954 46.533197:24.558703 46.533214:24.558615 46.533209:24.558493 46.533169:24.558393 46.533087:24.558292 46.532978:24.558158
1722,46.532978:24.558158 46.532889:24.558048 46.532800:24.557938 46.532781:24.557914 46.532627:24.557724 46.532547:24.557625 46.532522:24.557567 46.532511:24.557502 46.532494:24.557187 46.532491:24.557131
1723,46.525654:24.550360 46.525614:24.550386 46.524112:24.551377 46.524010:24.551444
1724,46.524010:24.551444 46.523795:24.551572
1725,46.522995:24.551681 46.522889:24.551715 46.522555:24.551842 46.522338:24.551931 46.522226:24.551974 46.522089:24.552016 46.521998:24.552049 46.521841:24.552181
1726,46.521841:24.552181 46.521935:24.552433 46.522089:24.552795 46.522246:24.553255 46.522650:24.554497 46.522982:24.555482
1727,46.522982:24.555482 46.523079:24.555769 46.523142:24.555885 46.523203:24.555952 46.523334:24.556023 46.523402:24.556059 46.523630:24.556130 46.523681:24.556144 46.523834:24.556188 46.523902:24.556208 46.524001:24.556251 46.524119:24.556314 46.524161:24.556360 46.524205:24.556416 46.524268:24.556510 46.524361:24.556670 46.524423:24.556808 46.524475:24.556969 46.524804:24.557966
1728,46.524804:24.557966 46.525084:24.558802 46.525114:24.558965 46.525126:24.559154 46.525149:24.559674 46.525177:24.559897 46.525373:24.560933
1729,46.529710:24.551035 46.529711:24.551103 46.529712:24.551167 46.529723:24.551775
1730,46.528380:24.551825 46.528629:24.551822 46.528664:24.551821 46.529197:24.551814 46.529506:24.551810 46.529723:24.551775
1731,46.529723:24.551775 46.529793:24.551770 46.530283:24.551734
1732,46.526332:24.556625 46.526269:24.556626 46.526166:24.556673 46.526070:24.556734 46.525931:24.556863
1733,46.525931:24.556863 46.525832:24.556982 46.525817:24.557021 46.525838:24.557108 46.525997:24.557370
1734,46.526567:24.555066 46.526425:24.555330 46.526628:24.555581
1735,46.526628:24.555581 46.526824:24.555823 46.526893:24.555908
1736,46.526899:24.557538 46.526942:24.557466 46.527033:24.557314 46.527178:24.557071 46.527339:24.556803
1737,46.527339:24.556803 46.527490:24.556992 46.527565:24.556973
1738,46.530313:24.557730 46.530253:24.557658 46.529669:24.556968 46.529617:24.556960 46.529581:24.556975 46.529556:24.556999 46.529520:24.557009
1739,46.529520:24.557009 46.529601:24.557112
1740,46.529601:24.557112 46.529700:24.557236 46.529898:24.557485 46.530043:24.557666 46.530141:24.557788 46.530160:24.557812 46.530221:24.557889
1741,46.528725:24.559521 46.528704:24.559557 46.528553:24.559816 46.528460:24.559981 46.528494:24.560024 46.528568:24.560119 46.528815:24.559689 46.528835:24.559654
1742,46.541161:24.552297 46.541220:24.552549 46.541253:24.552689 46.541311:24.552937
1743,46.551894:24.561633 46.551912:24.561649 46.552049:24.561773
1744,46.552049:24.561773 46.552329:24.562021 46.552445:24.562129 46.552464:24.562135 46.552480:24.562122 46.552520:24.562048
1745,46.552505:24.559381 46.552513:24.559372 46.552615:24.559247
1746,46.552615:24.559247 46.552724:24.558916
1747,46.552724:24.558916 46.552780:24.558695
1748,46.552780:24.558695 46.552805:24.558609 46.552976:24.558737
1749,46.553556:24.564467 46.553666:24.564290 46.553794:24.564086
1750,46.553794:24.564086 46.553350:24.563114
1751,46.553350:24.563114 46.553075:24.563556 46.553389:24.563995
1752,46.556554:24.561635 46.556657:24.561713
1753,46.556657:24.561713 46.556771:24.561817 46.556846:24.561916 46.557007:24.562200
1754,46.557007:24.562200 46.557181:24.562488
1755,46.557181:24.562488 46.557267:24.562629 46.557310:24.562638 46.557368:24.562612 46.557420:24.562550 46.557486:24.562469
1756,46.555758:24.566965 46.555858:24.567200 46.556651:24.568805
1757,46.557632:24.567497 46.557544:24.567396
1758,46.557544:24.567396 46.557438:24.567275
1759,46.573461:24.599416 46.573394:24.599474 46.573361:24.599501 46.573264:24.599547 46.573078:24.599598 46.572902:24.599621 46.572523:24.599649 46.572355:24.599660
1760,46.572355:24.599660 46.572215:24.599697 46.572033:24.599778 46.571923:24.599867 46.571841:24.599973 46.571796:24.600083 46.571763:24.600227 46.571733:24.600643 46.571708:24.600726 46.571671:24.600774 46.571618:24.600790 46.570648:24.600627 46.570031:24.600285 46.569595:24.600105
1761,46.575527:24.605978 46.575039:24.605299
1762,46.575039:24.605299 46.574980:24.605218 46.574492:24.604555 46.574443:24.604433
1763,46.573933:24.603357 46.574430:24.602831
1764,46.574430:24.602831 46.574476:24.602885 46.574710:24.603343
1765,46.574710:24.603343 46.574785:24.603492 46.574666:24.603610 46.574609:24.603635 46.574551:24.603658 46.574507:24.603686 46.574452:24.603737 46.574222:24.603969
1766,46.573707:24.606113 46.573495:24.606532 46.573324:24.606890 46.573237:24.607136 46.573160:24.607318 46.573087:24.607451 46.572976:24.607584
1767,46.572976:24.607584 46.572937:24.607620 46.572783:24.607721 46.572555:24.607824 46.572458:24.607876 46.572401:24.607920 46.572340:24.607969 46.572278:24.608041 46.572208:24.608138 46.572138:24.608252 46.572055:24.608422 46.571944:24.608690 46.571871:24.608871 46.571775:24.609099 46.571534:24.609637
1768,46.571534:24.609637 46.571437:24.609809 46.571224:24.610152 46.570853:24.610625
1769,46.570853:24.610625 46.570481:24.610953 46.570251:24.611162
1770,46.570251:24.611162 46.570163:24.611227 46.569921:24.611389 46.569771:24.611556
1771,46.570853:24.610625 46.570876:24.610651 46.570885:24.610660 46.571970:24.611840 46.572291:24.612173 46.573032:24.612942 46.573045:24.612956 46.573093:24.613006
1772,46.572486:24.615788 46.572525:24.615092 46.572556:24.614501 46.572578:24.614293 46.572630:24.614079 46.572697:24.613886 46.572985:24.613342
1773,46.572985:24.613342 46.573093:24.613006
1774,46.573093:24.613006 46.573353:24.612334 46.573470:24.611983 46.573520:24.611749
1775,46.577950:24.611420 46.577997:24.611411 46.578015:24.611407 46.578096:24.611374 46.578559:24.610946 46.579124:24.610510 46.579720:24.609790
1776,46.579735:24.606890 46.579782:24.606765 46.579806:24.606583 46.579820:24.606484 46.579827:24.606381 46.579820:24.606283 46.579764:24.605887 46.579675:24.605407 46.579667:24.605365 46.579470:24.604696 46.579323:24.604313 46.579019:24.603635 46.579016:24.603518 46.579057:24.603417 46.579424:24.603189 46.579659:24.602999 46.579983:24.602614
1777,46.579983:24.602614 46.580125:24.602428
1778,46.580125:24.602428 46.580550:24.601851 46.580573:24.601771 46.580568:24.601736
1779,46.580568:24.601736 46.580561:24.601682 46.580480:24.601582 46.580067:24.601182 46.579845:24.600920
1780,46.579845:24.600920 46.579647:24.600685
1781,46.579647:24.600685 46.579073:24.600013
1782,46.579647:24.600685 46.579147:24.601304
1783,46.585458:24.604008 46.585447:24.603935 46.585390:24.603839 46.584584:24.603138
1784,46.584584:24.603138 46.583469:24.602203
1785,46.583469:24.602203 46.582914:24.601737
1786,46.582914:24.601737 46.582830:24.601667
1787,46.582830:24.601667 46.582596:24.601460
1788,46.582596:24.601460 46.582224:24.601132
1789,46.582224:24.601132 46.582025:24.600961
1790,46.582830:24.601667 46.582383:24.602670
1791,46.582383:24.602670 46.582242:24.602985
1792,46.583469:24.602203 46.582953:24.603530
1793,46.580489:24.608042 46.580429:24.608128 46.580395:24.608210 46.580386:24.608305 46.580396:24.608364 46.580428:24.608451 46.580634:24.608852 46.580708:24.609054 46.580849:24.609522 46.580947:24.609748 46.581243:24.610272 46.582269:24.611875 46.582305:24.611960 46.582322:24.612104
1794,46.582992:24.610993 46.583010:24.610968 46.583281:24.610599
1795,46.583281:24.610599 46.583675:24.610040 46.583730:24.609919 46.583756:24.609770
1796,46.585173:24.608130 46.584758:24.608780 46.584727:24.608812
1797,46.584727:24.608812 46.584596:24.608844
1798,46.584596:24.608844 46.584427:24.608885
1799,46.584427:24.608885 46.584242:24.608930
1800,46.584242:24.608930 46.584088:24.608968
1801,46.584088:24.608968 46.583893:24.609016
1802,46.583893:24.609016 46.583784:24.609031
1803,46.585069:24.609286 46.585051:24.609260 46.585012:24.609201 46.584907:24.609057
1804,46.584907:24.609057 46.584727:24.608812
1805,46.584727:24.608812 46.584494:24.608470 46.584437:24.608361 46.584381:24.608192 46.584347:24.608122 46.584285:24.608078 46.583965:24.608056
1806,46.583965:24.608056 46.583752:24.608028 46.583719:24.607993
1807,46.583719:24.607993 46.583687:24.607958 46.583549:24.607944 46.583541:24.608154
1808,46.583618:24.608646 46.583610:24.609041
1809,46.585787:24.608160 46.586143:24.608680
1810,46.586143:24.608680 46.587038:24.609986 46.587541:24.610649
1811,46.587541:24.610649 46.588031:24.611241
1812,46.581013:24.626897 46.582713:24.626229
1813,46.581071:24.627251 46.581591:24.627007 46.581752:24.627001 46.581931:24.627055 46.582221:24.627164 46.582383:24.627206 46.582527:24.627176 46.583306:24.626828
1814,46.583306:24.626828 46.583526:24.626729
1815,46.558526:24.579994 46.558558:24.580078 46.558785:24.580675
1816,46.558785:24.580675 46.558805:24.580728
1817,46.558805:24.580728 46.559130:24.581202
1818,46.559262:24.580984 46.559225:24.581045 46.559130:24.581202
1819,46.559130:24.581202 46.558839:24.581634
1820,46.558805:24.580728 46.558410:24.581406 46.558391:24.581523 46.558412:24.581633 46.558451:24.581734 46.558612:24.581961
1821,46.555940:24.578124 46.556024:24.578243 46.556255:24.578551 46.556397:24.578691 46.556537:24.578780 46.556681:24.578863 46.556750:24.578902
1822,46.556687:24.578158 46.556477:24.577649
1823,46.556477:24.577649 46.556622:24.577499
1824,46.557918:24.578197 46.557868:24.578116 46.557606:24.577690
1825,46.557606:24.577690 46.557454:24.577444
1826,46.557454:24.577444 46.557228:24.577077 46.557145:24.577004 46.557058:24.576992 46.556961:24.577043 46.556925:24.577081 46.556630:24.577390 46.556621:24.577399 46.556596:24.577426
1827,46.554843:24.569267 46.555128:24.568872 46.555141:24.568854 46.555161:24.568826
1828,46.553498:24.572510 46.553523:24.572482 46.553746:24.572236
1829,46.553746:24.572236 46.553572:24.571926 46.553460:24.572043
1830,46.553746:24.572236 46.553805:24.572205 46.553853:24.572169 46.553881:24.572121 46.553886:24.572055 46.553811:24.571901
1831,46.552816:24.573325 46.552619:24.573919 46.553183:24.574331 46.553236:24.574370 46.553284:24.574463 46.553292:24.574573 46.553207:24.574808 46.553195:24.574841 46.553191:24.574852 46.553143:24.574991
1832,46.552934:24.573408 46.553055:24.573079 46.553266:24.572508 46.553292:24.572438
1833,46.553241:24.573634 46.553265:24.573569
1834,46.553265:24.573569 46.553616:24.572637 46.553642:24.572567
1835,46.553143:24.574991 46.553074:24.575118
1836,46.553074:24.575118 46.552978:24.575289 46.552855:24.575507 46.552839:24.575534 46.552758:24.575678
1837,46.552134:24.568335 46.552118:24.568314 46.551939:24.568083 46.551968:24.568037 46.551951:24.568014
1838,46.551951:24.568014 46.551675:24.567658
1839,46.549729:24.575714 46.549736:24.575693 46.549744:24.575667 46.549897:24.575174 46.549989:24.574879
1840,46.549989:24.574879 46.550044:24.574699 46.550083:24.574576 46.550105:24.574502 46.550111:24.574483 46.550128:24.574429
1841,46.549849:24.582893 46.549902:24.582958 46.550059:24.583151 46.550179:24.583298 46.550548:24.583716 46.550915:24.584131
1842,46.544165:24.581966 46.543977:24.585041 46.543982:24.585272 46.544018:24.585462 46.544191:24.586073
1843,46.544191:24.586073 46.544398:24.586731 46.544609:24.587212
1844,46.544609:24.587212 46.545005:24.588113
1845,46.545005:24.588113 46.545467:24.589297
1846,46.545467:24.589297 46.545543:24.589492
1847,46.543992:24.581564 46.543807:24.581830 46.543753:24.581918 46.543726:24.581977 46.543703:24.582047 46.543642:24.582223 46.543598:24.582400 46.543537:24.582600 46.543493:24.582784 46.543288:24.583388 46.543053:24.583960 46.542955:24.584177 46.542890:24.584361 46.542793:24.584525 46.542685:24.584712 46.542566:24.584960 46.542533:24.585040 46.542518:24.585129 46.542510:24.585220 46.542525:24.585314 46.542575:24.585520 46.542608:24.585649 46.542621:24.585802 46.542653:24.586113 46.542717:24.586582 46.542809:24.587062 46.542798:24.587338 46.542798:24.587523 46.542787:24.587775 46.542712:24.588334
1848,46.538852:24.560039 46.538832:24.560088 46.538747:24.560298 46.538721:24.560440
1849,46.538721:24.560440 46.538665:24.560750
1850,46.538665:24.560750 46.538618:24.561016 46.538934:24.561142
1851,46.563000:24.551507 46.563025:24.551519 46.563159:24.551574 46.563190:24.551614 46.563200:24.551635 46.563210:24.551664 46.563341:24.552306 46.563380:24.552359 46.563424:24.552379 46.563592:24.552447 46.563693:24.552492 46.563983:24.552621 46.564019:24.552662 46.564029:24.552711 46.564025:24.552781 46.563990:24.552931 46.563758:24.554006 46.563652:24.554477 46.563576:24.554828
1852,46.563576:24.554828 46.563563:24.554889 46.563559:24.554908 46.563865:24.555055
1853,46.557419:24.545904 46.557354:24.546003
1854,46.557354:24.546003 46.557324:24.546049 46.557227:24.546188 46.557143:24.546324 46.556973:24.546584 46.556711:24.546221 46.556682:24.546181
1855,46.557629:24.544899 46.557595:24.544907 46.557557:24.544926 46.557524:24.544954 46.557147:24.545559 46.557095:24.545643
1856,46.557095:24.545643 46.556969:24.545821 46.556837:24.546003 46.556682:24.546181
1857,46.556682:24.546181 46.556652:24.546209
1858,46.556652:24.546209 46.556439:24.546442 46.556101:24.546894 46.556063:24.546952
1859,46.556063:24.546952 46.555997:24.547054 46.555975:24.547098
1860,46.555975:24.547098 46.555953:24.547144
1861,46.569926:24.535194 46.569794:24.535188 46.569457:24.535134
1862,46.569457:24.535134 46.569393:24.535121
1863,46.569393:24.535121 46.569117:24.535063 46.568500:24.534955 46.568414:24.534926
1864,46.568414:24.534926 46.568342:24.534908 46.568088:24.534789 46.567677:24.534564 46.567464:24.534462 46.567399:24.534425
1865,46.563288:24.539481 46.563263:24.539397 46.563256:24.539375 46.563252:24.539362 46.563192:24.539247 46.563109:24.539137 46.563026:24.539046 46.562962:24.538981 46.562866:24.538901 46.561885:24.538102
1866,46.561885:24.538102 46.561354:24.537662
1867,46.561354:24.537662 46.561057:24.537421
1868,46.561057:24.537421 46.560955:24.537338
1869,46.560955:24.537338 46.560564:24.536966
1870,46.560564:24.536966 46.560443:24.536875
1871,46.560443:24.536875 46.560365:24.536818
1872,46.560365:24.536818 46.559902:24.536438 46.559525:24.536148
1873,46.559525:24.536148 46.559225:24.535936 46.559023:24.535786
1874,46.559023:24.535786 46.558921:24.535702 46.558752:24.535524 46.558682:24.535376 46.558656:24.535270 46.558580:24.534923 46.558445:24.534482
1875,46.559125:24.547566 46.559185:24.547646 46.558984:24.547984
1876,46.558984:24.547984 46.558953:24.548039
1877,46.558953:24.548039 46.558033:24.547606
1878,46.558033:24.547606 46.557931:24.547558
1879,46.557931:24.547558 46.557493:24.547353 46.557418:24.547289 46.557366:24.547244 46.556965:24.547032
1880,46.559125:24.547566 46.559243:24.547383
1881,46.559243:24.547383 46.559319:24.547201 46.559373:24.547033
1882,46.559800:24.548121 46.559734:24.548038 46.559616:24.547886 46.559622:24.547817 46.559243:24.547383
1883,46.558176:24.547358 46.558069:24.547208
1884,46.558069:24.547208 46.557579:24.546550 46.557551:24.546512
1885,46.558984:24.547984 46.558894:24.547874 46.558772:24.547723 46.558650:24.547569 46.558335:24.547131
1886,46.558335:24.547131 46.558215:24.546964
1887,46.570812:24.544158 46.572043:24.545762 46.572216:24.545981 46.572237:24.546008 46.572274:24.546064
1888,46.571855:24.549830 46.571754:24.550109 46.571703:24.550197 46.571669:24.550247 46.571634:24.550284 46.571608:24.550296
1889,46.571608:24.550296 46.571577:24.550309 46.571453:24.550320 46.571309:24.550320 46.570750:24.550329 46.569825:24.550383 46.569491:24.550396 46.569344:24.550415 46.569058:24.550472 46.568726:24.550535 46.568432:24.550574 46.567997:24.550588 46.567522:24.550612 46.567246:24.550636 46.567033:24.550290
1890,46.574021:24.545352 46.574049:24.545435 46.574834:24.547760 46.574852:24.547816 46.574869:24.547851 46.574924:24.547934 46.574992:24.548010 46.575127:24.548138
1891,46.577532:24.543789 46.577516:24.543736 46.577500:24.543682 46.577144:24.543399 46.574986:24.541825
1892,46.576110:24.540679 46.577543:24.541730 46.579174:24.542950 46.579191:24.542998 46.579209:24.543049
1893,46.580301:24.542138 46.579269:24.541332 46.577763:24.540254
1894,46.577763:24.540254 46.577304:24.539926 46.577271:24.539902
1895,46.577271:24.539902 46.575951:24.538958 46.575775:24.538823
1896,46.575775:24.538823 46.575310:24.538484
1897,46.575310:24.538484 46.575071:24.538308 46.574957:24.538243 46.574740:24.538145
1898,46.574740:24.538145 46.573895:24.537803 46.573766:24.537755
1899,46.573766:24.537755 46.573060:24.537518
1900,46.573060:24.537518 46.572587:24.537125
1901,46.572587:24.537125 46.571913:24.536522
1902,46.571913:24.536522 46.571410:24.536061
1903,46.571410:24.536061 46.571334:24.535988 46.571249:24.535923 46.570782:24.535632 46.570584:24.535522
1904,46.570584:24.535522 46.570019:24.535217 46.569974:24.535197
1905,46.576332:24.538020 46.577020:24.538594 46.577413:24.538813 46.577811:24.539059 46.578206:24.539302 46.578846:24.539674
1906,46.582790:24.541765 46.582828:24.541869 46.583410:24.543475
1907,46.586605:24.538277 46.586562:24.538245 46.586247:24.538019 46.586096:24.537896 46.585982:24.537755 46.585905:24.537623 46.585847:24.537459 46.585800:24.537280 46.585642:24.536373 46.585579:24.535939 46.585533:24.535697 46.585478:24.535480 46.585399:24.535214 46.585314:24.534941 46.585216:24.534624 46.585187:24.534474 46.585172:24.534313 46.585168:24.534085 46.585176:24.533836 46.585174:24.533712 46.585168:24.533632 46.585141:24.533549 46.585115:24.533487 46.585071:24.533412 46.584977:24.533302 46.584859:24.533173 46.584770:24.533026
1908,46.559270:24.544978 46.559302:24.545027 46.559365:24.545123 46.559448:24.545251 46.559787:24.545756
1909,46.559787:24.545756 46.559855:24.545854
1910,46.559855:24.545854 46.560034:24.546116
1911,46.560034:24.546116 46.560056:24.546083 46.560364:24.545624
1912,46.560364:24.545624 46.560517:24.545396
1913,46.560517:24.545396 46.560799:24.544975
1914,46.560799:24.544975 46.560947:24.544755
1915,46.561270:24.544653 46.561183:24.544531 46.561140:24.544470
1916,46.561140:24.544470 46.561106:24.544422 46.560903:24.544135
1917,46.560903:24.544135 46.560800:24.543981
1918,46.560800:24.543981 46.560494:24.543532
1919,46.560947:24.544755 46.560965:24.544780 46.561081:24.544945
1920,46.561081:24.544945 46.561270:24.544653
1921,46.561270:24.544653 46.561286:24.544629 46.561493:24.544309
1922,46.560494:24.543532 46.560449:24.543594 46.560297:24.543803
1923,46.560297:24.543803 46.560377:24.543920 46.560402:24.543957 46.560159:24.544312 46.559939:24.544635 46.559840:24.544779 46.559696:24.545008
1924,46.560297:24.543803 46.559723:24.544649
1925,46.559696:24.545008 46.559987:24.545457
1926,46.559987:24.545457 46.560008:24.545486 46.560147:24.545296
1927,46.560147:24.545296 46.560185:24.545254 46.560279:24.545112 46.560348:24.545006 46.560495:24.544783 46.560563:24.544679 46.560578:24.544657
1928,46.560578:24.544657 46.560595:24.544637 46.560735:24.544401 46.560745:24.544384
1929,46.559987:24.545457 46.559810:24.545722 46.559787:24.545756
1930,46.560147:24.545296 46.560339:24.545586 46.560364:24.545624
1931,46.560578:24.544657 46.560770:24.544934 46.560799:24.544975
1932,46.560745:24.544384 46.560886:24.544162 46.560903:24.544135
1933,46.559660:24.546126 46.559708:24.546215 46.559804:24.546389 46.560082:24.546781 46.560107:24.546817
1934,46.560301:24.546479 46.560266:24.546531 46.560217:24.546603 46.560201:24.546666
1935,46.560201:24.546666 46.560107:24.546817
1936,46.560201:24.546666 46.560349:24.546879
1937,46.561012:24.543679 46.560957:24.543758 46.560820:24.543953 46.560800:24.543981
1938,46.560704:24.543246 46.561065:24.542714
1939,46.561493:24.544309 46.561693:24.544599 46.561703:24.544634 46.561698:24.544665 46.561611:24.544791
1940,46.560704:24.543246 46.560594:24.543091 46.560752:24.542864
1941,46.560752:24.542864 46.561175:24.542262
1942,46.561065:24.542714 46.561272:24.543015 46.561453:24.543278 46.561521:24.543376 46.561559:24.543467 46.561573:24.543562 46.561557:24.543638 46.561536:24.543699 46.561512:24.543741 46.561317:24.544034 46.561291:24.544073
1943,46.561065:24.542714 46.561277:24.542412 46.561175:24.542262
1944,46.545488:24.560640 46.545058:24.560160 46.545004:24.560101
1945,46.543706:24.559280 46.543751:24.559210 46.543926:24.558944
1946,46.543926:24.558944 46.544100:24.558620 46.544272:24.558311 46.544541:24.557831 46.544757:24.557459 46.544957:24.557143 46.544970:24.557122
1947,46.544508:24.561376 46.544474:24.561435 46.544285:24.561764
1948,46.544285:24.561764 46.543869:24.562490 46.543684:24.562808 46.543554:24.563077
1949,46.536279:24.586830 46.536088:24.586652
1950,46.535876:24.587916 46.535770:24.588148 46.535751:24.588189
1951,46.532764:24.585564 46.532786:24.585582 46.532946:24.585707 46.532993:24.585743
1952,46.532993:24.585743 46.533113:24.585836 46.533237:24.585933 46.533300:24.585936
1953,46.533300:24.585936 46.533390:24.585911 46.533437:24.585897 46.533549:24.585866 46.533804:24.585176
1954,46.533300:24.585936 46.533598:24.584990
1955,46.533598:24.584990 46.533681:24.585065 46.533804:24.585176
1956,46.535298:24.591960 46.535236:24.591898 46.535049:24.591714
1957,46.535049:24.591714 46.534906:24.591572 46.534886:24.591545
1958,46.534886:24.591545 46.534870:24.591522 46.534801:24.591369 46.534782:24.591349 46.534758:24.591345 46.534420:24.591564 46.534364:24.591600
1959,46.563597:24.531296 46.564237:24.531649 46.564409:24.531730 46.564552:24.531737 46.565110:24.531680 46.565791:24.531612
1960,46.565791:24.531612 46.565987:24.531598 46.566902:24.531559 46.567496:24.531521 46.567883:24.531481 46.567999:24.531486 46.568037:24.531485 46.568106:24.531483
1961,46.558953:24.548039 46.558884:24.548344 46.558869:24.548395
1962,46.591458:24.623008 46.591449:24.623531 46.591578:24.623703 46.591757:24.623668 46.591919:24.623637
1963,46.593576:24.625165 46.593658:24.625174 46.593739:24.625113 46.593846:24.624920 46.593866:24.624807
1964,46.593866:24.624807 46.593843:24.624683
1965,46.593843:24.624683 46.593770:24.624601
1966,46.593770:24.624601 46.593692:24.624592 46.593622:24.624629 46.593517:24.624805 46.593491:24.624958 46.593515:24.625088
1967,46.593843:24.624683 46.593929:24.624362
1968,46.593515:24.625088 46.593443:24.625207
1969,46.593517:24.624416 46.593150:24.623928 46.592699:24.623330
1970,46.593248:24.624769 46.593305:24.624752 46.593360:24.624664
1971,46.593360:24.624664 46.593437:24.624543
1972,46.593437:24.624543 46.593517:24.624416
1973,46.593517:24.624416 46.593595:24.624293
1974,46.593595:24.624293 46.593671:24.624173
1975,46.593671:24.624173 46.593758:24.624035
1976,46.592619:24.623454 46.593069:24.624054 46.593437:24.624543
1977,46.593360:24.624664 46.592991:24.624176 46.592557:24.623602
1978,46.592532:24.623801 46.592906:24.624307 46.593248:24.624769
1979,46.592778:24.623208 46.593228:24.623806 46.593595:24.624293
1980,46.593671:24.624173 46.593308:24.623682 46.592863:24.623078
1981,46.535636:24.585626 46.535549:24.585552 46.535269:24.586216 46.535371:24.586314
1982,46.535708:24.585621 46.535470:24.586159 46.535435:24.586173 46.535371:24.586314
1983,46.535371:24.586314 46.535269:24.586541
1984,46.539641:24.585258 46.539520:24.585725 46.539454:24.585942
1985,46.539454:24.585942 46.539450:24.585956 46.539430:24.586013 46.539420:24.586044 46.539401:24.586099 46.539225:24.586486 46.539025:24.586827 46.538918:24.587036 46.538903:24.587067 46.538867:24.587136 46.538786:24.587291
1986,46.538786:24.587291 46.538559:24.587743 46.538406:24.588049 46.538337:24.588186 46.538324:24.588213 46.538309:24.588242 46.538196:24.588472 46.538188:24.588487 46.538174:24.588515 46.538017:24.588830 46.537955:24.588954 46.537841:24.589183 46.537783:24.589297 46.537727:24.589409 46.537708:24.589447
1987,46.537708:24.589447 46.537689:24.589485 46.537548:24.589765 46.537528:24.589806 46.537465:24.589931
1988,46.537465:24.589931 46.537351:24.590156 46.537295:24.590268 46.537232:24.590393 46.537213:24.590430
1989,46.537213:24.590430 46.537162:24.590533 46.537132:24.590591 46.537065:24.590725 46.537048:24.590758 46.536997:24.590859 46.536819:24.591237 46.536805:24.591269
1990,46.536805:24.591269 46.536752:24.591397 46.536715:24.591486 46.536671:24.591626 46.536583:24.591957 46.536575:24.592001 46.536535:24.592220 46.536505:24.592414 46.536490:24.592585 46.536487:24.592624 46.536475:24.593125 46.536472:24.593364 46.536472:24.593382 46.536475:24.593563 46.536476:24.593626 46.536482:24.593960 46.536477:24.594052 46.536475:24.594071 46.536458:24.594192 46.536439:24.594255 46.536410:24.594351 46.536352:24.594513 46.536267:24.594676
1991,46.536267:24.594676 46.536156:24.594795 46.536036:24.594890 46.535878:24.594991 46.535831:24.595018
1992,46.535433:24.583707 46.535211:24.583489 46.535180:24.583459 46.535122:24.583402
1993,46.535337:24.582964 46.535180:24.583283 46.535162:24.583320 46.535122:24.583402
1994,46.534073:24.585731 46.534066:24.585749 46.534055:24.585782 46.534042:24.585818 46.533744:24.586671
1995,46.534827:24.583123 46.534974:24.583263 46.534993:24.583280 46.535022:24.583308 46.535122:24.583402
1996,46.535701:24.582403 46.535524:24.582647 46.535440:24.582787 46.535397:24.582856
1997,46.546412:24.563517 46.546472:24.563353
1998,46.553982:24.569315 46.554018:24.569303 46.554049:24.569277 46.554075:24.569240 46.554094:24.569195 46.554103:24.569143
1999,46.540020:24.558224 46.539964:24.558236 46.539922:24.558242 46.539606:24.558262
2000,46.539878:24.558965 46.539907:24.558847 46.539960:24.558671 46.540011:24.558526 46.540054:24.558408 46.540104:24.558294
2001,46.539385:24.558426 46.539603:24.558522 46.539712:24.558651 46.539760:24.558814 46.539770:24.558897 46.539775:24.559014
2002,46.539775:24.559014 46.539762:24.559103
2003,46.539762:24.559103 46.539720:24.559405 46.539680:24.559853
2004,46.549701:24.553886 46.550289:24.554354 46.550418:24.554458
2005,46.550418:24.554458 46.550594:24.554611
2006,46.523786:24.542017 46.523848:24.542248
2007,46.523848:24.542248 46.523917:24.542469
2008,46.535122:24.583402 46.535077:24.583495 46.535064:24.583522 46.534911:24.583838
2009,46.510565:24.509997 46.510482:24.509853
2010,46.510482:24.509853 46.510432:24.509659
2011,46.510432:24.509659 46.510414:24.509441
2012,46.510414:24.509441 46.510404:24.509199
2013,46.510404:24.509199 46.510390:24.508957
2014,46.510390:24.508957 46.510362:24.508697
2015,46.510362:24.508697 46.510289:24.508495 46.509864:24.507554 46.509763:24.507424 46.509677:24.507338 46.509576:24.507272
2016,46.509830:24.511030 46.509912:24.511197
2017,46.509912:24.511197 46.509996:24.511365
2018,46.509996:24.511365 46.510084:24.511541
2019,46.510084:24.511541 46.510162:24.511699
2020,46.510162:24.511699 46.510250:24.511875
2021,46.510250:24.511875 46.510325:24.512027 46.510338:24.512052
2022,46.510338:24.512052 46.510421:24.512219
2023,46.510421:24.512219 46.510504:24.512387
2024,46.510504:24.512387 46.510586:24.512551
2025,46.510586:24.512551 46.510672:24.512725
2026,46.510672:24.512725 46.510758:24.512897
2027,46.510758:24.512897 46.510843:24.513070
2028,46.509209:24.509286 46.509326:24.509161
2029,46.509326:24.509161 46.509440:24.509040
2030,46.509440:24.509040 46.509557:24.508915
2031,46.509557:24.508915 46.509672:24.508792
2032,46.509672:24.508792 46.509787:24.508669
2033,46.509787:24.508669 46.509904:24.508545
2034,46.509904:24.508545 46.510022:24.508419
2035,46.510022:24.508419 46.510124:24.508310
2036,46.509996:24.511365 46.510550:24.510786
2037,46.510550:24.510786 46.510609:24.510722 46.510757:24.510565
2038,46.510757:24.510565 46.510787:24.510534 46.511096:24.510206
2039,46.511350:24.510725 46.511040:24.511038 46.510793:24.511288
2040,46.510793:24.511288 46.510250:24.511875
2041,46.510421:24.512219 46.510797:24.511854
2042,46.510586:24.512551 46.510943:24.512190
2043,46.509802:24.510565 46.510217:24.510125
2044,46.510217:24.510125 46.510470:24.509866 46.510482:24.509853
2045,46.509655:24.510228 46.510057:24.509805
2046,46.510057:24.509805 46.510399:24.509457 46.510414:24.509441
2047,46.509797:24.509284 46.509876:24.509201
2048,46.509876:24.509201 46.509996:24.509076
2049,46.509996:24.509076 46.510110:24.508957
2050,46.510110:24.508957 46.510225:24.508837
2051,46.510225:24.508837 46.510320:24.508737
2052,46.510320:24.508737 46.510342:24.508716 46.510362:24.508697
2053,46.526954:24.542081 46.527190:24.542592
2054,46.513696:24.514681 46.513613:24.514540 46.513507:24.514383 46.512580:24.512495
2055,46.512580:24.512495 46.512373:24.512081
2056,46.512373:24.512081 46.512279:24.511891
2057,46.512279:24.511891 46.512231:24.511795 46.511997:24.511353
2058,46.511997:24.511353 46.511634:24.510618 46.511516:24.510389
2059,46.511516:24.510389 46.511386:24.510109
2060,46.527005:24.551464 46.527310:24.551417
2061,46.526626:24.551492 46.526796:24.551479
2062,46.526796:24.551479 46.527005:24.551464
2063,46.537421:24.557488 46.537478:24.557609 46.537482:24.557617 46.537639:24.557743 46.537784:24.557853 46.537924:24.557950 46.538086:24.558046 46.538224:24.558107
2064,46.535441:24.575586 46.535477:24.575762 46.535549:24.576106
2065,46.535549:24.576106 46.535595:24.576316 46.535710:24.576890 46.535768:24.577173 46.535786:24.577323 46.535788:24.577389 46.535784:24.577456 46.535734:24.577556
2066,46.535734:24.577556 46.535579:24.577653 46.535522:24.577684 46.535231:24.577857 46.535161:24.577902 46.535140:24.577939 46.535092:24.578058 46.535096:24.578227
2067,46.535096:24.578227 46.535148:24.578442 46.535158:24.578481
2068,46.535158:24.578481 46.535167:24.578520 46.535174:24.578546 46.535181:24.578569 46.535203:24.578657
2069,46.535203:24.578657 46.535289:24.578966 46.535356:24.579211 46.535439:24.579513
2070,46.535439:24.579513 46.535445:24.579537 46.535504:24.579756 46.535551:24.579929 46.535599:24.580088
2071,46.535599:24.580088 46.535646:24.580254 46.535738:24.580572 46.535757:24.580638 46.535838:24.580920
2072,46.535838:24.580920 46.535906:24.581138 46.535942:24.581252
2073,46.537570:24.571468 46.537576:24.571505 46.537580:24.571532 46.537672:24.572169 46.537688:24.572268
2074,46.537688:24.572268 46.537696:24.572341
2075,46.537696:24.572341 46.537731:24.572663 46.537744:24.572778 46.537773:24.573025 46.537788:24.573157
2076,46.537788:24.573157 46.537859:24.573649
2077,46.537570:24.571468 46.537556:24.571472 46.537490:24.571490 46.536726:24.571682 46.536708:24.571687
2078,46.535575:24.572004 46.535396:24.572047 46.535331:24.572063 46.535173:24.572103
2079,46.535173:24.572103 46.534605:24.572257 46.534498:24.572287 46.534405:24.572310 46.534339:24.572314 46.534314:24.572309
2080,46.534314:24.572309 46.534266:24.572299
2081,46.534266:24.572299 46.534182:24.572240 46.533884:24.572007
2082,46.535575:24.572004 46.535589:24.572160 46.535593:24.572207 46.535664:24.572983 46.535716:24.573814 46.535723:24.573945
2083,46.535723:24.573945 46.535761:24.574703 46.535761:24.574860 46.535758:24.574898 46.535752:24.574955
2084,46.536440:24.558322 46.536413:24.558329 46.536173:24.558381
2085,46.536173:24.558381 46.535736:24.558482 46.535547:24.558541
2086,46.535547:24.558541 46.535366:24.558633 46.535250:24.558703 46.535128:24.558795
2087,46.535128:24.558795 46.534629:24.559180 46.534583:24.559217
2088,46.527226:24.551772 46.527277:24.551641 46.527289:24.551586 46.527300:24.551521 46.527310:24.551417
2089,46.527660:24.551312 46.527710:24.551292 46.528033:24.551161 46.528202:24.551111
2090,46.528202:24.551111 46.528383:24.551078 46.528562:24.551070
2091,46.528562:24.551070 46.528936:24.551059
2092,46.528936:24.551059 46.529363:24.551047
2093,46.529363:24.551047 46.529710:24.551035
2094,46.529710:24.551035 46.530059:24.550988 46.530507:24.550908
2095,46.530507:24.550908 46.530577:24.550895 46.530868:24.550843 46.530999:24.550814
2096,46.530999:24.550814 46.531119:24.550788 46.531136:24.550784
2097,46.531514:24.550380 46.531461:24.550547 46.531408:24.550655 46.531361:24.550678 46.531320:24.550704 46.531136:24.550784
2098,46.531225:24.549860 46.531408:24.550088 46.531470:24.550217 46.531515:24.550338
2099,46.527310:24.551417 46.527533:24.551363 46.527660:24.551312
2100,46.538224:24.558107 46.538311:24.558144
2101,46.538311:24.558144 46.538438:24.558198 46.538646:24.558281 46.538737:24.558308
2102,46.538737:24.558308 46.538838:24.558342
2103,46.540104:24.558294 46.540161:24.558229 46.540247:24.558059
2104,46.546581:24.563096 46.546599:24.563056 46.546622:24.563007 46.546633:24.562983 46.546864:24.562460 46.547078:24.561927 46.547092:24.561890
2105,46.564429:24.547946 46.564613:24.547952
2106,46.564613:24.547952 46.564824:24.547957 46.564859:24.547956 46.565595:24.547923
2107,46.565595:24.547923 46.566427:24.547892 46.566676:24.547876
2108,46.566676:24.547876 46.566839:24.547874
2109,46.566839:24.547874 46.567307:24.547861 46.567729:24.547841 46.567942:24.547817 46.568072:24.547775
2110,46.568072:24.547775 46.568241:24.547720 46.568477:24.547616
2111,46.568477:24.547616 46.568855:24.547467
2112,46.568855:24.547467 46.568992:24.547413 46.569101:24.547371
2113,46.569101:24.547371 46.569258:24.547309 46.569473:24.547215
2114,46.557473:24.564847 46.557836:24.565425 46.557962:24.565574 46.558106:24.565729 46.558241:24.565829
2115,46.558241:24.565829 46.558479:24.566042
2116,46.551639:24.554634 46.551982:24.555112
2117,46.551982:24.555112 46.552080:24.555264 46.552244:24.555541 46.552524:24.556189
2118,46.552524:24.556189 46.553036:24.557260
2119,46.553036:24.557260 46.553219:24.557620 46.553327:24.557818 46.553474:24.558085
2120,46.553474:24.558085 46.554056:24.559074
2121,46.554056:24.559074 46.554759:24.560268
2122,46.550594:24.554611 46.550652:24.554666
2123,46.551596:24.553784 46.551556:24.553864 46.551547:24.553898 46.551525:24.553979 46.551520:24.554105
2124,46.538541:24.598730 46.538494:24.598706 46.538474:24.598699
2125,46.538474:24.598699 46.538436:24.598687 46.538293:24.598676 46.538111:24.598686
2126,46.538111:24.598686 46.538132:24.598756 46.538150:24.598796 46.538173:24.598829 46.538203:24.598853 46.538297:24.598869 46.538508:24.598883 46.538713:24.598875
2127,46.535752:24.574955 46.535541:24.575089 46.535500:24.575115 46.535461:24.575142 46.535404:24.575225
2128,46.538762:24.567369 46.538758:24.567538 46.538755:24.567652 46.538748:24.567930
2129,46.538748:24.567930 46.538743:24.568169 46.538733:24.568700
2130,46.520958:24.533326 46.520987:24.533383 46.521160:24.533732
2131,46.521160:24.533732 46.521165:24.533742 46.521579:24.534652
2132,46.521579:24.534652 46.521886:24.535234 46.521912:24.535290
2133,46.567399:24.534425 46.567362:24.534398 46.567329:24.534374 46.566873:24.534036 46.566351:24.533601 46.565507:24.532834 46.565356:24.532774 46.565276:24.532742
2134,46.565276:24.532742 46.565176:24.532702 46.564969:24.532638
2135,46.564969:24.532638 46.564248:24.532415 46.563219:24.531969 46.562998:24.531846 46.562968:24.531821
2136,46.562968:24.531821 46.562517:24.531456
2137,46.560494:24.543532 46.560344:24.543313 46.560274:24.543210 46.560262:24.543192 46.560232:24.543148
2138,46.540460:24.581692 46.540369:24.581637 46.540348:24.581624 46.540131:24.581492 46.540083:24.581437 46.540045:24.581393 46.539995:24.581285
2139,46.539995:24.581285 46.539969:24.581174 46.539911:24.580581
2140,46.539911:24.580581 46.539867:24.580091
2141,46.539867:24.580091 46.539835:24.579720
2142,46.580005:24.621218 46.579961:24.621354 46.579887:24.621973 46.579760:24.622936 46.579634:24.624268 46.579469:24.625796 46.579352:24.626691 46.579372:24.627316 46.579465:24.628151 46.579510:24.628652 46.579478:24.629259 46.579385:24.629835
2143,46.557814:24.581812 46.558141:24.581364
2144,46.538634:24.558860 46.538350:24.559557
2145,46.538350:24.559557 46.538119:24.560144 46.537898:24.560696
2146,46.537898:24.560696 46.537826:24.560885
2147,46.537826:24.560885 46.537816:24.560921 46.537746:24.561086 46.537702:24.561182 46.537623:24.561315 46.537337:24.561650 46.537028:24.562009 46.536741:24.562347 46.536665:24.562437 46.536622:24.562505 46.536614:24.562521 46.536603:24.562556
2148,46.538634:24.558860 46.538806:24.558448 46.538816:24.558414 46.538825:24.558383 46.538838:24.558342
2149,46.576755:24.606604 46.577121:24.607083
2150,46.577177:24.605367 46.577054:24.606016
2151,46.577054:24.606016 46.577043:24.606073 46.577013:24.606149 46.576907:24.606361 46.576755:24.606604
2152,46.576755:24.606604 46.576664:24.606758
2153,46.541613:24.573134 46.541469:24.573186 46.541345:24.573241 46.540984:24.573413
2154,46.540984:24.573413 46.540952:24.573428 46.540912:24.573447
2155,46.540912:24.573447 46.540859:24.573475 46.540835:24.573487 46.540807:24.573501 46.540744:24.573535 46.540271:24.573869 46.540180:24.573945 46.540107:24.574027 46.540051:24.574146 46.539926:24.574521 46.539742:24.575213 46.539595:24.575865
2156,46.543376:24.572063 46.543234:24.572284 46.542953:24.572654 46.542852:24.572765 46.542746:24.572878 46.542733:24.572888
2157,46.542733:24.572888 46.542662:24.572927 46.542567:24.572970 46.542468:24.572991 46.541759:24.573102 46.541638:24.573129 46.541613:24.573134
2158,46.549632:24.580735 46.549451:24.580399 46.549431:24.580358
2159,46.549431:24.580358 46.549348:24.580183 46.549298:24.580071 46.549247:24.579932 46.549157:24.579704 46.549056:24.579431 46.548938:24.579091 46.548857:24.578858 46.548821:24.578784 46.548783:24.578705 46.548535:24.578346 46.548257:24.577939
2160,46.548257:24.577939 46.548236:24.577886 46.548208:24.577786 46.548180:24.577580 46.548130:24.577219 46.548110:24.577058 46.548104:24.576913 46.548100:24.576782 46.548105:24.576572 46.548123:24.576217
2161,46.548123:24.576217 46.548122:24.576162 46.548083:24.575814
2162,46.548083:24.575814 46.548079:24.575786 46.547902:24.574689
2163,46.547902:24.574689 46.547830:24.574232
2164,46.547830:24.574232 46.547773:24.574089
2165,46.547773:24.574089 46.547738:24.573770 46.547722:24.573700 46.547690:24.573608
2166,46.539617:24.550143 46.539577:24.550016 46.539510:24.549796
2167,46.539510:24.549796 46.539411:24.549518 46.539375:24.549443 46.539286:24.549256 46.538945:24.548681
2168,46.538945:24.548681 46.538426:24.547829 46.538414:24.547811 46.538364:24.547728
2169,46.532952:24.589314 46.532987:24.589287 46.533014:24.589240 46.533026:24.589185 46.533022:24.589125
2170,46.532911:24.589320 46.532952:24.589314
2171,46.533003:24.589073 46.532971:24.589035 46.532933:24.589018 46.532891:24.589023
2172,46.532764:24.589510 46.532824:24.589410 46.532862:24.589362 46.532911:24.589320
2173,46.563940:24.588673 46.563882:24.589257
2174,46.573415:24.599151 46.573209:24.598840 46.572972:24.598546 46.572435:24.597886 46.572142:24.597530 46.571905:24.597282 46.571577:24.596966 46.571148:24.596593
2175,46.571148:24.596593 46.570928:24.596388 46.570710:24.596144 46.570586:24.595977
2176,46.570586:24.595977 46.569900:24.594863 46.568261:24.592141
2177,46.564357:24.589523 46.564367:24.589588 46.564342:24.589669 46.563992:24.590078 46.563942:24.590101
2178,46.566492:24.589289 46.566397:24.589310 46.565939:24.589343 46.565895:24.589346
2179,46.565895:24.589346 46.565789:24.589343 46.565697:24.589335 46.565576:24.589319 46.565469:24.589297 46.565405:24.589278 46.565352:24.589254 46.565277:24.589205 46.565195:24.589131 46.564816:24.588814 46.564758:24.588773 46.564703:24.588746 46.564648:24.588728 46.564588:24.588722 46.564353:24.588744 46.564208:24.588760 46.564159:24.588759 46.564117:24.588751 46.564064:24.588738 46.563998:24.588706 46.563940:24.588673
2180,46.561638:24.587327 46.562210:24.587851 46.563748:24.589196
2181,46.563748:24.589196 46.563882:24.589257
2182,46.563882:24.589257 46.564098:24.589365 46.564357:24.589523
2183,46.598212:24.631690 46.598697:24.630948
2184,46.598697:24.630948 46.599234:24.630045
2185,46.599004:24.631400 46.598891:24.631201
2186,46.598891:24.631201 46.598697:24.630948
2187,46.598697:24.630948 46.598498:24.630664
2188,46.598498:24.630664 46.598400:24.630551
2189,46.598958:24.628352 46.598834:24.628564
2190,46.598834:24.628564 46.598682:24.628823
2191,46.598682:24.628823 46.598537:24.629072
2192,46.598537:24.629072 46.598218:24.629618
2193,46.598698:24.632850 46.598803:24.632677
2194,46.598803:24.632677 46.599916:24.630877
2195,46.597925:24.631284 46.598002:24.631393
2196,46.598002:24.631393 46.598212:24.631690
2197,46.598212:24.631690 46.598438:24.631987
2198,46.598438:24.631987 46.598524:24.632073 46.598594:24.632095 46.598641:24.632027 46.599004:24.631400
2199,46.598498:24.630664 46.598726:24.630302
2200,46.598726:24.630302 46.599047:24.629775
2201,46.599047:24.629775 46.599201:24.629508
2202,46.599201:24.629508 46.599337:24.629271
2203,46.599337:24.629271 46.599461:24.629056
2204,46.599201:24.629508 46.598682:24.628823
2205,46.598438:24.631987 46.598891:24.631201
2206,46.599234:24.630045 46.599047:24.629775
2207,46.599047:24.629775 46.598537:24.629072
2208,46.599423:24.630612 46.599004:24.631400
2209,46.599461:24.629056 46.598958:24.628352
2210,46.598218:24.629618 46.598726:24.630302
2211,46.599337:24.629271 46.598834:24.628564
2212,46.585566:24.614998 46.586238:24.615916 46.587331:24.617406 46.587688:24.617893
2213,46.587688:24.617893 46.587729:24.617949
2214,46.587729:24.617949 46.588057:24.618397
2215,46.588057:24.618397 46.588155:24.618530
2216,46.588155:24.618530 46.588658:24.619205 46.589216:24.619969
2217,46.589216:24.619969 46.589657:24.620573
2218,46.589657:24.620573 46.589728:24.620670
2219,46.589728:24.620670 46.590102:24.621163
2220,46.590102:24.621163 46.590275:24.621389
2221,46.576515:24.604902 46.576268:24.604668 46.576100:24.604449 46.575987:24.604307 46.575813:24.604020 46.575606:24.603653
2222,46.565895:24.589346 46.565682:24.589573 46.565473:24.589827
2223,46.565473:24.589827 46.565393:24.590151 46.565294:24.590485 46.565244:24.590847 46.565212:24.591333 46.565256:24.591891 46.565299:24.592339
2224,46.565473:24.589827 46.565362:24.589866 46.565206:24.589940 46.565111:24.590015 46.565011:24.590093 46.564697:24.590434 46.564574:24.590611 46.564530:24.590711 46.564529:24.590770 46.564552:24.590793 46.564601:24.590815 46.564683:24.590886 46.564722:24.590948 46.564736:24.591002 46.564739:24.591044 46.564734:24.591105 46.564723:24.591200 46.564696:24.591390 46.564628:24.591728 46.564579:24.591959 46.564523:24.592046 46.564161:24.592336 46.563919:24.592529 46.563843:24.592568 46.563586:24.592672
2225,46.563586:24.592672 46.563520:24.592700
2226,46.561015:24.582109 46.560959:24.582028
2227,46.560959:24.582028 46.560768:24.581751 46.560693:24.581643
2228,46.558335:24.547131 46.558176:24.547358
2229,46.558176:24.547358 46.558157:24.547391 46.558033:24.547606
2230,46.558069:24.547208 46.558215:24.546964
2231,46.558215:24.546964 46.558377:24.546675
2232,46.534127:24.555049 46.533891:24.555447 46.533874:24.555475 46.533863:24.555493
2233,46.531961:24.551670 46.531979:24.551697 46.532004:24.551729 46.532437:24.552310
2234,46.529750:24.553437 46.529886:24.553307 46.530071:24.553239 46.530625:24.553074 46.530690:24.553054
2235,46.530690:24.553054 46.530888:24.553016
2236,46.530888:24.553016 46.530906:24.553013 46.531087:24.552978 46.531158:24.552972 46.531244:24.552995
2237,46.531244:24.552995 46.531324:24.553059
2238,46.531324:24.553059 46.531476:24.553271 46.531503:24.553309 46.531641:24.553505 46.531759:24.553664
2239,46.531759:24.553664 46.531977:24.553950
2240,46.547322:24.561299 46.547260:24.561237 46.547162:24.561136
2241,46.547236:24.560960 46.547162:24.561136
2242,46.547464:24.560887 46.547392:24.560830 46.547360:24.560756 46.547295:24.560683 46.547239:24.560682 46.547145:24.560585
2243,46.539424:24.580973 46.539376:24.580975 46.539127:24.580986 46.539090:24.580987
2244,46.539356:24.576654 46.539362:24.576682 46.539392:24.576814 46.539492:24.577490
2245,46.539492:24.577490 46.539594:24.578291
2246,46.539594:24.578291 46.539597:24.578310 46.539602:24.578344
2247,46.539116:24.582166 46.539095:24.581174
2248,46.539095:24.581174 46.539094:24.581137 46.539090:24.580987
2249,46.539090:24.580987 46.539088:24.580893 46.539064:24.580104 46.539064:24.580092
2250,46.537053:24.581961 46.537114:24.581876 46.537158:24.581833
2251,46.537158:24.581833 46.537274:24.581833 46.537306:24.581815 46.537373:24.581730
2252,46.537373:24.581730 46.537464:24.581617 46.537486:24.581590 46.537505:24.581546 46.537513:24.581495 46.537519:24.581422
2253,46.537519:24.581422 46.537546:24.581331 46.537593:24.581257 46.537712:24.581126
2254,46.537712:24.581126 46.537789:24.581191 46.537848:24.581227 46.537906:24.581263 46.537956:24.581346 46.537995:24.581411
2255,46.538609:24.582679 46.538397:24.582681 46.538360:24.582729 46.538349:24.582810 46.538352:24.583374
2256,46.537158:24.581833 46.537118:24.581767
2257,46.537118:24.581767 46.536945:24.581495
2258,46.538631:24.583859 46.538634:24.583388 46.538593:24.583372
2259,46.538593:24.583372 46.538588:24.583019 46.538621:24.582960 46.538855:24.582957 46.538892:24.582956
2260,46.536378:24.582482 46.536241:24.582657
2261,46.537276:24.582322 46.537053:24.581961
2262,46.537053:24.581961 46.536843:24.581631 46.536945:24.581495
2263,46.536945:24.581495 46.537122:24.581262
2264,46.537122:24.581262 46.537171:24.581211 46.537221:24.581193 46.537277:24.581157
2265,46.537712:24.581126 46.537552:24.580857 46.537535:24.580775 46.537540:24.580688 46.537744:24.580441 46.537784:24.580426 46.537987:24.580168 46.538023:24.580180 46.538106:24.580147 46.538174:24.580047
2266,46.537373:24.581730 46.537305:24.581618 46.537293:24.581544
2267,46.537293:24.581544 46.537122:24.581262
2268,46.537293:24.581544 46.537118:24.581767
2269,46.537754:24.545673 46.537832:24.545803 46.537456:24.546287
2270,46.537456:24.546287 46.537377:24.546157 46.537447:24.546068 46.537754:24.545673
2271,46.538620:24.546785 46.538513:24.546927 46.538424:24.547045 46.538333:24.547166 46.538247:24.547279
2272,46.538507:24.544612 46.538411:24.544735 46.538378:24.544777 46.538305:24.544871 46.538212:24.544991 46.538181:24.545030 46.538056:24.545190 46.538048:24.545200 46.537914:24.545372 46.537884:24.545411 46.537764:24.545564
2273,46.538579:24.544724 46.538483:24.544847 46.538377:24.544982 46.538253:24.545141 46.538127:24.545303 46.537982:24.545488 46.537864:24.545628
2274,46.538310:24.544304 46.538329:24.544334 46.538342:24.544355 46.538507:24.544612
2275,46.538507:24.544612 46.538520:24.544633 46.538579:24.544724
2276,46.538579:24.544724 46.538674:24.544850
2277,46.538674:24.544850 46.539153:24.545638 46.539194:24.545650 46.539310:24.545505 46.539416:24.545371
2278,46.539416:24.545371 46.539485:24.545284 46.539510:24.545253 46.539707:24.545004 46.539736:24.544968
2279,46.539597:24.546536 46.539455:24.546318 46.539435:24.546287
2280,46.537226:24.546606 46.537243:24.546585 46.537416:24.546369 46.537456:24.546287
2281,46.537754:24.545673 46.537764:24.545564
2282,46.538674:24.544850 46.538803:24.544678 46.538859:24.544602
2283,46.538859:24.544602 46.538932:24.544505
2284,46.538932:24.544505 46.538995:24.544421 46.539183:24.544164 46.539213:24.544124
2285,46.538823:24.547106 46.538797:24.547064 46.538620:24.546785
2286,46.538620:24.546785 46.538530:24.546638 46.538445:24.546501 46.538432:24.546481 46.538314:24.546290 46.538224:24.546145 46.538078:24.546325
2287,46.538078:24.546325 46.537965:24.546461 46.537955:24.546472 46.537821:24.546633 46.537818:24.546637 46.537677:24.546805 46.537505:24.547021 46.537492:24.547037
2288,46.525770:24.601816 46.525126:24.602392
2289,46.524684:24.601464 46.524780:24.601666
2290,46.524780:24.601666 46.524866:24.601846
2291,46.524866:24.601846 46.524955:24.602032
2292,46.524955:24.602032 46.525037:24.602206
2293,46.525037:24.602206 46.525126:24.602392
2294,46.525126:24.602392 46.525219:24.602587
2295,46.525219:24.602587 46.525301:24.602760
2296,46.525301:24.602760 46.525381:24.602926
2297,46.525381:24.602926 46.525468:24.603109 46.526100:24.602511
2298,46.526013:24.602329 46.525381:24.602926
2299,46.525673:24.601610 46.525037:24.602206
2300,46.525495:24.601235 46.524866:24.601846
2301,46.525857:24.601999 46.525219:24.602587
2302,46.546473:24.565187 46.546354:24.565162 46.546335:24.565159 46.546286:24.565149 46.546240:24.565137
2303,46.537901:24.559159 46.537868:24.559129 46.537819:24.559086 46.537377:24.558694 46.537345:24.558665
2304,46.521198:24.536041 46.521209:24.536064
2305,46.521209:24.536064 46.521254:24.536154 46.521295:24.536234
2306,46.521295:24.536234 46.521390:24.536425 46.521496:24.536637 46.521508:24.536660 46.521596:24.536836
2307,46.521596:24.536836 46.521609:24.536863
2308,46.521609:24.536863 46.521620:24.536885 46.521654:24.536953 46.521976:24.537593 46.522060:24.537760
2309,46.529601:24.557112 46.529424:24.557412 46.529122:24.557924 46.528672:24.558688 46.528453:24.559059 46.528435:24.559090 46.528407:24.559136
2310,46.527830:24.556525 46.527914:24.556628
2311,46.535198:24.585780 46.535164:24.585729 46.534999:24.585570 46.534997:24.585438 46.535016:24.585270
2312,46.535716:24.584576 46.535684:24.584544 46.535336:24.584213 46.535220:24.584496
2313,46.535220:24.584496 46.535147:24.584673 46.534984:24.585057 46.534865:24.584946 46.534788:24.584938 46.534733:24.585027
2314,46.534733:24.585027 46.534480:24.585598 46.534545:24.585695 46.534772:24.585905 46.534432:24.586664
2315,46.535016:24.585270 46.534733:24.585027
2316,46.535489:24.585104 46.535522:24.585134 46.535719:24.585339
2317,46.535719:24.585339 46.535738:24.585387
2318,46.584709:24.613556 46.584759:24.613463 46.584673:24.613342 46.584621:24.613269 46.584556:24.613336
2319,46.523344:24.542812 46.523518:24.542704
2320,46.523597:24.543631 46.523422:24.543742
2321,46.523786:24.542017 46.523418:24.542252 46.523258:24.542354
2322,46.523258:24.542354 46.522291:24.542969 46.522196:24.543073 46.522137:24.543221 46.522129:24.543381
2323,46.523518:24.542704 46.523693:24.542597
2324,46.523693:24.542597 46.523917:24.542469
2325,46.593289:24.625461 46.593338:24.625527
2326,46.523948:24.543409 46.523693:24.542597
2327,46.523773:24.543520 46.523657:24.543149 46.523518:24.542704
2328,46.523948:24.543409 46.523773:24.543520
2329,46.593515:24.625088 46.593576:24.625165
2330,46.523597:24.543631 46.523344:24.542812
2331,46.523773:24.543520 46.523597:24.543631
2332,46.524172:24.543277 46.523948:24.543409
2333,46.523422:24.543742 46.523169:24.542919
2334,46.523917:24.542469 46.524172:24.543277
2335,46.523169:24.542919 46.523344:24.542812
2336,46.575294:24.603219 46.575241:24.603229 46.575188:24.603193 46.574864:24.602605 46.574723:24.602395 46.574597:24.602286 46.574321:24.602104 46.574209:24.602061 46.574118:24.601980 46.574068:24.601922 46.574043:24.601865 46.574036:24.601785 46.574031:24.601677 46.574033:24.601566 46.574044:24.601447
2337,46.577054:24.606016 46.577117:24.606064 46.577477:24.606519
2338,46.577265:24.604716 46.577440:24.604982
2339,46.576545:24.604909 46.576651:24.604720 46.576765:24.604553
2340,46.576765:24.604553 46.577112:24.604070
2341,46.577112:24.604070 46.577356:24.603723
2342,46.576765:24.604553 46.576924:24.604781 46.576957:24.604803 46.576995:24.604793 46.577191:24.604533 46.577269:24.604654 46.577265:24.604716
2343,46.546268:24.621433 46.546088:24.620151
2344,46.546183:24.549691 46.546150:24.549651 46.545769:24.549197 46.545595:24.549000
2345,46.545595:24.549000 46.545490:24.548882
2346,46.535992:24.587442 46.535976:24.587426
2347,46.535976:24.587426 46.535815:24.587276 46.535802:24.587264 46.535774:24.587237
2348,46.532391:24.567483 46.532459:24.567314 46.532510:24.567246 46.532551:24.567215 46.532628:24.567193 46.532728:24.567180
2349,46.544011:24.552648 46.543999:24.552617
2350,46.543999:24.552617 46.543568:24.551814
2351,46.543568:24.551814 46.543490:24.551672
2352,46.543490:24.551672 46.543262:24.551222 46.543173:24.551051
2353,46.544067:24.555184 46.544063:24.554871 46.544054:24.554003
2354,46.544054:24.554003 46.544071:24.553100 46.544071:24.553022 46.544070:24.552965
2355,46.544070:24.552965 46.544063:24.552885 46.544053:24.552824
2356,46.545050:24.550224 46.545064:24.550217 46.545306:24.550105 46.546183:24.549691
2357,46.546183:24.549691 46.546873:24.549336
2358,46.546873:24.549336 46.547505:24.549007
2359,46.544947:24.550271 46.545050:24.550224
2360,46.556817:24.571828 46.556903:24.571735 46.557063:24.571667
2361,46.526111:24.600029 46.526133:24.600073 46.526464:24.600741
2362,46.556763:24.575079 46.557032:24.575642 46.557058:24.575696
2363,46.558200:24.577837 46.558235:24.577889 46.558397:24.578128
2364,46.558397:24.578128 46.558416:24.578158
2365,46.547773:24.574089 46.547634:24.574130 46.547589:24.574145
2366,46.539175:24.584580 46.539150:24.584687 46.539064:24.585071
2367,46.539304:24.585181 46.539064:24.585071
2368,46.539064:24.585071 46.539045:24.585063 46.539028:24.585056 46.538672:24.584901 46.538656:24.584894 46.538434:24.584797
2369,46.533745:24.588173 46.533692:24.588317 46.533655:24.588289 46.533635:24.588273
2370,46.533635:24.588273 46.533339:24.588056 46.533284:24.588015
2371,46.534494:24.592004 46.534399:24.592069 46.533664:24.592570 46.533617:24.592713 46.533616:24.592855 46.533828:24.593521 46.533894:24.593567
2372,46.533894:24.593567 46.534003:24.593931
2373,46.536277:24.598793 46.536311:24.598915
2374,46.536311:24.598915 46.535945:24.599167
2375,46.533894:24.593567 46.534341:24.593278
2376,46.536311:24.598915 46.536360:24.599067
2377,46.536360:24.599067 46.536576:24.598963 46.536592:24.598955 46.536669:24.598918
2378,46.536529:24.598493 46.536552:24.598494 46.536600:24.598496 46.536645:24.598430 46.536647:24.598327 46.536602:24.598178 46.536433:24.598072 46.536386:24.598042
2379,46.532056:24.593454 46.532133:24.593226
2380,46.532133:24.593226 46.532307:24.592735
2381,46.532307:24.592735 46.532454:24.592309
2382,46.532454:24.592309 46.532543:24.592057 46.532586:24.591936
2383,46.532586:24.591936 46.532598:24.591902 46.532727:24.591523
2384,46.532727:24.591523 46.532848:24.591193
2385,46.532848:24.591193 46.532981:24.590814 46.532885:24.590552 46.533011:24.590184 46.533060:24.590038 46.533123:24.589983 46.533271:24.589566
2386,46.533271:24.589566 46.533279:24.589546 46.533315:24.589445
2387,46.535917:24.596544 46.535828:24.596601 46.535618:24.596735 46.535071:24.597086 46.534884:24.596492
2388,46.530189:24.601093 46.530157:24.601006
2389,46.526986:24.621939 46.526459:24.621978 46.526051:24.621999 46.525894:24.622011 46.525712:24.622020 46.525385:24.622022
2390,46.525385:24.622022 46.525175:24.622026
2391,46.525175:24.622026 46.524656:24.622067 46.524564:24.622067 46.524088:24.622078 46.523528:24.622078 46.523292:24.622038 46.522353:24.621756 46.521786:24.621525
2392,46.518779:24.635566 46.518721:24.635552 46.518679:24.635507 46.518651:24.635427 46.518632:24.635308 46.518611:24.635005 46.518582:24.634727 46.518533:24.634420 46.518459:24.634035 46.518397:24.633763 46.518290:24.633351 46.518224:24.633072 46.518172:24.632780
2393,46.518172:24.632780 46.518147:24.632611 46.518078:24.631975 46.518028:24.631792
2394,46.518028:24.631792 46.517775:24.630391 46.517693:24.629931 46.517665:24.629725 46.517637:24.629628 46.517596:24.629545 46.517502:24.629352 46.517475:24.629280 46.517458:24.629186 46.517467:24.628977 46.517460:24.628846 46.517434:24.628502 46.517442:24.628344 46.517485:24.628162 46.517510:24.628038 46.517527:24.627906
2395,46.522340:24.619019 46.522396:24.618863 46.522546:24.618525 46.522662:24.618217 46.522736:24.617900 46.522745:24.617372 46.522923:24.616491 46.523017:24.616172 46.523097:24.615955 46.523640:24.614636
2396,46.522242:24.618994 46.522340:24.619019
2397,46.522340:24.619019 46.522455:24.619048 46.522901:24.619174 46.523060:24.619278 46.523196:24.619447 46.523534:24.620002 46.523637:24.620117 46.523752:24.620194 46.523869:24.620222 46.524012:24.620181 46.524658:24.620051
2398,46.524658:24.620051 46.524797:24.620055 46.524857:24.620093 46.524891:24.620154 46.524916:24.620245 46.525090:24.621265 46.525127:24.621483 46.525163:24.621820 46.525175:24.622026
2399,46.522216:24.609592 46.522495:24.609662 46.522766:24.609729 46.522975:24.609809
2400,46.522975:24.609809 46.523223:24.609905 46.523327:24.609909 46.523440:24.609903 46.523738:24.609848 46.523912:24.609826 46.524234:24.609816
2401,46.524234:24.609816 46.524366:24.609812 46.524518:24.609777 46.524665:24.609746 46.524779:24.609698 46.524808:24.609674
2402,46.524808:24.609674 46.524839:24.609649 46.524916:24.609482 46.525022:24.609234 46.525103:24.609005 46.525151:24.608853 46.525185:24.608702 46.525225:24.608520 46.525268:24.608380 46.525343:24.608287 46.525495:24.608110 46.525668:24.607914 46.525751:24.607876 46.526037:24.607819 46.526206:24.607772 46.526329:24.607712 46.526451:24.607623 46.526589:24.607461 46.526721:24.607227 46.526755:24.607156 46.526788:24.607059 46.526844:24.606914 46.527007:24.606513 46.527064:24.606381 46.527138:24.606281 46.527221:24.606201 46.527330:24.606140 46.527515:24.606086 46.527760:24.606058 46.527878:24.606058 46.527988:24.606042 46.528090:24.606025 46.528199:24.605997
2403,46.519139:24.635028 46.518993:24.635135
2404,46.518944:24.525538 46.518899:24.525573 46.518882:24.525587 46.518746:24.525695
2405,46.518746:24.525695 46.518607:24.525803 46.518279:24.526056 46.517607:24.526491
2406,46.517607:24.526491 46.516991:24.526864 46.516891:24.526934 46.516873:24.526946
2407,46.516873:24.526946 46.516740:24.527030 46.516605:24.527171 46.516512:24.527348 46.516466:24.527459 46.516455:24.527486
2408,46.516455:24.527486 46.516433:24.527540 46.516425:24.527560
2409,46.514994:24.524309 46.514978:24.524279 46.514972:24.524268 46.514514:24.523382
2410,46.517607:24.526491 46.517623:24.526557 46.517702:24.527626 46.517777:24.528684 46.517825:24.529308
2411,46.517825:24.529308 46.517844:24.529629 46.517884:24.530526 46.517887:24.530683 46.517882:24.530840 46.517866:24.530951 46.517813:24.531165 46.517770:24.531325
2412,46.515213:24.522628 46.514514:24.523382
2413,46.514514:24.523382 46.514414:24.523489
2414,46.514414:24.523489 46.513269:24.524700
2415,46.513269:24.524700 46.513165:24.524820
2416,46.513165:24.524820 46.513111:24.524883 46.513033:24.525044 46.512715:24.525356 46.512682:24.525422 46.512670:24.525487 46.512669:24.525527 46.512666:24.525571 46.512664:24.525614
2417,46.516425:24.527560 46.516418:24.527585
2418,46.516418:24.527585 46.516214:24.528166 46.516141:24.528419 46.516039:24.528705 46.515906:24.529026 46.515777:24.529403 46.515751:24.529470
2419,46.515751:24.529470 46.515587:24.529992 46.515495:24.530392 46.515402:24.530834 46.515324:24.531119 46.515290:24.531319
2420,46.515390:24.519324 46.515560:24.519664
2421,46.515560:24.519664 46.515984:24.520490
2422,46.515984:24.520490 46.516046:24.520611
2423,46.528505:24.567134 46.528517:24.567566 46.528515:24.567840 46.528503:24.568229 46.528461:24.568763 46.528433:24.568998
2424,46.502206:24.535870 46.501956:24.535576 46.501722:24.535254 46.501460:24.534755 46.501391:24.534600 46.501356:24.534492
2425,46.501356:24.534492 46.501317:24.534270
2426,46.501317:24.534270 46.501278:24.533952 46.501261:24.533641 46.501235:24.533231 46.501227:24.532813
2427,46.501317:24.534270 46.502003:24.534050 46.502634:24.533880 46.502818:24.533827 46.502997:24.533837
2428,46.505721:24.534293 46.505844:24.534658 46.505955:24.535047 46.506043:24.535458 46.506107:24.535823 46.506240:24.536872
2429,46.502412:24.543080 46.502349:24.543270 46.502295:24.543441
2430,46.508089:24.532186 46.508116:24.532221 46.508284:24.532480 46.508440:24.532639 46.508606:24.532790 46.509117:24.533324 46.509204:24.533389 46.509360:24.533531
2431,46.500478:24.542117 46.500735:24.542116 46.500981:24.542105 46.501187:24.542127 46.501332:24.542222 46.501486:24.542382 46.501653:24.542571 46.501823:24.542714 46.502412:24.543080
2432,46.502412:24.543080 46.502730:24.543193 46.503060:24.543339 46.503160:24.543419 46.503236:24.543523 46.503360:24.543730 46.503483:24.543905 46.503597:24.544016 46.503706:24.544095
2433,46.501356:24.534492 46.501173:24.534515 46.501073:24.534524 46.500926:24.534500 46.500774:24.534437
2434,46.500329:24.543156 46.500129:24.543173 46.500019:24.543205 46.499720:24.543229 46.499594:24.543240 46.499493:24.543237 46.499358:24.543221 46.499271:24.543309 46.499151:24.543473 46.499051:24.543712 46.499011:24.543838 46.498983:24.543964 46.498832:24.544287 46.498585:24.544794 46.498446:24.545091 46.498366:24.545340 46.498221:24.545844 46.498073:24.546263 46.497949:24.546515 46.497816:24.546882 46.497600:24.547502 46.497390:24.548151 46.497301:24.548400 46.497222:24.548602 46.497196:24.548749 46.497185:24.548918 46.497183:24.549218
2435,46.520042:24.520076 46.519864:24.519699 46.519843:24.519655
2436,46.518653:24.520858 46.518675:24.520900 46.518876:24.521295
2437,46.520150:24.519963 46.520042:24.520076
2438,46.520042:24.520076 46.519539:24.520601 46.518876:24.521295
2439,46.518876:24.521295 46.518535:24.521706
2440,46.516686:24.502730 46.516707:24.502706 46.517148:24.502198 46.517179:24.502114 46.517195:24.502002 46.517198:24.501898
2441,46.517198:24.501898 46.517213:24.501401 46.517096:24.501116
2442,46.517096:24.501116 46.517018:24.500925
2443,46.532140:24.533989 46.532220:24.534112 46.532325:24.534289 46.532389:24.534393 46.532474:24.534533 46.532485:24.534550
2444,46.532485:24.534550 46.532547:24.534650 46.532599:24.534730 46.532647:24.534768 46.532687:24.534888 46.532809:24.534949
2445,46.532809:24.534949 46.532881:24.535059 46.532862:24.535225 46.532735:24.535610
2446,46.532735:24.535610 46.532986:24.536129
2447,46.532986:24.536129 46.533341:24.535851 46.533397:24.536012
2448,46.531922:24.532712 46.531882:24.532757 46.531782:24.532872 46.531712:24.532869
2449,46.531712:24.532869 46.531493:24.532545 46.531196:24.532602 46.531180:24.532705 46.531159:24.532841 46.531189:24.533155 46.531229:24.533290
2450,46.533816:24.535691 46.533771:24.535731 46.533732:24.535765 46.533397:24.536012
2451,46.533397:24.536012 46.533020:24.536344 46.532646:24.536695 46.532589:24.536729 46.532506:24.536706 46.532373:24.536577 46.532263:24.536465 46.532142:24.536313
2452,46.534194:24.563862 46.534206:24.563876 46.534328:24.564020 46.534399:24.564066 46.534497:24.564123 46.534729:24.564163
2453,46.530519:24.588849 46.530455:24.588814
2454,46.530455:24.588814 46.530313:24.588736
2455,46.528053:24.554824 46.528258:24.555085
2456,46.528056:24.558720 46.528079:24.558680 46.528276:24.558330 46.528289:24.558271 46.528274:24.558213 46.527877:24.557721
2457,46.532775:24.587326 46.532754:24.587385 46.532718:24.587490
2458,46.526189:24.542784 46.526305:24.542644
2459,46.526305:24.542644 46.526442:24.542482 46.526475:24.542409 46.526527:24.542240 46.526565:24.542173 46.526623:24.542125 46.526698:24.542102 46.526876:24.542088 46.526954:24.542081
2460,46.527190:24.542592 46.527137:24.542656 46.526967:24.542854
2461,46.526325:24.542834 46.526062:24.542859
2462,46.526062:24.542859 46.526257:24.543196
2463,46.526257:24.543196 46.526323:24.543323 46.525297:24.544580 46.525202:24.544662
2464,46.525202:24.544662 46.525083:24.544782 46.524210:24.545841 46.524176:24.545862 46.523492:24.544707
2465,46.526062:24.542859 46.526013:24.542777
2466,46.526013:24.542777 46.525814:24.542437
2467,46.525814:24.542437 46.525653:24.542161
2468,46.523169:24.542919 46.522583:24.543278
2469,46.525814:24.542437 46.524705:24.543776
2470,46.524705:24.543776 46.524920:24.544159
2471,46.524920:24.544159 46.525202:24.544662
2472,46.523422:24.543742 46.522937:24.544068 46.522978:24.544202 46.522783:24.544330
2473,46.524705:24.543776 46.524588:24.543567 46.524401:24.543549 46.523492:24.544707
2474,46.523492:24.544707 46.522997:24.545334
2475,46.526325:24.542834 46.526257:24.543196
2476,46.530605:24.546999 46.530188:24.547440
2477,46.530520:24.548103 46.530438:24.547940
2478,46.530438:24.547940 46.530355:24.547773
2479,46.530355:24.547773 46.530262:24.547587
2480,46.530262:24.547587 46.530188:24.547440
2481,46.530365:24.548561 46.530396:24.548527 46.530662:24.548241
2482,46.530662:24.548241 46.530993:24.547911 46.531097:24.547861 46.531293:24.547713
2483,46.530294:24.548093 46.530438:24.547940
2484,46.530438:24.547940 46.530856:24.547499 46.530772:24.547332
2485,46.530772:24.547332 46.530696:24.547181
2486,46.530696:24.547181 46.530605:24.546999
2487,46.530605:24.546999 46.530520:24.546829
2488,46.530520:24.546829 46.530434:24.546658
2489,46.530434:24.546658 46.530017:24.547099
2490,46.534963:24.535398 46.535060:24.535528
2491,46.535060:24.535528 46.535708:24.536394
2492,46.535708:24.536394 46.536017:24.536808 46.536043:24.536964 46.536001:24.537098 46.535802:24.537364
2493,46.535802:24.537364 46.535541:24.537714
2494,46.535541:24.537714 46.535477:24.537948
2495,46.528365:24.560663 46.528339:24.560732 46.528349:24.560814 46.528394:24.560906 46.528471:24.560970 46.528521:24.561019 46.528596:24.561084 46.528669:24.561060 46.528700:24.561026 46.528722:24.560986
2496,46.512579:24.613317 46.512450:24.613564
2497,46.512450:24.613564 46.512405:24.613650
2498,46.512405:24.613650 46.512290:24.613879
2499,46.512290:24.613879 46.512144:24.614163
2500,46.512144:24.614163 46.511940:24.614534 46.511788:24.614766 46.511764:24.614796
2501,46.511764:24.614796 46.511707:24.614868
2502,46.511707:24.614868 46.511608:24.614993
2503,46.511608:24.614993 46.511323:24.615295
2504,46.511323:24.615295 46.510953:24.615687 46.510661:24.615998
2505,46.510661:24.615998 46.510579:24.616081
2506,46.510579:24.616081 46.510489:24.616177
2507,46.510489:24.616177 46.510339:24.616336
2508,46.510339:24.616336 46.509667:24.617044
2509,46.509667:24.617044 46.508800:24.617959 46.508132:24.618665
2510,46.508132:24.618665 46.507629:24.619196
2511,46.507629:24.619196 46.507314:24.619525
2512,46.507314:24.619525 46.507077:24.619770 46.507060:24.619788
2513,46.507060:24.619788 46.504425:24.622585 46.504264:24.622756 46.504145:24.622882
2514,46.504145:24.622882 46.503995:24.623041
2515,46.538540:24.553513 46.537658:24.553505 46.537641:24.553528 46.537429:24.553826 46.537415:24.553846
2516,46.531313:24.558776 46.531053:24.558464 46.530963:24.558354 46.530753:24.558097
2517,46.530753:24.558097 46.530651:24.557972
2518,46.530651:24.557972 46.530425:24.557682 46.530376:24.557620
2519,46.536470:24.545510 46.536864:24.545020
2520,46.536864:24.545020 46.537084:24.544746
2521,46.533804:24.544190 46.535599:24.546418
2522,46.535599:24.546418 46.536036:24.546932 46.536079:24.546986
2523,46.535474:24.541832 46.535557:24.541973 46.535577:24.542010 46.535787:24.542387
2524,46.535787:24.542387 46.536036:24.542800
2525,46.536036:24.542800 46.536207:24.543084
2526,46.536412:24.545412 46.536136:24.545753 46.535599:24.546418
2527,46.536864:24.545020 46.536343:24.544135 46.535943:24.543453 46.535518:24.542731
2528,46.535518:24.542731 46.535405:24.542539
2529,46.537084:24.544746 46.537011:24.544625
2530,46.537011:24.544625 46.536916:24.544469 46.536594:24.543935
2531,46.535008:24.543044 46.535047:24.543109
2532,46.535047:24.543109 46.535463:24.543812 46.535748:24.544293 46.536412:24.545412
2533,46.536412:24.545412 46.536470:24.545510
2534,46.536470:24.545510 46.536750:24.545967 46.536809:24.546059
2535,46.535405:24.542539 46.535008:24.543044
2536,46.535518:24.542731 46.535787:24.542387
2537,46.536036:24.542800 46.536405:24.542319
2538,46.525721:24.538946 46.525766:24.538898 46.526120:24.538520 46.526305:24.538497
2539,46.526305:24.538497 46.526476:24.538321
2540,46.498639:24.484490 46.498709:24.484628 46.498937:24.485092 46.499055:24.485332 46.499193:24.485613 46.499411:24.486055 46.499447:24.486128 46.499719:24.486676 46.500030:24.487300
2541,46.500030:24.487300 46.500150:24.487541 46.500642:24.488528
2542,46.500642:24.488528 46.500870:24.488987
2543,46.500870:24.488987 46.501159:24.489560 46.501717:24.490684
2544,46.501717:24.490684 46.501935:24.491125 46.502101:24.491462
2545,46.502101:24.491462 46.502274:24.491801
2546,46.502274:24.491801 46.502772:24.492814
2547,46.502772:24.492814 46.504932:24.497158 46.506009:24.499323 46.506095:24.499495
2548,46.506095:24.499495 46.506573:24.500477 46.507224:24.501792
2549,46.507224:24.501792 46.507512:24.502375
2550,46.507512:24.502375 46.507633:24.502644
2551,46.507633:24.502644 46.507739:24.502875
2552,46.507739:24.502875 46.507998:24.503377
2553,46.507998:24.503377 46.508097:24.503587
2554,46.508097:24.503587 46.508376:24.504133
2555,46.523940:24.558762 46.524179:24.560347 46.524379:24.561684
2556,46.524804:24.557966 46.524535:24.558272 46.524408:24.558385 46.524260:24.558505 46.523940:24.558762
2557,46.523940:24.558762 46.523471:24.559131 46.523053:24.559447 46.522858:24.559618
2558,46.522858:24.559618 46.522498:24.560000
2559,46.522498:24.560000 46.522308:24.560201
2560,46.515671:24.513036 46.517061:24.511575
2561,46.517289:24.512030 46.517084:24.512242
2562,46.518537:24.506091 46.518985:24.505618
2563,46.512896:24.511211 46.513574:24.512564
2564,46.514896:24.511456 46.515671:24.513036
2565,46.515671:24.513036 46.515991:24.513686
2566,46.515991:24.513686 46.516469:24.514661
2567,46.517409:24.513797 46.517366:24.513701
2568,46.517366:24.513701 46.516929:24.512804 46.516880:24.512781 46.516827:24.512789 46.516780:24.512829 46.515991:24.513686
2569,46.512766:24.502666 46.512263:24.501631
2570,46.519682:24.510745 46.519149:24.509678
2571,46.514248:24.508019 46.513970:24.508313
2572,46.513970:24.508313 46.513722:24.508575 46.513677:24.508663 46.513666:24.508832 46.513700:24.508917 46.514071:24.509658
2573,46.517914:24.513275 46.517289:24.512030
2574,46.517289:24.512030 46.517061:24.511575
2575,46.517061:24.511575 46.516656:24.510743
2576,46.516656:24.510743 46.516306:24.510025
2577,46.516306:24.510025 46.515522:24.508488
2578,46.515522:24.508488 46.514652:24.506737
2579,46.514652:24.506737 46.513458:24.504335
2580,46.513970:24.508313 46.514302:24.508985
2581,46.518356:24.502855 46.518467:24.503057
2582,46.518467:24.503057 46.518859:24.503767
2583,46.513550:24.510135 46.513120:24.509270
2584,46.513120:24.509270 46.512983:24.508993
2585,46.512983:24.508993 46.512643:24.508316
2586,46.514772:24.501813 46.514981:24.501615
2587,46.514981:24.501615 46.515204:24.501393
2588,46.521892:24.508944 46.521598:24.509257
2589,46.521598:24.509257 46.521349:24.509525
2590,46.511446:24.502471 46.511076:24.501718 46.511051:24.501621 46.511056:24.501532 46.511097:24.501454 46.511149:24.501385 46.513134:24.499348
2591,46.513134:24.499348 46.513794:24.498659
2592,46.520188:24.509728 46.520221:24.509695 46.520940:24.508942 46.521011:24.508970 46.521281:24.508689 46.521598:24.509257
2593,46.514163:24.503931 46.514313:24.503788 46.514373:24.503768 46.514427:24.503778 46.514479:24.503836 46.515478:24.505868
2594,46.520330:24.510742 46.519589:24.511528
2595,46.519589:24.511528 46.518751:24.512416
2596,46.518751:24.512416 46.517914:24.513275
2597,46.517914:24.513275 46.517409:24.513797
2598,46.515374:24.504537 46.515849:24.505487
2599,46.515849:24.505487 46.516452:24.506678
2600,46.519953:24.508902 46.519439:24.507881
2601,46.519439:24.507881 46.518945:24.506901
2602,46.518945:24.506901 46.518537:24.506091
2603,46.518537:24.506091 46.518164:24.505351
2604,46.518164:24.505351 46.518028:24.505092 46.518005:24.504942
2605,46.518005:24.504942 46.517938:24.504824
2606,46.517947:24.510787 46.517762:24.510972
2607,46.517164:24.505360 46.517258:24.505226
2608,46.512363:24.511801 46.512309:24.511624 46.512297:24.511484 46.512296:24.511363 46.512301:24.511262 46.512326:24.511153 46.512366:24.511044 46.512420:24.510865 46.512432:24.510797 46.512426:24.510711 46.512396:24.510631 46.512308:24.510417 46.512283:24.510321 46.512247:24.510079 46.512229:24.510004 46.512099:24.509736 46.512185:24.509650 46.512437:24.510155 46.512346:24.510248
2609,46.509664:24.500796 46.509881:24.501293 46.509916:24.501374 46.509928:24.501400 46.510011:24.501588 46.510172:24.502113 46.510363:24.502537 46.510721:24.503223
2610,46.510721:24.503223 46.511056:24.503463 46.511154:24.503498 46.511252:24.503501 46.511353:24.503473 46.511686:24.503345 46.511860:24.503233
2611,46.511860:24.503233 46.512096:24.503080
2612,46.512096:24.503080 46.512766:24.502666
2613,46.512766:24.502666 46.512991:24.502504 46.513147:24.502382 46.513383:24.502140 46.514130:24.501391
2614,46.514130:24.501391 46.514628:24.500877
2615,46.514628:24.500877 46.514840:24.500658
2616,46.518760:24.508549 46.517479:24.509850
2617,46.517479:24.509850 46.516656:24.510743
2618,46.511687:24.504211 46.511687:24.504026 46.511090:24.503974
2619,46.515007:24.511344 46.514420:24.510165
2620,46.519374:24.511076 46.519589:24.511528
2621,46.517948:24.506929 46.518118:24.506791 46.518171:24.506767 46.518222:24.506776
2622,46.516765:24.504547 46.516672:24.504643 46.516391:24.504931
2623,46.516391:24.504931 46.516352:24.504971 46.516321:24.505003 46.516197:24.505130 46.516156:24.505179 46.516089:24.505241 46.516052:24.505279 46.515849:24.505487
2624,46.515849:24.505487 46.515478:24.505868
2625,46.515478:24.505868 46.514652:24.506737
2626,46.516719:24.504068 46.516254:24.503113 46.516395:24.502980
2627,46.512500:24.509508 46.512983:24.508993
2628,46.517096:24.501116 46.517107:24.500368 46.516858:24.500001 46.516588:24.499918 46.516518:24.499949 46.516407:24.500074 46.516385:24.500165 46.516394:24.500248 46.516828:24.501081 46.517198:24.501898
2629,46.518064:24.505461 46.518086:24.505437 46.518164:24.505351
2630,46.518164:24.505351 46.518319:24.505201
2631,46.518319:24.505201 46.518715:24.504817
2632,46.511860:24.503233 46.511685:24.502882
2633,46.518305:24.502906 46.517846:24.502019 46.517963:24.501855 46.518204:24.501519
2634,46.516391:24.504931 46.516087:24.504352
2635,46.518007:24.506324 46.518222:24.506776
2636,46.518222:24.506776 46.518557:24.507499
2637,46.518557:24.507499 46.518578:24.507544
2638,46.518005:24.504942 46.518061:24.504822 46.518127:24.504728 46.518231:24.504643
2639,46.518231:24.504643 46.518511:24.504416 46.518715:24.504817
2640,46.514832:24.509203 46.514248:24.508019
2641,46.514248:24.508019 46.513635:24.506777
2642,46.513635:24.506777 46.512775:24.505034
2643,46.512775:24.505034 46.512625:24.504714 46.512502:24.504521 46.512352:24.504353 46.512240:24.504267 46.512107:24.504211 46.511943:24.504206 46.511687:24.504211
2644,46.511687:24.504211 46.511568:24.504251 46.511467:24.504323 46.511348:24.504434 46.510453:24.505359
2645,46.509603:24.503933 46.509737:24.503950 46.509830:24.504137
2646,46.509830:24.504137 46.510066:24.504617
2647,46.518945:24.506901 46.520322:24.505434
2648,46.512828:24.511281 46.512602:24.510834 46.512740:24.510675 46.512968:24.511135
2649,46.512968:24.511135 46.513258:24.511705 46.513374:24.511747 46.513785:24.512610
2650,46.519439:24.507881 46.519578:24.507740
2651,46.519578:24.507740 46.519906:24.507405
2652,46.509830:24.504137 46.509931:24.503983 46.509955:24.503927 46.509969:24.503870 46.509983:24.503812 46.510008:24.503704 46.510045:24.503539 46.510047:24.503477 46.510043:24.503429 46.510025:24.503385 46.510000:24.503348 46.508882:24.501940 46.508856:24.501897 46.508838:24.501845 46.508835:24.501790 46.508850:24.501735 46.508877:24.501692 46.508938:24.501580 46.509005:24.501491 46.509219:24.501228
2653,46.518412:24.509351 46.518762:24.510068
2654,46.518762:24.510068 46.519309:24.511146 46.519374:24.511076
2655,46.519374:24.511076 46.519682:24.510745
2656,46.519682:24.510745 46.519803:24.510615
2657,46.513794:24.503974 46.513696:24.503818 46.513577:24.503698 46.513456:24.503613
2658,46.518231:24.504643 46.518389:24.504963 46.518262:24.505090 46.518319:24.505201
2659,46.509997:24.497819 46.509967:24.497695 46.509964:24.497586 46.509984:24.497409 46.510139:24.496819 46.510186:24.496591 46.510173:24.496364 46.510151:24.496162 46.510097:24.495967 46.509685:24.494871 46.509670:24.494724 46.509641:24.494281 46.509619:24.493965 46.509636:24.493686 46.509685:24.493375 46.509833:24.492860 46.509872:24.492667 46.509853:24.492480 46.509790:24.492327 46.509669:24.492129 46.509548:24.491914 46.509434:24.491673 46.509347:24.491397 46.509272:24.491188
2660,46.517217:24.503783 46.517227:24.503735 46.517241:24.503663 46.517290:24.503577 46.517417:24.503382 46.517610:24.503153 46.517778:24.503477
2661,46.513635:24.506777 46.512981:24.507450
2662,46.516594:24.504200 46.516719:24.504068
2663,46.516719:24.504068 46.516847:24.503933
2664,46.512009:24.508512 46.512442:24.508058 46.512453:24.507859 46.512741:24.507531 46.512513:24.507092
2665,46.515472:24.501934 46.514836:24.502601
2666,46.517324:24.503995 46.517345:24.503970 46.517778:24.503477
2667,46.517778:24.503477 46.518041:24.503177 46.518085:24.503126 46.518305:24.502906
2668,46.518305:24.502906 46.518356:24.502855
2669,46.512631:24.509776 46.513120:24.509270
2670,46.519197:24.503389 46.518830:24.502671
2671,46.518830:24.502671 46.518630:24.502317
2672,46.511141:24.506753 46.512775:24.505034
2673,46.512775:24.505034 46.513012:24.504792 46.513056:24.504746 46.513142:24.504659 46.513356:24.504440 46.513458:24.504335
2674,46.513458:24.504335 46.513751:24.504021 46.513794:24.503974
2675,46.513794:24.503974 46.513978:24.503791 46.514054:24.503711
2676,46.521047:24.507766 46.521449:24.508540 46.521648:24.508326
2677,46.519837:24.509023 46.519871:24.508987 46.519953:24.508902
2678,46.519953:24.508902 46.521047:24.507766
2679,46.521047:24.507766 46.521263:24.507542 46.521295:24.507474 46.521293:24.507399 46.521259:24.507323 46.520322:24.505434
2680,46.520322:24.505434 46.520143:24.505074 46.519791:24.504363
2681,46.512096:24.503080 46.511861:24.502613 46.511672:24.502238
2682,46.514628:24.500877 46.514981:24.501615
2683,46.516469:24.514661 46.517366:24.513701
2684,46.518467:24.503057 46.518830:24.502671
2685,46.513607:24.498599 46.513688:24.498595 46.513794:24.498659
2686,46.513794:24.498659 46.513866:24.498727 46.513934:24.498831 46.514280:24.499527
2687,46.514280:24.499527 46.514840:24.500658
2688,46.514840:24.500658 46.515204:24.501393
2689,46.515204:24.501393 46.515472:24.501934
2690,46.515472:24.501934 46.516594:24.504200
2691,46.516594:24.504200 46.516765:24.504547
2692,46.516765:24.504547 46.517164:24.505360
2693,46.517164:24.505360 46.517632:24.506299
2694,46.517632:24.506299 46.517948:24.506929
2695,46.517948:24.506929 46.518341:24.507714
2696,46.518341:24.507714 46.518760:24.508549
2697,46.518760:24.508549 46.519263:24.509563
2698,46.518341:24.507714 46.518557:24.507499
2699,46.518751:24.512416 46.518366:24.511591 46.517947:24.510787
2700,46.517947:24.510787 46.517479:24.509850
2701,46.510167:24.497951 46.509997:24.497819
2702,46.510721:24.503223 46.511446:24.502471
2703,46.511446:24.502471 46.511672:24.502238
2704,46.511672:24.502238 46.512263:24.501631
2705,46.512263:24.501631 46.513584:24.500274
2706,46.513584:24.500274 46.514280:24.499527
2707,46.520427:24.510207 46.520458:24.510175 46.520909:24.509713 46.521068:24.510016
2708,46.518859:24.503767 46.519197:24.503389
2709,46.514228:24.504058 46.514163:24.503931
2710,46.514163:24.503931 46.514054:24.503711
2711,46.514054:24.503711 46.513973:24.503529 46.513917:24.503416 46.513874:24.503350 46.513825:24.503300 46.513780:24.503285 46.513492:24.503275
2712,46.513043:24.511059 46.512968:24.511135
2713,46.512968:24.511135 46.512896:24.511211
2714,46.512896:24.511211 46.512828:24.511281
2715,46.512828:24.511281 46.512790:24.511320
2716,46.512790:24.511320 46.512655:24.511466 46.512626:24.511497 46.512363:24.511801
2717,46.512363:24.511801 46.512311:24.511857 46.512279:24.511891
2718,46.512279:24.511891 46.512220:24.511949
2719,46.513889:24.512498 46.513785:24.512610
2720,46.513785:24.512610 46.513689:24.512713 46.513632:24.512755 46.513575:24.512760 46.513523:24.512744 46.513475:24.512698 46.513435:24.512635 46.512790:24.511320
2721,46.518762:24.510068 46.519149:24.509678
2722,46.519149:24.509678 46.519263:24.509563
2723,46.519263:24.509563 46.519614:24.509232 46.520330:24.510742
2724,46.515761:24.510578 46.515053:24.509159 46.514580:24.509651
2725,46.518190:24.505719 46.518064:24.505461
2726,46.518064:24.505461 46.517661:24.504664
2727,46.517661:24.504664 46.517324:24.503995
2728,46.517324:24.503995 46.517217:24.503783
2729,46.517217:24.503783 46.516686:24.502730
2730,46.516686:24.502730 46.514381:24.498141 46.514118:24.497599 46.514101:24.497565 46.514070:24.497506 46.514052:24.497470 46.513967:24.497357 46.513885:24.497355 46.513816:24.497404 46.513754:24.497495 46.513654:24.497618 46.513551:24.497682 46.513379:24.497795 46.513248:24.497817 46.513124:24.497838 46.512386:24.497819 46.512264:24.497841 46.512120:24.497868 46.511862:24.497999 46.511716:24.498096 46.511574:24.498106 46.511448:24.498181 46.511343:24.498259 46.511225:24.498404 46.511122:24.498474 46.511011:24.498452 46.510930:24.498377 46.510523:24.498203 46.510167:24.497951
2731,46.537722:24.541697 46.537752:24.541658 46.538058:24.541237
2732,46.537613:24.541519 46.537639:24.541482 46.537917:24.541085
2733,46.537385:24.541155 46.537414:24.541118 46.537655:24.540777
2734,46.537833:24.541882 46.537861:24.541839 46.538174:24.541387
2735,46.534775:24.537182 46.534760:24.537156
2736,46.534760:24.537156 46.534307:24.536420
2737,46.534307:24.536420 46.534261:24.536346 46.533816:24.535691
2738,46.533816:24.535691 46.533761:24.535609 46.533464:24.535148
2739,46.533464:24.535148 46.533130:24.534610
2740,46.533130:24.534610 46.532464:24.533554
2741,46.532464:24.533554 46.532451:24.533534
2742,46.532451:24.533534 46.532271:24.533254
2743,46.532271:24.533254 46.532050:24.532912 46.531922:24.532712
2744,46.531922:24.532712 46.531724:24.532404 46.531439:24.531923 46.530791:24.530813
2745,46.537519:24.541376 46.537550:24.541329 46.537832:24.540938
2746,46.536996:24.540428 46.536987:24.540388 46.536970:24.540353 46.536943:24.540335 46.536885:24.540308
2747,46.536885:24.540308 46.536859:24.540300 46.536829:24.540300
2748,46.536497:24.540642 46.536430:24.540716 46.536377:24.540778
2749,46.536377:24.540778 46.536050:24.541142
2750,46.536050:24.541142 46.535543:24.541754
2751,46.535543:24.541754 46.535474:24.541832
2752,46.535474:24.541832 46.534817:24.542599
2753,46.534817:24.542599 46.534098:24.543401
2754,46.534098:24.543401 46.533382:24.544182 46.533335:24.544216
2755,46.508557:24.588961 46.508565:24.588963 46.508581:24.588980 46.508603:24.589030 46.508617:24.589259 46.508644:24.589439 46.508705:24.589907 46.508777:24.590233
2756,46.503321:24.491832 46.503996:24.493281 46.504275:24.493786 46.505154:24.495305 46.505254:24.495525 46.505375:24.495789
2757,46.505375:24.495789 46.505636:24.496367 46.506471:24.498255 46.506508:24.498376 46.506471:24.498489
2758,46.506095:24.499495 46.506025:24.499568 46.505849:24.499753
2759,46.505849:24.499753 46.505452:24.500169
2760,46.505452:24.500169 46.505309:24.500320
2761,46.505309:24.500320 46.504790:24.500885 46.504767:24.500910
2762,46.504767:24.500910 46.503960:24.501779
2763,46.503960:24.501779 46.503603:24.502226
2764,46.505870:24.495010 46.504718:24.492377 46.504371:24.491643 46.504235:24.491423 46.503976:24.491125 46.503953:24.491100 46.503891:24.491033 46.503878:24.490877 46.503952:24.490735 46.504171:24.490404 46.504597:24.489640
2765,46.504597:24.489640 46.504810:24.489183 46.505437:24.487749 46.505772:24.486919
2766,46.505772:24.486919 46.506308:24.485808
2767,46.502772:24.492814 46.502715:24.492893 46.502142:24.493685
2768,46.502142:24.493685 46.502033:24.493833
2769,46.502033:24.493833 46.501284:24.494864
2770,46.501284:24.494864 46.501151:24.495038 46.501067:24.495141 46.500960:24.495234 46.500797:24.495320
2771,46.500797:24.495320 46.500624:24.495351
2772,46.504247:24.498120 46.504867:24.497219
2773,46.500962:24.491683 46.501210:24.492184 46.501270:24.492300
2774,46.501270:24.492300 46.501439:24.492640
2775,46.501439:24.492640 46.501513:24.492789 46.501731:24.493226
2776,46.501731:24.493226 46.501798:24.493360
2777,46.501798:24.493360 46.502033:24.493833
2778,46.501439:24.492640 46.501225:24.492873
2779,46.501225:24.492873 46.501063:24.493048
2780,46.501063:24.493048 46.500967:24.493153
2781,46.501717:24.490684 46.501649:24.490773 46.501199:24.491363
2782,46.501199:24.491363 46.500962:24.491683
2783,46.500962:24.491683 46.500763:24.491935 46.500610:24.492128
2784,46.500610:24.492128 46.500176:24.492677
2785,46.500176:24.492677 46.499457:24.493571
2786,46.499457:24.493571 46.498239:24.495109
2787,46.503284:24.496130 46.502903:24.496526 46.502556:24.496860
2788,46.500176:24.492677 46.501284:24.494864
2789,46.506437:24.496370 46.506254:24.495951
2790,46.506254:24.495951 46.505904:24.495134 46.505870:24.495010
2791,46.500870:24.488987 46.500809:24.489069 46.499764:24.490462
2792,46.499764:24.490462 46.499196:24.491193 46.497930:24.492879 46.497029:24.494084 46.496762:24.494442 46.496703:24.494529 46.496659:24.494605 46.496596:24.494725 46.496530:24.494824 46.496405:24.494976 46.496326:24.495078 46.496181:24.495230 46.496107:24.495294 46.496043:24.495311 46.495970:24.495307 46.495883:24.495288 46.495751:24.495255
2793,46.502772:24.492814 46.502823:24.492723 46.503321:24.491832
2794,46.503321:24.491832 46.503498:24.491523
2795,46.503498:24.491523 46.503547:24.491450
2796,46.500030:24.487300 46.500082:24.487222 46.500135:24.487142 46.500701:24.486003 46.501048:24.485335 46.501063:24.485310 46.501469:24.484625 46.502568:24.483214 46.502850:24.482852
2797,46.502850:24.482852 46.503141:24.482479
2798,46.503141:24.482479 46.503805:24.481635 46.503907:24.481506
2799,46.502142:24.493685 46.503284:24.496130
2800,46.503284:24.496130 46.504230:24.498085 46.504247:24.498120
2801,46.504247:24.498120 46.505309:24.500320
2802,46.501417:24.477434 46.502768:24.479644 46.503907:24.481506
2803,46.503907:24.481506 46.504833:24.483151
2804,46.504833:24.483151 46.505831:24.484924 46.505927:24.485093
2805,46.498703:24.488276 46.499764:24.490462
2806,46.499764:24.490462 46.500610:24.492128
2807,46.503960:24.501779 46.503464:24.500776 46.502886:24.499644
2808,46.502223:24.496160 46.502556:24.496860
2809,46.502556:24.496860 46.502725:24.497219 46.502730:24.497282 46.502709:24.497338 46.502415:24.497700
2810,46.502415:24.497700 46.502372:24.497794 46.502041:24.498232
2811,46.505870:24.495010 46.506079:24.494839 46.506156:24.494839 46.506226:24.494903 46.506460:24.495418 46.506476:24.495540 46.506452:24.495692 46.506393:24.495815 46.506254:24.495951
2812,46.531833:24.501145 46.531856:24.502556 46.531866:24.503980 46.531894:24.504425 46.531907:24.504670
2813,46.500164:24.480505 46.499888:24.481306
2814,46.528024:24.485549 46.527960:24.486140
2815,46.527960:24.486140 46.528367:24.486241 46.528437:24.485674
2816,46.532788:24.483493 46.532192:24.483260 46.531971:24.483184 46.531709:24.483116 46.531536:24.483073 46.531385:24.483029
2817,46.504117:24.474324 46.504105:24.474449 46.504053:24.474556 46.503788:24.474973 46.503728:24.475071 46.503702:24.475133 46.503694:24.475199 46.503701:24.475254 46.503723:24.475299 46.504873:24.477370 46.505513:24.478522 46.505707:24.478849 46.505880:24.479092 46.506051:24.479310 46.506470:24.479732 46.507680:24.480951
2818,46.507971:24.476380 46.507978:24.476511 46.507968:24.476714 46.507975:24.476919 46.507981:24.477254 46.507974:24.477648 46.507950:24.478150 46.507878:24.479978 46.507847:24.480330 46.507793:24.480612 46.507680:24.480951
2819,46.507680:24.480951 46.507556:24.481300 46.507466:24.481504 46.507370:24.481725 46.507257:24.481975 46.507231:24.482034 46.506572:24.483562 46.506272:24.484269 46.505927:24.485093
2820,46.535424:24.500208 46.535654:24.499933 46.535858:24.499652 46.536260:24.499080
2821,46.536260:24.499080 46.537284:24.497567
2822,46.533735:24.482250 46.533676:24.481922 46.533661:24.481868 46.533639:24.481822 46.533512:24.481663 46.533404:24.481550 46.533284:24.481462 46.533005:24.481474 46.532839:24.481488
2823,46.536776:24.502446 46.536376:24.502857 46.536290:24.502904 46.536197:24.502918 46.535990:24.502912 46.535508:24.502791 46.535347:24.502722 46.535252:24.502642
2824,46.535252:24.502642 46.535204:24.502512 46.535149:24.502098 46.535130:24.501753 46.535094:24.500655 46.535128:24.500415 46.535192:24.500246 46.535330:24.500047
2825,46.500311:24.480659 46.500164:24.480505
2826,46.500164:24.480505 46.499927:24.480232 46.499248:24.479395 46.498838:24.478814
2827,46.527876:24.486115 46.527960:24.486140
2828,46.499908:24.481883 46.500007:24.481573 46.500311:24.480659
2829,46.500311:24.480659 46.500650:24.479671 46.501266:24.477856 46.501380:24.477537 46.501417:24.477434
2830,46.533294:24.475400 46.533185:24.475507 46.533085:24.475608 46.532994:24.475733 46.532906:24.475892 46.532863:24.475989 46.532823:24.476122 46.532781:24.476319 46.532755:24.476521 46.532757:24.477497 46.532776:24.478098 46.532780:24.478672 46.532811:24.479582 46.532828:24.480863 46.532839:24.481488
2831,46.532839:24.481488 46.532830:24.482332 46.532788:24.483493
2832,46.532788:24.483493 46.532737:24.484636 46.532722:24.484955 46.532722:24.485125
2833,46.532722:24.485125 46.532726:24.485189 46.532742:24.485482 46.532878:24.486824
2834,46.532878:24.486824 46.532978:24.487596 46.533002:24.487968 46.532986:24.488338 46.532893:24.488962 46.532735:24.489592
2835,46.532735:24.489592 46.532249:24.491169 46.532097:24.491853 46.532032:24.492427 46.532023:24.493008 46.532115:24.493614 46.532277:24.494188 46.532472:24.494605
2836,46.532472:24.494605 46.532510:24.494684 46.532646:24.494932
2837,46.532646:24.494932 46.532769:24.495155 46.533613:24.496445 46.533846:24.496823 46.534106:24.497247 46.534309:24.497731 46.534412:24.498077
2838,46.534412:24.498077 46.534610:24.498647 46.534897:24.499306 46.535330:24.500047
2839,46.535330:24.500047 46.535424:24.500208
2840,46.535424:24.500208 46.536242:24.501515 46.536492:24.501931 46.536776:24.502446
2841,46.536776:24.502446 46.536944:24.502732 46.537120:24.502996 46.537278:24.503185 46.537641:24.503498
2842,46.537641:24.503498 46.538080:24.503806 46.538419:24.503994 46.538822:24.504179 46.539199:24.504372 46.539364:24.504499
2843,46.539364:24.504499 46.539732:24.504923 46.539997:24.505332 46.540176:24.505674
2844,46.540176:24.505674 46.540403:24.506213
2845,46.540403:24.506213 46.540624:24.506747 46.540835:24.507131 46.541093:24.507466 46.541348:24.507723 46.541462:24.507823
2846,46.541462:24.507823 46.541603:24.507947 46.541825:24.508189 46.542002:24.508454 46.542150:24.508731
2847,46.542150:24.508731 46.542474:24.509327 46.542821:24.510015
2848,46.537124:24.504766 46.537137:24.505028 46.537200:24.505389 46.537234:24.505448 46.537274:24.505480 46.537484:24.505541 46.537549:24.505571 46.537587:24.505607 46.537631:24.505701 46.537653:24.505789 46.537705:24.506083 46.537722:24.506235 46.537740:24.506337 46.537776:24.506465 46.537854:24.506710 46.537927:24.506857 46.538017:24.507015
2849,46.538017:24.507015 46.538129:24.507159 46.538231:24.507261 46.538416:24.507389 46.538565:24.507513 46.538679:24.507653 46.538753:24.507772 46.538820:24.507900 46.538879:24.508083 46.538900:24.508152 46.538962:24.508301 46.539104:24.508532 46.539305:24.508736 46.539621:24.509025 46.540239:24.509248 46.540366:24.509204 46.540488:24.509098 46.540788:24.508726 46.540979:24.508594 46.541143:24.508403 46.541462:24.507823
2850,46.535252:24.502642 46.535179:24.502722 46.534977:24.502777
2851,46.528966:24.520679 46.528806:24.520371 46.528145:24.519043
2852,46.527456:24.511041 46.526375:24.510469
2853,46.526652:24.532467 46.526470:24.532639 46.526434:24.532673
2854,46.527698:24.510765 46.527770:24.510763 46.527856:24.510744 46.527931:24.510687
2855,46.527931:24.510687 46.527990:24.510542 46.528063:24.510441 46.528106:24.510427 46.528189:24.510426 46.528261:24.510444 46.528602:24.510586 46.528651:24.510628 46.528674:24.510680 46.528679:24.510778
2856,46.525407:24.513925 46.525218:24.513969
2857,46.525218:24.513969 46.525206:24.513972 46.524830:24.514049 46.524073:24.514231 46.523928:24.514266 46.523826:24.514257 46.523718:24.514187 46.523645:24.514049 46.523336:24.513127 46.523266:24.512799 46.523248:24.512584 46.523226:24.512317 46.523185:24.512131 46.523057:24.511731 46.523064:24.511663
2858,46.526292:24.507993 46.526481:24.508002
2859,46.523054:24.522738 46.522574:24.521603 46.522543:24.521532
2860,46.526950:24.530249 46.526061:24.531066
2861,46.529879:24.531600 46.528950:24.531579
2862,46.521493:24.522444 46.521626:24.522535
2863,46.521626:24.522535 46.521245:24.523584
2864,46.520440:24.523302 46.520539:24.523027 46.520775:24.523213
2865,46.520775:24.523213 46.520885:24.523300
2866,46.520885:24.523300 46.521117:24.523483
2867,46.521117:24.523483 46.521245:24.523584
2868,46.521245:24.523584 46.521627:24.523886 46.521672:24.523922
2869,46.523271:24.522867 46.523591:24.522606
2870,46.527709:24.522427 46.527752:24.522199 46.527753:24.522113 46.527755:24.522011 46.527766:24.521659 46.527779:24.521126 46.527778:24.520010 46.527772:24.519703 46.527784:24.519064 46.527787:24.518708 46.527803:24.518414 46.527817:24.518276 46.527850:24.517999 46.527867:24.517868 46.527875:24.517815 46.527899:24.517732 46.527916:24.517670 46.527947:24.517616 46.528011:24.517504 46.528189:24.517275 46.528406:24.517029 46.529221:24.516173 46.529811:24.515544 46.529868:24.515476 46.529902:24.515432 46.529925:24.515396 46.529967:24.515310 46.529991:24.515244 46.530052:24.515052 46.530104:24.514848 46.530398:24.513375 46.530427:24.513196 46.530442:24.513063 46.530456:24.512868 46.530453:24.512616 46.530390:24.511781 46.530403:24.511665 46.530431:24.511598 46.530457:24.511557 46.530477:24.511534 46.530553:24.511487 46.531700:24.511477 46.531858:24.511493 46.532026:24.511518 46.532106:24.511519 46.532158:24.511455 46.532209:24.511338 46.532215:24.511266 46.532226:24.511178 46.532254:24.511120 46.532367:24.511059 46.532556:24.511010
2871,46.526711:24.507575 46.526529:24.507559 46.526493:24.507573 46.526473:24.507612 46.526465:24.507963 46.526481:24.508002
2872,46.526481:24.508002 46.526605:24.508384
2873,46.526605:24.508384 46.526692:24.508581
2874,46.526719:24.514561 46.526695:24.514567
2875,46.526695:24.514567 46.526039:24.514726 46.525436:24.514872 46.525417:24.514877 46.525385:24.514885
2876,46.525760:24.531169 46.525788:24.531146 46.525979:24.530988 46.526061:24.531066
2877,46.526061:24.531066 46.526652:24.532467
2878,46.525695:24.526313 46.525647:24.526331 46.525442:24.526413 46.525366:24.526475
2879,46.525366:24.526475 46.525331:24.526503
2880,46.530205:24.530678 46.530264:24.530829
2881,46.530264:24.530829 46.530386:24.531137
2882,46.523564:24.520975 46.523393:24.521115
2883,46.523393:24.521115 46.523215:24.520664
2884,46.525407:24.513787 46.525450:24.513781 46.525479:24.513777 46.526359:24.513658
2885,46.523640:24.526475 46.523660:24.526457 46.524415:24.525775
2886,46.528024:24.511883 46.527711:24.511638 46.527652:24.511591 46.527548:24.511515
2887,46.527548:24.511515 46.527534:24.511505 46.527363:24.511439 46.527347:24.511433
2888,46.526944:24.523137 46.526981:24.523101 46.527480:24.522648
2889,46.526301:24.508371 46.526605:24.508384
2890,46.528268:24.533637 46.527513:24.534306
2891,46.527513:24.534306 46.527382:24.534423
2892,46.527382:24.534423 46.527306:24.534488 46.527272:24.534517
2893,46.525319:24.516110 46.525379:24.516116 46.525391:24.516118 46.525423:24.516127 46.525462:24.516139 46.525532:24.516165 46.525582:24.516212 46.525681:24.516344 46.525910:24.516697 46.525985:24.516856 46.526044:24.517026 46.526164:24.517436 46.526274:24.517833 46.526305:24.518000 46.526315:24.518175 46.526303:24.518521 46.526232:24.518948 46.526208:24.519098 46.526181:24.519281
2894,46.526181:24.519281 46.526168:24.519427 46.526172:24.519762 46.526190:24.520085 46.526225:24.520405 46.526283:24.520676 46.526381:24.520972 46.526516:24.521355
2895,46.526516:24.521355 46.526563:24.521488 46.526617:24.521702 46.526661:24.521906
2896,46.526661:24.521906 46.526664:24.521923 46.526671:24.521963 46.526687:24.522069 46.526689:24.522095 46.526701:24.522229 46.526704:24.522327 46.526690:24.522417 46.526664:24.522489 46.526648:24.522508
2897,46.520885:24.523300 46.520732:24.523707 46.520972:24.523880 46.521117:24.523483
2898,46.529454:24.530530 46.529424:24.530464
2899,46.529424:24.530464 46.529249:24.530034 46.529248:24.529908
2900,46.529248:24.529908 46.529272:24.529823 46.529334:24.529656
2901,46.529334:24.529656 46.529470:24.529313 46.529536:24.529208 46.529774:24.528956 46.529824:24.528904
2902,46.520775:24.523213 46.521187:24.522121
2903,46.527561:24.511050 46.527589:24.511017 46.527613:24.510972 46.527632:24.510925
2904,46.527632:24.510925 46.527698:24.510765
2905,46.527698:24.510765 46.527730:24.510626 46.527747:24.510450
2906,46.527747:24.510450 46.527822:24.508840 46.527865:24.507876
2907,46.526512:24.513590 46.526522:24.513618
2908,46.526522:24.513618 46.526525:24.513627 46.526536:24.513647 46.526558:24.513657 46.526581:24.513667 46.526609:24.513679 46.526682:24.513708 46.526997:24.513837 46.527281:24.514024 46.527525:24.514218 46.527671:24.514305 46.527728:24.514367 46.527890:24.514637
2909,46.527890:24.514637 46.527901:24.514655
2910,46.527545:24.508808 46.526689:24.508761
2911,46.524005:24.523800 46.523767:24.524019
2912,46.524324:24.525165 46.524241:24.524975 46.524173:24.525033 46.524113:24.525077 46.524415:24.525775
2913,46.527456:24.511041 46.527490:24.510787 46.527498:24.510558 46.527529:24.509383
2914,46.527529:24.509383 46.527545:24.508808
2915,46.527545:24.508808 46.527583:24.507416 46.527565:24.507337 46.527513:24.507296 46.526772:24.507261 46.526729:24.507295 46.526714:24.507370
2916,46.523054:24.522738 46.523177:24.522634 46.523271:24.522867
2917,46.523271:24.522867 46.523575:24.523586 46.522724:24.524368 46.522701:24.524389
2918,46.530608:24.530475 46.530568:24.530516 46.530430:24.530659
2919,46.524731:24.517299 46.524770:24.517415 46.524791:24.517446 46.524819:24.517484 46.524988:24.517683 46.525335:24.518040 46.525543:24.518283 46.525674:24.518472 46.525891:24.518877 46.525978:24.519030
2920,46.525978:24.519030 46.526056:24.519167 46.526082:24.519202 46.526123:24.519258 46.526157:24.519278 46.526181:24.519281
2921,46.526082:24.528403 46.525614:24.528783
2922,46.525614:24.528783 46.525583:24.528809 46.525500:24.528587
2923,46.525500:24.528587 46.525465:24.528493 46.525458:24.528474
2924,46.525458:24.528474 46.525291:24.528025
2925,46.525291:24.528025 46.525271:24.527971 46.524813:24.526906
2926,46.522568:24.522705 46.522698:24.523015 46.523054:24.522738
2927,46.559024:24.577399 46.558827:24.577181
2928,46.558827:24.577181 46.558731:24.577076
2929,46.558370:24.577610 46.558200:24.577837
2930,46.558200:24.577837 46.557918:24.578197
2931,46.557918:24.578197 46.557777:24.578391 46.557682:24.578548 46.557623:24.578691
2932,46.557623:24.578691 46.557611:24.578720 46.557573:24.578896 46.557567:24.579118 46.557591:24.579272
2933,46.557591:24.579272 46.557608:24.579380 46.557710:24.579634 46.557861:24.579878 46.557981:24.579979 46.558126:24.580050 46.558279:24.580062 46.558526:24.579994
2934,46.558526:24.579994 46.558711:24.579938 46.559024:24.579835 46.559295:24.579784 46.559461:24.579835 46.559596:24.579947 46.559719:24.580175 46.559762:24.580378 46.559755:24.580607 46.559700:24.580829
2935,46.559024:24.577399 46.559097:24.577463 46.559118:24.577482 46.559141:24.577502 46.559413:24.577743 46.559660:24.578007
2936,46.559660:24.578007 46.559685:24.578034 46.559868:24.578291 46.560130:24.578704
2937,46.555997:24.560061 46.555776:24.560081 46.555577:24.560099 46.555377:24.560117
2938,46.555377:24.560117 46.555178:24.560135 46.554979:24.560153 46.554837:24.560166 46.554799:24.560216 46.554759:24.560268
2939,46.555058:24.558539 46.554847:24.558555 46.554648:24.558569 46.554458:24.558583
2940,46.525685:24.541363 46.525298:24.541871 46.525103:24.541867
2941,46.521111:24.545242 46.521559:24.544069
2942,46.521716:24.544185 46.521755:24.544214 46.521811:24.544255
2943,46.530732:24.539304 46.530603:24.539431
2944,46.530603:24.539431 46.530453:24.539578 46.530264:24.539764 46.530179:24.539842 46.530107:24.539882 46.530039:24.539907 46.529942:24.539911 46.529851:24.539888 46.529763:24.539842 46.529654:24.539748 46.529469:24.539413 46.529308:24.539075 46.528509:24.537270
2945,46.528509:24.537270 46.528144:24.536444 46.528130:24.536412 46.528112:24.536373
2946,46.526141:24.541103 46.525836:24.540602 46.525739:24.540605 46.525478:24.540931 46.524960:24.541598
2947,46.529036:24.534750 46.529143:24.535037
2948,46.529143:24.535037 46.529275:24.535424 46.529301:24.535506
2949,46.529301:24.535506 46.529391:24.535785 46.529474:24.536047 46.529557:24.536255 46.530217:24.537586
2950,46.530217:24.537586 46.530292:24.537736 46.530692:24.538504
2951,46.530692:24.538504 46.530723:24.538564 46.530739:24.538601
2952,46.530739:24.538601 46.530769:24.538671 46.530819:24.538784 46.530844:24.538843
2953,46.530844:24.538843 46.530966:24.539120 46.531005:24.539215
2954,46.522129:24.543381 46.522147:24.543554
2955,46.527709:24.522427 46.528081:24.522023
2956,46.528081:24.522023 46.528539:24.521562
2957,46.528539:24.521562 46.528938:24.521145 46.528973:24.521068 46.529007:24.520982 46.529013:24.520907 46.529010:24.520826 46.528966:24.520679
2958,46.521731:24.546945 46.521445:24.547499 46.521188:24.547243
2959,46.521188:24.547243 46.521434:24.546666
2960,46.521434:24.546666 46.521503:24.546505
2961,46.521503:24.546505 46.521569:24.546353
2962,46.521569:24.546353 46.521607:24.546270
2963,46.512906:24.566020 46.512775:24.566400
2964,46.512775:24.566400 46.512759:24.566445 46.512490:24.567112
2965,46.512490:24.567112 46.512323:24.567504
2966,46.512323:24.567504 46.512032:24.568186
2967,46.512032:24.568186 46.511870:24.568550
2968,46.511870:24.568550 46.511860:24.568572
2969,46.511860:24.568572 46.511502:24.569399
2970,46.511502:24.569399 46.511213:24.570066
2971,46.511213:24.570066 46.511101:24.570324
2972,46.511101:24.570324 46.510660:24.571302
2973,46.510660:24.571302 46.510286:24.572132 46.509704:24.573463 46.509547:24.573832 46.509391:24.574253 46.509266:24.574672 46.509094:24.575382
2974,46.521289:24.546090 46.521569:24.546353
2975,46.521781:24.543524 46.521589:24.544091
2976,46.522838:24.546522 46.522961:24.546614 46.523042:24.546681 46.523061:24.546690 46.523083:24.546689 46.523103:24.546681 46.523134:24.546662
2977,46.521550:24.543603 46.521415:24.543955
2978,46.521721:24.546724 46.521503:24.546505
2979,46.521811:24.544255 46.521946:24.544373
2980,46.521946:24.544373 46.521983:24.544406 46.522064:24.544347 46.522116:24.544365
2981,46.530791:24.530813 46.530608:24.530475
2982,46.520765:24.544779 46.520854:24.544850 46.521103:24.544226 46.521260:24.543833 46.521415:24.543955
2983,46.521415:24.543955 46.521559:24.544069
2984,46.521559:24.544069 46.521589:24.544091
2985,46.521589:24.544091 46.521716:24.544185
2986,46.525103:24.541867 46.524960:24.541598
2987,46.524960:24.541598 46.524920:24.541553
2988,46.524920:24.541553 46.524876:24.541466
2989,46.528048:24.536233 46.528031:24.536195
2990,46.528031:24.536195 46.527812:24.535714
2991,46.527812:24.535714 46.527798:24.535685 46.527634:24.535322
2992,46.527634:24.535322 46.527498:24.535022
2993,46.527498:24.535022 46.527290:24.534558
2994,46.527290:24.534558 46.527272:24.534517
2995,46.527272:24.534517 46.527241:24.534448 46.526950:24.533800
2996,46.526950:24.533800 46.526836:24.533550
2997,46.526836:24.533550 46.526566:24.532960
2998,46.526566:24.532960 46.526434:24.532673
2999,46.526434:24.532673 46.526323:24.532430
3000,46.526323:24.532430 46.525865:24.531404
3001,46.525865:24.531404 46.525760:24.531169
3002,46.525760:24.531169 46.525626:24.530869
3003,46.525626:24.530869 46.525596:24.530802
3004,46.525596:24.530802 46.525583:24.530774 46.524992:24.529484
3005,46.524992:24.529484 46.524109:24.527535
3006,46.524109:24.527535 46.524102:24.527519 46.523994:24.527266
3007,46.523994:24.527266 46.523828:24.526905
3008,46.523828:24.526905 46.523755:24.526738
3009,46.523755:24.526738 46.523640:24.526475
3010,46.523640:24.526475 46.523552:24.526275 46.523376:24.525876
3011,46.523376:24.525876 46.523176:24.525434
3012,46.523176:24.525434 46.522909:24.524847
3013,46.522909:24.524847 46.522767:24.524533
3014,46.522767:24.524533 46.522701:24.524389
3015,46.522701:24.524389 46.522368:24.523643
3016,46.522368:24.523643 46.522091:24.523024 46.522073:24.522984 46.522039:24.522908
3017,46.528934:24.534482 46.529036:24.534750
3018,46.522347:24.544191 46.522300:24.544227 46.522116:24.544365
3019,46.522116:24.544365 46.522327:24.544996
3020,46.515362:24.560188 46.515695:24.560470 46.516047:24.560739 46.516405:24.560977 46.516679:24.561162 46.516927:24.561298
3021,46.527480:24.522648 46.527709:24.522427
3022,46.523960:24.541909 46.524042:24.542148
3023,46.524876:24.541466 46.524796:24.541279
3024,46.513036:24.565591 46.512906:24.566020
3025,46.522568:24.544927 46.522580:24.544966 46.522680:24.545297 46.522924:24.546038 46.523005:24.546273
3026,46.523005:24.546273 46.523027:24.546336 46.523134:24.546662
3027,46.521111:24.545690 46.521214:24.545615 46.521259:24.545604
3028,46.506006:24.510711 46.505775:24.511233 46.505718:24.511304 46.505596:24.511458 46.505432:24.511552 46.504919:24.511625 46.504533:24.511633 46.503985:24.511662 46.503752:24.511740 46.503602:24.511880 46.503419:24.512225 46.503313:24.512512 46.503141:24.512951 46.503091:24.513241 46.503063:24.513816 46.503050:24.514943 46.503022:24.516306 46.502926:24.516721 46.502783:24.517442 46.502696:24.518097 46.502529:24.519412 46.502481:24.519636 46.502427:24.519769 46.502345:24.519980 46.502242:24.520224 46.502110:24.520473 46.501965:24.520671 46.501798:24.520818 46.501639:24.520942 46.501508:24.521048 46.501390:24.521161 46.501252:24.521435 46.501010:24.521939 46.500730:24.522432 46.500626:24.522719 46.500475:24.523541 46.500167:24.525221 46.499860:24.526596 46.499802:24.526937 46.499781:24.527232 46.499773:24.527357
3029,46.499676:24.527856 46.500007:24.528592 46.500221:24.529091 46.500427:24.529822 46.500718:24.530614 46.501082:24.531380 46.501103:24.531597 46.501153:24.531792 46.501195:24.532043 46.501217:24.532305 46.501227:24.532813
3030,46.502997:24.533837 46.503216:24.533859 46.503510:24.533903 46.503852:24.533947 46.504073:24.533964 46.504314:24.533961 46.504644:24.533952 46.504772:24.533957 46.504850:24.533951 46.504916:24.533917 46.504990:24.533837 46.505152:24.533635 46.505351:24.533352
3031,46.510510:24.525329 46.510482:24.525305 46.510402:24.525240 46.510146:24.525085 46.509787:24.524829 46.509700:24.524769 46.509628:24.524673 46.509578:24.524598 46.509529:24.524532 46.509383:24.524279 46.509322:24.524171 46.509247:24.524132 46.509115:24.524133
3032,46.509307:24.528611 46.509280:24.528599 46.509138:24.528524 46.508614:24.528226 46.508582:24.528217 46.508558:24.528229
3033,46.530489:24.580153 46.530286:24.580138 46.530295:24.579872 46.530158:24.579859 46.530059:24.579850
3034,46.510225:24.504921 46.510428:24.505312 46.510453:24.505359
3035,46.510453:24.505359 46.511141:24.506753
3036,46.511141:24.506753 46.512009:24.508512
3037,46.512009:24.508512 46.512500:24.509508
3038,46.512500:24.509508 46.512631:24.509776
3039,46.512631:24.509776 46.513191:24.510907
3040,46.513191:24.510907 46.513977:24.512403
3041,46.510066:24.504617 46.510225:24.504921
3042,46.524359:24.536444 46.524310:24.536500 46.524199:24.536629 46.524722:24.537584
3043,46.522954:24.539423 46.523238:24.539138
3044,46.523238:24.539138 46.523516:24.538860 46.523754:24.538581 46.523931:24.538366
3045,46.523931:24.538366 46.524299:24.537986
3046,46.524299:24.537986 46.524617:24.537697 46.524722:24.537584
3047,46.524722:24.537584 46.524803:24.537509 46.524868:24.537464
3048,46.509219:24.501228 46.509336:24.501107
3049,46.509336:24.501107 46.509664:24.500796
3050,46.509664:24.500796 46.511937:24.498422 46.512007:24.498360 46.512076:24.498320 46.512150:24.498295 46.512484:24.498199 46.512532:24.498207 46.512571:24.498254 46.512602:24.498317 46.512675:24.498458 46.512713:24.498533 46.512765:24.498633 46.512808:24.498716 46.512840:24.498779 46.512882:24.498860 46.512909:24.498911 46.512942:24.498976 46.512971:24.499032 46.512999:24.499086 46.513134:24.499348
3051,46.513134:24.499348 46.513584:24.500274
3052,46.513584:24.500274 46.514130:24.501391
3053,46.514130:24.501391 46.514755:24.502693
3054,46.500290:24.631734 46.500372:24.631694 46.500430:24.631713 46.500482:24.631789 46.500559:24.631922 46.500657:24.632029 46.500788:24.632068 46.500876:24.632062 46.500952:24.632018 46.501015:24.631905 46.501042:24.631782 46.501039:24.631441 46.500994:24.631303 46.500998:24.631011 46.501057:24.630704 46.501187:24.630168
3055,46.500784:24.633078 46.500763:24.632780 46.500697:24.632250
3056,46.517816:24.521821 46.517962:24.522124 46.517966:24.522229 46.517926:24.522345 46.517719:24.522574 46.517669:24.522627 46.517634:24.522665
3057,46.519334:24.524804 46.520030:24.526184
3058,46.520030:24.526184 46.520136:24.526396
3059,46.520136:24.526396 46.520267:24.526669 46.520299:24.526731
3060,46.539265:24.571369 46.539258:24.571167 46.539077:24.571171 46.539044:24.571182 46.539018:24.571214 46.539005:24.571264 46.539012:24.571497 46.539013:24.571514 46.538997:24.571572 46.538965:24.571612 46.538930:24.571631 46.538839:24.571637 46.538812:24.571639 46.538770:24.571642
3061,46.538009:24.574623 46.538131:24.574590 46.538563:24.574480
3062,46.537470:24.581034 46.537446:24.581064 46.537308:24.580837 46.537212:24.580678 46.537168:24.580605
3063,46.523655:24.599094 46.523659:24.598995 46.523637:24.598896
3064,46.523637:24.598896 46.523604:24.598838 46.523559:24.598813 46.523507:24.598826 46.523463:24.598886 46.523450:24.598979 46.523472:24.599059
3065,46.523472:24.599059 46.523519:24.599093 46.523577:24.599112 46.523655:24.599094
3066,46.504133:24.623507 46.504195:24.623497 46.504247:24.623488 46.504310:24.623442 46.504447:24.623170 46.504524:24.623105 46.504606:24.623082 46.504677:24.623107 46.504728:24.623201 46.504753:24.623307 46.504848:24.623383 46.504568:24.624181
3067,46.528511:24.613474 46.527527:24.612575 46.526741:24.611814 46.526404:24.611561
3068,46.526404:24.611561 46.526327:24.611503 46.525994:24.611296 46.525967:24.611277
3069,46.525967:24.611277 46.525335:24.611123 46.524709:24.611031 46.524639:24.610993 46.524619:24.610961
3070,46.524619:24.610961 46.524591:24.610916 46.524581:24.610850 46.524587:24.610768 46.524608:24.610680 46.524711:24.610337 46.524846:24.609893 46.524863:24.609824 46.524862:24.609772 46.524836:24.609718 46.524808:24.609674
3071,46.514794:24.607345 46.514502:24.607683
3072,46.513994:24.608458 46.514097:24.608338 46.514263:24.608615
3073,46.514263:24.608615 46.514413:24.608880 46.514132:24.609226 46.514314:24.609553 46.514616:24.609222 46.514739:24.608863
3074,46.514739:24.608863 46.514929:24.608457
3075,46.514245:24.604234 46.514277:24.604445 46.514316:24.604540 46.514438:24.604729 46.514511:24.604820 46.514575:24.604969
3076,46.520676:24.602795 46.520837:24.603063 46.520879:24.603376 46.521684:24.604654
3077,46.516308:24.608564 46.516614:24.609311
3078,46.520867:24.604431 46.520783:24.604539 46.521165:24.605216
3079,46.508557:24.588961 46.508524:24.588968 46.508504:24.588991 46.508476:24.589050 46.508345:24.589580
3080,46.519503:24.605292 46.519833:24.605907 46.520118:24.606373
3081,46.516727:24.608853 46.516795:24.609022 46.516842:24.609140
3082,46.513442:24.607456 46.513675:24.607865 46.513713:24.607877 46.513921:24.607735
3083,46.514711:24.608091 46.514263:24.608615
3084,46.520817:24.617312 46.520818:24.617447 46.520806:24.617626 46.520773:24.617823
3085,46.520773:24.617823 46.520699:24.618104 46.520668:24.618230 46.520597:24.618577 46.520526:24.618903 46.520472:24.619140 46.520421:24.619349 46.520201:24.620134 46.520158:24.620310 46.520129:24.620499 46.520117:24.620687 46.520113:24.620898 46.520114:24.621241 46.520109:24.621383 46.520098:24.621482 46.520071:24.621610 46.520030:24.621739 46.519934:24.621973 46.519847:24.622160 46.519761:24.622330 46.519258:24.623303 46.518923:24.623987 46.518723:24.624443
3086,46.518723:24.624443 46.518640:24.624709 46.518579:24.625045 46.518566:24.625441 46.518560:24.625971 46.518556:24.626132 46.518541:24.626290
3087,46.518541:24.626290 46.518503:24.626554 46.518423:24.626999 46.518412:24.627143 46.518411:24.627315 46.518429:24.627554 46.518646:24.628961 46.518665:24.629110
3088,46.518665:24.629110 46.518757:24.629821 46.518769:24.629931
3089,46.518769:24.629931 46.518826:24.630454 46.518964:24.631879 46.519024:24.632529
3090,46.519024:24.632529 46.519061:24.632946 46.519095:24.633255 46.519120:24.633443
3091,46.519120:24.633443 46.519201:24.633977 46.519281:24.634421 46.519306:24.634587
3092,46.519306:24.634587 46.519315:24.634692 46.519315:24.634784 46.519289:24.634845 46.519247:24.634929 46.519195:24.634991 46.519139:24.635028
3093,46.520596:24.604797 46.520774:24.605091
3094,46.520774:24.605091 46.520973:24.605419
3095,46.510246:24.636703 46.509897:24.637278 46.509855:24.637301 46.509821:24.637307 46.509771:24.637290 46.509508:24.637214 46.509287:24.637116 46.509239:24.637097
3096,46.505635:24.616183 46.505561:24.616126 46.505457:24.616180 46.505394:24.616254
3097,46.505394:24.616254 46.505335:24.616323 46.505208:24.616539
3098,46.517019:24.607077 46.516897:24.607206 46.517334:24.608111 46.517549:24.608605
3099,46.514557:24.609022 46.514739:24.608863
3100,46.514184:24.607095 46.513927:24.606638
3101,46.513927:24.606638 46.513765:24.606349 46.513736:24.606278 46.513740:24.606188 46.513781:24.606123
3102,46.513810:24.613989 46.513791:24.613930 46.513806:24.613882 46.513846:24.613844 46.513950:24.613806 46.514223:24.613726 46.514297:24.613705 46.514330:24.613640 46.514330:24.613565 46.514293:24.613506 46.514182:24.613447 46.514016:24.613415 46.513293:24.613481 46.513126:24.613513 46.513006:24.613561 46.512738:24.613795 46.512658:24.613829 46.512565:24.613803 46.512405:24.613650
3103,46.517659:24.626471 46.517659:24.626342 46.517671:24.626133 46.517685:24.625972 46.517738:24.625456 46.517744:24.625248 46.517790:24.624745 46.517811:24.624239 46.517837:24.623949 46.517881:24.623639 46.517926:24.623253 46.518043:24.622655 46.518119:24.622090 46.518180:24.621488 46.518297:24.620184 46.518337:24.619795 46.518364:24.619424 46.518513:24.617932 46.518620:24.616709 46.518669:24.616222 46.518691:24.615712 46.518722:24.613794
3104,46.513927:24.606638 46.514599:24.605858 46.514661:24.605810
3105,46.514661:24.605810 46.514743:24.605743
3106,46.513796:24.607496 46.513921:24.607735
3107,46.513921:24.607735 46.513942:24.607776
3108,46.514972:24.607088 46.514657:24.606537
3109,46.524376:24.602314 46.524190:24.601992
3110,46.520469:24.605007 46.520822:24.605580
3111,46.524864:24.602180 46.524566:24.601585
3112,46.505394:24.616254 46.505706:24.616806
3113,46.505706:24.616806 46.506137:24.617539 46.506390:24.617921
3114,46.506390:24.617921 46.506425:24.617975 46.506731:24.618379 46.506752:24.618410
3115,46.506752:24.618410 46.506794:24.618480
3116,46.506794:24.618480 46.506904:24.618668 46.507314:24.619525
3117,46.509056:24.638091 46.509051:24.638065 46.509074:24.637918 46.509125:24.637656 46.509212:24.637246 46.509239:24.637097
3118,46.509239:24.637097 46.509309:24.636511 46.509362:24.635884 46.509380:24.635623 46.509375:24.635514 46.509366:24.635441 46.509369:24.635364 46.509381:24.635289 46.509515:24.634506 46.509514:24.634420 46.509491:24.634349 46.508975:24.634014 46.508528:24.633754 46.508483:24.633657
3119,46.514360:24.608002 46.514555:24.607787
3120,46.506254:24.624577 46.506496:24.624217 46.506517:24.624156 46.506499:24.624085 46.506357:24.623832 46.505916:24.623000 46.505778:24.623143 46.504696:24.624294 46.504478:24.624583 46.504405:24.624669 46.504353:24.624668 46.504243:24.624626
3121,46.519744:24.605324 46.519857:24.605186 46.520019:24.605413 46.520122:24.605447 46.520454:24.605994
3122,46.519882:24.602647 46.520023:24.602481 46.520058:24.602468 46.520097:24.602488 46.520110:24.602536 46.520099:24.602650 46.520108:24.602741 46.520179:24.602926 46.521434:24.604923
3123,46.518484:24.602141 46.519232:24.603361 46.520692:24.605722
3124,46.518680:24.603108 46.518508:24.603315
3125,46.510209:24.603896 46.510729:24.603222 46.511337:24.602445 46.511430:24.602322 46.511489:24.602311 46.511683:24.602382 46.511784:24.602521 46.511878:24.602704 46.511936:24.602790
3126,46.511936:24.602790 46.512049:24.603035 46.512252:24.603477
3127,46.512252:24.603477 46.512304:24.603590 46.512605:24.604245 46.513024:24.603806 46.513109:24.603783 46.513316:24.603835 46.513440:24.603969 46.513761:24.604446 46.513862:24.604540 46.514118:24.604678 46.514195:24.604762 46.514311:24.604930 46.514370:24.604999
3128,46.514370:24.604999 46.514467:24.604969 46.514575:24.604969
3129,46.514575:24.604969 46.514853:24.605761
3130,46.514853:24.605761 46.515011:24.606333
3131,46.515011:24.606333 46.515161:24.606873 46.515599:24.607979 46.515620:24.608082 46.515614:24.608190 46.515574:24.608270 46.515102:24.608739
3132,46.515102:24.608739 46.515379:24.609228 46.515460:24.609473 46.515577:24.610078
3133,46.522108:24.602177 46.521973:24.602346
3134,46.531652:24.575903 46.531643:24.575689 46.531635:24.575469
3135,46.531635:24.575469 46.531633:24.575438
3136,46.531633:24.575438 46.531630:24.575367 46.531604:24.574784
3137,46.531604:24.574784 46.531596:24.574586
3138,46.531596:24.574586 46.531593:24.574513 46.531587:24.574371 46.531579:24.574127
3139,46.531579:24.574127 46.531568:24.573910 46.531543:24.573540
3140,46.531543:24.573540 46.531539:24.573411 46.531536:24.573304 46.531537:24.573132 46.531547:24.573031 46.531554:24.572975 46.531591:24.572836 46.531642:24.572667 46.531748:24.572314
3141,46.531748:24.572314 46.531820:24.572082 46.531874:24.571917 46.531912:24.571816 46.531932:24.571758 46.531995:24.571602 46.532038:24.571516
3142,46.536854:24.564702 46.536830:24.564691 46.536819:24.564688 46.536641:24.564660 46.536088:24.564575 46.536073:24.564573 46.536045:24.564568
3143,46.551478:24.573442 46.551468:24.573535
3144,46.551468:24.573535 46.551355:24.573973
3145,46.554153:24.578741 46.554297:24.578890 46.554395:24.578826 46.554437:24.578746
3146,46.553865:24.577635 46.554067:24.577891
3147,46.554067:24.577891 46.554265:24.578122
3148,46.541384:24.560819 46.541393:24.560833 46.541402:24.560849 46.541491:24.560992
3149,46.540553:24.580763 46.540545:24.581003 46.540516:24.581303 46.540460:24.581692
3150,46.540460:24.581692 46.540412:24.581907 46.540202:24.582848 46.539924:24.584016
3151,46.551639:24.573641 46.551468:24.573535
3152,46.533144:24.557861 46.533100:24.557941 46.532992:24.558133 46.532985:24.558145 46.532978:24.558158
3153,46.553922:24.578120 46.553893:24.578193 46.553880:24.578224 46.553646:24.578807
3154,46.553646:24.578807 46.553341:24.579530 46.553328:24.579560
3155,46.541465:24.561027 46.541476:24.561012
3156,46.541476:24.561012 46.541491:24.560992
3157,46.541491:24.560992 46.541712:24.560690 46.541847:24.560901
3158,46.528359:24.546733 46.528599:24.546438 46.528599:24.546397 46.528729:24.546243 46.528770:24.546196 46.528812:24.546146
3159,46.530797:24.560644 46.530418:24.560701 46.530127:24.560763
3160,46.521002:24.530055 46.521206:24.530451
3161,46.520666:24.531072 46.520458:24.530700 46.520528:24.530617
3162,46.520528:24.530617 46.521002:24.530055
3163,46.521002:24.530055 46.521084:24.529959 46.521120:24.529916
3164,46.535838:24.580920 46.535762:24.580977 46.535694:24.581028 46.535659:24.581055 46.535607:24.581125 46.535491:24.581453 46.535391:24.581700 46.535207:24.582155 46.535182:24.582339 46.535195:24.582442 46.535256:24.582662 46.535282:24.582712 46.535295:24.582728 46.535397:24.582856
3165,46.538808:24.543491 46.538778:24.543402 46.538342:24.542708
3166,46.538342:24.542708 46.538291:24.542624
3167,46.538291:24.542624 46.538094:24.542305
3168,46.538094:24.542305 46.538031:24.542203
3169,46.538031:24.542203 46.537833:24.541882
3170,46.537833:24.541882 46.537722:24.541697
3171,46.537722:24.541697 46.537613:24.541519
3172,46.537613:24.541519 46.537528:24.541389 46.537519:24.541376
3173,46.537519:24.541376 46.537385:24.541155
3174,46.537385:24.541155 46.537265:24.540956
3175,46.537265:24.540956 46.537226:24.540894 46.537167:24.540804
3176,46.537167:24.540804 46.537158:24.540790 46.537039:24.540599 46.536994:24.540459
3177,46.536772:24.540368 46.536775:24.540408
3178,46.544281:24.555416 46.544583:24.555307 46.544872:24.555215
3179,46.544872:24.555215 46.545559:24.555013 46.545720:24.554955
3180,46.540893:24.555958 46.540958:24.555821 46.540973:24.555790 46.540986:24.555762 46.541043:24.555641 46.541170:24.555413 46.541265:24.555292 46.541280:24.555278
3181,46.526359:24.513658 46.526512:24.513590
3182,46.526512:24.513590 46.526573:24.513525 46.526620:24.513424 46.526805:24.512890
3183,46.526805:24.512890 46.527172:24.511831 46.527328:24.511478
3184,46.527328:24.511478 46.527347:24.511433
3185,46.527347:24.511433 46.527437:24.511110 46.527456:24.511041
3186,46.542917:24.539474 46.542950:24.539484 46.542971:24.539490 46.543368:24.539611
3187,46.543368:24.539611 46.544086:24.539828
3188,46.544086:24.539828 46.544212:24.539869
3189,46.544212:24.539869 46.544486:24.539957 46.544505:24.539963 46.544521:24.539968
3190,46.536775:24.540408 46.536788:24.540443 46.536816:24.540477 46.536857:24.540507
3191,46.542157:24.555278 46.542177:24.555281 46.542557:24.555345 46.542645:24.555360
3192,46.542645:24.555360 46.542728:24.555378
3193,46.542728:24.555378 46.543121:24.555431 46.543270:24.555454
3194,46.543270:24.555454 46.543491:24.555488
3195,46.525407:24.513787 46.525382:24.513458 46.525239:24.511862
3196,46.525239:24.511862 46.525225:24.511702
3197,46.525225:24.511702 46.525222:24.511671
3198,46.533256:24.544458 46.533289:24.544511 46.533453:24.544731
3199,46.533453:24.544731 46.533979:24.545403 46.534587:24.546157 46.534953:24.546618
3200,46.534953:24.546618 46.535686:24.547535 46.535719:24.547577
3201,46.540815:24.542393 46.540951:24.541374
3202,46.540951:24.541374 46.541052:24.540706
3203,46.536874:24.540515 46.536915:24.540524 46.536948:24.540521 46.536973:24.540505 46.536994:24.540459
3204,46.537166:24.540096 46.537181:24.540078
3205,46.537181:24.540078 46.537189:24.540069 46.537598:24.539601
3206,46.537598:24.539601 46.537632:24.539559
3207,46.537632:24.539559 46.537670:24.539517 46.537968:24.539174
3208,46.537968:24.539174 46.538266:24.538846
3209,46.538266:24.538846 46.538871:24.538192
3210,46.538871:24.538192 46.539009:24.538037
3211,46.539009:24.538037 46.539046:24.537996
3212,46.539046:24.537996 46.539475:24.537515
3213,46.539475:24.537515 46.539606:24.537368
3214,46.539606:24.537368 46.540033:24.536888
3215,46.540033:24.536888 46.540878:24.535940
3216,46.540878:24.535940 46.541147:24.535639
3217,46.541147:24.535639 46.541235:24.535540
3218,46.541235:24.535540 46.541359:24.535401
3219,46.541359:24.535401 46.541476:24.535269
3220,46.541476:24.535269 46.541677:24.535043
3221,46.541677:24.535043 46.542301:24.534343
3222,46.542301:24.534343 46.542334:24.534306 46.542442:24.534185
3223,46.542442:24.534185 46.542510:24.534108
3224,46.542510:24.534108 46.542850:24.533727
3225,46.542850:24.533727 46.543039:24.533515 46.543048:24.533504
3226,46.540208:24.545713 46.540107:24.545554 46.540060:24.545477
3227,46.540060:24.545477 46.539936:24.545279
3228,46.520785:24.526175 46.520797:24.526158
3229,46.520797:24.526158 46.520814:24.526132 46.520841:24.526091 46.520903:24.525986
3230,46.520903:24.525986 46.520916:24.525964 46.521004:24.525759 46.521496:24.524406
3231,46.521496:24.524406 46.521672:24.523922
3232,46.521672:24.523922 46.522039:24.522908
3233,46.541706:24.556459 46.541836:24.556858
3234,46.541836:24.556858 46.541894:24.557039 46.541900:24.557059 46.541928:24.557147
3235,46.539936:24.545279 46.539736:24.544968
3236,46.539736:24.544968 46.539402:24.544427
3237,46.539402:24.544427 46.539213:24.544124
3238,46.539213:24.544124 46.539001:24.543811 46.538870:24.543617
3239,46.552053:24.555002 46.552030:24.555041 46.551982:24.555112
3240,46.550664:24.560637 46.550605:24.560616 46.550224:24.560324 46.550187:24.560293 46.550151:24.560264
3241,46.551509:24.561285 46.551564:24.561273 46.551777:24.561458 46.551832:24.561540 46.551894:24.561633
3242,46.535240:24.577457 46.535319:24.577155 46.535119:24.577058
3243,46.536529:24.598493 46.536604:24.598720
3244,46.536604:24.598720 46.536651:24.598861
3245,46.536651:24.598861 46.536669:24.598918
3246,46.536669:24.598918 46.536744:24.599159
3247,46.536744:24.599159 46.536907:24.599667
3248,46.536907:24.599667 46.536913:24.599688 46.537020:24.600018
3249,46.537020:24.600018 46.537040:24.600082 46.537151:24.600426
3250,46.537151:24.600426 46.537163:24.600465 46.537278:24.600840
3251,46.537278:24.600840 46.537374:24.601155 46.537504:24.601518
3252,46.541577:24.543601 46.541525:24.543516 46.541507:24.543487 46.540864:24.542422 46.540835:24.542405 46.540815:24.542393
3253,46.542917:24.539474 46.542910:24.539526 46.542752:24.540650 46.542747:24.540684
3254,46.542747:24.540684 46.542741:24.540722 46.542583:24.541839 46.542578:24.541867
3255,46.542578:24.541867 46.542574:24.541889 46.542519:24.542144 46.542405:24.542460 46.542234:24.542737
3256,46.542234:24.542737 46.541603:24.543567 46.541577:24.543601
3257,46.541577:24.543601 46.541564:24.543618 46.540805:24.544553
3258,46.540515:24.544596 46.540515:24.544576 46.540505:24.544490 46.540776:24.542646
3259,46.540776:24.542646 46.540815:24.542393
3260,46.511116:24.509943 46.511184:24.509942 46.511248:24.509898 46.511295:24.509827 46.511318:24.509729
3261,46.511318:24.509729 46.511316:24.509631 46.511286:24.509539 46.511236:24.509471 46.511169:24.509438
3262,46.511169:24.509438 46.511101:24.509440 46.511038:24.509482 46.510990:24.509561
3263,46.510990:24.509561 46.510967:24.509652
3264,46.510967:24.509652 46.510970:24.509751 46.510998:24.509843 46.511050:24.509910
3265,46.511050:24.509910 46.511116:24.509943
3266,46.532391:24.567483 46.532385:24.567688 46.532384:24.568057 46.532386:24.568401 46.532368:24.568716 46.532340:24.569019 46.532305:24.569235 46.532261:24.569426 46.532193:24.569688 46.532129:24.569905
3267,46.532129:24.569905 46.532045:24.570163 46.532019:24.570253 46.531966:24.570432
3268,46.539392:24.605523 46.539321:24.605590 46.538971:24.605921
3269,46.537860:24.610163 46.538236:24.610594
3270,46.538236:24.610594 46.538638:24.611054 46.538561:24.611183
3271,46.537127:24.608886 46.537085:24.608955 46.537072:24.608991
3272,46.537072:24.608991 46.537052:24.609043
3273,46.537052:24.609043 46.537022:24.609161 46.536960:24.609410 46.536960:24.609441 46.536963:24.609467 46.536969:24.609494 46.536981:24.609514
3274,46.537397:24.608259 46.537320:24.608155 46.537278:24.608059 46.537258:24.607923 46.537107:24.607716 46.537007:24.607642 46.536919:24.607612 46.536840:24.607657 46.536792:24.607770 46.536370:24.608605
3275,46.556096:24.570467 46.556447:24.570089 46.556472:24.570063
3276,46.555161:24.568826 46.555219:24.568880 46.555262:24.568921 46.555361:24.569044 46.555415:24.569132 46.555439:24.569171 46.555557:24.569390
3277,46.555557:24.569390 46.555587:24.569447 46.555595:24.569461 46.555708:24.569685 46.555750:24.569778 46.555799:24.569887 46.555819:24.569930 46.555923:24.570137
3278,46.555923:24.570137 46.556096:24.570467
3279,46.537199:24.569343 46.537177:24.569351 46.537158:24.569359 46.536393:24.569650 46.536364:24.569662 46.536348:24.569666
3280,46.536741:24.589140 46.536696:24.589228 46.536213:24.590162
3281,46.536213:24.590162 46.536184:24.590218
3282,46.536184:24.590218 46.536020:24.590540
3283,46.536020:24.590540 46.535946:24.590685 46.535911:24.590756
3284,46.535911:24.590756 46.535884:24.590809 46.535873:24.590831
3285,46.535873:24.590831 46.535678:24.591211
3286,46.535678:24.591211 46.535383:24.591796
3287,46.551168:24.573994 46.551190:24.573906 46.551460:24.572824
3288,46.558718:24.582281 46.558768:24.582355 46.558809:24.582411 46.558856:24.582486 46.558884:24.582531 46.558899:24.582554 46.558919:24.582570 46.558936:24.582570 46.559077:24.582358 46.559674:24.581462 46.559810:24.581295 46.559840:24.581260
3289,46.559840:24.581260 46.559930:24.581153
3290,46.520542:24.532062 46.520398:24.531800
3291,46.520398:24.531800 46.520369:24.531747
3292,46.520369:24.531747 46.520257:24.531543
3293,46.519774:24.531997 46.519894:24.532214
3294,46.519894:24.532214 46.519922:24.532266
3295,46.521323:24.534921 46.521579:24.534652
3296,46.521323:24.530324 46.521287:24.530363 46.521206:24.530451
3297,46.521206:24.530451 46.521076:24.530602
3298,46.521076:24.530602 46.520849:24.530862 46.520666:24.531072
3299,46.520666:24.531072 46.520620:24.531126 46.520532:24.531226
3300,46.520532:24.531226 46.520257:24.531543
3301,46.520257:24.531543 46.520074:24.531630 46.519774:24.531997
3302,46.519774:24.531997 46.519513:24.532273
3303,46.546412:24.563517 46.546509:24.563552 46.546782:24.563732 46.547312:24.564059 46.547402:24.564115 46.547612:24.564151
3304,46.553982:24.569315 46.554170:24.569422 46.554330:24.569566
3305,46.546140:24.554693 46.546011:24.554754 46.545953:24.554785
3306,46.546010:24.554901 46.546014:24.554868 46.546008:24.554835 46.545995:24.554808 46.545975:24.554790 46.545953:24.554785
3307,46.541484:24.557628 46.541618:24.557674
3308,46.541618:24.557674 46.542108:24.557840
3309,46.542108:24.557840 46.542230:24.557881 46.542245:24.557886
3310,46.535204:24.592131 46.535523:24.592471
3311,46.535523:24.592471 46.535642:24.592598
3312,46.535642:24.592598 46.535724:24.592869 46.535913:24.593491
3313,46.535913:24.593491 46.535931:24.593553
3314,46.533271:24.589566 46.533302:24.589693 46.533096:24.590296 46.533118:24.590394 46.533028:24.590642 46.533078:24.590816
3315,46.533078:24.590816 46.533092:24.590863 46.533344:24.591032
3316,46.533344:24.591032 46.533627:24.590188
3317,46.537376:24.570117 46.537447:24.570492
3318,46.537447:24.570492 46.537559:24.571371 46.537563:24.571406 46.537570:24.571468
3319,46.532254:24.566119 46.532162:24.565744 46.532117:24.565660
3320,46.532223:24.566238 46.532240:24.566309 46.532274:24.566467
3321,46.532274:24.566467 46.532291:24.566573 46.532333:24.566828 46.532379:24.566946
3322,46.539307:24.560343 46.539186:24.560302 46.539101:24.560255 46.539075:24.560236
3323,46.539075:24.560236 46.539032:24.560205
3324,46.539067:24.559149 46.539054:24.559078 46.539017:24.559026 46.539013:24.559016 46.538821:24.558939 46.538765:24.558927
3325,46.543458:24.559540 46.543588:24.559798
3326,46.543588:24.559798 46.543654:24.559924
3327,46.543654:24.559924 46.543820:24.560220 46.543933:24.560409
3328,46.543933:24.560409 46.544080:24.560655
3329,46.544080:24.560655 46.544290:24.561015 46.544354:24.561124
3330,46.544354:24.561124 46.544437:24.561264 46.544459:24.561302 46.544508:24.561376
3331,46.544508:24.561376 46.544894:24.562012
3332,46.544894:24.562012 46.545052:24.562277
3333,46.545052:24.562277 46.545140:24.562422
3334,46.545140:24.562422 46.545287:24.562665
3335,46.545287:24.562665 46.545366:24.562807 46.545436:24.562923
3336,46.545436:24.562923 46.545489:24.563011 46.545503:24.563035 46.545536:24.563092
3337,46.545536:24.563092 46.545605:24.563206
3338,46.542265:24.557796 46.542247:24.557791 46.541489:24.557561
3339,46.559700:24.580829 46.559607:24.581031 46.559405:24.581334 46.559378:24.581368 46.559338:24.581422 46.559260:24.581525
3340,46.535523:24.592471 46.535342:24.592593
3341,46.535342:24.592593 46.535114:24.592746 46.535194:24.592991 46.535214:24.593052
3342,46.558959:24.546569 46.558943:24.546549 46.558921:24.546521 46.558397:24.545828
3343,46.556413:24.547285 46.556498:24.547263 46.556541:24.547266 46.556588:24.547280 46.556663:24.547312 46.556785:24.547380
3344,46.556785:24.547380 46.556817:24.547396 46.557384:24.547677 46.557579:24.547778 46.557851:24.547922
3345,46.557851:24.547922 46.558380:24.548176 46.558869:24.548395
3346,46.559456:24.548616 46.559507:24.548575 46.559577:24.548475 46.559663:24.548336 46.559795:24.548128
3347,46.559795:24.548128 46.559800:24.548121
3348,46.559800:24.548121 46.559828:24.548080 46.559973:24.547867 46.559982:24.547853
3349,46.562513:24.551283 46.562522:24.551244 46.562528:24.551215 46.562638:24.550697
3350,46.562638:24.550697 46.562835:24.549777
3351,46.562835:24.549777 46.562996:24.549029
3352,46.521198:24.536041 46.521136:24.535913 46.521109:24.535857 46.520915:24.535454
3353,46.520915:24.535454 46.520721:24.534999 46.520650:24.534766
3354,46.520650:24.534766 46.520579:24.534428 46.520572:24.534348
3355,46.520572:24.534348 46.520551:24.534203
3356,46.520551:24.534203 46.520516:24.533908
3357,46.524932:24.537392 46.524868:24.537464
3358,46.522207:24.531898 46.522139:24.531963
3359,46.508089:24.532186 46.508048:24.532251
3360,46.508048:24.532251 46.507912:24.532499 46.507745:24.532698 46.507526:24.532916 46.507291:24.533078 46.507107:24.533213 46.506540:24.533645 46.506115:24.533957 46.505721:24.534293
3361,46.505721:24.534293 46.505522:24.534486 46.505285:24.534785 46.505090:24.534958 46.504908:24.535001 46.504745:24.535000 46.504359:24.534902 46.504103:24.534875 46.503715:24.534826 46.503476:24.534844 46.503136:24.534880 46.502935:24.534925 46.502758:24.535049 46.502639:24.535181 46.502497:24.535372 46.502206:24.535870
3362,46.502206:24.535870 46.502024:24.536287 46.501773:24.536916 46.501545:24.537582 46.501370:24.538117 46.501290:24.538503 46.501088:24.539493 46.500997:24.539878 46.500906:24.540099 46.500632:24.540654 46.500539:24.540885 46.500479:24.541145 46.500442:24.541416 46.500439:24.541674 46.500478:24.542117
3363,46.500478:24.542117 46.500469:24.542345 46.500436:24.542584 46.500329:24.543156
3364,46.533328:24.572392 46.533474:24.571888 46.533496:24.571812
3365,46.533354:24.571761 46.533369:24.571795 46.533391:24.571821 46.533417:24.571836 46.533444:24.571840 46.533472:24.571832 46.533496:24.571812
3366,46.533712:24.563438 46.533759:24.563490 46.533885:24.563633 46.533923:24.563671 46.533969:24.563717
3367,46.521459:24.569016 46.521485:24.569072 46.521487:24.569119 46.521486:24.569166 46.521477:24.569206 46.521282:24.569639 46.521007:24.570318 46.520818:24.570761 46.520471:24.571576 46.520152:24.572251 46.519837:24.572928 46.519820:24.573026 46.519818:24.573114
3368,46.519818:24.573114 46.519849:24.573253 46.519896:24.573372 46.519898:24.573482 46.519883:24.573616 46.519840:24.573719 46.519518:24.574561
3369,46.527478:24.575628 46.527420:24.575509 46.527345:24.575436 46.527129:24.575350 46.526957:24.575266 46.526792:24.575146 46.526635:24.574980 46.526505:24.574771 46.526361:24.574455 46.526291:24.574246 46.526225:24.573973 46.526208:24.573766 46.526204:24.573553 46.526217:24.573338 46.526258:24.573126 46.526307:24.572914 46.526352:24.572781 46.526404:24.572635
3370,46.526404:24.572635 46.526531:24.572380 46.526553:24.572330
3371,46.526219:24.571825 46.526196:24.571864 46.526070:24.572085 46.525968:24.572288 46.525899:24.572501 46.525778:24.572991 46.525688:24.573542
3372,46.527433:24.568752 46.527412:24.568753 46.527067:24.568787 46.526712:24.568880 46.526451:24.568979 46.526213:24.569101 46.526187:24.569115
3373,46.526553:24.572330 46.526219:24.571825
3374,46.526219:24.571825 46.525876:24.571334
3375,46.527437:24.571778 46.527439:24.571729 46.527439:24.571690 46.527440:24.570377
3376,46.527440:24.570377 46.527437:24.569559
3377,46.527437:24.569559 46.527433:24.568752
3378,46.533711:24.564948 46.533729:24.565086 46.533733:24.565126
3379,46.539324:24.562056 46.539231:24.561986 46.539222:24.561980 46.539203:24.561966 46.539074:24.561869 46.539008:24.561820 46.538612:24.561522
3380,46.538612:24.561522 46.537994:24.561038 46.537963:24.561013 46.537951:24.560998
3381,46.522242:24.618994 46.522222:24.618928 46.522198:24.618884 46.521749:24.618440 46.521321:24.618021 46.521240:24.617915 46.521145:24.617786
3382,46.521145:24.617786 46.520817:24.617312
3383,46.520817:24.617312 46.520405:24.616722 46.520201:24.616351 46.520127:24.616169 46.520064:24.615954 46.520024:24.615729 46.519963:24.614975
3384,46.519963:24.614975 46.519928:24.614820 46.519869:24.614676 46.519771:24.614538
3385,46.519771:24.614538 46.519418:24.614230 46.519148:24.614057 46.519096:24.614029
3386,46.573880:24.601690 46.574044:24.601447
3387,46.574044:24.601447 46.574120:24.601292 46.574163:24.601207
3388,46.550616:24.578781 46.550138:24.579632
3389,46.538914:24.558249 46.538662:24.558176 46.538459:24.558095 46.538246:24.558005 46.538184:24.557977
3390,46.538184:24.557977 46.538108:24.557943 46.537952:24.557851 46.537812:24.557754 46.537673:24.557648 46.537517:24.557532 46.537515:24.557531 46.537421:24.557488
3391,46.539606:24.558262 46.539131:24.558263
3392,46.539131:24.558263 46.539066:24.558261 46.538914:24.558249
3393,46.559624:24.568029 46.559561:24.568779 46.559333:24.571213 46.559120:24.572978
3394,46.559120:24.572978 46.559084:24.573284
3395,46.559084:24.573284 46.559057:24.573469
3396,46.559057:24.573469 46.559041:24.573581 46.558960:24.573787
3397,46.559650:24.567520 46.559630:24.567497 46.559596:24.567458 46.559366:24.567257 46.558028:24.566090
3398,46.558028:24.566090 46.557874:24.565945 46.557754:24.565809 46.557740:24.565790
3399,46.557740:24.565790 46.557641:24.565656 46.557421:24.565339
3400,46.557421:24.565339 46.556865:24.564407
3401,46.542678:24.553976 46.542696:24.554020 46.542723:24.554155 46.542650:24.555283 46.542649:24.555297 46.542645:24.555360
3402,46.577054:24.606016 46.576985:24.605979 46.576835:24.605801 46.576779:24.605892
3403,46.576779:24.605892 46.576674:24.606065 46.576690:24.606135 46.576499:24.606452
3404,46.548815:24.546619 46.549079:24.546604 46.549087:24.546603
3405,46.563748:24.589196 46.563766:24.589720
3406,46.560622:24.578796 46.560832:24.578525
3407,46.563315:24.570041 46.563412:24.570071
3408,46.560198:24.568108 46.560140:24.568161 46.559875:24.568403
3409,46.559875:24.568403 46.559709:24.568555
3410,46.559624:24.568029 46.559741:24.567813
3411,46.559777:24.567768 46.559798:24.567769 46.559866:24.567771
3412,46.563412:24.570071 46.564125:24.570305
3413,46.559788:24.567702 46.559782:24.567669
3414,46.559782:24.567669 46.559769:24.567640 46.559750:24.567618 46.559728:24.567607
3415,46.559728:24.567607 46.559704:24.567605 46.559681:24.567615 46.559662:24.567635
3416,46.559662:24.567635 46.559649:24.567659 46.559641:24.567687 46.559639:24.567717 46.559643:24.567747
3417,46.559643:24.567747 46.559654:24.567778 46.559672:24.567802 46.559694:24.567817 46.559718:24.567821 46.559741:24.567813
3418,46.559741:24.567813 46.559762:24.567795 46.559777:24.567768
3419,46.559777:24.567768 46.559786:24.567737 46.559788:24.567702
3420,46.531759:24.553664 46.531496:24.554106
3421,46.530983:24.554523 46.531291:24.554911 46.531314:24.554941
3422,46.531401:24.553780 46.531334:24.553903 46.531496:24.554106
3423,46.531496:24.554106 46.531633:24.554278
3424,46.532740:24.557015 46.532708:24.556975 46.532599:24.556839 46.532283:24.556441 46.532116:24.556731 46.532063:24.556825 46.532022:24.556899
3425,46.532818:24.556193 46.532548:24.555843 46.532421:24.556046 46.532463:24.556099 46.532699:24.556397 46.532976:24.556781 46.532997:24.556810 46.533030:24.556855
3426,46.533533:24.575707 46.533509:24.575244 46.533497:24.575010 46.533508:24.574772 46.533515:24.574640 46.533537:24.574493 46.533593:24.574395
3427,46.531244:24.575508 46.531223:24.575523 46.531193:24.575547 46.531168:24.575631 46.531193:24.576260 46.531191:24.576769 46.531184:24.576901
3428,46.531184:24.576901 46.531141:24.577011 46.531070:24.577096 46.531004:24.577142 46.530949:24.577179 46.530871:24.577233 46.530816:24.577251 46.530790:24.577248 46.530764:24.577246
3429,46.531053:24.580288 46.530152:24.580263
3430,46.532128:24.577226 46.532126:24.577172 46.532106:24.576708
3431,46.534198:24.577917 46.534194:24.577640
3432,46.532376:24.576629 46.532487:24.576405
3433,46.526783:24.558289 46.526831:24.558348 46.527288:24.558909
3434,46.527500:24.558585 46.527484:24.558614 46.527350:24.558858
3435,46.531244:24.575508 46.531276:24.575505 46.531346:24.575498 46.531558:24.575475 46.531580:24.575473 46.531635:24.575469
3436,46.530952:24.580053 46.530613:24.580021 46.530615:24.579896
3437,46.527331:24.559051 46.527375:24.559106 46.527252:24.559426
3438,46.532078:24.576655 46.532257:24.576639 46.532376:24.576629
3439,46.532376:24.576629 46.532393:24.576986
3440,46.534382:24.577282 46.534193:24.577293 46.534194:24.577640
3441,46.533500:24.571808 46.533577:24.571948 46.533583:24.571960 46.533614:24.572005 46.533661:24.572135 46.533859:24.572294
3442,46.530138:24.581609 46.530503:24.581518 46.530503:24.581220 46.530174:24.581228
3443,46.530143:24.581165 46.530277:24.581169 46.530488:24.581019 46.530518:24.580933
3444,46.530545:24.581763 46.530532:24.582618 46.530114:24.582571 46.530080:24.582567 46.530038:24.582576
3445,46.529596:24.579907 46.529617:24.579808 46.529623:24.579777 46.529664:24.579691 46.529688:24.579679
3446,46.531080:24.578126 46.531075:24.578736 46.531113:24.579276 46.531151:24.579362 46.531180:24.579426
3447,46.530496:24.575209 46.530411:24.575206 46.530238:24.575091 46.529803:24.575164
3448,46.527288:24.558909 46.527260:24.558963 46.527331:24.559051
3449,46.527331:24.559051 46.527360:24.559003 46.527406:24.558923 46.527350:24.558858
3450,46.527350:24.558858 46.527333:24.558837 46.527288:24.558909
3451,46.526783:24.558289 46.526617:24.558591 46.526915:24.559019 46.527102:24.559259 46.527252:24.559426
3452,46.527252:24.559426 46.527865:24.559983 46.527925:24.560061 46.527948:24.560109
3453,46.524807:24.601334 46.524642:24.601035 46.524575:24.600861 46.524557:24.600734 46.524545:24.599901 46.524500:24.599689 46.524423:24.599510 46.524320:24.599374 46.524192:24.599278 46.524065:24.599245 46.523809:24.599187
3454,46.523809:24.599187 46.523655:24.599094
3455,46.530396:24.598241 46.530375:24.598883 46.530969:24.599832 46.531046:24.599867 46.531112:24.599834 46.531274:24.599600 46.531299:24.599465 46.531836:24.598561 46.531850:24.598468 46.531822:24.598375 46.531094:24.597349 46.531042:24.597304 46.530947:24.597221
3456,46.547203:24.622620 46.547251:24.622772 46.547516:24.624313
3457,46.547516:24.624313 46.547688:24.625256
3458,46.547688:24.625256 46.547902:24.626429
3459,46.547902:24.626429 46.548012:24.626954
3460,46.548012:24.626954 46.548116:24.627456 46.548176:24.627637 46.548236:24.627744 46.548316:24.627826 46.548368:24.627876 46.548434:24.627998 46.548611:24.628331 46.548811:24.628669 46.548865:24.628713 46.548926:24.628708 46.548980:24.628680 46.549700:24.628072 46.549797:24.628017 46.549908:24.627998 46.549998:24.628008
3461,46.531830:24.596026 46.531548:24.596438 46.531129:24.597049
3462,46.525580:24.601415 46.524955:24.602032
3463,46.520429:24.601525 46.522117:24.604186
3464,46.549905:24.627125 46.548976:24.627830
3465,46.549778:24.625940 46.548012:24.626954
3466,46.522361:24.603923 46.522658:24.604519
3467,46.530947:24.597221 46.531101:24.597006
3468,46.525301:24.602760 46.525934:24.602162
3469,46.553287:24.624502 46.553054:24.622188
3470,46.552873:24.624395 46.553007:24.625964
3471,46.522881:24.604192 46.522998:24.604420
3472,46.522114:24.604425 46.522113:24.604189
3473,46.549824:24.626358 46.548458:24.627235
3474,46.549723:24.625404 46.547902:24.626429
3475,46.520855:24.601631 46.520798:24.601727
3476,46.519090:24.604254 46.519240:24.604023
3477,46.530522:24.596709 46.530456:24.596805
3478,46.530456:24.596805 46.530358:24.596945
3479,46.530358:24.596945 46.530256:24.597092
3480,46.530256:24.597092 46.530157:24.597234
3481,46.530157:24.597234 46.530061:24.597373
3482,46.530061:24.597373 46.529990:24.597475
3483,46.524755:24.604587 46.524650:24.604695
3484,46.524401:24.603508 46.524774:24.603276
3485,46.531967:24.596121 46.531650:24.596583 46.531227:24.597199
3486,46.552606:24.624323 46.552405:24.622326 46.552344:24.621973
3487,46.531768:24.596705 46.531914:24.596757 46.532344:24.596085
3488,46.520547:24.601347 46.520798:24.601727
3489,46.520798:24.601727 46.522270:24.604019
3490,46.551947:24.624150 46.551823:24.622796 46.551748:24.622131
3491,46.521815:24.604510 46.521141:24.603428 46.521204:24.603344
3492,46.549932:24.623673 46.549962:24.623566 46.550277:24.623484
3493,46.518795:24.603790 46.518901:24.603482 46.518866:24.603397
3494,46.530755:24.597097 46.530794:24.596981
3495,46.551578:24.624057 46.551463:24.622895 46.551377:24.622192
3496,46.522944:24.604072 46.522881:24.604192
3497,46.522881:24.604192 46.522858:24.604149
3498,46.523870:24.602322 46.523980:24.602569
3499,46.523980:24.602569 46.524401:24.603508
3500,46.524401:24.603508 46.524543:24.603845
3501,46.532155:24.596140 46.531768:24.596705
3502,46.531768:24.596705 46.531753:24.596727 46.531326:24.597349
3503,46.521783:24.604544 46.521939:24.604625
3504,46.523980:24.602569 46.523902:24.602640 46.523846:24.602649 46.523840:24.602655
3505,46.523840:24.602655 46.523230:24.603274
3506,46.551406:24.624013 46.551377:24.623570 46.551460:24.623556 46.551453:24.623447
3507,46.518337:24.607328 46.518220:24.607448 46.517946:24.606887
3508,46.521362:24.601375 46.521973:24.602346
3509,46.521973:24.602346 46.522149:24.602631 46.522702:24.603516
3510,46.522313:24.603974 46.522097:24.603632 46.522094:24.603506 46.522156:24.603414
3511,46.524963:24.605045 46.524755:24.604587
3512,46.524755:24.604587 46.524455:24.603923 46.524543:24.603845
3513,46.524543:24.603845 46.524933:24.603487
3514,46.521993:24.604319 46.521657:24.603783 46.521548:24.603796 46.521418:24.603585 46.521474:24.603505 46.521395:24.603371
3515,46.526724:24.600462 46.526464:24.600741
3516,46.526464:24.600741 46.526255:24.600968 46.526863:24.602235 46.526994:24.602186 46.527082:24.602230
3517,46.517822:24.608402 46.516453:24.605694 46.516763:24.605375 46.517077:24.605978
3518,46.523809:24.599187 46.523732:24.598780 46.523460:24.598074 46.523333:24.598128
3519,46.520277:24.606196 46.519744:24.605324
3520,46.519744:24.605324 46.519090:24.604254
3521,46.519090:24.604254 46.518795:24.603790
3522,46.518795:24.603790 46.518508:24.603315
3523,46.518508:24.603315 46.518463:24.603239
3524,46.518463:24.603239 46.518081:24.602584
3525,46.523637:24.598896 46.523333:24.598128
3526,46.523333:24.598128 46.523030:24.598145 46.522903:24.598165 46.522813:24.598179
3527,46.549383:24.623401 46.549461:24.623256 46.550980:24.622945 46.551013:24.622969 46.551033:24.623021 46.551038:24.623051 46.551072:24.623045
3528,46.529840:24.597030 46.529818:24.597119 46.529834:24.597192 46.529882:24.597284 46.529990:24.597475
3529,46.529990:24.597475 46.530073:24.597616 46.530158:24.597769 46.530209:24.597866
3530,46.530209:24.597866 46.530337:24.598102
3531,46.530337:24.598102 46.530396:24.598241
3532,46.509107:24.507690 46.509038:24.507946 46.508921:24.508106 46.507709:24.509299 46.507656:24.509385 46.507654:24.509502 46.509948:24.514069 46.510027:24.514120 46.510100:24.514085 46.510417:24.513660
3533,46.510888:24.511482 46.510874:24.511454 46.510793:24.511288
3534,46.510793:24.511288 46.510717:24.511130
3535,46.510717:24.511130 46.510634:24.510960
3536,46.510634:24.510960 46.510550:24.510786
3537,46.510550:24.510786 46.510468:24.510618
3538,46.510468:24.510618 46.510435:24.510550
3539,46.511812:24.511682 46.511439:24.510908
3540,46.511439:24.510908 46.511426:24.510880 46.511350:24.510725
3541,46.511350:24.510725 46.511268:24.510558
3542,46.511268:24.510558 46.511184:24.510387
3543,46.511184:24.510387 46.511096:24.510206
3544,46.509797:24.509284 46.509888:24.509467
3545,46.509888:24.509467 46.509973:24.509636
3546,46.509973:24.509636 46.510057:24.509805
3547,46.510057:24.509805 46.510137:24.509965
3548,46.510137:24.509965 46.510217:24.510125
3549,46.510217:24.510125 46.510298:24.510287
3550,46.510298:24.510287 46.510343:24.510376
3551,46.509572:24.510043 46.509973:24.509636
3552,46.509973:24.509636 46.510388:24.509215 46.510404:24.509199
3553,46.509880:24.510745 46.510298:24.510287
3554,46.510298:24.510287 46.510551:24.510012 46.510565:24.509997
3555,46.509326:24.509161 46.509528:24.509565
3556,46.509392:24.509988 46.509888:24.509467
3557,46.509888:24.509467 46.510374:24.508973 46.510390:24.508957
3558,46.510672:24.512725 46.511209:24.512142
3559,46.509440:24.509040 46.509639:24.509448
3560,46.509787:24.508669 46.509996:24.509076
3561,46.510504:24.512387 46.510868:24.512011
3562,46.509557:24.508915 46.509759:24.509323
3563,46.509904:24.508545 46.510110:24.508957
3564,46.510758:24.512897 46.511295:24.512320
3565,46.509672:24.508792 46.509876:24.509201
3566,46.510022:24.508419 46.510225:24.508837
3567,46.509735:24.510409 46.510137:24.509965
3568,46.510137:24.509965 46.510416:24.509675 46.510432:24.509659
3569,46.509912:24.511197 46.510468:24.510618
3570,46.509209:24.509286 46.509410:24.509688
3571,46.510338:24.512052 46.510888:24.511482
3572,46.510888:24.511482 46.511134:24.511227 46.511439:24.510908
3573,46.510162:24.511699 46.510717:24.511130
3574,46.510717:24.511130 46.510960:24.510878 46.511268:24.510558
3575,46.510084:24.511541 46.510634:24.510960
3576,46.510634:24.510960 46.510875:24.510709 46.511184:24.510387
3577,46.510604:24.508184 46.510138:24.507160 46.510369:24.506950 46.510611:24.507488
3578,46.510461:24.510495 46.510464:24.510461 46.510461:24.510428
3579,46.510461:24.510428 46.510450:24.510398 46.510433:24.510374
3580,46.510433:24.510374 46.510411:24.510358 46.510387:24.510353 46.510364:24.510359 46.510343:24.510376
3581,46.510343:24.510376 46.510327:24.510400 46.510317:24.510430 46.510314:24.510463 46.510317:24.510496 46.510327:24.510526
3582,46.510327:24.510526 46.510344:24.510551 46.510366:24.510567 46.510390:24.510572 46.510414:24.510566 46.510435:24.510550
3583,46.510435:24.510550 46.510451:24.510525 46.510461:24.510495
3584,46.510456:24.508336 46.510520:24.508270 46.510604:24.508184
3585,46.560301:24.546479 46.560509:24.546763
3586,46.500329:24.543156 46.500299:24.543426 46.500265:24.543677 46.500204:24.543984 46.499986:24.544551 46.499823:24.545023 46.499705:24.545319 46.499622:24.545517 46.499515:24.545745 46.499099:24.546386 46.498942:24.546651 46.498871:24.546810 46.498715:24.547105 46.498486:24.547515 46.498346:24.547869 46.498296:24.548060 46.498265:24.548202 46.498273:24.548439 46.498304:24.548733 46.498298:24.548899 46.498278:24.548972 46.498241:24.549020 46.497183:24.549218
3587,46.535672:24.595763 46.535631:24.595515 46.535625:24.595404 46.535620:24.595315
3588,46.530964:24.556548 46.530893:24.556482 46.530618:24.556141 46.530558:24.556064
3589,46.530558:24.556064 46.530051:24.555453 46.529970:24.555353
3590,46.529970:24.555353 46.529311:24.554545 46.529303:24.554535 46.529170:24.554372
3591,46.530915:24.556761 46.530995:24.556847
3592,46.530995:24.556847 46.531118:24.556996 46.531847:24.557848
3593,46.531847:24.557848 46.531930:24.557951 46.532581:24.558766
3594,46.532581:24.558766 46.532628:24.558815 46.532663:24.558858
3595,46.532663:24.558858 46.532984:24.559252 46.533031:24.559311
3596,46.587169:24.603771 46.587198:24.603818 46.587250:24.603865 46.587777:24.604071 46.588032:24.604235 46.588077:24.604296 46.588107:24.604362 46.588124:24.604446
3597,46.588124:24.604446 46.588105:24.604551 46.588045:24.604709 46.587510:24.605501
3598,46.587510:24.605501 46.587090:24.606149
3599,46.587090:24.606149 46.586435:24.607120
3600,46.584370:24.604121 46.584418:24.604311 46.584936:24.604784 46.584950:24.604946 46.585393:24.605370 46.585568:24.605218
3601,46.569199:24.585894 46.569360:24.586268 46.569592:24.586878 46.569665:24.587086 46.569697:24.587207 46.569750:24.587312 46.569823:24.587384 46.569898:24.587480 46.570053:24.587675
3602,46.570053:24.587675 46.570237:24.587914 46.570408:24.588156
3603,46.568812:24.586378 46.568510:24.585868 46.568447:24.585860 46.568394:24.585896 46.568331:24.585901 46.568277:24.585828 46.568241:24.585741 46.568244:24.585655 46.568281:24.585571 46.568290:24.585480 46.568266:24.585404 46.567903:24.584755
3604,46.593929:24.624362 46.594029:24.624093
3605,46.594029:24.624093 46.594138:24.623788 46.594250:24.623584 46.594864:24.622614 46.594899:24.622504 46.594890:24.622358 46.594829:24.622238 46.594655:24.622187 46.594245:24.621655 46.594126:24.621655 46.593975:24.621458 46.593917:24.621440 46.593866:24.621474 46.593117:24.622691
3606,46.593279:24.617268 46.593148:24.618193 46.593163:24.618238 46.593584:24.618768
3607,46.593584:24.618768 46.593966:24.619248
3608,46.593966:24.619248 46.594052:24.619357 46.594456:24.619833 46.594633:24.620054
3609,46.594633:24.620054 46.595431:24.621055 46.595523:24.621113 46.595607:24.621119 46.595683:24.621098 46.595779:24.621075 46.595842:24.621093 46.595895:24.621129 46.595921:24.621211 46.595914:24.621305
3610,46.574351:24.594362 46.574222:24.594283 46.574130:24.594206
3611,46.574130:24.594206 46.574052:24.594103 46.574003:24.594071 46.573953:24.594068 46.573892:24.594058
3612,46.573892:24.594058 46.573474:24.593815 46.573369:24.593768 46.573279:24.593832 46.573202:24.593957 46.573071:24.594144 46.572992:24.594201 46.572890:24.594220
3613,46.593866:24.624807 46.594011:24.624690 46.595914:24.621305
3614,46.587898:24.612944 46.587367:24.613764
3615,46.575782:24.602537 46.575333:24.601864
3616,46.583756:24.609770 46.583849:24.609790
3617,46.583849:24.609790 46.583884:24.609744 46.583886:24.609576
3618,46.583886:24.609576 46.583889:24.609296
3619,46.583889:24.609296 46.583893:24.609016
3620,46.589123:24.617047 46.588155:24.618530
3621,46.568360:24.579841 46.568596:24.580400
3622,46.591176:24.611476 46.589815:24.613698
3623,46.573415:24.599151 46.573428:24.599099 46.573759:24.597781 46.573844:24.597333 46.573880:24.597012 46.573906:24.596364 46.573946:24.595986 46.574059:24.595027 46.574066:24.594816 46.574038:24.594642 46.573975:24.594402 46.573892:24.594058
3624,46.573892:24.594058 46.573874:24.594004
3625,46.593130:24.617192 46.593279:24.617268
3626,46.564764:24.582288 46.563815:24.584024 46.563803:24.584046
3627,46.578415:24.612837 46.579467:24.614985 46.579767:24.615440 46.579904:24.615634
3628,46.579904:24.615634 46.580599:24.616622
3629,46.580599:24.616622 46.581373:24.617658
3630,46.581373:24.617658 46.581737:24.618153
3631,46.581737:24.618153 46.582290:24.618905
3632,46.582290:24.618905 46.582604:24.619322
3633,46.582604:24.619322 46.584427:24.621904
3634,46.587577:24.614050 46.586849:24.615183
3635,46.594928:24.619570 46.594633:24.620054
3636,46.573842:24.613821 46.574661:24.611396 46.575445:24.609052 46.575492:24.608993
3637,46.582650:24.600365 46.582224:24.601132
3638,46.582383:24.602670 46.581931:24.602296
3639,46.588631:24.613456 46.589105:24.612717
3640,46.583406:24.609542 46.582122:24.607968
3641,46.585021:24.601999 46.584584:24.603138
3642,46.574659:24.601116 46.575170:24.600423
3643,46.589697:24.609506 46.588341:24.611655
3644,46.593929:24.624362 46.593770:24.624601
3645,46.565498:24.583989 46.564980:24.584930 46.564965:24.584956
3646,46.567813:24.587651 46.567903:24.587543
3647,46.573656:24.613708 46.573362:24.614603
3648,46.582199:24.624623 46.580710:24.625191
3649,46.580599:24.616622 46.581957:24.614334
3650,46.590048:24.615290 46.591277:24.617022 46.592195:24.618276
3651,46.570408:24.588156 46.569548:24.589709
3652,46.590207:24.610190 46.588862:24.612387
3653,46.569583:24.585412 46.570000:24.586267
3654,46.589692:24.615880 46.589324:24.616439
3655,46.590681:24.611304 46.589524:24.613297
3656,46.567571:24.585672 46.567415:24.585863
3657,46.567380:24.590837 46.566822:24.591511 46.566782:24.591590 46.566766:24.591674 46.566786:24.591763 46.567268:24.592946 46.567637:24.593799 46.567648:24.593919 46.567631:24.594044 46.567594:24.594144 46.567155:24.594849 46.567125:24.594934 46.567129:24.595036 46.567165:24.595117 46.567668:24.595781 46.567684:24.595868 46.567668:24.595966 46.567637:24.596034 46.567574:24.596127 46.566455:24.597738
3658,46.566455:24.597738 46.566236:24.598053
3659,46.569464:24.598498 46.569606:24.598189 46.569737:24.597941 46.569814:24.597699 46.569818:24.597657 46.569810:24.597617 46.569785:24.597586
3660,46.564125:24.570305 46.564055:24.570869
3661,46.564055:24.570869 46.563956:24.571672 46.563707:24.573308 46.563698:24.573480 46.563718:24.573558
3662,46.563718:24.573558 46.563750:24.573619 46.563830:24.573705 46.565459:24.574891 46.565603:24.575042
3663,46.593504:24.625763 46.593464:24.625509 46.593497:24.625284
3664,46.577112:24.604070 46.577283:24.604315 46.577388:24.604181
3665,46.568328:24.586990 46.567571:24.585672
3666,46.567571:24.585672 46.566968:24.584628
3667,46.593758:24.624035 46.593395:24.623546 46.592949:24.622944
3668,46.581589:24.613952 46.582213:24.612998 46.582821:24.612042
3669,46.565235:24.583788 46.564808:24.584557 46.564624:24.584748 46.564608:24.584765
3670,46.593443:24.625207 46.593303:24.625270 46.593139:24.625255
3671,46.593929:24.624362 46.593916:24.624278 46.593758:24.624035
3672,46.568134:24.583282 46.568268:24.583618 46.568840:24.584569
3673,46.568840:24.584569 46.569443:24.585577
3674,46.588031:24.611241 46.587438:24.612183 46.586874:24.613055
3675,46.586874:24.613055 46.585566:24.614998
3676,46.593830:24.623905 46.593477:24.623419 46.593030:24.622822
3677,46.583719:24.607993 46.583718:24.607893 46.583747:24.607852 46.583953:24.607859
3678,46.580175:24.622175 46.580752:24.622097 46.580913:24.622029 46.581031:24.622060
3679,46.575337:24.603126 46.575400:24.603055
3680,46.575400:24.603055 46.575576:24.602858
3681,46.575576:24.602858 46.575782:24.602537
3682,46.575782:24.602537 46.576252:24.601927
3683,46.574215:24.594480 46.574177:24.594418 46.574147:24.594347 46.574130:24.594206
3684,46.570053:24.587675 46.569317:24.588893
3685,46.569317:24.588893 46.569072:24.588637
3686,46.583992:24.617094 46.585554:24.619244
3687,46.583436:24.604201 46.583536:24.604406 46.583634:24.604520 46.584242:24.605082
3688,46.571051:24.592562 46.572114:24.593308 46.571638:24.594633 46.571322:24.595225
3689,46.571039:24.600033 46.571468:24.599738 46.571887:24.599550 46.572124:24.599461
3690,46.573671:24.599772 46.574222:24.599643 46.574281:24.599630 46.574325:24.599578 46.574347:24.599520 46.574366:24.599379
3691,46.575225:24.602008 46.575333:24.601864
3692,46.575333:24.601864 46.575794:24.601203 46.575251:24.600404 46.575170:24.600423
3693,46.572985:24.613342 46.573134:24.613420 46.573656:24.613708
3694,46.573656:24.613708 46.573842:24.613821
3695,46.573842:24.613821 46.575228:24.614601
3696,46.575228:24.614601 46.576096:24.615109
3697,46.576096:24.615109 46.576754:24.615485
3698,46.576754:24.615485 46.577011:24.615669 46.577179:24.615851 46.577241:24.615961 46.577260:24.616024 46.577270:24.616235
3699,46.567903:24.587543 46.567995:24.587747 46.568088:24.587991
3700,46.568088:24.587991 46.568231:24.588377 46.568343:24.588725
3701,46.568343:24.588725 46.568401:24.588906
3702,46.568401:24.588906 46.568411:24.588937
3703,46.586874:24.613055 46.587367:24.613764
3704,46.587367:24.613764 46.587577:24.614050
3705,46.587577:24.614050 46.587689:24.614205
3706,46.587689:24.614205 46.587821:24.614389
3707,46.587821:24.614389 46.587992:24.614625
3708,46.587992:24.614625 46.588327:24.615090
3709,46.588327:24.615090 46.589201:24.616272
3710,46.589201:24.616272 46.589324:24.616439
3711,46.589324:24.616439 46.589687:24.616936
3712,46.571111:24.596677 46.570574:24.596993 46.570308:24.597174
3713,46.570308:24.597174 46.570064:24.597351 46.569785:24.597586
3714,46.575576:24.602858 46.575395:24.602529 46.575225:24.602008
3715,46.575225:24.602008 46.574659:24.601116
3716,46.574659:24.601116 46.574571:24.600978
3717,46.594005:24.623936 46.593962:24.623913 46.593921:24.623934 46.593873:24.623943 46.593830:24.623905
3718,46.583281:24.610599 46.583298:24.609801 46.583332:24.609650 46.583406:24.609542
3719,46.567903:24.587543 46.568328:24.586990
3720,46.568328:24.586990 46.568696:24.586526
3721,46.568696:24.586526 46.568812:24.586378
3722,46.568812:24.586378 46.569199:24.585894
3723,46.567595:24.591035 46.567996:24.590534 46.568041:24.590610 46.568451:24.590140 46.568342:24.589937
3724,46.568339:24.581513 46.568240:24.581487 46.568150:24.581489 46.568057:24.581523 46.567681:24.581828
3725,46.596174:24.619865 46.596044:24.619696 46.595953:24.619834 46.595937:24.620880 46.596016:24.621138
3726,46.580453:24.610272 46.580250:24.610036 46.580222:24.609996 46.580196:24.609977 46.580167:24.609969 46.580138:24.609969 46.580097:24.609969 46.580076:24.609973 46.580010:24.609981 46.579902:24.609949 46.579720:24.609790
3727,46.579720:24.609790 46.579437:24.609037 46.579020:24.608227 46.578654:24.607386
3728,46.590102:24.621163 46.590144:24.621098 46.591403:24.619360
3729,46.591403:24.619360 46.592195:24.618276
3730,46.592195:24.618276 46.592675:24.617668
3731,46.592675:24.617668 46.593005:24.617196
3732,46.569443:24.585577 46.569583:24.585412
3733,46.569583:24.585412 46.569986:24.584895
3734,46.576747:24.602200 46.577022:24.601922 46.577353:24.602693
3735,46.577353:24.602693 46.577440:24.602905 46.577278:24.603365
3736,46.577278:24.603365 46.577391:24.603532 46.577404:24.603616 46.577384:24.603679 46.577356:24.603723
3737,46.594029:24.624093 46.594026:24.624014 46.594005:24.623936
3738,46.594005:24.623936 46.593916:24.623793 46.593556:24.623297 46.593117:24.622691
3739,46.583965:24.608056 46.583953:24.607859
3740,46.583953:24.607859 46.583937:24.607483 46.583874:24.607208 46.583781:24.606982 46.583323:24.606487
3741,46.588031:24.611241 46.588341:24.611655
3742,46.588341:24.611655 46.588862:24.612387
3743,46.588862:24.612387 46.589105:24.612717
3744,46.589105:24.612717 46.589134:24.612758
3745,46.589134:24.612758 46.589524:24.613297
3746,46.589524:24.613297 46.589771:24.613638
3747,46.589771:24.613638 46.589815:24.613698
3748,46.589815:24.613698 46.590220:24.614285
3749,46.590220:24.614285 46.591228:24.615704 46.592675:24.617668
3750,46.578860:24.607243 46.578764:24.607186 46.578509:24.607104 46.578461:24.607097 46.578407:24.607112 46.577947:24.607347
3751,46.577947:24.607347 46.577459:24.607597
3752,46.577459:24.607597 46.577115:24.607804 46.577284:24.608114
3753,46.583965:24.608056 46.583958:24.608611 46.583948:24.608646 46.583919:24.608664 46.583792:24.608654
3754,46.576606:24.602464 46.576872:24.602835 46.576900:24.602978 46.577102:24.603275 46.577278:24.603365
3755,46.570308:24.597174 46.570571:24.598093 46.570619:24.598219 46.570689:24.598351 46.570771:24.598462 46.570849:24.598555 46.570966:24.598682 46.571163:24.598865 46.571307:24.598959 46.572124:24.599461
3756,46.572124:24.599461 46.572355:24.599660
3757,46.593279:24.617268 46.593362:24.617386 46.594312:24.618643 46.594374:24.618708 46.594425:24.618714 46.594452:24.618695 46.594508:24.618618 46.594939:24.617899 46.594955:24.617873 46.594961:24.617838 46.594945:24.617797 46.593715:24.616119
3758,46.582047:24.612134 46.581750:24.611774 46.581519:24.611497 46.580855:24.610608 46.580756:24.610505 46.580593:24.610394 46.580453:24.610272
3759,46.587169:24.603771 46.587519:24.603555 46.587881:24.603294
3760,46.587881:24.603294 46.587935:24.603255 46.588383:24.603018 46.588443:24.603004 46.588730:24.602936 46.589091:24.602908 46.589836:24.602850 46.590416:24.602695 46.590996:24.602509 46.591286:24.602352
3761,46.568261:24.592141 46.568591:24.591019 46.568631:24.590885 46.568703:24.590878 46.568767:24.590943 46.570401:24.593699 46.571322:24.595225
3762,46.593117:24.622691 46.593030:24.622822
3763,46.593030:24.622822 46.592949:24.622944
3764,46.592949:24.622944 46.592863:24.623078
3765,46.592863:24.623078 46.592778:24.623208
3766,46.592778:24.623208 46.592699:24.623330
3767,46.592699:24.623330 46.592619:24.623454
3768,46.592619:24.623454 46.592557:24.623602
3769,46.592557:24.623602 46.592532:24.623801
3770,46.567863:24.580282 46.568339:24.581513
3771,46.568339:24.581513 46.568620:24.582242 46.568635:24.582340 46.568605:24.582438 46.568116:24.582847 46.568058:24.582961 46.568058:24.583088 46.568134:24.583282
3772,46.542345:24.564627 46.542314:24.564679 46.542311:24.564684 46.541981:24.565198
3773,46.541981:24.565198 46.541662:24.564764
3774,46.530915:24.556761 46.530942:24.556763 46.530974:24.556746 46.530994:24.556720 46.531006:24.556685 46.531009:24.556639 46.531004:24.556607
3775,46.530964:24.556548 46.530937:24.556538 46.530911:24.556542 46.530886:24.556559 46.530867:24.556588 46.530856:24.556624 46.530855:24.556663 46.530862:24.556700
3776,46.553265:24.573569 46.553433:24.573692
3777,46.556971:24.574873 46.556763:24.575079
3778,46.556763:24.575079 46.556203:24.575601 46.555842:24.575953
3779,46.559982:24.547853 46.560022:24.547753 46.560037:24.547661 46.560043:24.547574 46.560039:24.547504
3780,46.544858:24.570565 46.544874:24.570579 46.545056:24.570737 46.545080:24.570760 46.545673:24.571323
3781,46.545673:24.571323 46.546721:24.572319
3782,46.546721:24.572319 46.547213:24.572768 46.547226:24.572779 46.547263:24.572805
3783,46.538835:24.606069 46.538775:24.606141
3784,46.538775:24.606141 46.538745:24.606172 46.538681:24.606267 46.538576:24.606469 46.538483:24.606620 46.538441:24.606689 46.538362:24.606816 46.538133:24.607174 46.537397:24.608259
3785,46.537397:24.608259 46.537282:24.608447 46.537203:24.608599 46.537140:24.608755 46.537131:24.608817 46.537128:24.608854 46.537127:24.608886
3786,46.537127:24.608886 46.537202:24.609052 46.537386:24.609306 46.537899:24.610091 46.537860:24.610163
3787,46.537860:24.610163 46.537784:24.610314
3788,46.538971:24.605921 46.538835:24.606069
3789,46.540144:24.601222 46.540103:24.601252 46.538109:24.602708 46.538092:24.602721 46.538072:24.602735
3790,46.541001:24.606204 46.540763:24.606384 46.540706:24.606398 46.540618:24.606380 46.540529:24.606400 46.540460:24.606461 46.540433:24.606540 46.540417:24.606615 46.540382:24.606673 46.540072:24.606923 46.540046:24.606944
3791,46.541081:24.605031 46.540710:24.605339 46.539717:24.606164 46.539699:24.606179
3792,46.537720:24.602016 46.537752:24.601995 46.538092:24.601775
3793,46.541040:24.602351 46.541280:24.602069 46.541360:24.602084 46.541594:24.602305 46.541656:24.602229
3794,46.541385:24.606526 46.541276:24.606617 46.541235:24.606678 46.541192:24.606773 46.540329:24.607475 46.540307:24.607492
3795,46.540910:24.605976 46.541001:24.606204
3796,46.541001:24.606204 46.541043:24.606259 46.541088:24.606261 46.541166:24.606201
3797,46.540799:24.603966 46.540461:24.604298 46.539911:24.604757
3798,46.539911:24.604757 46.539841:24.604816 46.539585:24.604991 46.539494:24.605060 46.539373:24.605144 46.539317:24.605180 46.539269:24.605205 46.539245:24.605217
3799,46.540588:24.601696 46.541040:24.602351
3800,46.541040:24.602351 46.541092:24.602418 46.541333:24.602600 46.541515:24.602730
3801,46.546045:24.579386 46.546000:24.579350 46.545858:24.579245 46.545801:24.579239 46.545752:24.579260 46.545718:24.579311 46.545673:24.579420 46.545658:24.579460 46.545644:24.579493 46.545614:24.579568 46.545605:24.579650 46.545613:24.579729 46.545648:24.579806 46.545787:24.579927 46.545825:24.579959
3802,46.544499:24.581430 46.544190:24.581066
3803,46.544190:24.581066 46.543909:24.580736 46.543894:24.580718
3804,46.543550:24.579048 46.544005:24.579426 46.544407:24.579789 46.544975:24.580340
3805,46.530520:24.546829 46.530103:24.547270
3806,46.530772:24.547332 46.530355:24.547773
3807,46.530355:24.547773 46.530194:24.547943
3808,46.530696:24.547181 46.530262:24.547587
3809,46.530262:24.547587 46.530131:24.547730 46.530113:24.547793 46.530137:24.547856 46.530194:24.547943
3810,46.530194:24.547943 46.530294:24.548093
3811,46.530294:24.548093 46.530359:24.548198 46.530398:24.548217 46.530440:24.548195 46.530520:24.548103
3812,46.533337:24.561503 46.533221:24.561628 46.533173:24.561678
3813,46.533173:24.561678 46.533019:24.561837 46.532905:24.561973 46.532867:24.562018 46.532857:24.562033 46.532758:24.562185 46.532666:24.562326 46.532527:24.562560 46.532451:24.562688 46.532421:24.562737 46.532316:24.562914 46.532272:24.562988
3814,46.552159:24.562860 46.552288:24.562544
3815,46.552520:24.562763 46.552441:24.562689 46.552405:24.562654 46.552288:24.562544
3816,46.552288:24.562544 46.552194:24.562455 46.552112:24.562377 46.552060:24.561881 46.552058:24.561854 46.552049:24.561773
3817,46.550516:24.572453 46.550523:24.572221
3818,46.550523:24.572221 46.550550:24.571563
3819,46.550550:24.571563 46.550564:24.571321 46.550612:24.571272 46.550715:24.571262 46.550759:24.571279 46.550806:24.571332 46.550819:24.571409 46.550840:24.571462 46.550873:24.571508 46.550906:24.571531 46.550880:24.571794
3820,46.550516:24.572894 46.550477:24.573031 46.550352:24.573473 46.550334:24.573536
3821,46.550523:24.572221 46.550282:24.572214 46.550068:24.572208
3822,46.549407:24.571457 46.550550:24.571563
3823,46.549415:24.571317 46.548432:24.571240 46.548362:24.571238 46.548351:24.571237
3824,46.549440:24.570862 46.549415:24.571317
3825,46.549415:24.571317 46.549407:24.571457
3826,46.549407:24.571457 46.549373:24.572053
3827,46.543491:24.560377 46.543639:24.560628
3828,46.542563:24.560351 46.542216:24.560808 46.542195:24.560835 46.542180:24.560855
3829,46.543400:24.559995 46.543460:24.560139
3830,46.543460:24.560139 46.543494:24.560238 46.543499:24.560301 46.543491:24.560377
3831,46.543491:24.560377 46.543288:24.560622 46.543214:24.560598 46.543133:24.560679
3832,46.543357:24.560037 46.543283:24.559890 46.543196:24.559870 46.543146:24.559887 46.543060:24.559964
3833,46.529086:24.554516 46.529218:24.554678 46.529226:24.554687 46.529932:24.555527
3834,46.529932:24.555527 46.529973:24.555576 46.529981:24.555585 46.529992:24.555598
3835,46.529992:24.555598 46.530039:24.555653 46.530506:24.556229 46.530520:24.556246
3836,46.530520:24.556246 46.530538:24.556268 46.530545:24.556276 46.530793:24.556587 46.530862:24.556700
3837,46.526067:24.551550 46.526203:24.551534 46.526267:24.551526
3838,46.524880:24.551685 46.524806:24.551736 46.524744:24.551806 46.524672:24.551901 46.524614:24.552013 46.524567:24.552122 46.524531:24.552242 46.524504:24.552389 46.524485:24.552523 46.524485:24.552657 46.524496:24.552805 46.524565:24.553116 46.524792:24.553914 46.524829:24.554044 46.524885:24.554230 46.524937:24.554404 46.525309:24.555645 46.525557:24.556507 46.525720:24.557017 46.525932:24.557564
3839,46.526197:24.551407 46.526159:24.551464 46.526121:24.551508 46.526067:24.551550
3840,46.526318:24.551252 46.526137:24.550994
3841,46.526137:24.550994 46.526184:24.551103 46.526206:24.551207 46.526217:24.551302
3842,46.526626:24.551492 46.526525:24.551428 46.526454:24.551380 46.526447:24.551374
3843,46.526447:24.551374 46.526380:24.551322
3844,46.527565:24.556973 46.527830:24.556525
3845,46.527830:24.556525 46.527825:24.556468 46.527665:24.556260 46.527619:24.556337 46.527398:24.556704 46.527339:24.556803
3846,46.530862:24.556700 46.530882:24.556737
3847,46.530882:24.556737 46.530915:24.556761
3848,46.531004:24.556607 46.530988:24.556572 46.530964:24.556548
3849,46.530651:24.557972 46.530694:24.557899 46.530799:24.557721 46.530941:24.557479 46.531044:24.557604 46.530901:24.557846 46.530797:24.558023 46.530753:24.558097
3850,46.528081:24.553535 46.528068:24.553514 46.528060:24.553507 46.528051:24.553499 46.528032:24.553492 46.528012:24.553493
3851,46.528831:24.556084 46.528658:24.555876 46.528594:24.555983 46.528378:24.555732
3852,46.527969:24.553643 46.527982:24.553664 46.527999:24.553679
3853,46.527999:24.553679 46.528018:24.553686 46.528038:24.553685
3854,46.526197:24.551407 46.526209:24.551459 46.526233:24.551501 46.526267:24.551526
3855,46.526318:24.551252 46.526281:24.551249 46.526245:24.551267 46.526217:24.551302
3856,46.528038:24.553685 46.528062:24.553671 46.528081:24.553644 46.528091:24.553609 46.528091:24.553570 46.528081:24.553535
3857,46.526341:24.551514 46.526370:24.551478 46.526388:24.551429 46.526391:24.551374 46.526380:24.551322
3858,46.560480:24.576804 46.560520:24.576904 46.560642:24.577229
3859,46.560642:24.577229 46.560764:24.577558
3860,46.559665:24.574604 46.559694:24.574668
3861,46.556629:24.571128 46.556773:24.571409
3862,46.559901:24.567808 46.560078:24.567991
3863,46.560078:24.567991 46.560198:24.568108
3864,46.560198:24.568108 46.560269:24.568174
3865,46.559665:24.574604 46.559658:24.574586 46.559341:24.573845
3866,46.559057:24.573469 46.559093:24.573476 46.559110:24.573491 46.559128:24.573513 46.559159:24.573552 46.559618:24.574622 46.559625:24.574637 46.559659:24.574722
3867,46.559866:24.567771 46.559817:24.567712 46.559782:24.567669
3868,46.557063:24.571667 46.556998:24.571621 46.556889:24.571434 46.556838:24.571389 46.556773:24.571409
3869,46.556773:24.571409 46.556660:24.571526 46.556817:24.571828
3870,46.535642:24.595258 46.535721:24.595136 46.535831:24.595018
3871,46.535831:24.595018 46.535694:24.595054 46.535629:24.595050 46.535569:24.595047
3872,46.535476:24.595351 46.535581:24.595545 46.535672:24.595763
3873,46.535672:24.595763 46.535723:24.595926 46.535917:24.596544
3874,46.535917:24.596544 46.536125:24.597202
3875,46.536125:24.597202 46.536137:24.597241
3876,46.536137:24.597241 46.536183:24.597385 46.536191:24.597410
3877,46.536191:24.597410 46.536325:24.597844 46.536386:24.598042
3878,46.536386:24.598042 46.536491:24.598374
3879,46.536491:24.598374 46.536529:24.598493
3880,46.535525:24.595039 46.535445:24.594884 46.535413:24.594809 46.535342:24.594645
3881,46.535342:24.594645 46.535383:24.594914 46.535395:24.595002
3882,46.535395:24.595002 46.535403:24.595066 46.535408:24.595103 46.535412:24.595135
3883,46.535412:24.595135 46.535419:24.595185
3884,46.535525:24.595039 46.535488:24.595052 46.535457:24.595081 46.535433:24.595123
3885,46.535433:24.595123 46.535419:24.595185
3886,46.535419:24.595185 46.535423:24.595250 46.535443:24.595308 46.535476:24.595351
3887,46.535476:24.595351 46.535513:24.595370 46.535553:24.595370 46.535590:24.595351 46.535620:24.595315
3888,46.535620:24.595315 46.535642:24.595258
3889,46.535642:24.595258 46.535648:24.595194 46.535636:24.595131 46.535608:24.595079 46.535569:24.595047
3890,46.535569:24.595047 46.535525:24.595039
3891,46.554330:24.569566 46.554462:24.569718 46.554489:24.569749 46.554507:24.569770 46.554668:24.569955 46.555084:24.570568 46.555540:24.571425 46.555763:24.571873
3892,46.554330:24.569566 46.554213:24.569355 46.554121:24.569178 46.554103:24.569143
3893,46.554103:24.569111 46.554097:24.569062 46.554082:24.569017 46.554059:24.568980 46.554030:24.568952 46.553998:24.568937 46.553963:24.568935
3894,46.553844:24.569159 46.553851:24.569201 46.553866:24.569239 46.553885:24.569271 46.553910:24.569295 46.553938:24.569310 46.553967:24.569316
3895,46.551656:24.575456 46.551734:24.575496 46.551817:24.575581
3896,46.551817:24.575581 46.551758:24.575452 46.551732:24.575348
3897,46.551499:24.575090 46.551553:24.575228 46.551563:24.575267 46.551581:24.575344
3898,46.551647:24.575237 46.551583:24.575195 46.551499:24.575090
3899,46.551499:24.575090 46.551432:24.574956 46.551394:24.574877 46.551294:24.574670 46.551277:24.574635 46.551221:24.574517 46.551165:24.574402 46.551147:24.574364 46.551062:24.574186 46.550904:24.573947 46.550692:24.573740
3900,46.554220:24.568776 46.554033:24.568891 46.554010:24.568905 46.553963:24.568935
3901,46.554103:24.569111 46.554128:24.568982 46.554159:24.568880 46.554220:24.568776
3902,46.551727:24.575307 46.551738:24.575212 46.551769:24.575099
3903,46.553682:24.569602 46.553776:24.569495 46.553841:24.569421 46.553915:24.569360 46.553967:24.569316
3904,46.551769:24.575099 46.551710:24.575190 46.551691:24.575206 46.551657:24.575237
3905,46.553844:24.569159 46.553798:24.569350 46.553794:24.569370 46.553748:24.569465 46.553682:24.569602
3906,46.553944:24.568938 46.553821:24.568863 46.553658:24.568697
3907,46.553658:24.568697 46.553776:24.568941 46.553804:24.569024 46.553843:24.569137
3908,46.551732:24.575348 46.551731:24.575325
3909,46.551731:24.575325 46.551727:24.575307
3910,46.551727:24.575307 46.551711:24.575270 46.551686:24.575245 46.551657:24.575237
3911,46.551656:24.575456 46.551685:24.575449 46.551709:24.575426 46.551726:24.575390 46.551732:24.575348
3912,46.551647:24.575237 46.551628:24.575245 46.551604:24.575268 46.551588:24.575303 46.551581:24.575344
3913,46.551581:24.575344 46.551587:24.575386
3914,46.551587:24.575386 46.551603:24.575422 46.551627:24.575447
3915,46.551627:24.575447 46.551656:24.575456
3916,46.524807:24.601334 46.524684:24.601464
3917,46.524684:24.601464 46.524566:24.601585
3918,46.524566:24.601585 46.524190:24.601992
3919,46.524190:24.601992 46.523870:24.602322
3920,46.523870:24.602322 46.523631:24.602575 46.522702:24.603516
3921,46.522702:24.603516 46.522654:24.603566
3922,46.522654:24.603566 46.522361:24.603923
3923,46.522361:24.603923 46.522313:24.603974
3924,46.522313:24.603974 46.522270:24.604019
3925,46.522270:24.604019 46.522238:24.604053
3926,46.522238:24.604053 46.522117:24.604186
3927,46.522117:24.604186 46.522113:24.604189
3928,46.522113:24.604189 46.521993:24.604319
3929,46.521993:24.604319 46.521815:24.604510
3930,46.521815:24.604510 46.521783:24.604544
3931,46.521783:24.604544 46.521684:24.604654
3932,46.521684:24.604654 46.521434:24.604923
3933,46.521434:24.604923 46.521165:24.605216
3934,46.521165:24.605216 46.520973:24.605419
3935,46.520973:24.605419 46.520822:24.605580
3936,46.520822:24.605580 46.520692:24.605722
3937,46.520692:24.605722 46.520454:24.605994
3938,46.538770:24.571642 46.538792:24.572404 46.538812:24.573150 46.538864:24.574648 46.538879:24.575046 46.538909:24.575385 46.539035:24.576592 46.539039:24.576629 46.539043:24.576662 46.539047:24.576704 46.539063:24.576861
3939,46.538673:24.571220 46.538707:24.571370 46.538770:24.571642
3940,46.538772:24.571108 46.538749:24.570873 46.538739:24.570768
3941,46.538739:24.570768 46.538692:24.570977 46.538667:24.571089
3942,46.538770:24.571642 46.538775:24.571179
3943,46.538775:24.571179 46.538779:24.571144 46.538772:24.571108
3944,46.538667:24.571089 46.538654:24.571120
3945,46.538654:24.571120 46.538651:24.571157 46.538655:24.571176 46.538657:24.571190
3946,46.538657:24.571190 46.538673:24.571220
3947,46.538772:24.571108 46.538757:24.571080 46.538735:24.571061 46.538711:24.571057 46.538686:24.571067 46.538667:24.571089
3948,46.538673:24.571220 46.538695:24.571238 46.538719:24.571243 46.538744:24.571233 46.538763:24.571211 46.538775:24.571179
3949,46.547321:24.559054 46.547421:24.558581
3950,46.547271:24.559396 46.547179:24.559407 46.547169:24.559408 46.547137:24.559412
3951,46.547137:24.559412 46.547224:24.559456 46.547276:24.559482
3952,46.547521:24.559161 46.547649:24.558980 46.547814:24.558806
3953,46.547326:24.559753 46.547347:24.559669 46.547364:24.559597 46.547380:24.559531
3954,46.547295:24.559517 46.547326:24.559753
3955,46.547422:24.559421 46.547521:24.559161
3956,46.547521:24.559161 46.547498:24.559185 46.547414:24.559273 46.547369:24.559320
3957,46.547271:24.559396 46.547268:24.559440 46.547276:24.559482
3958,46.547295:24.559517 46.547321:24.559538 46.547352:24.559543 46.547380:24.559531
3959,46.547380:24.559531 46.547405:24.559503 46.547419:24.559465 46.547422:24.559421
3960,46.547369:24.559320 46.547361:24.559320
3961,46.547361:24.559320 46.547338:24.559318
3962,46.547422:24.559421 46.547414:24.559378 46.547395:24.559344 46.547369:24.559320
3963,46.547236:24.560960 46.547078:24.560781
3964,46.536257:24.588673 46.536356:24.588767
3965,46.567657:24.533372 46.567630:24.533551
3966,46.567630:24.533551 46.567443:24.534249 46.567399:24.534425
3967,46.567399:24.534425 46.566461:24.536385
3968,46.566461:24.536385 46.566249:24.536822
3969,46.566249:24.536822 46.566222:24.536878 46.565978:24.537366 46.565740:24.537774 46.565550:24.538086 46.565364:24.538367 46.565249:24.538510 46.565128:24.538629 46.565001:24.538728 46.564741:24.538892 46.564544:24.538985 46.563288:24.539481
3970,46.563288:24.539481 46.562886:24.539656 46.562514:24.539814 46.562245:24.539948 46.562006:24.540087 46.561903:24.540143
3971,46.552600:24.533791 46.552867:24.535288
3972,46.552867:24.535288 46.552893:24.535436
3973,46.552893:24.535436 46.553086:24.536326 46.553243:24.537044
3974,46.549605:24.523636 46.549658:24.523756
3975,46.552556:24.533614 46.552600:24.533791
3976,46.552312:24.529936 46.552334:24.530309 46.552349:24.530602
3977,46.552349:24.530602 46.552344:24.530922 46.552331:24.531101
3978,46.552331:24.531101 46.552315:24.531538 46.552312:24.531885 46.552311:24.532014
3979,46.552311:24.532014 46.552317:24.532276 46.552365:24.532693 46.552442:24.533107
3980,46.552442:24.533107 46.552450:24.533149
3981,46.552450:24.533149 46.552556:24.533614
3982,46.548842:24.530791 46.549004:24.530429
3983,46.549004:24.530429 46.549268:24.529841
3984,46.549268:24.529841 46.549469:24.529388
3985,46.549469:24.529388 46.549757:24.528740 46.549784:24.528679
3986,46.549784:24.528679 46.550183:24.527795
3987,46.550183:24.527795 46.550339:24.527450 46.550438:24.527319 46.550563:24.527232 46.550677:24.527157 46.550761:24.527090 46.550806:24.527044
3988,46.547848:24.532154 46.548032:24.532052 46.548213:24.531910
3989,46.549458:24.509380 46.550374:24.510604 46.551779:24.512295 46.551839:24.512343 46.551931:24.512373
3990,46.545441:24.511225 46.545199:24.511140
3991,46.545199:24.511140 46.544876:24.511595
3992,46.544876:24.511595 46.543998:24.510375 46.544331:24.509877
3993,46.544331:24.509877 46.544703:24.509332
3994,46.560938:24.499380 46.560983:24.499398 46.561063:24.499363 46.561208:24.499247 46.561303:24.499238 46.561403:24.499296 46.561454:24.499394 46.561484:24.499527 46.561463:24.499638 46.561416:24.499722
3995,46.553491:24.502246 46.553654:24.501429 46.553474:24.501043 46.553352:24.500872 46.553120:24.500727 46.552967:24.500723 46.552711:24.500919 46.552647:24.501423 46.552776:24.501720 46.552773:24.502060 46.552684:24.502252
3996,46.542306:24.514156 46.542364:24.514254 46.542459:24.514315 46.542851:24.514524 46.542904:24.514561
3997,46.542904:24.514561 46.542979:24.514517 46.543051:24.514399 46.543095:24.514268 46.543180:24.513870 46.543074:24.513614 46.542979:24.513475
3998,46.550352:24.518024 46.549968:24.518547 46.549490:24.519247 46.549040:24.519937 46.549002:24.520104 46.548974:24.520353 46.548988:24.520508 46.549046:24.520650 46.549137:24.520798 46.549167:24.520893 46.549164:24.521011 46.549127:24.521129 46.548894:24.521730
3999,46.542904:24.514561 46.542925:24.514666 46.542916:24.514834 46.542909:24.515101 46.542930:24.515263 46.542981:24.515415 46.543037:24.515496 46.543088:24.515509 46.543227:24.515425 46.543301:24.515408 46.543419:24.515421 46.543577:24.515502 46.543678:24.515546
4000,46.556918:24.505967 46.556548:24.505475 46.556514:24.505384 46.556495:24.505288 46.556501:24.505186 46.556519:24.505114 46.556573:24.505083
4001,46.556573:24.505083 46.556630:24.505103 46.556707:24.505120 46.556833:24.505148 46.556909:24.505135 46.556974:24.505073 46.557067:24.504903
4002,46.542821:24.510015 46.542608:24.510246 46.542475:24.510339 46.542423:24.510394 46.542393:24.510497 46.542382:24.510630 46.542398:24.510819 46.542449:24.511522 46.542444:24.511665 46.542423:24.511756 46.542322:24.511947
4003,46.542322:24.511947 46.542239:24.512180 46.542173:24.512390
4004,46.542173:24.512390 46.542124:24.512725 46.542086:24.513216
4005,46.547444:24.519185 46.547276:24.519406
4006,46.547276:24.519406 46.547169:24.519563 46.546934:24.520076 46.546765:24.520470 46.546703:24.520701 46.546675:24.520956 46.546695:24.521247 46.546747:24.521676
4007,46.546747:24.521676 46.547107:24.522530 46.547243:24.522785 46.547377:24.522979
4008,46.547377:24.522979 46.547922:24.523716 46.548349:24.524294
4009,46.548349:24.524294 46.548555:24.524569
4010,46.548555:24.524569 46.548706:24.524765
4011,46.545299:24.508692 46.544380:24.507443 46.544039:24.506918 46.543973:24.506842 46.543896:24.506750
4012,46.553620:24.503581 46.553900:24.503686
4013,46.553900:24.503686 46.554462:24.503883 46.554575:24.503940 46.554643:24.504008
4014,46.554643:24.504008 46.554649:24.504117 46.554574:24.504294 46.554504:24.504477
4015,46.554504:24.504477 46.554136:24.505268
4016,46.554136:24.505268 46.553802:24.505962
4017,46.553802:24.505962 46.553648:24.506297 46.553430:24.506733
4018,46.553430:24.506733 46.553340:24.506923
4019,46.553340:24.506923 46.553155:24.507313
4020,46.553155:24.507313 46.552839:24.508007
4021,46.552839:24.508007 46.552655:24.508362
4022,46.538857:24.498675 46.538876:24.498797 46.538909:24.498911 46.539008:24.499087 46.539151:24.499255 46.540001:24.499989 46.540248:24.500233 46.540405:24.500374 46.540610:24.500502 46.540775:24.500589 46.540813:24.500631 46.540820:24.500699 46.540802:24.500767 46.540662:24.500973
4023,46.554142:24.518970 46.553776:24.519417
4024,46.553776:24.519417 46.552881:24.520511 46.552310:24.521286
4025,46.546581:24.514126 46.546770:24.513803
4026,46.546770:24.513803 46.547313:24.512945 46.547780:24.512153
4027,46.547780:24.512153 46.547843:24.512073
4028,46.547843:24.512073 46.548066:24.511707 46.548603:24.510815
4029,46.548603:24.510815 46.548651:24.510735
4030,46.548651:24.510735 46.549030:24.510100
4031,46.549030:24.510100 46.549406:24.509464
4032,46.549406:24.509464 46.549458:24.509380
4033,46.549458:24.509380 46.549676:24.509034
4034,46.549676:24.509034 46.549965:24.508601 46.549988:24.508580
4035,46.549988:24.508580 46.550127:24.508465
4036,46.550127:24.508465 46.550249:24.508364 46.550400:24.508170
4037,46.550400:24.508170 46.550466:24.508057 46.550587:24.507860
4038,46.551949:24.512557 46.551983:24.512516
4039,46.557805:24.504533 46.558219:24.505060 46.558849:24.505863 46.559282:24.506375 46.559773:24.506955
4040,46.546636:24.507487 46.546452:24.507815
4041,46.546452:24.507815 46.546013:24.508600 46.545528:24.509440
4042,46.544331:24.509877 46.545025:24.510887 46.545199:24.511140
4043,46.556311:24.522493 46.555790:24.521255
4044,46.543496:24.502520 46.543080:24.502022 46.542455:24.501290
4045,46.541086:24.520742 46.540738:24.521549
4046,46.531773:24.498459 46.530702:24.499017
4047,46.556119:24.522575 46.556852:24.523801
4048,46.549030:24.510100 46.550474:24.511942
4049,46.549676:24.509034 46.548375:24.507313
4050,46.550518:24.518252 46.550616:24.518403
4051,46.544303:24.508751 46.543652:24.509705
4052,46.543067:24.524644 46.542197:24.525289 46.542124:24.525293
4053,46.530519:24.498200 46.529814:24.498383
4054,46.548349:24.524294 46.547880:24.525007
4055,46.546430:24.513360 46.546770:24.513803
4056,46.559877:24.501193 46.559369:24.500448
4057,46.546739:24.512891 46.546152:24.512121 46.545441:24.511225
4058,46.541945:24.521309 46.541609:24.522000
4059,46.554895:24.508857 46.554969:24.508736
4060,46.547839:24.516725 46.547102:24.518044
4061,46.554755:24.508683 46.554836:24.508549
4062,46.548706:24.524765 46.548773:24.524850
4063,46.558549:24.528527 46.558661:24.528338
4064,46.545208:24.517387 46.544995:24.516851
4065,46.540476:24.520466 46.542066:24.518716
4066,46.552093:24.512377 46.552681:24.511473 46.552906:24.511243 46.553112:24.511099 46.553991:24.510587 46.554161:24.510432 46.554189:24.510399
4067,46.554189:24.510399 46.554366:24.510142 46.554598:24.509752 46.555025:24.509019
4068,46.555025:24.509019 46.555551:24.508119 46.555593:24.508056
4069,46.555593:24.508056 46.555944:24.507533 46.556918:24.505967
4070,46.556918:24.505967 46.557805:24.504533
4071,46.557805:24.504533 46.559386:24.501985
4072,46.559386:24.501985 46.559755:24.501390
4073,46.559755:24.501390 46.559877:24.501193
4074,46.559877:24.501193 46.560194:24.500688 46.560370:24.500418 46.560530:24.500142 46.560770:24.499701 46.560938:24.499380
4075,46.560938:24.499380 46.560975:24.499299
4076,46.560975:24.499299 46.561465:24.498341
4077,46.552093:24.503341 46.552154:24.503148 46.552324:24.502486 46.552404:24.502339 46.552520:24.502255 46.552684:24.502252
4078,46.552684:24.502252 46.553219:24.502337 46.553382:24.502306 46.553491:24.502246
4079,46.553491:24.502246 46.553559:24.502188 46.553596:24.502191 46.553634:24.502175 46.553660:24.502123
4080,46.554094:24.515017 46.553815:24.515347
4081,46.553815:24.515347 46.552385:24.517114
4082,46.554755:24.508683 46.554621:24.508511 46.554689:24.508401
4083,46.546036:24.502757 46.545420:24.501970 46.545386:24.501936 46.545368:24.501923 46.545339:24.501921 46.545308:24.501926 46.545279:24.501938 46.545242:24.501987 46.545178:24.502075 46.545138:24.502146
4084,46.545138:24.502146 46.545080:24.502249 46.544946:24.502487 46.544828:24.502701 46.543991:24.504258 46.543459:24.505224
4085,46.543459:24.505224 46.543239:24.505623
4086,46.543239:24.505623 46.543054:24.505958
4087,46.543054:24.505958 46.542892:24.506252
4088,46.542892:24.506252 46.542372:24.507195
4089,46.542372:24.507195 46.542170:24.507563
4090,46.553956:24.509373 46.553897:24.509226
4091,46.540616:24.520789 46.540476:24.520466
4092,46.540476:24.520466 46.540267:24.519899 46.540249:24.519826 46.540241:24.519739
4093,46.542381:24.512589 46.542439:24.512806 46.542555:24.512756
4094,46.554701:24.515891 46.554426:24.516194
4095,46.554426:24.516194 46.552883:24.518072
4096,46.546278:24.509737 46.546091:24.510035
4097,46.546091:24.510035 46.546048:24.510102
4098,46.546048:24.510102 46.545441:24.511225
4099,46.542964:24.522415 46.542856:24.522565
4100,46.542856:24.522565 46.542615:24.522857
4101,46.541882:24.511642 46.541721:24.511408 46.541416:24.510807
4102,46.555025:24.509019 46.554895:24.508857
4103,46.554895:24.508857 46.554755:24.508683
4104,46.545324:24.509204 46.545528:24.509440
4105,46.545528:24.509440 46.546048:24.510102
4106,46.547135:24.517771 46.547027:24.517979
4107,46.547027:24.517979 46.546619:24.518668
4108,46.547294:24.518242 46.547102:24.518044
4109,46.547102:24.518044 46.547027:24.517979
4110,46.550400:24.512877 46.550169:24.512593 46.550145:24.512585 46.550080:24.512654 46.550056:24.512653 46.548603:24.510815
4111,46.531900:24.499014 46.531461:24.499238 46.531002:24.499478 46.530817:24.499572
4112,46.530715:24.499084 46.530593:24.499122 46.530261:24.499218 46.530291:24.499412
4113,46.557522:24.520796 46.557662:24.521437 46.557762:24.522126
4114,46.530357:24.497401 46.531926:24.496610 46.532089:24.497293 46.530938:24.497873 46.530497:24.498096
4115,46.551949:24.512557 46.551932:24.512448 46.551931:24.512373
4116,46.551931:24.512373 46.551928:24.512234 46.551956:24.512069 46.552021:24.511827 46.552149:24.511452
4117,46.552149:24.511452 46.552300:24.511063
4118,46.552300:24.511063 46.552583:24.510381 46.552598:24.510272
4119,46.552598:24.510272 46.552579:24.510156 46.552524:24.510039 46.552133:24.509495 46.552008:24.509299
4120,46.552008:24.509299 46.551971:24.509020 46.551973:24.508719 46.552012:24.508028 46.552011:24.507796 46.551963:24.507573 46.551875:24.507302
4121,46.551875:24.507302 46.551777:24.507008 46.551749:24.506870 46.551714:24.506550 46.551705:24.506150
4122,46.551705:24.506150 46.551704:24.505933 46.551704:24.505741
4123,46.551704:24.505741 46.551702:24.505694
4124,46.543513:24.522770 46.543402:24.522716
4125,46.543402:24.522716 46.543196:24.522597 46.542964:24.522415
4126,46.542964:24.522415 46.542738:24.522133
4127,46.542738:24.522133 46.542493:24.521826 46.542185:24.521487 46.541945:24.521309
4128,46.541945:24.521309 46.541509:24.520992
4129,46.541509:24.520992 46.541436:24.520938
4130,46.541436:24.520938 46.541260:24.520810 46.541086:24.520742
4131,46.541086:24.520742 46.540916:24.520709 46.540760:24.520728 46.540616:24.520789
4132,46.540616:24.520789 46.540451:24.520857 46.540358:24.520871 46.540233:24.520846 46.540161:24.520810 46.540100:24.520761 46.539945:24.520533 46.539671:24.520041 46.539091:24.519198 46.538464:24.518206 46.538179:24.517841
4133,46.551896:24.522314 46.552358:24.522407 46.552946:24.522721
4134,46.552946:24.522721 46.553094:24.522841 46.553316:24.522952 46.554043:24.523293 46.554220:24.523462 46.554378:24.523712
4135,46.554378:24.523712 46.555016:24.525166 46.555255:24.525571
4136,46.555255:24.525571 46.555638:24.525988
4137,46.555638:24.525988 46.555991:24.526305 46.556352:24.526557
4138,46.556352:24.526557 46.556801:24.526818 46.557152:24.527010 46.557298:24.527090
4139,46.557298:24.527090 46.558820:24.528051
4140,46.558820:24.528051 46.559020:24.528042 46.559234:24.527976 46.559336:24.527918 46.559649:24.527694
4141,46.559649:24.527694 46.559813:24.527667 46.559982:24.527749 46.560178:24.527892 46.560388:24.528188 46.560598:24.528555 46.560773:24.528861 46.561003:24.529157 46.561368:24.529552 46.561837:24.530100 46.562565:24.530650 46.563179:24.531088
4142,46.563179:24.531088 46.563597:24.531296
4143,46.553935:24.509155 46.553884:24.508972 46.553890:24.508762 46.553930:24.508554 46.554180:24.508198
4144,46.554180:24.508198 46.554368:24.507868
4145,46.542173:24.512390 46.542381:24.512589
4146,46.542381:24.512589 46.542555:24.512756
4147,46.542555:24.512756 46.542662:24.512860
4148,46.550616:24.518403 46.550795:24.518679 46.551641:24.520169
4149,46.551641:24.520169 46.552310:24.521286
4150,46.545536:24.517105 46.545208:24.517387
4151,46.545208:24.517387 46.544923:24.517636 46.544589:24.517883
4152,46.552149:24.511452 46.551728:24.510884 46.550744:24.509596 46.549988:24.508580
4153,46.557655:24.520493 46.557748:24.520827 46.557894:24.521438 46.558036:24.522174
4154,46.549354:24.516192 46.549937:24.517233 46.550352:24.518024
4155,46.550352:24.518024 46.550518:24.518252
4156,46.548651:24.510735 46.547895:24.509758 46.547454:24.509149
4157,46.549701:24.515666 46.549332:24.515141 46.549247:24.515066
4158,46.542322:24.511947 46.541882:24.511642
4159,46.541882:24.511642 46.541469:24.511413
4160,46.541469:24.511413 46.541147:24.511194
4161,46.542919:24.502882 46.542744:24.503230 46.542505:24.503658 46.541219:24.506020
4162,46.537284:24.497567 46.537334:24.497595 46.537558:24.497717 46.538821:24.498641 46.538857:24.498675
4163,46.546563:24.518621 46.546399:24.518926 46.546309:24.519054 46.546011:24.518684 46.545910:24.518812
4164,46.550964:24.506052 46.550967:24.505934 46.550975:24.505820 46.551055:24.505336 46.551213:24.504785 46.551242:24.504690 46.551295:24.504422 46.551316:24.504038 46.551280:24.503660 46.551195:24.503298 46.551113:24.503221 46.550941:24.503212 46.550745:24.503238 46.550630:24.503430 46.550499:24.503770 46.550463:24.504247 46.550478:24.504613 46.550505:24.504783
4165,46.550505:24.504783 46.550868:24.505843 46.550919:24.506006 46.550941:24.506040 46.550964:24.506052
4166,46.550964:24.506052 46.550975:24.506947 46.550978:24.507098 46.550957:24.507227 46.550874:24.507502 46.550860:24.507627 46.550881:24.507764 46.551082:24.508271
4167,46.551082:24.508271 46.551294:24.508556 46.551482:24.508754 46.552008:24.509299
4168,46.554295:24.508347 46.554076:24.508770 46.554015:24.508986 46.553935:24.509155
4169,46.553935:24.509155 46.553897:24.509226
4170,46.542541:24.522142 46.542856:24.522565
4171,46.542856:24.522565 46.542979:24.522702 46.543190:24.522840 46.543360:24.522917
4172,46.541607:24.523944 46.541527:24.523957 46.541421:24.523966 46.541329:24.523935 46.540901:24.523598 46.540865:24.523557 46.540846:24.523550 46.540815:24.523558 46.540763:24.523641 46.540737:24.523661 46.540720:24.523665 46.540694:24.523662 46.540675:24.523642 46.540535:24.523278 46.540487:24.523196 46.540411:24.523122 46.540348:24.523094 46.540248:24.523077 46.540059:24.523078
4173,46.553853:24.514587 46.554094:24.515017
4174,46.554094:24.515017 46.554343:24.515461 46.554539:24.515609 46.554701:24.515891
4175,46.554701:24.515891 46.554836:24.516128
4176,46.540403:24.506213 46.540133:24.506458 46.539919:24.506678 46.539844:24.506763 46.539625:24.507012 46.539460:24.507150 46.539353:24.507200
4177,46.548773:24.524850 46.548913:24.525033 46.549279:24.525472 46.549820:24.525876 46.550113:24.526051 46.550216:24.526101 46.550424:24.526188
4178,46.550424:24.526188 46.550522:24.526208 46.550626:24.526178
4179,46.551539:24.505009 46.551537:24.505139
4180,46.551537:24.505139 46.551536:24.505463 46.551560:24.505585 46.551618:24.505685 46.551653:24.505720 46.551679:24.505740 46.551704:24.505741
4181,46.537863:24.496881 46.538209:24.497120 46.538981:24.497692 46.539021:24.497766 46.539026:24.497860 46.538857:24.498675
4182,46.544877:24.515266 46.545231:24.514972 46.545558:24.514612 46.545999:24.514021 46.546430:24.513360
4183,46.546430:24.513360 46.546739:24.512891
4184,46.552093:24.512377 46.552315:24.512751
4185,46.552315:24.512751 46.552433:24.512951
4186,46.552433:24.512951 46.552793:24.513558 46.553023:24.513946
4187,46.553023:24.513946 46.553157:24.514171 46.553388:24.514586
4188,46.553388:24.514586 46.553815:24.515347
4189,46.553815:24.515347 46.554069:24.515792 46.554275:24.515933 46.554426:24.516194
4190,46.554426:24.516194 46.554568:24.516433
4191,46.542598:24.508225 46.542554:24.508161
4192,46.542554:24.508161 46.542493:24.508073 46.542170:24.507563
4193,46.542170:24.507563 46.541590:24.506627 46.541219:24.506020
4194,46.541219:24.506020 46.540569:24.504866
4195,46.553897:24.509226 46.553649:24.509325
4196,46.540743:24.512024 46.540849:24.511723 46.540917:24.511590 46.541022:24.511523 46.541177:24.511494 46.541469:24.511413
4197,46.541469:24.511413 46.541206:24.512172
4198,46.542086:24.513216 46.542069:24.513316 46.542042:24.513415 46.542041:24.513493 46.542068:24.513619 46.542255:24.513938
4199,46.546536:24.527585 46.546356:24.527332
4200,46.546356:24.527332 46.546100:24.526999 46.545920:24.526783
4201,46.545920:24.526783 46.545728:24.526582
4202,46.545728:24.526582 46.545598:24.526445 46.545358:24.526200 46.545163:24.525953 46.544997:24.525588
4203,46.544997:24.525588 46.544713:24.525014 46.544266:24.524081 46.543982:24.523405 46.543906:24.523209 46.543747:24.522902
4204,46.542723:24.500796 46.542702:24.500808 46.542455:24.501290
4205,46.542455:24.501290 46.542211:24.501652 46.542168:24.501724
4206,46.542168:24.501724 46.542065:24.501897
4207,46.542065:24.501897 46.541815:24.502347
4208,46.541815:24.502347 46.541731:24.502498 46.540730:24.504522
4209,46.540730:24.504522 46.540569:24.504866
4210,46.540569:24.504866 46.540238:24.505578 46.540176:24.505674
4211,46.542065:24.501897 46.542440:24.502287 46.542919:24.502882
4212,46.542919:24.502882 46.543079:24.503059 46.543144:24.503073 46.543206:24.503031 46.543496:24.502520
4213,46.543496:24.502520 46.543756:24.502029 46.543758:24.501993 46.543749:24.501969 46.542754:24.500810 46.542723:24.500796
4214,46.563597:24.531296 46.563765:24.531125 46.564030:24.531035 46.565704:24.530465
4215,46.565704:24.530465 46.566703:24.530112 46.567116:24.530015 46.567775:24.529780 46.567899:24.529737 46.568007:24.529750 46.568109:24.529787
4216,46.544053:24.552824 46.544037:24.552737 46.544011:24.552648
4217,46.540222:24.548872 46.540241:24.548903 46.540489:24.549321 46.540509:24.549354 46.540651:24.549595
4218,46.540651:24.549595 46.540750:24.549605 46.540764:24.549605 46.540844:24.549600 46.540891:24.549590 46.541075:24.549540 46.541153:24.549492 46.541218:24.549414 46.541247:24.549298 46.541257:24.549122 46.541256:24.549021 46.541273:24.548885 46.541321:24.548763 46.541685:24.548314 46.541719:24.548273
4219,46.513196:24.518283 46.513357:24.518311
4220,46.540651:24.549595 46.540522:24.549755 46.540450:24.549845 46.540379:24.549933 46.540343:24.549972 46.540208:24.550095 46.540124:24.550179 46.540067:24.550235 46.539785:24.550565 46.539779:24.550572 46.539764:24.550589
4221,46.513426:24.518067 46.513641:24.518506 46.514031:24.519304
4222,46.513657:24.517840 46.513867:24.518273 46.514254:24.519070
4223,46.513572:24.517164 46.513662:24.517290 46.514064:24.518073 46.514444:24.518871
4224,46.513546:24.517948 46.513759:24.518384 46.514149:24.519181
4225,46.514359:24.518960 46.513975:24.518161 46.513768:24.517731
4226,46.512940:24.517761 46.513173:24.518236 46.513196:24.518283
4227,46.513196:24.518283 46.513259:24.518412
4228,46.513768:24.517731 46.513657:24.517840
4229,46.513657:24.517840 46.513546:24.517948
4230,46.513546:24.517948 46.513426:24.518067
4231,46.513426:24.518067 46.513298:24.518191
4232,46.513038:24.517658 46.513298:24.518191
4233,46.513298:24.518191 46.513357:24.518311
4234,46.513357:24.518311 46.513516:24.518635 46.513906:24.519434
4235,46.513825:24.525700 46.513758:24.525741 46.513685:24.525769 46.513418:24.525744 46.512927:24.525664 46.512664:24.525614
4236,46.512664:24.525614 46.512632:24.525609
4237,46.512632:24.525609 46.512267:24.525550 46.512239:24.525546
4238,46.512239:24.525546 46.512127:24.525528 46.511997:24.525505 46.511839:24.525477
4239,46.511839:24.525477 46.511633:24.525441
4240,46.511633:24.525441 46.511239:24.525361
4241,46.511239:24.525361 46.511197:24.525350 46.511142:24.525338 46.511024:24.525325 46.510669:24.525299 46.510583:24.525309 46.510510:24.525329
4242,46.510510:24.525329 46.510460:24.525363 46.510419:24.525405 46.510291:24.525565 46.510167:24.525743 46.510092:24.525862 46.510059:24.525925 46.510027:24.525993
4243,46.510027:24.525993 46.510007:24.526042
4244,46.510007:24.526042 46.509921:24.526246 46.509708:24.526747 46.509566:24.527111 46.509503:24.527295
4245,46.509503:24.527295 46.509474:24.527403 46.509427:24.527601 46.509388:24.527897 46.509307:24.528611
4246,46.509307:24.528611 46.509284:24.528831 46.509251:24.529115 46.509228:24.529276 46.509213:24.529366 46.509200:24.529427 46.509177:24.529519 46.509148:24.529610 46.509073:24.529817 46.508917:24.530231 46.508866:24.530419
4247,46.508866:24.530419 46.508715:24.530980 46.508677:24.531089
4248,46.508677:24.531089 46.508614:24.531238 46.508583:24.531305
4249,46.508583:24.531305 46.508280:24.531837 46.508089:24.532186
4250,46.512015:24.511551 46.512169:24.511847 46.512172:24.511853 46.512220:24.511949
4251,46.512220:24.511949 46.513025:24.513593 46.513224:24.513984
4252,46.513224:24.513984 46.513446:24.514456 46.513515:24.514660 46.513547:24.514857
4253,46.523148:24.519853 46.523116:24.519832 46.522661:24.519524 46.522171:24.519154 46.521943:24.518942 46.521664:24.518671 46.521516:24.518610 46.521306:24.518604 46.521113:24.518647 46.520946:24.518695 46.520781:24.518759 46.520649:24.518853 46.519924:24.519574
4254,46.519924:24.519574 46.519843:24.519655
4255,46.519843:24.519655 46.519562:24.519934
4256,46.519562:24.519934 46.518653:24.520858
4257,46.518653:24.520858 46.518200:24.521306 46.518186:24.521315
4258,46.518186:24.521315 46.518114:24.521362 46.518083:24.521382 46.517910:24.521495 46.517804:24.521542
4259,46.517804:24.521542 46.517776:24.521554
4260,46.517776:24.521554 46.517704:24.521585 46.517227:24.521776 46.517214:24.521782 46.517195:24.521791
4261,46.515722:24.519462 46.515559:24.519146
4262,46.515750:24.519525 46.516154:24.520308
4263,46.515000:24.517632 46.514948:24.517654 46.514821:24.517706
4264,46.515597:24.519531 46.515452:24.519259
4265,46.515660:24.519664 46.516045:24.520424
4266,46.515873:24.519354 46.515841:24.519386 46.515739:24.519488
4267,46.515609:24.519617 46.515560:24.519664
4268,46.515984:24.520490 46.516045:24.520424
4269,46.516045:24.520424 46.516154:24.520308
4270,46.516154:24.520308 46.516253:24.520205 46.516290:24.520166
4271,46.515390:24.519324 46.515452:24.519259
4272,46.515452:24.519259 46.515559:24.519146
4273,46.515559:24.519146 46.515665:24.519034 46.515700:24.518997
4274,46.514812:24.517229 46.514840:24.517395 46.514839:24.517424 46.514837:24.517535 46.514821:24.517706
4275,46.514821:24.517706 46.514754:24.517748 46.514676:24.517786 46.514581:24.517771
4276,46.514581:24.517771 46.514504:24.517656 46.514303:24.517248 46.514253:24.517191 46.514193:24.517165 46.514138:24.517170 46.514088:24.517196 46.513956:24.517330 46.513903:24.517372 46.513850:24.517385 46.513796:24.517373 46.513745:24.517327 46.513681:24.517229 46.513626:24.517177 46.513572:24.517164
4277,46.513572:24.517164 46.513508:24.517183 46.513446:24.517228 46.513038:24.517658
4278,46.513038:24.517658 46.512940:24.517761
4279,46.512940:24.517761 46.512266:24.518466 46.512190:24.518562 46.512150:24.518684 46.512157:24.518821 46.512196:24.518957 46.512315:24.519257 46.512738:24.520074 46.513154:24.520182 46.513810:24.519535
4280,46.513810:24.519535 46.513906:24.519434
4281,46.513906:24.519434 46.514031:24.519304
4282,46.514031:24.519304 46.514149:24.519181
4283,46.514149:24.519181 46.514254:24.519070
4284,46.514254:24.519070 46.514359:24.518960
4285,46.514359:24.518960 46.514444:24.518871
4286,46.514444:24.518871 46.514742:24.518568 46.514782:24.518507 46.514805:24.518424 46.514798:24.518305 46.514782:24.518149
4287,46.514782:24.518149 46.514770:24.517994 46.514825:24.517878 46.514868:24.517835
4288,46.514868:24.517835 46.514955:24.517806 46.515033:24.517834 46.515152:24.517948
4289,46.515745:24.519599 46.515752:24.519563 46.515750:24.519525
4290,46.515750:24.519525 46.515739:24.519488
4291,46.515739:24.519488 46.515722:24.519462
4292,46.515722:24.519462 46.515699:24.519444 46.515672:24.519438 46.515646:24.519445 46.515623:24.519465 46.515606:24.519495 46.515597:24.519531
4293,46.515597:24.519531 46.515597:24.519576 46.515609:24.519617
4294,46.515609:24.519617 46.515631:24.519648 46.515660:24.519664
4295,46.515660:24.519664 46.515686:24.519665 46.515710:24.519653 46.515731:24.519630 46.515745:24.519599
4296,46.504767:24.500910 46.505063:24.501516
4297,46.505063:24.501516 46.505124:24.501640
4298,46.505124:24.501640 46.505390:24.502188
4299,46.505390:24.502188 46.505536:24.502485
4300,46.505536:24.502485 46.505577:24.502568
4301,46.505577:24.502568 46.505615:24.502646
4302,46.505615:24.502646 46.505784:24.502993
4303,46.505784:24.502993 46.505795:24.503015 46.506063:24.502998 46.506260:24.502930
4304,46.508097:24.503587 46.507772:24.503894
4305,46.507772:24.503894 46.507483:24.504168
4306,46.507483:24.504168 46.507249:24.504393 46.507168:24.504503 46.507122:24.504642 46.507108:24.504730 46.507136:24.504868 46.507200:24.504984 46.507290:24.505068 46.507445:24.505178 46.507538:24.505273 46.507603:24.505398 46.507637:24.505533 46.507627:24.505690 46.507586:24.505817 46.507522:24.505909 46.507411:24.506047 46.507270:24.506193
4307,46.507270:24.506193 46.506957:24.506520 46.506868:24.506609 46.506793:24.506628 46.506732:24.506566 46.506658:24.506453 46.506484:24.506105
4308,46.503141:24.482479 46.504358:24.484326
4309,46.502415:24.497700 46.502137:24.497124
4310,46.505849:24.499753 46.505932:24.499912
4311,46.505063:24.501516 46.504847:24.501768
4312,46.505452:24.500169 46.505532:24.500311
4313,46.501063:24.493048 46.500730:24.492390
4314,46.508824:24.507600 46.508859:24.507179
4315,46.508859:24.507179 46.508888:24.506829
4316,46.505390:24.502188 46.505039:24.502571
4317,46.506523:24.503369 46.506298:24.502928 46.506260:24.502930
4318,46.508030:24.501796 46.507601:24.502282 46.507579:24.502302 46.507512:24.502375
4319,46.509797:24.507026 46.509880:24.506936 46.509931:24.506881
4320,46.509931:24.506881 46.510243:24.506543 46.510057:24.506158
4321,46.509576:24.507272 46.509107:24.507690
4322,46.508080:24.502500 46.507819:24.502795 46.507739:24.502875
4323,46.505536:24.502485 46.505751:24.502233 46.505794:24.502269
4324,46.508770:24.504298 46.508648:24.504430 46.508570:24.504517
4325,46.505615:24.502646 46.505833:24.502397 46.505868:24.502415
4326,46.508051:24.508629 46.507945:24.508408
4327,46.507945:24.508408 46.508701:24.507712
4328,46.501270:24.492300 46.501066:24.492512 46.500907:24.492205
4329,46.505577:24.502568 46.505394:24.502727 46.505258:24.502732
4330,46.508888:24.506829 46.508642:24.506270 46.509172:24.505751
4331,46.500797:24.495320 46.500823:24.495509 46.501080:24.496111
4332,46.505393:24.501185 46.505448:24.501291 46.505124:24.501640
4333,46.501625:24.486992 46.500695:24.488445 46.500642:24.488528
4334,46.509848:24.505974 46.509705:24.505690 46.509473:24.505930
4335,46.507945:24.508408 46.507710:24.507891 46.507726:24.507719 46.508408:24.507101
4336,46.509576:24.507272 46.509715:24.507241 46.509838:24.507276 46.510017:24.507447
4337,46.507483:24.504168 46.507346:24.503903 46.507264:24.503967 46.507149:24.503783
4338,46.508935:24.507842 46.508824:24.507600
4339,46.508824:24.507600 46.508598:24.507108 46.508755:24.506957
4340,46.508755:24.506957 46.508888:24.506829
4341,46.509019:24.505426 46.509220:24.505218
4342,46.509610:24.506633 46.509645:24.506860 46.509639:24.507062 46.509576:24.507272
4343,46.501810:24.492670 46.501752:24.492555 46.501644:24.492321 46.501662:24.492217
4344,46.509220:24.505218 46.508770:24.504298
4345,46.505784:24.502993 46.505863:24.502902 46.505960:24.502845 46.506040:24.502838
4346,46.507772:24.503894 46.507543:24.503411 46.507401:24.503485 46.507153:24.503076 46.506865:24.503411
4347,46.501731:24.493226 46.501315:24.493639 46.501179:24.493364 46.501370:24.493161 46.501225:24.492873
4348,46.504597:24.489640 46.504350:24.489220 46.503875:24.488333 46.503318:24.487286 46.502293:24.485356
4349,46.501798:24.493360 46.502145:24.492989 46.502119:24.492812 46.501964:24.492511
4350,46.506250:24.500134 46.506073:24.499778 46.505932:24.499912
4351,46.505932:24.499912 46.505532:24.500311
4352,46.505532:24.500311 46.505512:24.500330 46.505665:24.500636
4353,46.502274:24.491801 46.502201:24.491878 46.502068:24.492019
4354,46.502068:24.492019 46.501889:24.492208 46.501843:24.492209 46.501792:24.492179 46.501754:24.492156 46.501714:24.492155
4355,46.535139:24.548362 46.535157:24.548392 46.535306:24.548638 46.535331:24.548677
4356,46.535331:24.548677 46.535438:24.548856 46.535463:24.548898 46.535531:24.549010
4357,46.535531:24.549010 46.535596:24.549118 46.535639:24.549189
4358,46.533148:24.549606 46.533108:24.549751
4359,46.533108:24.549751 46.533086:24.549817
4360,46.533086:24.549817 46.533051:24.549866 46.532457:24.550743 46.532412:24.550794 46.532378:24.550824 46.532315:24.550847 46.532252:24.550847
4361,46.535331:24.548677 46.535468:24.548503 46.535527:24.548470
4362,46.535527:24.548470 46.535669:24.548242 46.535687:24.548213
4363,46.535426:24.553270 46.535241:24.553586 46.535055:24.553902
4364,46.535824:24.555419 46.535864:24.555356 46.535887:24.555319 46.536153:24.554903
4365,46.536153:24.554903 46.536291:24.554687 46.536118:24.554451
4366,46.533148:24.549606 46.533060:24.549414 46.533014:24.549355 46.532963:24.549340 46.532925:24.549374 46.532711:24.549634 46.532721:24.549720 46.532486:24.550043
4367,46.535527:24.548470 46.535949:24.549139 46.535958:24.549230 46.535934:24.549369 46.535497:24.549944
4368,46.552855:24.582112 46.552561:24.581790
4369,46.554465:24.581198 46.554408:24.581132 46.554297:24.581003
4370,46.558785:24.580675 46.559134:24.580412 46.559198:24.580503
4371,46.579762:24.629920 46.580859:24.626351 46.580910:24.626321
4372,46.579385:24.629835 46.579762:24.629920
4373,46.579762:24.629920 46.580473:24.630082 46.581570:24.630283 46.581655:24.630296
4374,46.583993:24.628695 46.583208:24.630063 46.583149:24.630095 46.583058:24.630044 46.582798:24.629308
4375,46.582798:24.629308 46.582730:24.629109 46.582680:24.629098 46.581531:24.629890
4376,46.578293:24.617468 46.578902:24.616972
4377,46.545486:24.503917 46.545301:24.504152 46.545055:24.504609 46.544786:24.505097
4378,46.544786:24.505097 46.544266:24.506067
4379,46.544266:24.506067 46.543896:24.506750
4380,46.543896:24.506750 46.543820:24.506889 46.543461:24.507527
4381,46.555516:24.541083 46.555361:24.541531 46.555349:24.541567 46.555352:24.541593 46.555622:24.541821
4382,46.555622:24.541821 46.555696:24.541987
4383,46.555696:24.541987 46.555740:24.542072 46.555744:24.542245 46.555708:24.542342 46.555511:24.542684 46.555299:24.543005 46.555086:24.543293 46.555041:24.543403 46.555028:24.543570
4384,46.551349:24.583259 46.551075:24.582974 46.551037:24.582935 46.551020:24.582886 46.551029:24.582813 46.551245:24.582350
4385,46.553067:24.583038 46.552787:24.582673 46.552554:24.582432 46.552403:24.582279 46.552211:24.582094 46.552093:24.581983
4386,46.551933:24.583191 46.551957:24.582776
4387,46.551957:24.582776 46.551955:24.582465 46.551918:24.582354
4388,46.550421:24.585289 46.549871:24.584595 46.549819:24.584576
4389,46.552687:24.574839 46.553074:24.575118
4390,46.554465:24.581198 46.555231:24.582090
4391,46.555983:24.582521 46.556129:24.582155
4392,46.556129:24.582155 46.556136:24.582137 46.556212:24.581939 46.556218:24.581923
4393,46.556218:24.581923 46.556280:24.581760
4394,46.556280:24.581760 46.556487:24.581351 46.556495:24.581334 46.556524:24.581277
4395,46.554886:24.582824 46.555338:24.583380 46.555380:24.583400 46.555443:24.583392 46.555704:24.583248
4396,46.555933:24.582647 46.556029:24.582797
4397,46.549065:24.576709 46.548646:24.576452 46.548197:24.576247 46.548148:24.576229 46.548123:24.576217
4398,46.547701:24.587898 46.547827:24.587954 46.547855:24.587967 46.547873:24.587974
4399,46.547873:24.587974 46.548045:24.588025 46.548187:24.588067 46.548252:24.588088 46.549274:24.588363 46.550441:24.588681 46.550539:24.588707
4400,46.545921:24.588096 46.545924:24.588046
4401,46.545924:24.588046 46.545916:24.588000 46.545899:24.587960 46.545874:24.587929 46.545844:24.587912
4402,46.545844:24.587912 46.545811:24.587908 46.545780:24.587920 46.545761:24.587937
4403,46.545761:24.587937 46.545752:24.587945 46.545732:24.587981 46.545719:24.588025 46.545717:24.588072
4404,46.545717:24.588072 46.545725:24.588117 46.545742:24.588157 46.545766:24.588187
4405,46.545766:24.588187 46.545793:24.588204 46.545822:24.588209 46.545851:24.588202
4406,46.545851:24.588202 46.545883:24.588179 46.545907:24.588143 46.545921:24.588096
4407,46.545005:24.588113 46.545035:24.588111 46.545688:24.588074 46.545717:24.588072
4408,46.547201:24.587913 46.547151:24.587918
4409,46.547151:24.587918 46.547005:24.587933 46.545924:24.588046
4410,46.512579:24.613317 46.510874:24.611297
4411,46.531900:24.594258 46.531847:24.594209 46.531424:24.593870 46.531400:24.593848
4412,46.553328:24.579560 46.553075:24.580164 46.552796:24.580868 46.552607:24.581249 46.552482:24.581448 46.552217:24.581790 46.552127:24.581914 46.552093:24.581983
4413,46.552093:24.581983 46.551989:24.582196 46.551939:24.582308 46.551918:24.582354
4414,46.551918:24.582354 46.551874:24.582401 46.551799:24.582415 46.551641:24.582427
4415,46.551641:24.582427 46.551605:24.582417 46.551472:24.582381 46.551409:24.582369
4416,46.548313:24.572376 46.548234:24.572329 46.548119:24.572266 46.548008:24.572213
4417,46.539595:24.575865 46.539448:24.576374 46.539356:24.576654
4418,46.540497:24.557018 46.540509:24.556978 46.540583:24.556730 46.540714:24.556380 46.540893:24.555958
4419,46.555283:24.575025 46.555134:24.575165 46.554996:24.575435 46.554955:24.575498 46.554926:24.575502 46.554904:24.575491 46.554664:24.575059
4420,46.555452:24.572490 46.555840:24.573266 46.555896:24.573314 46.556027:24.573564 46.556070:24.573653 46.556193:24.573907 46.556379:24.574280 46.556534:24.574595
4421,46.552758:24.575678 46.552799:24.575729 46.552870:24.575816
4422,46.556183:24.576556 46.556193:24.576577 46.556394:24.577000 46.556596:24.577426
4423,46.556596:24.577426 46.556606:24.577454 46.556622:24.577499
4424,46.556622:24.577499 46.556685:24.577680 46.556839:24.578044 46.556954:24.578245
4425,46.556954:24.572084 46.556675:24.572389
4426,46.556675:24.572389 46.556412:24.572676
4427,46.556675:24.572389 46.556779:24.572606 46.556817:24.572685
4428,46.555398:24.573066 46.555373:24.573429 46.555368:24.573493
4429,46.555368:24.573493 46.555351:24.573716 46.555309:24.574277 46.555307:24.574312
4430,46.555307:24.574312 46.555274:24.574734 46.555272:24.574972 46.555283:24.575025
4431,46.555283:24.575025 46.555394:24.575537 46.555541:24.576219 46.555546:24.576242 46.555553:24.576272
4432,46.551299:24.565618 46.551667:24.566093 46.552055:24.566610
4433,46.547971:24.558658 46.548006:24.558707 46.548377:24.559219 46.548532:24.559447 46.548584:24.559545 46.548614:24.559623
4434,46.541202:24.561057 46.541218:24.561035 46.541384:24.560819
4435,46.541384:24.560819 46.541773:24.560264 46.541793:24.560235
4436,46.540933:24.563767 46.540939:24.563815 46.540927:24.563861 46.540889:24.563909 46.540594:24.564283
4437,46.541373:24.563283 46.541218:24.563454 46.540933:24.563767
4438,46.542625:24.565037 46.542556:24.564936 46.542345:24.564627
4439,46.542345:24.564627 46.541405:24.563326 46.541373:24.563283
4440,46.543003:24.564771 46.543033:24.564743 46.543221:24.564564 46.543405:24.564397 46.543623:24.564236 46.543910:24.564025
4441,46.543169:24.564090 46.543158:24.564147 46.543146:24.564210 46.542955:24.564546 46.542936:24.564579
4442,46.546048:24.567240 46.546028:24.567085 46.546015:24.566931 46.546016:24.566773 46.546025:24.566433
4443,46.546025:24.566433 46.546044:24.566129
4444,46.546044:24.566129 46.546060:24.565936 46.546068:24.565867 46.546115:24.565654
4445,46.546867:24.570174 46.546722:24.569673
4446,46.546722:24.569673 46.546484:24.568868 46.546435:24.568702
4447,46.550799:24.567449 46.550787:24.567482 46.550783:24.567495 46.550500:24.568301 46.550475:24.568373
4448,46.550353:24.570368 46.550328:24.570382
4449,46.550328:24.570382 46.549977:24.570571 46.549815:24.570658 46.549649:24.570748
4450,46.535903:24.584173 46.535842:24.584111
4451,46.535842:24.584111 46.535508:24.583777 46.535433:24.583707
4452,46.560764:24.577558 46.560922:24.578044 46.561017:24.578199
4453,46.561017:24.578199 46.561154:24.578320 46.561343:24.578395 46.561462:24.578411
4454,46.561462:24.578411 46.561569:24.578419 46.561649:24.578431
4455,46.561649:24.578431 46.561790:24.578447 46.561812:24.578448
4456,46.561812:24.578448 46.562058:24.578464 46.562287:24.578495 46.562320:24.578401 46.562428:24.577612 46.562697:24.574837 46.562674:24.574759 46.562615:24.574736 46.562053:24.574728 46.561992:24.574727 46.561971:24.574727 46.561914:24.574723 46.561561:24.574720 46.561218:24.574722 46.561175:24.574723 46.561099:24.574723 46.561101:24.574560 46.561112:24.573698 46.561116:24.573343 46.561117:24.573290 46.561119:24.573132 46.561094:24.572967 46.561035:24.572858 46.560976:24.572786 46.560709:24.572594 46.560597:24.572504 46.560523:24.572399 46.560517:24.572369 46.560496:24.572272
4457,46.565116:24.570649 46.565359:24.570756 46.565844:24.571171 46.566530:24.571755 46.566785:24.571904 46.567274:24.572123 46.567449:24.572201 46.567687:24.572368 46.567910:24.572662 46.567965:24.572768 46.568053:24.572908
4458,46.560463:24.569689 46.560709:24.569727 46.560728:24.569521
4459,46.560728:24.569521 46.560747:24.569317
4460,46.560747:24.569317 46.560766:24.569111
4461,46.560766:24.569111 46.560784:24.568914
4462,46.560784:24.568914 46.560795:24.568795
4463,46.560795:24.568795 46.560803:24.568700
4464,46.560803:24.568700 46.560779:24.568574
4465,46.554869:24.561059 46.554907:24.561123 46.555510:24.562140
4466,46.555510:24.562140 46.555811:24.562652
4467,46.555811:24.562652 46.556783:24.564270 46.556792:24.564285 46.556834:24.564361
4468,46.539057:24.577673 46.539015:24.577854 46.538956:24.578058 46.538859:24.578303
4469,46.539063:24.576861 46.539092:24.577119 46.539088:24.577397 46.539075:24.577567
4470,46.539075:24.577567 46.539057:24.577673
4471,46.548338:24.565419 46.548303:24.565398 46.548256:24.565370 46.548207:24.565351 46.548103:24.565310 46.547979:24.565268 46.547799:24.565221 46.547630:24.565192 46.547472:24.565181 46.546678:24.565151 46.546611:24.565153 46.546545:24.565155 46.546473:24.565187
4472,46.552672:24.567449 46.552735:24.567519 46.553285:24.568212 46.553349:24.568293
4473,46.550573:24.581567 46.551245:24.582350
4474,46.551245:24.582350 46.551272:24.582353 46.551279:24.582354 46.551409:24.582369
4475,46.549632:24.580735 46.549658:24.580673 46.549668:24.580647 46.549696:24.580576
4476,46.549696:24.580576 46.549726:24.580501 46.549894:24.580122 46.550138:24.579632
4477,46.557501:24.575276 46.557556:24.575379 46.557581:24.575427 46.558004:24.576227
4478,46.558004:24.576227 46.558193:24.576583 46.558312:24.576797
4479,46.556407:24.573111 46.557186:24.574664
4480,46.553328:24.579560 46.553339:24.579572 46.553346:24.579581 46.553815:24.580105
4481,46.547224:24.576101 46.547217:24.576102 46.546925:24.576168 46.546906:24.576172 46.546858:24.576170
4482,46.532566:24.567051 46.532456:24.566981 46.532379:24.566946
4483,46.533550:24.571047 46.533423:24.571267 46.533364:24.571310 46.533322:24.571321 46.533251:24.571299 46.533197:24.571274 46.533166:24.571264 46.533140:24.571255
4484,46.529177:24.559734 46.529280:24.559554 46.529539:24.559100
4485,46.529539:24.559100 46.529914:24.558435
4486,46.529914:24.558435 46.529929:24.558410 46.530122:24.558066 46.530221:24.557889
4487,46.530221:24.557889 46.530313:24.557730
4488,46.530313:24.557730 46.530376:24.557620
4489,46.530376:24.557620 46.530481:24.557437 46.530604:24.557223
4490,46.530604:24.557223 46.530797:24.556884 46.530859:24.556776 46.530882:24.556737
4491,46.525652:24.539024 46.525968:24.539628 46.525993:24.539676
4492,46.526281:24.540102 46.526138:24.539791
4493,46.521939:24.604625 46.522072:24.604872 46.522381:24.604556
4494,46.522114:24.604425 46.521939:24.604625
4495,46.531649:24.582781 46.531675:24.582746 46.531724:24.582661
4496,46.531724:24.582661 46.531770:24.582580 46.531985:24.582250 46.532088:24.582123 46.532164:24.582066
4497,46.531621:24.577150 46.531607:24.577231 46.531590:24.577333
4498,46.531590:24.577333 46.531578:24.577405 46.531491:24.577949
4499,46.531491:24.577949 46.531443:24.578257 46.531426:24.578393 46.531414:24.578540 46.531406:24.578690 46.531402:24.578816 46.531398:24.578935 46.531401:24.579088 46.531402:24.579154
4500,46.531402:24.579154 46.531415:24.579499 46.531418:24.579557
4501,46.531418:24.579557 46.531421:24.579623 46.531440:24.579921 46.531449:24.580140
4502,46.531449:24.580140 46.531467:24.580492 46.531490:24.580904 46.531501:24.581085 46.531527:24.581654 46.531536:24.581837
4503,46.531536:24.581837 46.531563:24.582413 46.531571:24.582468 46.531586:24.582516 46.531604:24.582557 46.531631:24.582597 46.531703:24.582652 46.531724:24.582661
4504,46.550128:24.574429 46.550089:24.574408 46.549678:24.574193 46.549363:24.574020 46.549044:24.573846 46.548857:24.573744 46.548736:24.573678 46.548589:24.573597 46.548447:24.573532 46.548142:24.573393 46.547837:24.573253 46.547769:24.573215
4505,46.550128:24.574429 46.550139:24.574387 46.550148:24.574356 46.550346:24.573636 46.550368:24.573555
4506,46.547236:24.576096 46.547151:24.576500 46.546975:24.577379 46.546905:24.577767 46.546861:24.578004
4507,46.546861:24.578004 46.546772:24.578523 46.546738:24.578720 46.546710:24.578883 46.546679:24.579149 46.546658:24.579315 46.546636:24.579453 46.546590:24.579839 46.546547:24.580112 46.546527:24.580190 46.546499:24.580260 46.546321:24.580520 46.546221:24.580669 46.546131:24.580910 46.546060:24.581196 46.546029:24.581473 46.546035:24.581827 46.546056:24.581986 46.546095:24.582151 46.546203:24.582449 46.546315:24.582754 46.546555:24.583223 46.546586:24.583354 46.546608:24.583485 46.546648:24.583867
4508,46.546648:24.583867 46.546654:24.583942 46.546688:24.584437 46.546684:24.584613 46.546683:24.584933 46.546694:24.585200
4509,46.546694:24.585200 46.546718:24.585640 46.546759:24.585832 46.546797:24.585978 46.546841:24.586089 46.546849:24.586169 46.546847:24.586245 46.546843:24.586475 46.546829:24.586697 46.546825:24.586914 46.546825:24.586972 46.546827:24.587034
4510,46.550404:24.576394 46.550421:24.576412 46.551052:24.577111
4511,46.551052:24.577111 46.551151:24.577220
4512,46.551151:24.577220 46.552256:24.578408
4513,46.552256:24.578408 46.553295:24.579524 46.553305:24.579535 46.553328:24.579560
4514,46.545127:24.567516 46.545124:24.567712 46.545123:24.567822 46.545132:24.567932 46.545170:24.568156 46.545185:24.568225 46.545201:24.568297 46.545225:24.568383
4515,46.545225:24.568383 46.545362:24.568821
4516,46.545362:24.568821 46.545377:24.568869 46.545501:24.569239 46.545513:24.569270 46.545563:24.569376
4517,46.542936:24.564579 46.542856:24.564759 46.542811:24.564861 46.542786:24.564965
4518,46.541749:24.571798 46.541745:24.571835 46.541626:24.573012 46.541623:24.573037 46.541613:24.573134
4519,46.587035:24.537210 46.587145:24.537059 46.587312:24.536885 46.587390:24.536822
4520,46.587390:24.536822 46.587488:24.536744 46.587744:24.536579 46.588164:24.536319 46.589316:24.535582 46.589523:24.535449
4521,46.589523:24.535449 46.589721:24.535377 46.589906:24.535308 46.590193:24.535233
4522,46.590193:24.535233 46.590228:24.535223 46.590366:24.535208
4523,46.590366:24.535208 46.590543:24.535189
4524,46.590543:24.535189 46.590997:24.535200
4525,46.590997:24.535200 46.591078:24.535201 46.591211:24.535188 46.591287:24.535173
4526,46.591287:24.535173 46.591367:24.535139 46.591618:24.535019 46.591833:24.534860
4527,46.591833:24.534860 46.592312:24.534443
4528,46.592312:24.534443 46.592736:24.534068
4529,46.592736:24.534068 46.593105:24.533682
4530,46.593105:24.533682 46.593649:24.533057 46.593972:24.532728 46.594205:24.532543
4531,46.594205:24.532543 46.594368:24.532413
4532,46.536511:24.571738 46.536521:24.571792 46.536654:24.572318
4533,46.536654:24.572318 46.536904:24.573341
4534,46.536904:24.573341 46.537111:24.574202 46.537125:24.574260
4535,46.537125:24.574260 46.537739:24.576721
4536,46.579554:24.547207 46.579149:24.547373 46.578907:24.547501 46.578522:24.547735 46.578266:24.547923 46.577654:24.548397
4537,46.578479:24.543390 46.578515:24.543460 46.578859:24.544131 46.579112:24.544677 46.579709:24.545871
4538,46.579709:24.545871 46.581171:24.545268
4539,46.581171:24.545268 46.581243:24.545192 46.581404:24.544953
4540,46.581736:24.545663 46.581541:24.546005 46.581439:24.546157 46.581367:24.546231 46.581283:24.546289 46.581063:24.546392 46.580880:24.546482 46.580709:24.546571 46.580375:24.546718 46.579525:24.547134
4541,46.579103:24.546120 46.579709:24.545871
4542,46.579103:24.546120 46.578170:24.546549 46.577040:24.547096
4543,46.574004:24.549442 46.574671:24.550058 46.575044:24.550395 46.575166:24.550494 46.575354:24.550624 46.575540:24.550766 46.575724:24.550932 46.575798:24.550997 46.575816:24.551016 46.575825:24.551048 46.575822:24.551081 46.575804:24.551115 46.575487:24.551671
4544,46.573281:24.551194 46.574004:24.549442
4545,46.573614:24.543062 46.573196:24.542692
4546,46.573196:24.542692 46.572733:24.542289
4547,46.572733:24.542289 46.572264:24.541870
4548,46.572264:24.541870 46.571538:24.541241
4549,46.570020:24.543082 46.570542:24.541846 46.570859:24.541144 46.571563:24.539476 46.572587:24.537125
4550,46.573996:24.545361 46.573987:24.545294 46.573976:24.545205 46.573719:24.540951
4551,46.545805:24.629506 46.545730:24.629510
4552,46.545730:24.629510 46.545590:24.629478 46.545544:24.629453
4553,46.545544:24.629453 46.545502:24.629430 46.544967:24.629006 46.544790:24.628877 46.544649:24.628716 46.544251:24.628150 46.544083:24.627943
4554,46.544083:24.627943 46.543965:24.627820 46.543849:24.627713
4555,46.545730:24.629510 46.545726:24.629348 46.545737:24.629161 46.545723:24.628961 46.545657:24.628328 46.545538:24.627392 46.545458:24.626819 46.545330:24.626104 46.545188:24.625686 46.544998:24.625216 46.544666:24.624473
4556,46.544666:24.624473 46.544259:24.623542 46.543930:24.622790
4557,46.543930:24.622790 46.543657:24.622166 46.543486:24.621678
4558,46.543486:24.621678 46.542436:24.618965 46.542187:24.618425 46.541666:24.617407
4559,46.541666:24.617407 46.541647:24.617255 46.541494:24.616604 46.541362:24.616225
4560,46.541362:24.616225 46.541317:24.615661 46.541252:24.615260
4561,46.541252:24.615260 46.541217:24.614744
4562,46.541217:24.614744 46.541129:24.614113
4563,46.541129:24.614113 46.541072:24.613702 46.541039:24.613563
4564,46.541039:24.613563 46.540957:24.613362 46.540773:24.613078 46.540466:24.612709 46.540377:24.612557
4565,46.543173:24.551051 46.543211:24.551025 46.543261:24.550991 46.543572:24.550859
4566,46.543572:24.550859 46.543623:24.550789 46.543655:24.550745 46.543933:24.550362 46.544593:24.549035
4567,46.544593:24.549035 46.545034:24.548145
4568,46.557063:24.571667 46.557126:24.571646 46.557197:24.571643 46.557267:24.571674 46.557294:24.571725 46.557409:24.571944 46.557448:24.572018
4569,46.583756:24.609770 46.583770:24.609625 46.583784:24.609031
4570,46.583784:24.609031 46.583792:24.608654
4571,46.583610:24.609041 46.583603:24.609526
4572,46.583603:24.609526 46.583756:24.609770
4573,46.583784:24.609031 46.583610:24.609041
4574,46.552841:24.555722 46.552908:24.555748 46.553017:24.555822 46.553125:24.555878
4575,46.553125:24.555878 46.553168:24.555736 46.553216:24.555529 46.553238:24.555390 46.553268:24.555208 46.553277:24.555098 46.552980:24.554714 46.552789:24.555029
4576,46.552789:24.555029 46.552582:24.555370 46.552841:24.555722
4577,46.553125:24.555878 46.553259:24.555967 46.553477:24.556098
4578,46.553477:24.556098 46.553519:24.555870 46.553578:24.555374
4579,46.552524:24.556189 46.552583:24.556116 46.552619:24.556071 46.552841:24.555722
4580,46.553477:24.556098 46.553449:24.556227 46.553381:24.556484
4581,46.552789:24.555029 46.552969:24.555256
4582,46.553692:24.562349 46.553680:24.562327 46.553654:24.562278 46.553611:24.562196 46.553510:24.561993 46.553425:24.561784
4583,46.553425:24.561784 46.553289:24.561323
4584,46.553289:24.561323 46.553279:24.561288 46.553183:24.560808 46.553159:24.560668
4585,46.553159:24.560668 46.553098:24.560649 46.553070:24.560642
4586,46.579949:24.542741 46.579985:24.542823 46.580038:24.542930
4587,46.580038:24.542930 46.581171:24.545268
4588,46.594805:24.530066 46.594630:24.530088 46.594509:24.530101 46.594429:24.530124 46.594269:24.530218 46.594114:24.530320 46.593965:24.530380 46.593837:24.530423 46.593719:24.530437 46.593637:24.530448 46.593540:24.530463 46.593437:24.530501 46.593362:24.530537 46.593256:24.530573 46.593144:24.530593
4589,46.595619:24.531718 46.595698:24.531696
4590,46.592216:24.532440 46.591743:24.532830
4591,46.580756:24.552145 46.580748:24.552058 46.580755:24.551993 46.580780:24.551910 46.580874:24.551678 46.580982:24.551397 46.581021:24.551295 46.581114:24.551146 46.581188:24.551027 46.581280:24.550846 46.581450:24.550527 46.581673:24.550272 46.581854:24.550073
4592,46.579715:24.553969 46.579875:24.553606 46.580041:24.553190 46.580148:24.552981 46.580349:24.552662 46.580622:24.552313 46.580756:24.552145
4593,46.580756:24.552145 46.580836:24.552064 46.581181:24.551790 46.581406:24.551621 46.581584:24.551452 46.582021:24.550972 46.582193:24.550747 46.582241:24.550663 46.582279:24.550553 46.582314:24.550422 46.582357:24.550202 46.582490:24.549376 46.582595:24.548813 46.582707:24.548341 46.582821:24.547890 46.582950:24.547423 46.583004:24.547281 46.583100:24.547123 46.583223:24.546927 46.583378:24.546734 46.583514:24.546627 46.583660:24.546554 46.583782:24.546517 46.583922:24.546514 46.583985:24.546498 46.584036:24.546439 46.584117:24.546332 46.584226:24.546152 46.584578:24.545515
4594,46.584578:24.545515 46.584658:24.545359 46.584792:24.545159 46.584965:24.544927 46.585023:24.544866
4595,46.585023:24.544866 46.585206:24.544673 46.585376:24.544518
4596,46.577392:24.556277 46.577569:24.556572
4597,46.577569:24.556572 46.577892:24.557027
4598,46.577892:24.557027 46.578189:24.557404 46.578487:24.557720 46.578616:24.557897 46.578742:24.558150 46.578823:24.558429 46.578856:24.558611 46.578882:24.558874 46.578878:24.559158 46.578823:24.559560 46.578686:24.560279 46.578546:24.560783 46.578439:24.561105 46.578303:24.561824 46.578244:24.562103 46.578236:24.562237 46.578258:24.562446 46.578285:24.562583 46.578450:24.563385 46.578502:24.563557 46.578568:24.563669 46.578649:24.563798 46.578930:24.564083 46.579169:24.564367 46.579416:24.564657 46.579627:24.564877 46.579851:24.565086 46.579995:24.565172 46.580146:24.565193 46.580279:24.565182 46.580622:24.565118 46.580917:24.565086 46.581028:24.565048 46.581186:24.564968 46.581334:24.564866 46.581426:24.564834 46.581577:24.564844 46.581857:24.564909 46.582060:24.565000 46.582348:24.565166 46.582687:24.565424 46.582915:24.565585
4599,46.582915:24.565585 46.583056:24.565467 46.583218:24.565284 46.583345:24.565095
4600,46.583345:24.565095 46.583579:24.564764 46.583915:24.564335 46.584206:24.563959 46.585264:24.562888
4601,46.582728:24.555129 46.583036:24.555523 46.583333:24.555906 46.584033:24.556792 46.584418:24.557288
4602,46.582915:24.565585 46.582950:24.565805 46.583013:24.566051 46.583052:24.566204 46.583065:24.566435 46.583057:24.566631 46.583026:24.566878
4603,46.583026:24.566878 46.583030:24.567154 46.583076:24.567484 46.583094:24.567720 46.583096:24.567902 46.583076:24.568251 46.583019:24.568723 46.582991:24.569090 46.582980:24.569742 46.582971:24.570099 46.582934:24.571233
4604,46.582515:24.559242 46.582826:24.558902 46.583059:24.558640 46.583222:24.558476 46.583351:24.558350
4605,46.583351:24.558350 46.583542:24.558164 46.583728:24.557986 46.583883:24.557814
4606,46.583883:24.557814 46.583935:24.557761
4607,46.583935:24.557761 46.584207:24.557485
4608,46.584207:24.557485 46.584418:24.557288
4609,46.584418:24.557288 46.584768:24.557071
4610,46.584768:24.557071 46.585050:24.556873 46.585329:24.556666 46.585391:24.556610
4611,46.585391:24.556610 46.585531:24.556484
4612,46.585531:24.556484 46.585813:24.556245
4613,46.585813:24.556245 46.586029:24.556060 46.586283:24.555778
4614,46.586283:24.555778 46.586556:24.555481 46.586683:24.555277
4615,46.586683:24.555277 46.586862:24.554950
4616,46.585264:24.562888 46.586669:24.561646 46.586842:24.561482
4617,46.586842:24.561482 46.587116:24.561213
4618,46.587116:24.561213 46.587177:24.561159 46.587786:24.560446 46.588578:24.559437 46.588825:24.559120 46.588918:24.559019 46.589043:24.558901 46.589389:24.558638 46.589475:24.558566
4619,46.589475:24.558566 46.589603:24.558292 46.589603:24.558254 46.589594:24.558211 46.589565:24.558171 46.588956:24.557675
4620,46.581800:24.560177 46.582543:24.559290
4621,46.587319:24.550079 46.587024:24.550001 46.586827:24.549961 46.586565:24.549934 46.586361:24.549963 46.585950:24.550012 46.585795:24.550041 46.585579:24.550119 46.585393:24.550159 46.585129:24.550189 46.584989:24.550232 46.584864:24.550317 46.584737:24.550444 46.584615:24.550596 46.584480:24.550840 46.584302:24.551200 46.584165:24.551583
4622,46.584165:24.551583 46.584057:24.551911 46.584006:24.552062 46.583933:24.552284 46.583798:24.552611
4623,46.583798:24.552611 46.583609:24.553010 46.583539:24.553169 46.583484:24.553329
4624,46.583484:24.553329 46.583463:24.553384
4625,46.583463:24.553384 46.583331:24.553790
4626,46.583331:24.553790 46.583140:24.554250 46.583030:24.554565 46.582953:24.554773 46.582901:24.554872 46.582728:24.555129
4627,46.582728:24.555129 46.582267:24.555808
4628,46.582267:24.555808 46.581614:24.556725 46.581418:24.556974
4629,46.590074:24.558286 46.590187:24.558501 46.590331:24.558861 46.590817:24.560026 46.590924:24.560257 46.591017:24.560433 46.591419:24.560973
4630,46.591419:24.560973 46.591718:24.561286 46.591909:24.561444 46.592109:24.561532 46.592352:24.561669
4631,46.581743:24.562192 46.582469:24.561183
4632,46.583948:24.563181 46.583640:24.562790 46.583303:24.562315 46.582982:24.561870 46.582469:24.561183
4633,46.582469:24.561183 46.582250:24.560867 46.581914:24.560381 46.581800:24.560177
4634,46.581800:24.560177 46.581653:24.559914 46.581481:24.559568 46.581029:24.558646 46.580733:24.558007 46.580616:24.557739 46.580564:24.557603 46.580393:24.557211 46.580240:24.556870 46.579927:24.556103 46.579879:24.556001 46.579844:24.555915 46.579831:24.555837 46.579831:24.555768 46.579850:24.555687 46.579907:24.555577 46.580335:24.554868
4635,46.576425:24.554411 46.576418:24.554467 46.576430:24.554536 46.576520:24.554720 46.577087:24.555732
4636,46.577087:24.555732 46.577126:24.555793
4637,46.577126:24.555793 46.577357:24.556216 46.577392:24.556277
4638,46.583345:24.565095 46.583127:24.564860 46.582838:24.564557 46.582563:24.564252 46.582462:24.564117 46.582349:24.563924 46.582244:24.563632 46.581968:24.562782 46.581778:24.562269
4639,46.581778:24.562269 46.581743:24.562192
4640,46.581743:24.562192 46.581713:24.562127 46.581441:24.561685
4641,46.581778:24.562269 46.581638:24.562473 46.581468:24.562613 46.581295:24.562752 46.581122:24.562948 46.581004:24.563130 46.580762:24.563527 46.580698:24.563640 46.580639:24.563715
4642,46.577892:24.557027 46.578071:24.556811 46.578460:24.556296 46.578778:24.555862 46.579075:24.555465 46.579343:24.555199 46.579488:24.555038 46.579673:24.554775 46.580017:24.554315
4643,46.579460:24.553861 46.579592:24.553899 46.579715:24.553969
4644,46.579715:24.553969 46.579812:24.554043 46.579905:24.554150 46.580017:24.554315
4645,46.580017:24.554315 46.580335:24.554868
4646,46.580335:24.554868 46.581418:24.556974
4647,46.581418:24.556974 46.582515:24.559242
4648,46.582515:24.559242 46.582543:24.559290
4649,46.582543:24.559290 46.582745:24.559610 46.582990:24.559988 46.583521:24.560715 46.585264:24.562888
4650,46.585264:24.562888 46.586009:24.563880 46.586243:24.564199
4651,46.586243:24.564199 46.587482:24.565890
4652,46.587482:24.565890 46.588004:24.566602
4653,46.588004:24.566602 46.588197:24.566866
4654,46.588197:24.566866 46.588669:24.567538 46.588776:24.567672
4655,46.588776:24.567672 46.588934:24.567803 46.589455:24.568169 46.589686:24.568375 46.589898:24.568636 46.590965:24.570067
4656,46.590965:24.570067 46.591026:24.570143
4657,46.591026:24.570143 46.591439:24.570659 46.591548:24.570793 46.591607:24.570839
4658,46.591607:24.570839 46.591686:24.570844 46.591741:24.570815 46.591824:24.570710 46.592113:24.570252
4659,46.592113:24.570252 46.592526:24.569641 46.592598:24.569588 46.592615:24.569583
4660,46.592615:24.569583 46.592695:24.569580 46.592748:24.569596 46.592796:24.569629 46.592868:24.569710 46.594554:24.572081 46.594636:24.572190
4661,46.594636:24.572190 46.594937:24.572606
4662,46.594937:24.572606 46.595369:24.573215
4663,46.595369:24.573215 46.595637:24.573594
4664,46.595637:24.573594 46.595787:24.573807
4665,46.595787:24.573807 46.596046:24.574174
4666,46.596046:24.574174 46.596286:24.574569
4667,46.596286:24.574569 46.597974:24.577763 46.598079:24.577928 46.598181:24.578020 46.598284:24.578033 46.598576:24.577967
4668,46.598576:24.577967 46.598693:24.577980 46.598790:24.578042 46.598889:24.578134 46.598979:24.578265 46.599082:24.578432 46.599175:24.578659 46.599256:24.578927 46.599317:24.579225 46.599377:24.579549 46.599431:24.579746 46.599533:24.579913 46.599702:24.580088 46.600271:24.580651 46.600444:24.580865 46.600846:24.581435
4669,46.600846:24.581435 46.601077:24.581761 46.601194:24.581988 46.601285:24.582228 46.601341:24.582474 46.601372:24.582720 46.601372:24.582985 46.601341:24.583850 46.601354:24.584121 46.601398:24.584399 46.601463:24.584664 46.601602:24.585086 46.601697:24.585257 46.601810:24.585402 46.601937:24.585554 46.602096:24.585711 46.602196:24.585881 46.602324:24.586184 46.602375:24.586336 46.602489:24.586817 46.602567:24.587135 46.602651:24.587402
4670,46.579183:24.553826 46.579260:24.553825 46.579460:24.553861
4671,46.575825:24.556449 46.575847:24.556607 46.575869:24.556690 46.575899:24.556752 46.575941:24.556808 46.575991:24.556846 46.576083:24.556910 46.576231:24.556956 46.576417:24.557004
4672,46.577087:24.555732 46.576651:24.556025 46.576470:24.556200 46.576393:24.556256 46.576186:24.556331 46.575825:24.556449
4673,46.575825:24.556449 46.575561:24.556464 46.575438:24.556508 46.575242:24.556611 46.574844:24.556849 46.574682:24.556889 46.574494:24.556935
4674,46.578006:24.554339 46.578009:24.554452 46.578066:24.555446 46.578055:24.555512 46.578014:24.555544 46.577832:24.555594 46.577250:24.555714 46.577185:24.555734 46.577126:24.555793
4675,46.576213:24.554259 46.576187:24.554326 46.576157:24.554367 46.576087:24.554441 46.575722:24.554693 46.575421:24.554861 46.575045:24.555014 46.574785:24.555148 46.574459:24.555349 46.574145:24.555583 46.573671:24.555950 46.573233:24.556336 46.572997:24.556554 46.572707:24.556792 46.572626:24.556841 46.572362:24.556972 46.572102:24.557061 46.571721:24.557171 46.571481:24.557254 46.571354:24.557278 46.571292:24.557289
4676,46.571292:24.557289 46.571171:24.557294 46.570935:24.557299 46.570708:24.557297
4677,46.573920:24.551785 46.573708:24.552218 46.573576:24.552476 46.573261:24.553036 46.573044:24.553396 46.572755:24.553860 46.572602:24.554111
4678,46.572602:24.554111 46.572469:24.554330
4679,46.572469:24.554330 46.572428:24.554397 46.572162:24.554845 46.571851:24.555327 46.571829:24.555356
4680,46.571829:24.555356 46.571627:24.555624
4681,46.571627:24.555624 46.571516:24.555782
4682,46.573815:24.551681 46.573213:24.552928 46.573094:24.553080
4683,46.573094:24.553080 46.572769:24.553698 46.572636:24.553794 46.572488:24.553792 46.572340:24.553710 46.571767:24.553130 46.571704:24.553022
4684,46.579105:24.553857 46.579144:24.553727 46.579276:24.553485 46.579792:24.552721
4685,46.579792:24.552721 46.580146:24.552324 46.580246:24.552182 46.580460:24.551868 46.580653:24.551524 46.580812:24.551195
4686,46.577111:24.554488 46.577108:24.554389 46.577111:24.554278 46.577109:24.554211 46.577089:24.554016 46.577041:24.553797 46.577016:24.553692 46.577005:24.553667 46.576986:24.553635 46.576903:24.553523 46.576798:24.553386
4687,46.583935:24.557761 46.584082:24.557983 46.584357:24.558327 46.584750:24.558850 46.584971:24.559142
4688,46.585813:24.556245 46.585636:24.556019 46.585225:24.555506 46.584925:24.555123 46.584652:24.554751 46.584272:24.554266 46.583948:24.553861 46.583707:24.553596 46.583484:24.553329
4689,46.582267:24.555808 46.582095:24.555531 46.581936:24.555257 46.581585:24.554629 46.581406:24.554310
4690,46.583883:24.557814 46.583732:24.557602 46.583118:24.556666
4691,46.584207:24.557485 46.585600:24.559276
4692,46.585391:24.556610 46.584649:24.555685
4693,46.586683:24.555277 46.586833:24.555457 46.587299:24.555988 46.587646:24.556326 46.588156:24.556817
4694,46.586842:24.561482 46.585931:24.560325
4695,46.587116:24.561213 46.586881:24.560910 46.586508:24.560435 46.585998:24.559764
4696,46.588197:24.566866 46.589653:24.565023
4697,46.589653:24.565023 46.590092:24.564480 46.591715:24.562465 46.591784:24.562345
4698,46.590965:24.570067 46.591380:24.569503 46.591787:24.568978 46.592084:24.568573 46.592762:24.567674 46.593161:24.567159
4699,46.587482:24.565890 46.587367:24.566065 46.587101:24.566476 46.586393:24.567540
4700,46.588004:24.566602 46.587785:24.566847 46.586847:24.568197
4701,46.589653:24.565023 46.588888:24.563981
4702,46.592615:24.569583 46.592690:24.569397 46.592745:24.569311 46.592815:24.569218 46.593172:24.568697 46.593307:24.568489 46.593444:24.568299 46.593493:24.568245 46.593546:24.568189 46.593708:24.568047
4703,46.591607:24.570839 46.591588:24.570912 46.591552:24.570979 46.591465:24.571129 46.591409:24.571242 46.591344:24.571357 46.591276:24.571439 46.591214:24.571490 46.590905:24.571799 46.590730:24.571966 46.590335:24.572363 46.590126:24.572588 46.589587:24.573148 46.588833:24.573909
4704,46.594636:24.572190 46.594584:24.572270 46.594096:24.573023
4705,46.594096:24.573023 46.593739:24.573568 46.593698:24.573612 46.593642:24.573666 46.593579:24.573726 46.593516:24.573765 46.593440:24.573822 46.593360:24.573878 46.593081:24.574098 46.592883:24.574275
4706,46.592883:24.574275 46.592178:24.574828 46.591916:24.575048 46.591410:24.575436 46.590737:24.575951 46.590228:24.576330 46.589655:24.576794 46.588944:24.577639 46.588689:24.577988
4707,46.592113:24.570252 46.592153:24.570312 46.592477:24.570799 46.592807:24.571280 46.593395:24.572073 46.594096:24.573023
4708,46.592883:24.574275 46.592876:24.574416 46.592867:24.574521 46.592850:24.574615 46.592806:24.574801 46.592704:24.575048 46.592535:24.575453 46.592363:24.575920 46.592127:24.576490 46.591791:24.577424 46.591497:24.578206 46.591368:24.578556 46.591350:24.578614 46.591345:24.578668 46.591358:24.578717 46.591375:24.578775 46.591387:24.578833 46.591384:24.578878 46.591370:24.578927 46.591334:24.578969 46.591102:24.579339
4709,46.580658:24.540750 46.580683:24.540656 46.580729:24.540573 46.580790:24.540490 46.580843:24.540436 46.580911:24.540418 46.580978:24.540412 46.581041:24.540409 46.581131:24.540426 46.581218:24.540434 46.581315:24.540423 46.581387:24.540409 46.581470:24.540375 46.581610:24.540313 46.582012:24.540035 46.582202:24.539951 46.582314:24.539903 46.582416:24.539892 46.582661:24.539881 46.582794:24.539865 46.582901:24.539858 46.582980:24.539815 46.583050:24.539770 46.583152:24.539648 46.583275:24.539503 46.583422:24.539326 46.583496:24.539237 46.583533:24.539178 46.583557:24.539109 46.583575:24.539020 46.583583:24.538950 46.583583:24.538867 46.583570:24.538720
4710,46.566839:24.547874 46.566864:24.547978 46.566880:24.548012 46.566903:24.548059 46.567391:24.548884 46.567701:24.549432 46.567826:24.549638 46.567915:24.549737 46.568154:24.549851 46.568230:24.549866 46.568306:24.549837 46.568370:24.549794 46.568407:24.549747 46.568439:24.549724 46.568480:24.549715 46.568966:24.549691
4711,46.552793:24.561647 46.552833:24.561663 46.553173:24.561993 46.553223:24.562066 46.553388:24.562564 46.553628:24.563331 46.553663:24.563421 46.553721:24.563569 46.553905:24.563925
4712,46.553905:24.563925 46.554026:24.564164
4713,46.554500:24.557064 46.554332:24.557240
4714,46.555293:24.557092 46.554997:24.557468 46.554902:24.557841
4715,46.554869:24.555899 46.554692:24.556124 46.554614:24.555996
4716,46.554973:24.556104 46.554830:24.556306 46.554591:24.556609 46.554455:24.556977
4717,46.543926:24.558944 46.543898:24.558910 46.543879:24.558886 46.543602:24.558487 46.543895:24.557823 46.544065:24.557447
4718,46.549627:24.564740 46.549770:24.564767 46.550056:24.564829 46.550212:24.564871 46.550388:24.564943 46.550439:24.564972 46.550542:24.565030
4719,46.556665:24.561101 46.556748:24.560783 46.557064:24.560406
4720,46.555747:24.559467 46.555902:24.559073 46.556050:24.558887
4721,46.556050:24.558887 46.556198:24.558701
4722,46.556250:24.560380 46.556313:24.559944 46.556622:24.559518
4723,46.555393:24.558830 46.555462:24.558261 46.555614:24.558076
4724,46.555614:24.558076 46.555751:24.557909 46.555779:24.557956 46.555915:24.557820
4725,46.550799:24.567449 46.550939:24.567576 46.550992:24.567641 46.551034:24.567726 46.551309:24.568244 46.551383:24.568354 46.551473:24.568469 46.551573:24.568578 46.551825:24.568815 46.551837:24.568825
4726,46.546416:24.574046 46.546152:24.573913 46.546087:24.573881
4727,46.546087:24.573881 46.544611:24.573204 46.544562:24.573188 46.544544:24.573195 46.544522:24.573204 46.544486:24.573252 46.544343:24.573618 46.544322:24.573661 46.544297:24.573697 46.544142:24.573885 46.544129:24.573901 46.544111:24.573923
4728,46.532993:24.559053 46.532702:24.558693 46.532001:24.557833 46.531973:24.557799
4729,46.531973:24.557799 46.531665:24.557420
4730,46.531665:24.557420 46.531205:24.556852 46.531154:24.556790 46.531150:24.556785
4731,46.531150:24.556785 46.531004:24.556607
4732,46.526382:24.553932 46.526337:24.553926
4733,46.526337:24.553926 46.526311:24.553922 46.526226:24.553922 46.526139:24.553943 46.526070:24.553970 46.526025:24.554007 46.526004:24.554025 46.525921:24.554151 46.525672:24.554592 46.525639:24.554650
4734,46.525639:24.554650 46.525672:24.554713 46.525896:24.555145 46.525977:24.555291
4735,46.525977:24.555291 46.526012:24.555353
4736,46.526012:24.555353 46.526178:24.555649 46.526239:24.555724
4737,46.526239:24.555724 46.526589:24.556157 46.526603:24.556175 46.526682:24.556271
4738,46.527164:24.554709 46.527134:24.554677
4739,46.527134:24.554677 46.527096:24.554635
4740,46.527096:24.554635 46.526854:24.554374 46.526595:24.554095 46.526455:24.553966 46.526382:24.553932
4741,46.556876:24.564283 46.556866:24.564301 46.556834:24.564361
4742,46.556973:24.564134 46.556911:24.564228 46.556876:24.564283
4743,46.554920:24.560991 46.554907:24.561008
4744,46.555043:24.560842 46.554920:24.560991
4745,46.552520:24.562048 46.552666:24.561739 46.552729:24.561674
4746,46.552729:24.561674 46.552793:24.561647
4747,46.552793:24.561647 46.552956:24.561488 46.553114:24.561724
4748,46.553350:24.563114 46.553177:24.562814 46.553167:24.562797 46.553118:24.562715
4749,46.549428:24.562048 46.548994:24.563014 46.548388:24.564281 46.548382:24.564294 46.548302:24.564462
4750,46.547971:24.558658 46.548134:24.558531 46.548294:24.558436 46.548486:24.558347
4751,46.548486:24.558347 46.548569:24.558304 46.548945:24.558065 46.549132:24.557921 46.549373:24.557702 46.549515:24.557543 46.549759:24.557190 46.549945:24.556899
4752,46.549945:24.556899 46.549968:24.556865 46.550288:24.556343
4753,46.550288:24.556343 46.550411:24.556140
4754,46.547814:24.558806 46.547971:24.558658
4755,46.547000:24.559593 46.546962:24.559592 46.546914:24.559714
4756,46.546914:24.559714 46.546866:24.559825
4757,46.546866:24.559825 46.546793:24.559900
4758,46.546620:24.559710 46.546665:24.559598 46.546691:24.559532
4759,46.546691:24.559532 46.546732:24.559431 46.546780:24.559308 46.546809:24.559235
4760,46.546691:24.559532 46.546914:24.559714
4761,46.547179:24.559738 46.547031:24.559611 46.547000:24.559593
4762,46.554197:24.564878 46.554254:24.564845 46.554298:24.564873
4763,46.526311:24.543625 46.526411:24.543794
4764,46.527739:24.541923 46.528030:24.541624
4765,46.526930:24.543064 46.526897:24.543012 46.526855:24.543002 46.526798:24.543020
4766,46.526732:24.543102 46.526718:24.543179 46.526732:24.543252 46.526771:24.543301 46.526808:24.543306
4767,46.528444:24.543949 46.528412:24.543882 46.528290:24.543623
4768,46.528290:24.543623 46.528126:24.543254
4769,46.528126:24.543254 46.528070:24.543129
4770,46.528070:24.543129 46.527768:24.542452 46.527916:24.542314 46.527739:24.541923
4771,46.527739:24.541923 46.527678:24.541793
4772,46.529044:24.543335 46.529007:24.543273 46.528894:24.543087 46.528719:24.542765 46.528446:24.542271 46.528267:24.541883 46.528170:24.541660 46.528091:24.541451
4773,46.526967:24.542854 46.526916:24.542883 46.526877:24.542922 46.526798:24.543020
4774,46.526798:24.543020 46.526732:24.543102
4775,46.526808:24.543306 46.526898:24.543200 46.526924:24.543140 46.526930:24.543064
4776,46.526930:24.543064 46.526945:24.542927 46.526967:24.542854
4777,46.526305:24.542644 46.526179:24.542432
4778,46.543440:24.565705 46.543418:24.565745 46.542920:24.566639
4779,46.542648:24.565222 46.542633:24.565101 46.542625:24.565037
4780,46.543003:24.564771 46.542969:24.564762 46.542941:24.564736 46.542924:24.564691 46.542929:24.564650 46.542936:24.564579
4781,46.532577:24.583741 46.532531:24.583834 46.532499:24.583905
4782,46.532499:24.583905 46.532488:24.583929 46.532456:24.583931 46.532384:24.584100
4783,46.532384:24.584100 46.532217:24.584491
4784,46.532217:24.584491 46.532196:24.584541 46.531665:24.585508 46.531609:24.585555 46.531542:24.585536 46.531425:24.585413 46.531369:24.585284 46.531286:24.585189 46.531721:24.584323
4785,46.539136:24.558167 46.539145:24.558066
4786,46.539145:24.558066 46.539458:24.557268
4787,46.539458:24.557268 46.539482:24.557207
4788,46.539482:24.557207 46.539617:24.556870 46.539752:24.556544 46.539760:24.556526 46.539776:24.556485
4789,46.539776:24.556485 46.539789:24.556451 46.539847:24.556283 46.539909:24.556079 46.539946:24.555871 46.539988:24.555614 46.540037:24.555435 46.540098:24.555279 46.540177:24.555152 46.540227:24.555077 46.540282:24.555010 46.540335:24.554959 46.540402:24.554905 46.540496:24.554846 46.540588:24.554807
4790,46.540588:24.554807 46.540746:24.554766 46.541081:24.554662 46.541105:24.554654 46.541129:24.554645
4791,46.541129:24.554645 46.541176:24.554624 46.541256:24.554596 46.541650:24.554462 46.542120:24.554310 46.542241:24.554265 46.542338:24.554215 46.542470:24.554135 46.542678:24.553976
4792,46.542678:24.553976 46.542791:24.553879 46.542806:24.553866 46.543828:24.553008 46.543913:24.552976 46.544003:24.552969 46.544021:24.552968 46.544070:24.552965
4793,46.539690:24.556384 46.539657:24.556350
4794,46.539657:24.556350 46.539629:24.556310 46.538925:24.555440 46.538871:24.555390 46.538798:24.555365 46.538685:24.555377
4795,46.538685:24.555377 46.538589:24.555359 46.538522:24.555299 46.538226:24.554916
4796,46.538226:24.554916 46.537984:24.554596
4797,46.537984:24.554596 46.537591:24.554077 46.537543:24.554014
4798,46.537543:24.554014 46.537415:24.553846
4799,46.560301:24.562006 46.560406:24.562165 46.561042:24.562994 46.561343:24.563389 46.561520:24.563557 46.562552:24.564300 46.562658:24.564360
4800,46.562658:24.564360 46.563098:24.564611
4801,46.562458:24.558616 46.562503:24.559026 46.562484:24.559128 46.562423:24.559185 46.561859:24.559305 46.561812:24.559280 46.561783:24.559210 46.561765:24.559052
4802,46.561765:24.559052 46.561729:24.558733
4803,46.561729:24.558733 46.561643:24.557989
4804,46.561643:24.557989 46.561586:24.557898 46.561463:24.557025
4805,46.562698:24.564225 46.562658:24.564360
4806,46.562321:24.557334 46.561590:24.557525
4807,46.561643:24.557989 46.561707:24.557974
4808,46.561765:24.559052 46.561827:24.559039
4809,46.561729:24.558733 46.561791:24.558720
4810,46.561616:24.557723 46.561590:24.557525
4811,46.561590:24.557525 46.561534:24.557111
4812,46.558462:24.557546 46.558710:24.557496 46.558978:24.557395 46.559127:24.557330 46.559215:24.557288 46.559555:24.557128 46.559775:24.557018 46.559895:24.556999 46.560011:24.557031 46.560249:24.557190 46.560329:24.557231 46.560420:24.557240 46.560780:24.557182 46.560876:24.557153 46.561137:24.557060
4813,46.561137:24.557060 46.561202:24.557047 46.561463:24.557025
4814,46.561463:24.557025 46.562210:24.556978
4815,46.562210:24.556978 46.562870:24.556935 46.563561:24.556877 46.564106:24.556825 46.564540:24.556795 46.565177:24.556699 46.565350:24.556700 46.565396:24.556719 46.565421:24.556752 46.565498:24.556977 46.565574:24.557198 46.565615:24.557248 46.565660:24.557276 46.565981:24.557287 46.567228:24.557356 46.567376:24.557387 46.567571:24.557408 46.567740:24.557420 46.567890:24.557428 46.568065:24.557425 46.568386:24.557427 46.568504:24.557413 46.568800:24.557384 46.568987:24.557351 46.569094:24.557334 46.569206:24.557326 46.569390:24.557330 46.569533:24.557319 46.569708:24.557300 46.569873:24.557291 46.570504:24.557306 46.570708:24.557297
4816,46.540453:24.552648 46.540476:24.552636 46.540860:24.552447 46.541161:24.552297
4817,46.541161:24.552297 46.541467:24.552155 46.541722:24.552036
4818,46.561591:24.581156 46.561666:24.580975 46.561450:24.580620 46.561277:24.580640
4819,46.525865:24.531404 46.525808:24.531457 46.525409:24.531833
4820,46.525409:24.531833 46.524887:24.532325 46.525082:24.532741 46.525276:24.532940
4821,46.525276:24.532940 46.525377:24.533017
4822,46.523376:24.525876 46.523315:24.525932 46.523243:24.525999
4823,46.523243:24.525999 46.523144:24.526089
4824,46.523144:24.526089 46.523104:24.526126
4825,46.523104:24.526126 46.522976:24.526243
4826,46.522976:24.526243 46.522338:24.526826
4827,46.522338:24.526826 46.521942:24.527187 46.521943:24.527353 46.522021:24.527505 46.522119:24.527544 46.522246:24.527416 46.522246:24.527262 46.522443:24.527072
4828,46.526868:24.533884 46.527209:24.534641
4829,46.527144:24.533854 46.527259:24.533746
4830,46.527665:24.534882 46.527530:24.534995 46.527498:24.535022
4831,46.524992:24.529484 46.525016:24.529462 46.525186:24.529309
4832,46.525186:24.529309 46.525345:24.529190
4833,46.527634:24.535322 46.527581:24.535373 46.527430:24.535521
4834,46.523104:24.526126 46.522982:24.525856
4835,46.524239:24.530028 46.523975:24.530310
4836,46.525053:24.530062 46.524282:24.530910
4837,46.522976:24.526243 46.522860:24.525989
4838,46.526323:24.532430 46.526272:24.532485 46.525677:24.533124 46.525767:24.533294
4839,46.527034:24.533590 46.527144:24.533854
4840,46.527144:24.533854 46.527382:24.534423
4841,46.523828:24.526905 46.523776:24.526954 46.523730:24.526998
4842,46.523730:24.526998 46.522531:24.528126
4843,46.523537:24.526958 46.523326:24.526491 46.523144:24.526089
4844,46.523627:24.526868 46.523703:24.526791 46.523755:24.526738
4845,46.525626:24.530869 46.525570:24.530928 46.525484:24.531019
4846,46.525484:24.531019 46.524752:24.531798
4847,46.527513:24.534306 46.527259:24.533746
4848,46.527259:24.533746 46.527146:24.533488
4849,46.526657:24.533726 46.526570:24.533544 46.526507:24.533539 46.526126:24.533911
4850,46.524437:24.528694 46.523971:24.529129 46.523784:24.529139
4851,46.523784:24.529139 46.523508:24.529396
4852,46.526614:24.534129 46.526962:24.534883 46.527209:24.534641
4853,46.527209:24.534641 46.527239:24.534610 46.527290:24.534558
4854,46.522338:24.526826 46.522443:24.527072
4855,46.522443:24.527072 46.522598:24.527404 46.522723:24.527285
4856,46.523784:24.529139 46.524239:24.530028
4857,46.524239:24.530028 46.524257:24.530063 46.525053:24.530062
4858,46.523140:24.525778 46.523243:24.525999
4859,46.523243:24.525999 46.523419:24.526398 46.523627:24.526868
4860,46.526950:24.533800 46.526896:24.533855 46.526868:24.533884
4861,46.526868:24.533884 46.526614:24.534129
4862,46.526614:24.534129 46.526542:24.534199
4863,46.526566:24.532960 46.526512:24.533014 46.526473:24.533054 46.526522:24.533156 46.526235:24.533445 46.526089:24.533171
4864,46.524042:24.527818 46.523950:24.527632
4865,46.523950:24.527632 46.523798:24.527322 46.523816:24.527178 46.523730:24.526998
4866,46.522650:24.528428 46.522780:24.528636
4867,46.522780:24.528636 46.523335:24.529576
4868,46.523335:24.529576 46.523762:24.530299 46.524257:24.531178
4869,46.523950:24.527632 46.523761:24.527818 46.523362:24.528080 46.523004:24.528370 46.522780:24.528636
4870,46.526836:24.533550 46.526781:24.533604 46.526707:24.533676 46.526657:24.533726
4871,46.526657:24.533726 46.526281:24.534097 46.526126:24.533911
4872,46.526126:24.533911 46.526024:24.533788
4873,46.528031:24.536195 46.527973:24.536254 46.527877:24.536352 46.527803:24.536375 46.527722:24.536342 46.527372:24.535960 46.527274:24.536068 46.527229:24.536118 46.527186:24.536166 46.527062:24.536304
4874,46.523335:24.529576 46.523415:24.529492 46.523462:24.529444 46.523508:24.529396
4875,46.523508:24.529396 46.523975:24.530310
4876,46.523975:24.530310 46.524282:24.530910
4877,46.524282:24.530910 46.524369:24.531080 46.524752:24.531798
4878,46.524752:24.531798 46.524867:24.532014
4879,46.522767:24.524533 46.522790:24.524512 46.523195:24.524142
4880,46.523195:24.524142 46.523564:24.523801 46.523674:24.523812 46.523767:24.524019
4881,46.523767:24.524019 46.523726:24.524164
4882,46.525599:24.531265 46.525484:24.531019
4883,46.525484:24.531019 46.525053:24.530062
4884,46.525053:24.530062 46.524437:24.528694
4885,46.524437:24.528694 46.524042:24.527818
4886,46.524042:24.527818 46.524010:24.527624 46.524011:24.527471 46.524012:24.527449 46.523994:24.527266
4887,46.535833:24.553921 46.535886:24.553877
4888,46.535886:24.553877 46.535911:24.553877 46.535947:24.553908 46.535999:24.553971
4889,46.535999:24.553971 46.536115:24.554115
4890,46.536115:24.554115 46.536222:24.554246
4891,46.536222:24.554246 46.536321:24.554367 46.536599:24.553911
4892,46.536599:24.553911 46.536824:24.553542
4893,46.547897:24.540788 46.547862:24.540818 46.547838:24.540838 46.547138:24.540968
4894,46.548720:24.542260 46.549080:24.542916 46.549636:24.543739
4895,46.549636:24.543739 46.549765:24.543929
4896,46.549765:24.543929 46.549888:24.544111
4897,46.549888:24.544111 46.549997:24.544273
4898,46.549997:24.544273 46.550126:24.544464
4899,46.550126:24.544464 46.550144:24.544490 46.550240:24.544634
4900,46.550240:24.544634 46.550267:24.544674 46.550342:24.544819
4901,46.550342:24.544819 46.550399:24.544999 46.550426:24.545225 46.550453:24.545968 46.550460:24.546139
4902,46.550460:24.546139 46.550481:24.546499
4903,46.550481:24.546499 46.550514:24.547083 46.550503:24.547227 46.550475:24.547352
4904,46.550475:24.547352 46.550419:24.547483 46.550347:24.547594 46.550341:24.547600
4905,46.550341:24.547600 46.550258:24.547675 46.550153:24.547727 46.549778:24.547789 46.549560:24.547851 46.549367:24.547942 46.548597:24.548417
4906,46.548597:24.548417 46.548552:24.548445 46.548504:24.548475
4907,46.537632:24.539559 46.537577:24.539455 46.537442:24.539189
4908,46.537442:24.539189 46.537448:24.539083 46.537495:24.538996 46.537542:24.538801 46.537679:24.538646
4909,46.537679:24.538646 46.537683:24.538523
4910,46.537683:24.538523 46.537684:24.538445 46.537845:24.538256
4911,46.541803:24.538602 46.541804:24.538576 46.541810:24.538366 46.541811:24.538228 46.541804:24.538197 46.541768:24.538128 46.541871:24.538013 46.541891:24.537975 46.541896:24.537933 46.541891:24.537889 46.541846:24.537698
4912,46.541846:24.537698 46.542189:24.537272
4913,46.542189:24.537272 46.542238:24.537212
4914,46.542238:24.537212 46.542529:24.536859
4915,46.542529:24.536859 46.542631:24.536733
4916,46.540999:24.537803 46.541650:24.537096
4917,46.541650:24.537096 46.541887:24.536839 46.541689:24.536471
4918,46.541689:24.536471 46.541510:24.536138 46.541181:24.536505
4919,46.536439:24.538640 46.536402:24.538460 46.536420:24.537374 46.536411:24.536932 46.536392:24.536710 46.536413:24.536574 46.536480:24.536420 46.536567:24.536286 46.538060:24.534613 46.538080:24.534547 46.538064:24.534475 46.537590:24.533555
4920,46.545300:24.535966 46.545255:24.536023 46.545199:24.536094
4921,46.545199:24.536094 46.545154:24.536079 46.545118:24.536106 46.545027:24.536221 46.545008:24.536289 46.545010:24.536360 46.545024:24.536411 46.545062:24.536485
4922,46.541387:24.538827 46.541342:24.538789 46.541253:24.538715 46.541207:24.538647 46.541187:24.538574 46.541191:24.538502 46.541233:24.538418 46.541311:24.538293 46.541334:24.538216 46.541350:24.538047 46.541392:24.537914 46.541455:24.537810 46.541728:24.537487
4923,46.541728:24.537487 46.542125:24.537022
4924,46.542125:24.537022 46.542198:24.536939 46.542236:24.536919 46.542529:24.536859
4925,46.541052:24.540706 46.540993:24.540655 46.540907:24.540582
4926,46.540420:24.539701 46.540637:24.539451
4927,46.545050:24.535504 46.545001:24.535557 46.544949:24.535615
4928,46.537656:24.535389 46.538384:24.536750
4929,46.538384:24.536750 46.538449:24.536870
4930,46.538449:24.536870 46.538589:24.537132
4931,46.538589:24.537132 46.538871:24.537672
4932,46.538871:24.537672 46.539046:24.537996
4933,46.537683:24.538523 46.537293:24.537825
4934,46.541457:24.536728 46.541650:24.537096
4935,46.545623:24.537235 46.545661:24.537311 46.545737:24.537460
4936,46.545737:24.537460 46.545799:24.537583
4937,46.534878:24.543385 46.535170:24.543851
4938,46.539556:24.535870 46.539383:24.535540
4939,46.540664:24.538625 46.540479:24.538828
4940,46.537508:24.540605 46.537293:24.540925 46.537265:24.540956
4941,46.535060:24.535528 46.534645:24.536109
4942,46.542510:24.534108 46.542579:24.534241 46.542763:24.534596
4943,46.540856:24.538972 46.540662:24.539202
4944,46.537288:24.545110 46.537067:24.545391
4945,46.537679:24.538646 46.537968:24.539174
4946,46.542238:24.537212 46.542125:24.537022
4947,46.537415:24.542431 46.536419:24.540845 46.536377:24.540778
4948,46.541846:24.537698 46.541728:24.537487
4949,46.534516:24.543976 46.534768:24.544374
4950,46.535802:24.537364 46.535436:24.536802
4951,46.539998:24.541793 46.540647:24.540948
4952,46.540191:24.539617 46.540006:24.539512
4953,46.544242:24.537158 46.544094:24.537341 46.544072:24.537368
4954,46.542300:24.537455 46.542189:24.537272
4955,46.539783:24.538174 46.540024:24.538635
4956,46.537434:24.544094 46.537011:24.544625
4957,46.538226:24.542707 46.538291:24.542624
4958,46.538291:24.542624 46.538324:24.542580 46.538355:24.542538
4959,46.542859:24.537303 46.542682:24.536992
4960,46.544098:24.534167 46.544265:24.534474
4961,46.540430:24.539938 46.540225:24.539579
4962,46.540760:24.538797 46.540559:24.539014
4963,46.534945:24.536817 46.535541:24.537714
4964,46.544421:24.537412 46.544266:24.537604 46.544236:24.537642
4965,46.539444:24.538082 46.539599:24.538378
4966,46.543602:24.537642 46.543644:24.537734 46.543728:24.537877 46.543820:24.538032 46.543898:24.538164 46.544047:24.538421
4967,46.541617:24.535874 46.542018:24.535414
4968,46.542018:24.535414 46.542124:24.535285
4969,46.537201:24.544955 46.536977:24.545246 46.537067:24.545391
4970,46.540503:24.539855 46.540430:24.539938
4971,46.540430:24.539938 46.540342:24.540053
4972,46.540392:24.540555 46.539820:24.541116 46.539908:24.541297
4973,46.541359:24.535401 46.541617:24.535874
4974,46.541617:24.535874 46.541762:24.536140
4975,46.542442:24.534185 46.542005:24.533160 46.541375:24.531790
4976,46.534516:24.543976 46.534878:24.543385
4977,46.534878:24.543385 46.535047:24.543109
4978,46.543962:24.538933 46.543934:24.539139 46.544179:24.539216
4979,46.542018:24.535414 46.542550:24.536408 46.542963:24.536481
4980,46.540892:24.536665 46.541010:24.536898 46.541252:24.536637
4981,46.539490:24.542736 46.539470:24.542705 46.539461:24.542691 46.539454:24.542680
4982,46.537588:24.541670 46.537557:24.541712 46.537420:24.541896 46.537233:24.541809
4983,46.536793:24.539018 46.536958:24.538844 46.537146:24.539232
4984,46.542852:24.534501 46.542763:24.534596
4985,46.542763:24.534596 46.542704:24.534656
4986,46.543604:24.532860 46.543897:24.533346 46.543958:24.533281
4987,46.539880:24.538794 46.540024:24.538635
4988,46.540024:24.538635 46.540298:24.538318
4989,46.540112:24.540121 46.539391:24.541071 46.539302:24.541187
4990,46.537449:24.537636 46.537293:24.537825
4991,46.537293:24.537825 46.537045:24.538132
4992,46.537222:24.541074 46.537190:24.541115 46.537039:24.541308 46.536864:24.541221
4993,46.543106:24.538152 46.543191:24.538193 46.543237:24.538216 46.543293:24.538216 46.543355:24.538188
4994,46.541124:24.540190 46.541080:24.540151 46.540982:24.540064 46.540637:24.539451
4995,46.540637:24.539451 46.540523:24.539248
4996,46.539642:24.542343 46.539610:24.542293 46.539424:24.542001 46.539246:24.542234
4997,46.539009:24.538037 46.539343:24.538660
4998,46.539343:24.538660 46.539740:24.539374 46.539770:24.539410 46.539811:24.539427 46.539845:24.539418 46.539948:24.539309
4999,46.540816:24.537450 46.541359:24.536837
5000,46.541359:24.536837 46.541457:24.536728
5001,46.541457:24.536728 46.541689:24.536471
5002,46.537415:24.542431 46.537611:24.542443 46.537820:24.542456 46.537934:24.542320 46.537965:24.542283
5003,46.537965:24.542283 46.538031:24.542203
5004,46.539606:24.537368 46.539165:24.536512
5005,46.539165:24.536512 46.539029:24.536662
5006,46.539029:24.536662 46.539475:24.537515
5007,46.537484:24.544593 46.537511:24.544636 46.537548:24.544696 46.537671:24.544894 46.537695:24.544932
5008,46.539444:24.535476 46.539383:24.535540
5009,46.539383:24.535540 46.539207:24.535730 46.539099:24.535525
5010,46.543381:24.532740 46.543634:24.532450 46.543537:24.532264
5011,46.540313:24.539481 46.540420:24.539701
5012,46.540420:24.539701 46.540503:24.539855
5013,46.540503:24.539855 46.540721:24.540224
5014,46.540806:24.540718 46.540907:24.540582
5015,46.540907:24.540582 46.540974:24.540482 46.540982:24.540370
5016,46.538266:24.538846 46.538421:24.539183
5017,46.538421:24.539183 46.538823:24.539886
5018,46.538823:24.539886 46.539046:24.540279
5019,46.544144:24.534078 46.544119:24.534126 46.544098:24.534167
5020,46.544098:24.534167 46.544060:24.534208 46.543785:24.533771
5021,46.539029:24.536662 46.538836:24.536867
5022,46.538836:24.536867 46.538815:24.536890 46.538589:24.537132
5023,46.544099:24.539743 46.544123:24.539587 46.544179:24.539216
5024,46.544179:24.539216 46.544210:24.539013
5025,46.544210:24.539013 46.543962:24.538933
5026,46.543962:24.538933 46.543774:24.538883
5027,46.540033:24.536888 46.540240:24.537285 46.540282:24.537338 46.540323:24.537368 46.540359:24.537415 46.540377:24.537469 46.540375:24.537529 46.540349:24.537578 46.539783:24.538174
5028,46.539783:24.538174 46.539599:24.538378
5029,46.539599:24.538378 46.539343:24.538660
5030,46.538406:24.542624 46.538848:24.542052 46.539025:24.541969 46.539225:24.541732 46.538966:24.541342
5031,46.540878:24.535940 46.541129:24.536407
5032,46.541129:24.536407 46.541181:24.536505
5033,46.541181:24.536505 46.541252:24.536637
5034,46.541252:24.536637 46.541359:24.536837
5035,46.543418:24.539270 46.543424:24.539227 46.543417:24.538952 46.543392:24.538838 46.543335:24.538751
5036,46.538491:24.541320 46.538606:24.541485 46.538625:24.541566 46.538610:24.541629 46.538159:24.542219
5037,46.538399:24.544029 46.538377:24.543992 46.538293:24.543855
5038,46.538293:24.543855 46.537902:24.543215 46.537725:24.543196
5039,46.537084:24.544746 46.537201:24.544955
5040,46.537201:24.544955 46.537288:24.545110
5041,46.537288:24.545110 46.537363:24.545253 46.537399:24.545308
5042,46.537442:24.539189 46.537408:24.539123 46.537319:24.539114 46.537247:24.539169 46.537146:24.539232
5043,46.537146:24.539232 46.536986:24.539348
5044,46.536986:24.539348 46.536878:24.539440
5045,46.538871:24.538192 46.538987:24.538401
5046,46.538987:24.538401 46.539016:24.538508
5047,46.539016:24.538508 46.539367:24.539166 46.539380:24.539204 46.539380:24.539239 46.539364:24.539272 46.538823:24.539886
5048,46.538823:24.539886 46.538537:24.540222
5049,46.539016:24.538508 46.538421:24.539183
5050,46.538421:24.539183 46.538145:24.539501 46.538123:24.539579 46.538130:24.539646 46.538160:24.539718 46.538209:24.539789 46.538537:24.540222
5051,46.538537:24.540222 46.538646:24.540360 46.538673:24.540404 46.538696:24.540459 46.538704:24.540499 46.538705:24.540523 46.538691:24.540565 46.538611:24.540699
5052,46.539865:24.535652 46.540205:24.536293 46.539695:24.536850 46.539408:24.536297 46.539258:24.536465 46.539165:24.536512
5053,46.538128:24.544377 46.538105:24.544340 46.537983:24.544150 46.537947:24.544093 46.537912:24.544040 46.537835:24.544080 46.537646:24.544330
5054,46.542841:24.538149 46.542837:24.538102 46.542826:24.537741 46.542824:24.537661 46.542908:24.537553 46.542859:24.537303
5055,46.542859:24.537303 46.543165:24.536949 46.543213:24.536892
5056,46.543213:24.536892 46.543305:24.536785
5057,46.540748:24.541104 46.540726:24.541070 46.540720:24.541061 46.540647:24.540948
5058,46.540647:24.540948 46.540392:24.540555
5059,46.540392:24.540555 46.540112:24.540121
5060,46.540112:24.540121 46.539925:24.539832 46.539177:24.540912
5061,46.540593:24.539171 46.540523:24.539248
5062,46.540523:24.539248 46.540313:24.539481
5063,46.540313:24.539481 46.540225:24.539579
5064,46.540225:24.539579 46.540191:24.539617
5065,46.540191:24.539617 46.540129:24.539692
5066,46.539165:24.536512 46.539199:24.536352 46.539428:24.536079 46.539497:24.535936 46.539556:24.535870
5067,46.539556:24.535870 46.539720:24.535686
5068,46.538836:24.536867 46.539113:24.537404 46.538871:24.537672
5069,46.542216:24.530075 46.542244:24.530206 46.542257:24.530285 46.542269:24.530350 46.542278:24.530399 46.542292:24.530470 46.542322:24.530569 46.542349:24.530649 46.542413:24.530794 46.542460:24.530896 46.542475:24.530948 46.542490:24.531014 46.542511:24.531078
5070,46.542511:24.531078 46.542546:24.531154 46.542650:24.531351 46.542750:24.531539 46.542769:24.531584 46.542774:24.531618 46.542771:24.531656 46.542774:24.531688 46.542789:24.531726
5071,46.543151:24.536508 46.542682:24.536992
5072,46.542682:24.536992 46.542300:24.537455
5073,46.542300:24.537455 46.542371:24.537659 46.542241:24.537808 46.542302:24.537920 46.542307:24.538117 46.542313:24.538350 46.542315:24.538379
5074,46.543049:24.531447 46.542789:24.531726
5075,46.542789:24.531726 46.542678:24.531845 46.542851:24.532170
5076,46.542851:24.532170 46.542945:24.532371 46.543023:24.532493 46.543068:24.532561 46.543111:24.532608 46.543183:24.532665 46.543264:24.532704 46.543315:24.532718
5077,46.543315:24.532718 46.543381:24.532740
5078,46.540999:24.537803 46.540977:24.537759
5079,46.540977:24.537759 46.540816:24.537450
5080,46.540816:24.537450 46.540658:24.537144 46.540633:24.537066 46.540637:24.536982 46.540672:24.536904 46.540892:24.536665
5081,46.540892:24.536665 46.541129:24.536407
5082,46.541243:24.539311 46.541212:24.539306 46.541147:24.539295 46.541112:24.539274 46.541071:24.539235 46.540927:24.539033 46.540900:24.539007 46.540871:24.538989 46.540856:24.538972
5083,46.540856:24.538972 46.540843:24.538949
5084,46.540843:24.538949 46.540829:24.538924 46.540760:24.538797
5085,46.540760:24.538797 46.540664:24.538625
5086,46.540664:24.538625 46.540593:24.538489
5087,46.538987:24.538401 46.539089:24.538458 46.539156:24.538532 46.539565:24.539306 46.539587:24.539364 46.539588:24.539418 46.539570:24.539477 46.539046:24.540279
5088,46.539046:24.540279 46.538753:24.540759 46.538739:24.540812 46.538726:24.540921 46.538710:24.540971 46.538491:24.541320
5089,46.538491:24.541320 46.538387:24.541479
5090,46.533222:24.583842 46.533184:24.583927
5091,46.533184:24.583927 46.533045:24.584243 46.532988:24.584371
5092,46.533251:24.552138 46.534282:24.553425 46.534479:24.553669
5093,46.534479:24.553669 46.534745:24.554019
5094,46.534745:24.554019 46.535275:24.554703 46.535318:24.554759
5095,46.535318:24.554759 46.535340:24.554789 46.535369:24.554826 46.535426:24.554901 46.535824:24.555419
5096,46.535824:24.555419 46.536099:24.555777 46.536120:24.555804 46.536154:24.555847
5097,46.536154:24.555847 46.536185:24.555889
5098,46.536185:24.555889 46.536670:24.556535
5099,46.531515:24.550338 46.531514:24.550380
5100,46.531136:24.550784 46.531327:24.550744 46.531388:24.550726 46.531446:24.550702 46.531506:24.550645 46.531616:24.550538
5101,46.532631:24.551436 46.532666:24.551456 46.532686:24.551463 46.532711:24.551469 46.532745:24.551469 46.532775:24.551458 46.532795:24.551445
5102,46.533251:24.552138 46.533136:24.551891 46.533025:24.551735
5103,46.531136:24.550784 46.531259:24.550783 46.531391:24.550775 46.531771:24.550751 46.531897:24.550754 46.531953:24.550768 46.532016:24.550788
5104,46.531616:24.550538 46.531663:24.550535
5105,46.531652:24.550193 46.531606:24.550195 46.531563:24.550224 46.531531:24.550274 46.531515:24.550338
5106,46.531663:24.550535 46.531706:24.550506 46.531737:24.550456 46.531754:24.550391 46.531752:24.550323
5107,46.531514:24.550380 46.531537:24.550468 46.531554:24.550491 46.531572:24.550514 46.531616:24.550538
5108,46.531752:24.550323 46.531733:24.550259
5109,46.531733:24.550259 46.531682:24.550202
5110,46.531682:24.550202 46.531652:24.550193
5111,46.503995:24.623041 46.503291:24.623789 46.502909:24.624199 46.502693:24.624449 46.502544:24.624700 46.502427:24.625010
5112,46.522502:24.538863 46.522484:24.538801 46.522362:24.538483
5113,46.522362:24.538483 46.522335:24.538412 46.522319:24.538375 46.522301:24.538332
5114,46.522301:24.538332 46.522060:24.537760
5115,46.526414:24.556710 46.526465:24.556628 46.526622:24.556375 46.526682:24.556271
5116,46.526332:24.556625 46.526342:24.556672 46.526363:24.556692 46.526379:24.556707 46.526414:24.556710
5117,46.526682:24.556271 46.526620:24.556250 46.526542:24.556272 46.526408:24.556446 46.526366:24.556512 46.526332:24.556596 46.526332:24.556625
5118,46.534894:24.561764 46.534736:24.561567 46.534574:24.561363 46.534397:24.561143 46.534194:24.560890 46.534183:24.560876 46.534159:24.560846
5119,46.525932:24.557564 46.525964:24.557468 46.525968:24.557456 46.525997:24.557370
5120,46.525931:24.556863 46.525999:24.556998 46.526120:24.557198
5121,46.550252:24.552202 46.550304:24.552263 46.550607:24.552593 46.550768:24.552769
5122,46.550768:24.552769 46.550918:24.552944
5123,46.550918:24.552944 46.551152:24.553233
5124,46.551152:24.553233 46.551273:24.553375
5125,46.551273:24.553375 46.551548:24.553723 46.551557:24.553735 46.551596:24.553784
5126,46.551521:24.553139 46.551552:24.553243 46.551558:24.553291 46.551555:24.553318
5127,46.553032:24.552042 46.553239:24.551743
5128,46.553239:24.551743 46.553269:24.551700 46.553307:24.551641 46.553189:24.551414 46.553163:24.551364
5129,46.551722:24.552920 46.551791:24.553022
5130,46.550475:24.547352 46.550511:24.547383 46.550744:24.547584
5131,46.550744:24.547584 46.550771:24.547608 46.550874:24.547694
5132,46.551273:24.553375 46.551288:24.553345 46.551312:24.553303 46.551450:24.553207 46.551521:24.553139
5133,46.551521:24.553139 46.551581:24.553066 46.551722:24.552920
5134,46.551722:24.552920 46.551691:24.552856
5135,46.551499:24.548515 46.551604:24.548625
5136,46.551604:24.548625 46.552079:24.549128 46.552207:24.549325 46.552890:24.550803 46.553141:24.551319 46.553163:24.551364
5137,46.553163:24.551364 46.553098:24.551468 46.553072:24.551516
5138,46.553072:24.551516 46.553013:24.551669 46.552892:24.551847
5139,46.556402:24.561650 46.556357:24.561888
5140,46.555391:24.560442 46.555377:24.560117
5141,46.556657:24.561713 46.556699:24.561814 46.556708:24.561910 46.556728:24.561989 46.557091:24.562593
5142,46.556509:24.562150 46.556582:24.562149 46.556829:24.562569
5143,46.556829:24.562569 46.556959:24.562758 46.557091:24.562593
5144,46.557091:24.562593 46.557181:24.562488
5145,46.556234:24.561666 46.556357:24.561888
5146,46.556357:24.561888 46.556369:24.561908 46.556509:24.562150
5147,46.556509:24.562150 46.556501:24.562234 46.556724:24.562628 46.556768:24.562640 46.556829:24.562569
5148,46.554458:24.558583 46.554470:24.558860
5149,46.534760:24.537156 46.534766:24.537088 46.534779:24.536875 46.534516:24.536465 46.534372:24.536434 46.534307:24.536420
5150,46.538078:24.546325 46.538256:24.546624 46.538327:24.546742
5151,46.528455:24.556832 46.528150:24.556462 46.528069:24.556364
5152,46.528540:24.556682 46.528170:24.556235 46.528148:24.556234 46.528069:24.556364
5153,46.528069:24.556364 46.527914:24.556628
5154,46.533959:24.561034 46.533981:24.561061 46.534036:24.561126 46.534179:24.561300
5155,46.535615:24.560151 46.535627:24.560153 46.535940:24.560199
5156,46.545132:24.530976 46.545223:24.531174
5157,46.544847:24.531106 46.545132:24.530976
5158,46.544847:24.531106 46.544884:24.531173 46.544904:24.531220 46.544936:24.531328
5159,46.542306:24.526608 46.542447:24.526851 46.542595:24.527114 46.542715:24.527334 46.543226:24.528238 46.543480:24.528667 46.543580:24.528834 46.543715:24.529097 46.543821:24.529247 46.544102:24.529652 46.544143:24.529737
5160,46.551448:24.541410 46.551459:24.541466
5161,46.551459:24.541466 46.551559:24.541967
5162,46.551559:24.541967 46.551655:24.542451
5163,46.551655:24.542451 46.551717:24.542767 46.551796:24.543167 46.551853:24.543477 46.552056:24.544365
5164,46.558289:24.568712 46.557999:24.569208
5165,46.557393:24.567954 46.557344:24.568079 46.557322:24.568221 46.556986:24.568811
5166,46.557569:24.567793 46.557780:24.568065
5167,46.557780:24.568065 46.557827:24.568128
5168,46.557827:24.568128 46.557978:24.568328 46.558029:24.568391 46.558078:24.568452 46.558119:24.568502 46.558167:24.568561 46.558213:24.568618 46.558289:24.568712
5169,46.558289:24.568712 46.558554:24.569034
5170,46.558554:24.569034 46.558990:24.568239
5171,46.558990:24.568239 46.558728:24.567911
5172,46.558728:24.567911 46.558677:24.567848 46.558630:24.567789 46.558582:24.567729 46.558532:24.567667 46.558482:24.567604 46.558437:24.567548 46.558243:24.567305
5173,46.534605:24.575092 46.534708:24.575359 46.534574:24.575524
5174,46.532057:24.556142 46.531983:24.556270 46.531965:24.556301 46.531880:24.556446 46.531805:24.556573 46.531788:24.556603
5175,46.531647:24.554220 46.531668:24.554255 46.531830:24.554531 46.531984:24.554731 46.531982:24.554824 46.532193:24.555100 46.532233:24.555152
5176,46.537764:24.545564 46.537707:24.545475 46.537597:24.545305 46.537583:24.545285 46.537567:24.545260
5177,46.532272:24.562988 46.532066:24.562725
5178,46.532066:24.562725 46.531997:24.562836
5179,46.531997:24.562836 46.532190:24.563083 46.532202:24.563100
5180,46.532202:24.563100 46.532272:24.562988
5181,46.532472:24.565962 46.532470:24.565902 46.532468:24.565666 46.532467:24.565464 46.532472:24.565422 46.532489:24.565386 46.532513:24.565363 46.532542:24.565355 46.532570:24.565363 46.532595:24.565386 46.532611:24.565422 46.532617:24.565464 46.532618:24.565658 46.532618:24.565799 46.532618:24.565860
5182,46.532495:24.575821 46.532492:24.575764 46.532491:24.575743 46.532491:24.575732 46.532479:24.575467
5183,46.531813:24.572355 46.531854:24.572900 46.531872:24.573311 46.531882:24.573556
5184,46.531633:24.575438 46.531681:24.575435 46.531706:24.575433 46.532302:24.575364 46.532307:24.575567
5185,46.531596:24.574586 46.531633:24.574582 46.531665:24.574579 46.531983:24.574548 46.531992:24.574707
5186,46.532891:24.571150 46.532858:24.571143
5187,46.532858:24.571143 46.532840:24.571140 46.532792:24.571126 46.532735:24.571109
5188,46.532735:24.571109 46.532672:24.571108 46.532503:24.571148 46.532327:24.571188
5189,46.533140:24.571255 46.533184:24.571309 46.533231:24.571410 46.533305:24.571550 46.533347:24.571681
5190,46.531184:24.576901 46.531202:24.577090 46.531182:24.577344
5191,46.531491:24.577949 46.531535:24.577968 46.531568:24.577986 46.531610:24.578010 46.531724:24.578076 46.531751:24.578906
5192,46.537611:24.577251 46.537468:24.577330 46.536825:24.577685 46.536526:24.577849
5193,46.536526:24.577849 46.535939:24.578166 46.535928:24.578173 46.535918:24.578178 46.535884:24.578194
5194,46.535884:24.578194 46.535778:24.578246 46.535748:24.578261 46.535697:24.578347 46.535371:24.578546 46.535245:24.578629 46.535203:24.578657
5195,46.530707:24.593386 46.530751:24.593357 46.530816:24.593242
5196,46.528042:24.552630 46.528070:24.552563 46.528114:24.552486 46.528261:24.552539 46.528452:24.552675
5197,46.533446:24.556613 46.533432:24.556646 46.533424:24.556667 46.533420:24.556687 46.533422:24.556723 46.533465:24.557559
5198,46.533465:24.557559 46.533527:24.558586 46.533534:24.558614 46.533548:24.558638
5199,46.550599:24.553651 46.550880:24.553942
5200,46.550880:24.553942 46.551067:24.554134
5201,46.550918:24.552944 46.550875:24.553028 46.550840:24.553097 46.550764:24.553249 46.551063:24.553587 46.550880:24.553942
5202,46.550767:24.554488 46.550624:24.554354 46.550513:24.554249 46.550472:24.554345
5203,46.550539:24.588707 46.550659:24.588754 46.550716:24.588777 46.550830:24.588860 46.550907:24.588915 46.551653:24.589634 46.551744:24.589657 46.551794:24.589654 46.551831:24.589630
5204,46.551831:24.589630 46.551840:24.589556 46.551840:24.589482 46.551808:24.589364 46.551597:24.588983 46.551576:24.588944 46.551304:24.588675 46.551238:24.588567 46.550938:24.588054 46.550810:24.587863 46.550729:24.587770 46.550632:24.587738
5205,46.550632:24.587738 46.550161:24.587697 46.549979:24.587677 46.549887:24.587654 46.549774:24.587625 46.549542:24.587482 46.549281:24.587244 46.548998:24.587114 46.548938:24.587093 46.548839:24.587058 46.548768:24.587032 46.548692:24.587013 46.548622:24.586996 46.548407:24.586942 46.548269:24.586908 46.548168:24.586883 46.548091:24.586862 46.548078:24.586859 46.547955:24.586836
5206,46.548787:24.618458 46.548899:24.618339 46.549023:24.618247 46.549146:24.618173 46.549232:24.618127 46.549327:24.618088 46.549445:24.618053 46.549563:24.618034 46.549686:24.618028 46.549795:24.618038 46.549933:24.618067 46.550076:24.618116 46.550214:24.618192 46.550332:24.618285 46.550452:24.618403 46.550549:24.618519 46.550733:24.618770
5207,46.550733:24.618770 46.550863:24.619068 46.550965:24.619374 46.551024:24.619686
5208,46.551024:24.619686 46.551035:24.619858 46.551035:24.620037 46.551022:24.620219 46.551007:24.620390 46.550978:24.620581 46.550935:24.620763 46.550875:24.620948 46.550821:24.621085
5209,46.550821:24.621085 46.550745:24.621227 46.550664:24.621361 46.550567:24.621505 46.550475:24.621627
5210,46.559961:24.511260 46.559831:24.511372 46.559521:24.511584 46.559406:24.511605 46.559317:24.511608 46.559227:24.511632 46.559073:24.511709 46.558872:24.511859
5211,46.558872:24.511859 46.558487:24.512072
5212,46.558487:24.512072 46.558308:24.512201 46.558209:24.512263 46.558087:24.512309 46.557823:24.512411 46.557210:24.512550
5213,46.557210:24.512550 46.557012:24.512569
5214,46.557012:24.512569 46.556852:24.512585 46.556671:24.512589 46.556486:24.512576 46.556245:24.512491 46.555939:24.512341 46.555512:24.512070 46.555308:24.511879 46.554991:24.511442 46.554544:24.510900 46.554189:24.510399
5215,46.556311:24.510955 46.556752:24.512252 46.556796:24.512326 46.556865:24.512370 46.556994:24.512461 46.557012:24.512569
5216,46.558872:24.511859 46.558926:24.511960 46.559007:24.512315 46.559076:24.512689
5217,46.559076:24.512689 46.559237:24.513533 46.559399:24.514379
5218,46.581457:24.619901 46.580961:24.620711
5219,46.544660:24.551290 46.544757:24.551348
5220,46.534632:24.579205 46.534548:24.579251 46.534495:24.579043 46.534528:24.579025
5221,46.534528:24.579025 46.534579:24.578997 46.534632:24.579205
5222,46.547730:24.550787 46.547502:24.550908 46.547340:24.550992 46.547366:24.551097 46.547392:24.551196 46.547400:24.551233
5223,46.548449:24.552642 46.548407:24.552656
5224,46.548407:24.552656 46.547930:24.552816 46.547857:24.552782 46.547816:24.552690 46.547788:24.552499
5225,46.547788:24.552499 46.547765:24.552362 46.547780:24.552253 46.547831:24.552188 46.548208:24.552054
5226,46.548208:24.552054 46.548311:24.552007
5227,46.548311:24.552007 46.548500:24.551942
5228,46.547788:24.552499 46.547477:24.552595
5229,46.548311:24.552007 46.548327:24.552131 46.548345:24.552244
5230,46.548345:24.552244 46.548541:24.552180 46.548621:24.552231 46.548778:24.553252 46.548462:24.553294 46.548266:24.553340 46.548197:24.553352 46.548119:24.553380 46.547590:24.553606
5231,46.548886:24.553251 46.549173:24.553213 46.549196:24.553213 46.549238:24.553228
5232,46.546687:24.551629 46.546686:24.551653 46.546685:24.551694 46.546673:24.551991
5233,46.546673:24.551991 46.546667:24.552153 46.546670:24.552181
5234,46.546670:24.552181 46.546682:24.552419 46.546670:24.552664 46.546666:24.552674 46.546658:24.552676 46.546494:24.552660
5235,46.543431:24.544785 46.543450:24.544822 46.543566:24.545099 46.543645:24.545291 46.543715:24.545544 46.543774:24.545725 46.543863:24.545957 46.544085:24.546452 46.544098:24.546488 46.544108:24.546516
5236,46.537493:24.555051 46.537605:24.555198 46.537927:24.554688 46.537959:24.554637 46.537984:24.554596
5237,46.532565:24.590106 46.532223:24.591149 46.532199:24.591221
5238,46.532199:24.591221 46.532126:24.591457 46.532047:24.591713 46.531917:24.592130
5239,46.531917:24.592130 46.531837:24.592390
5240,46.531837:24.592390 46.531760:24.592635 46.531639:24.593026 46.531632:24.593050
5241,46.531632:24.593050 46.531532:24.593375
5242,46.531532:24.593375 46.531489:24.593526
5243,46.531489:24.593526 46.531448:24.593672
5244,46.532822:24.589212 46.532809:24.589294 46.532800:24.589351 46.532764:24.589510
5245,46.533013:24.588785 46.532969:24.588886 46.532931:24.588957 46.532891:24.589023
5246,46.533003:24.589073 46.532998:24.588982 46.533001:24.588877 46.533013:24.588785
5247,46.533168:24.589342 46.533315:24.589445
5248,46.533315:24.589445 46.533436:24.589535 46.533540:24.589611
5249,46.533540:24.589611 46.533634:24.589694 46.533686:24.589757 46.533725:24.589820 46.533767:24.589903
5250,46.533767:24.589903 46.533807:24.589999 46.533843:24.590090 46.533930:24.590337
5251,46.533930:24.590337 46.533938:24.590359
5252,46.533938:24.590359 46.534110:24.590812
5253,46.534110:24.590812 46.534147:24.590918
5254,46.532952:24.589314 46.533021:24.589302 46.533075:24.589310 46.533168:24.589342
5255,46.533168:24.589342 46.533095:24.589254 46.533057:24.589194 46.533022:24.589125
5256,46.533022:24.589125 46.533013:24.589101 46.533003:24.589073
5257,46.532822:24.589212 46.532840:24.589264 46.532872:24.589302 46.532911:24.589320
5258,46.532891:24.589023 46.532856:24.589050 46.532830:24.589093 46.532818:24.589153 46.532822:24.589212
5259,46.545953:24.554785 46.545930:24.554792
5260,46.545930:24.554792 46.545912:24.554810
5261,46.545912:24.554810 46.545899:24.554834 46.545894:24.554863 46.545895:24.554893 46.545904:24.554920
5262,46.545904:24.554920 46.545916:24.554940 46.545931:24.554954
5263,46.545931:24.554954 46.545950:24.554960 46.545968:24.554957 46.545986:24.554947
5264,46.545986:24.554947 46.545995:24.554936
5265,46.545995:24.554936 46.546004:24.554919 46.546010:24.554901
5266,46.546995:24.554085 46.547022:24.554068 46.547088:24.554030
5267,46.547088:24.554030 46.547618:24.553788 46.547727:24.553741
5268,46.547727:24.553741 46.548005:24.553615 46.548153:24.553565 46.548321:24.553540 46.548527:24.553534
5269,46.548527:24.553534 46.548694:24.553528 46.548925:24.553521 46.549097:24.553534
5270,46.545912:24.554810 46.545720:24.554955
5271,46.546010:24.554901 46.546049:24.554807 46.546140:24.554693
5272,46.545720:24.554955 46.545843:24.554930 46.545904:24.554920
5273,46.545901:24.555215 46.545967:24.555006 46.545986:24.554947
5274,46.545931:24.554954 46.545901:24.555215
5275,46.533306:24.545027 46.533638:24.545452
5276,46.533453:24.544731 46.533414:24.544788 46.533326:24.544927 46.533309:24.544974 46.533306:24.545027
5277,46.533306:24.545027 46.533322:24.545425
5278,46.549498:24.634206 46.549485:24.634087 46.549368:24.633456
5279,46.549368:24.633456 46.549221:24.633071 46.549119:24.632826
5280,46.549119:24.632826 46.548994:24.632617 46.548866:24.632452 46.548757:24.632352 46.548592:24.632235 46.548126:24.631986
5281,46.548126:24.631986 46.547975:24.631883 46.547885:24.631796 46.547806:24.631686 46.547673:24.631439 46.547036:24.630195 46.546809:24.629748 46.546647:24.629455 46.546579:24.629349 46.546517:24.629313
5282,46.549240:24.634784 46.549266:24.634748
5283,46.551418:24.638129 46.551494:24.638089
5284,46.553688:24.637444 46.553660:24.637392 46.553357:24.637212 46.553224:24.637050 46.553038:24.636742 46.552704:24.636013 46.552522:24.635682 46.552139:24.634937 46.551942:24.634640 46.551678:24.634370 46.551561:24.634314
5285,46.551561:24.634314 46.551373:24.634320 46.551276:24.634352
5286,46.551276:24.634352 46.550333:24.634773
5287,46.541844:24.547548 46.541906:24.547671 46.541963:24.547782 46.542030:24.547913 46.541775:24.548195 46.541745:24.548228 46.541739:24.548235 46.541714:24.548263
5288,46.541465:24.547277 46.541488:24.547324 46.541616:24.547546 46.541844:24.547548
5289,46.541844:24.547548 46.541905:24.547549 46.542191:24.547553 46.542360:24.547555 46.542488:24.547781
5290,46.535738:24.585387 46.535656:24.585573
5291,46.536122:24.587191 46.536246:24.587310 46.536380:24.587438 46.536504:24.587556
5292,46.537137:24.586166 46.537063:24.586335 46.536938:24.586227
5293,46.539174:24.583417 46.539176:24.582874 46.539214:24.582786 46.539211:24.582660 46.539211:24.582636
5294,46.536216:24.582617 46.535820:24.583115
5295,46.535820:24.583115 46.535791:24.583219 46.535796:24.583351 46.535834:24.583447 46.536051:24.583774 46.536070:24.583804
5296,46.539911:24.580581 46.539892:24.580582 46.539676:24.580592
5297,46.524112:24.548008 46.524068:24.548071 46.523859:24.548371 46.523699:24.548200
5298,46.523699:24.548200 46.523359:24.548409
5299,46.538403:24.586370 46.538266:24.586646 46.538250:24.586679
5300,46.538111:24.586077 46.538028:24.585998 46.537868:24.586293 46.537718:24.586589 46.537594:24.586842 46.537582:24.586898
5301,46.540253:24.580191 46.540261:24.580582 46.540260:24.580690 46.540261:24.580794 46.540219:24.580985 46.540164:24.581135 46.540140:24.581176 46.540038:24.581252 46.539995:24.581285
5302,46.534341:24.588576 46.534363:24.588652
5303,46.534363:24.588652 46.534518:24.589166
5304,46.534363:24.588652 46.534736:24.588404 46.534986:24.588238
5305,46.533932:24.589538 46.533965:24.589517 46.534462:24.589201 46.534518:24.589166
5306,46.579610:24.618959 46.580066:24.618226 46.580136:24.618173 46.580213:24.618216 46.581135:24.619453
5307,46.581135:24.619453 46.581457:24.619901
5308,46.581457:24.619901 46.581932:24.620546
5309,46.581932:24.620546 46.582008:24.620648 46.583046:24.622067 46.583631:24.622848 46.583638:24.622887 46.583624:24.622926 46.583562:24.623043 46.583555:24.623086 46.583570:24.623120 46.583691:24.623295
5310,46.548054:24.571959 46.547941:24.572052 46.547920:24.572069 46.547863:24.572116
5311,46.548080:24.568568 46.548073:24.568453 46.547780:24.568025
5312,46.548299:24.566940 46.548379:24.566947 46.548459:24.566954
5313,46.548244:24.569400 46.548318:24.569404 46.548392:24.569409
5314,46.548305:24.566717 46.548365:24.566722 46.548385:24.566724 46.548465:24.566731
5315,46.505202:24.630688 46.505175:24.630767 46.505149:24.630822 46.505099:24.630862 46.505031:24.630866 46.504890:24.630823 46.504807:24.630800 46.504033:24.630774 46.503948:24.630787 46.503895:24.630830 46.503842:24.630946 46.503808:24.631141 46.503612:24.632216 46.503570:24.633291 46.503419:24.633858 46.503325:24.634117 46.503222:24.634323 46.503191:24.634563 46.503208:24.635199 46.503195:24.635478 46.503081:24.636628 46.502997:24.637242 46.502982:24.637451 46.502987:24.637671 46.503060:24.638958 46.503097:24.639300 46.503205:24.639692 46.503248:24.639834 46.503306:24.639925 46.503374:24.639975 46.503525:24.640078
5316,46.523840:24.602655 46.524309:24.603711 46.524310:24.603740 46.524259:24.603791 46.524250:24.603819 46.524507:24.604411 46.524510:24.604435 46.524506:24.604456 46.524449:24.604511
5317,46.524449:24.604511 46.524197:24.604753
5318,46.524449:24.604511 46.524696:24.605077
5319,46.549253:24.560449 46.549295:24.560431 46.549330:24.560407 46.549413:24.560327 46.549434:24.560307 46.549466:24.560293 46.549499:24.560289 46.549563:24.560310 46.549600:24.560338 46.549624:24.560376 46.549630:24.560404
5320,46.549407:24.574544 46.549953:24.574859 46.549989:24.574879
5321,46.549071:24.575270 46.549082:24.575230 46.549092:24.575197 46.549139:24.575027 46.549157:24.574961 46.549395:24.575108
5322,46.559184:24.576764 46.559132:24.576886
5323,46.559132:24.576886 46.559133:24.576920 46.559164:24.577066 46.559163:24.577099 46.559083:24.577276 46.559061:24.577323 46.559024:24.577399
5324,46.535383:24.591796 46.535369:24.591821
5325,46.535369:24.591821 46.535354:24.591849 46.535298:24.591960
5326,46.535298:24.591960 46.535271:24.592009 46.535204:24.592131
5327,46.535204:24.592131 46.535067:24.592291 46.534902:24.592404 46.534737:24.592490 46.534714:24.592503 46.534662:24.592530
5328,46.548527:24.553534 46.548527:24.553596 46.548527:24.553639 46.548524:24.553891 46.548486:24.554316 46.548377:24.554363
5329,46.548718:24.554890 46.548278:24.555039 46.548252:24.555053 46.548210:24.555112 46.548129:24.555202 46.547865:24.555201 46.547814:24.555202 46.547755:24.555200
5330,46.559094:24.549194 46.559145:24.549112
5331,46.559145:24.549112 46.559456:24.548616
5332,46.561189:24.546043 46.560862:24.546496 46.560808:24.546539 46.560786:24.546508 46.560687:24.546367 46.560668:24.546340 46.560505:24.546110
5333,46.560505:24.546110 46.560494:24.546094 46.560748:24.545725
5334,46.560748:24.545725 46.560957:24.545421 46.560979:24.545453
5335,46.560979:24.545453 46.560993:24.545474 46.561181:24.545732 46.561278:24.545873
5336,46.561278:24.545873 46.561315:24.545927 46.561511:24.545652 46.561543:24.545607
5337,46.567284:24.544566 46.567374:24.544748 46.567751:24.545495
5338,46.560517:24.545396 46.560548:24.545439 46.560748:24.545725
5339,46.560274:24.546445 46.560301:24.546406 46.560505:24.546110
5340,46.566977:24.545061 46.567717:24.546536
5341,46.561206:24.545125 46.561171:24.545175 46.561012:24.545406 46.560979:24.545453
5342,46.560752:24.542864 46.560723:24.542828 46.560547:24.542629 46.560516:24.542591
5343,46.563016:24.546825 46.562932:24.547052 46.562752:24.547608 46.562679:24.547818
5344,46.558456:24.546779 46.558377:24.546675
5345,46.558377:24.546675 46.558226:24.546457
5346,46.571572:24.551391 46.571574:24.551113 46.571580:24.550909 46.571587:24.550710 46.571600:24.550505 46.571610:24.550412 46.571613:24.550358 46.571612:24.550320 46.571608:24.550296
5347,46.551977:24.535740 46.551991:24.535722 46.552893:24.535436
5348,46.566290:24.546752 46.566427:24.547160 46.566546:24.547426 46.566622:24.547618 46.566662:24.547736 46.566668:24.547802 46.566676:24.547876
5349,46.559024:24.548471 46.559103:24.548582 46.559114:24.548598 46.559149:24.548685 46.559165:24.548776 46.559160:24.548888 46.559140:24.549000 46.559094:24.549194
5350,46.564587:24.550851 46.564576:24.550679 46.564518:24.549804
5351,46.564518:24.549804 46.564478:24.549119 46.564477:24.549085
5352,46.564477:24.549085 46.564458:24.548693
5353,46.564458:24.548693 46.564439:24.548206
5354,46.564439:24.548206 46.564435:24.548112 46.564433:24.548061 46.564429:24.547946
5355,46.561298:24.549091 46.561000:24.548937
5356,46.561000:24.548937 46.560910:24.549289
5357,46.560910:24.549289 46.561215:24.549446
5358,46.561215:24.549446 46.561298:24.549091
5359,46.561947:24.549703 46.561992:24.549482 46.562010:24.549399
5360,46.562549:24.549647 46.562538:24.549711 46.562491:24.549937
5361,46.562491:24.549937 46.562523:24.549954 46.562463:24.550248
5362,46.562491:24.549937 46.562138:24.549777
5363,46.562138:24.549777 46.562118:24.549772 46.561947:24.549703
5364,46.561947:24.549703 46.561752:24.549634 46.561723:24.549651
5365,46.561723:24.549651 46.561539:24.549565
5366,46.554075:24.547438 46.554083:24.547562 46.554107:24.547624
5367,46.554107:24.547624 46.554142:24.547713 46.554292:24.548038 46.554342:24.548164 46.554361:24.548290 46.554379:24.548425
5368,46.554379:24.548425 46.554404:24.548738 46.554409:24.548991 46.554394:24.549128 46.554362:24.549262 46.554350:24.549321
5369,46.554350:24.549321 46.554335:24.549396 46.554332:24.549518 46.554339:24.549596 46.554356:24.549681 46.554398:24.549759 46.554429:24.549841 46.554441:24.549874 46.554457:24.549921 46.554478:24.550035 46.554486:24.550179 46.554489:24.550220
5370,46.554489:24.550220 46.554500:24.550369
5371,46.554500:24.550369 46.554512:24.550500 46.554539:24.550673
5372,46.554379:24.548425 46.554409:24.548421 46.555045:24.548309
5373,46.556813:24.549703 46.556792:24.549848 46.556822:24.550583 46.556823:24.550610 46.556827:24.550724
5374,46.560694:24.548796 46.560619:24.548760
5375,46.560619:24.548760 46.560352:24.548635 46.560222:24.548575
5376,46.555849:24.547900 46.556169:24.547907
5377,46.560619:24.548760 46.560656:24.548573
5378,46.560656:24.548573 46.560869:24.548665
5379,46.558340:24.548677 46.558163:24.549487 46.558115:24.549524 46.556884:24.548928
5380,46.555774:24.553765 46.555904:24.553640 46.555970:24.553514 46.556198:24.553277 46.556573:24.553180
5381,46.556922:24.548747 46.556884:24.548928
5382,46.556884:24.548928 46.556536:24.550375 46.556500:24.550586 46.556504:24.550729 46.556506:24.550738 46.556532:24.550855
5383,46.556719:24.555584 46.556736:24.555572 46.556851:24.555569 46.556852:24.555732 46.557670:24.555753 46.557673:24.555650
5384,46.557673:24.555650 46.557677:24.555526
5385,46.557493:24.548268 46.558340:24.548677
5386,46.558340:24.548677 46.558507:24.548797 46.558546:24.548842
5387,46.559768:24.548774 46.559788:24.548741 46.559967:24.548485 46.560035:24.548428 46.560125:24.548376 46.560168:24.548365 46.560215:24.548375 46.560656:24.548573
5388,46.595914:24.621305 46.596016:24.621138
5389,46.532663:24.558858 46.532747:24.558852 46.533020:24.559188 46.533031:24.559311
5390,46.531847:24.557848 46.531846:24.557958 46.531865:24.558052 46.532050:24.558271 46.532326:24.558608 46.532450:24.558754 46.532515:24.558758 46.532581:24.558766
5391,46.534537:24.576640 46.534530:24.576500 46.534523:24.576414
5392,46.526738:24.555272 46.526567:24.555066
5393,46.526567:24.555066 46.526395:24.554861 46.526332:24.554861 46.526309:24.554831 46.526271:24.554782
5394,46.527096:24.554635 46.527062:24.554696 46.526822:24.555124 46.526738:24.555272
5395,46.530215:24.561274 46.530499:24.561390 46.530442:24.561747 46.530152:24.561652
5396,46.526985:24.599029 46.527048:24.599053 46.527165:24.599097 46.527835:24.598333 46.527822:24.598224 46.527813:24.598145
5397,46.513524:24.515211 46.513564:24.515318 46.513624:24.515402 46.513698:24.515458
5398,46.513698:24.515458 46.513769:24.515479 46.513841:24.515472
5399,46.513841:24.515472 46.513914:24.515437 46.513977:24.515375 46.514027:24.515290
5400,46.514027:24.515290 46.514062:24.515174 46.514071:24.515048 46.514053:24.514924 46.514010:24.514814 46.513947:24.514728 46.513868:24.514675 46.513782:24.514658 46.513696:24.514681
5401,46.513696:24.514681 46.513637:24.514722 46.513587:24.514782 46.513547:24.514857
5402,46.513547:24.514857 46.513514:24.514970 46.513507:24.515092
5403,46.513507:24.515092 46.513524:24.515211
5404,46.525639:24.554650 46.525613:24.554586 46.525588:24.554528 46.525577:24.554502 46.525462:24.554229 46.525432:24.554156
5405,46.525432:24.554156 46.525225:24.553648
5406,46.541098:24.559307 46.541177:24.559408 46.541421:24.559716
5407,46.541421:24.559716 46.541449:24.559753
5408,46.565988:24.544556 46.565966:24.544594 46.565511:24.545254 46.565005:24.546038
5409,46.565005:24.546038 46.564189:24.547285 46.563888:24.547729 46.563863:24.547773 46.563850:24.547808 46.563831:24.547862
5410,46.526934:24.600702 46.527126:24.600547
5411,46.527059:24.600368 46.528230:24.599235
5412,46.526977:24.600200 46.528155:24.599054
5413,46.526934:24.600702 46.526622:24.599838 46.526590:24.599598 46.526576:24.599497
5414,46.526438:24.599666 46.526466:24.599727 46.526536:24.599879 46.526934:24.600702
5415,46.528307:24.599398 46.528230:24.599235
5416,46.528230:24.599235 46.528155:24.599054
5417,46.528155:24.599054 46.528090:24.598913 46.528052:24.598914 46.526924:24.599991 46.526916:24.600069 46.526977:24.600200
5418,46.526977:24.600200 46.527059:24.600368
5419,46.527059:24.600368 46.527126:24.600547
5420,46.528307:24.599398 46.528511:24.599204 46.528080:24.598381 46.528046:24.598316
5421,46.525608:24.537081 46.525750:24.537363 46.525589:24.537543
5422,46.537696:24.572341 46.537628:24.572356 46.537453:24.572395 46.537233:24.572444 46.537122:24.572468
5423,46.526512:24.524367 46.526575:24.524495
5424,46.528081:24.522023 46.528221:24.522308 46.528346:24.522571
5425,46.530844:24.538843 46.530859:24.538946 46.530854:24.539046 46.530820:24.539142 46.530781:24.539212 46.530732:24.539304
5426,46.531005:24.539215 46.530910:24.539231 46.530845:24.539247 46.530732:24.539304
5427,46.547647:24.587856 46.547353:24.587537
5428,46.547353:24.587537 46.547117:24.587381 46.546827:24.587034
5429,46.542712:24.588334 46.542621:24.588585 46.542480:24.588824 46.542383:24.588926 46.541731:24.589277 46.541541:24.589370 46.541297:24.589484
5430,46.541297:24.589484 46.541200:24.589572 46.541038:24.589716 46.540841:24.589898 46.540743:24.590041 46.540716:24.590201 46.540707:24.590380 46.540715:24.590582 46.540739:24.591204 46.540836:24.591513
5431,46.540836:24.591513 46.541169:24.592176 46.541209:24.592271
5432,46.539956:24.592598 46.540259:24.592551 46.540651:24.592518 46.540936:24.592446 46.541209:24.592271
5433,46.545643:24.589397 46.546123:24.588907 46.546138:24.588891
5434,46.546138:24.588891 46.546749:24.588283 46.547044:24.588068 46.547224:24.587938
5435,46.547565:24.587913 46.547201:24.587913
5436,46.545851:24.588202 46.546138:24.588891
5437,46.545766:24.588187 46.545763:24.588221 46.545648:24.589350 46.545643:24.589397
5438,46.536903:24.598688 46.536711:24.598821 46.536665:24.598852 46.536651:24.598861
5439,46.536917:24.599031 46.536804:24.599115 46.536760:24.599146 46.536744:24.599159
5440,46.538652:24.591232 46.537967:24.592325 46.537833:24.592555 46.537735:24.592775
5441,46.547647:24.587856 46.547628:24.587856 46.547609:24.587862 46.547592:24.587874 46.547577:24.587892 46.547565:24.587913
5442,46.547565:24.587913 46.547553:24.587963 46.547556:24.588016 46.547575:24.588061 46.547605:24.588091 46.547640:24.588100
5443,46.525225:24.553648 46.525301:24.553511
5444,46.525301:24.553511 46.525529:24.553791
5445,46.525529:24.553791 46.525577:24.553851 46.525432:24.554156
5446,46.531738:24.562320 46.531773:24.562363 46.531928:24.562555 46.531955:24.562589 46.532011:24.562658 46.532066:24.562725
5447,46.536315:24.596559 46.536135:24.595984
5448,46.536135:24.595984 46.536075:24.595790 46.536011:24.595582 46.536256:24.595427
5449,46.536256:24.595427 46.536549:24.595246 46.536577:24.595182 46.536602:24.595124
5450,46.519906:24.507405 46.519720:24.507033 46.519680:24.507016 46.519640:24.507024 46.519532:24.507149 46.519478:24.507251 46.519458:24.507343 46.519458:24.507470 46.519484:24.507553 46.519578:24.507740
5451,46.526100:24.602511 46.526013:24.602329
5452,46.526013:24.602329 46.525934:24.602162
5453,46.525934:24.602162 46.525857:24.601999
5454,46.525857:24.601999 46.525770:24.601816
5455,46.525770:24.601816 46.525673:24.601610
5456,46.525673:24.601610 46.525580:24.601415
5457,46.525580:24.601415 46.525495:24.601235
5458,46.525495:24.601235 46.525400:24.601035 46.524780:24.601666
5459,46.528020:24.540813 46.527904:24.540586 46.527369:24.541165
5460,46.527369:24.541165 46.527307:24.541240 46.527273:24.541325 46.527265:24.541414 46.527281:24.541470 46.527323:24.541545 46.527348:24.541631 46.527338:24.541722 46.527285:24.541793 46.527069:24.541978 46.527020:24.542019
5461,46.513781:24.606123 46.514278:24.605529 46.514351:24.605481 46.514427:24.605473 46.514496:24.605515 46.514661:24.605810
5462,46.514661:24.605810 46.514793:24.606046 46.514837:24.606162 46.514829:24.606282 46.514791:24.606371 46.514657:24.606537
5463,46.514657:24.606537 46.514184:24.607095
5464,46.523726:24.524164 46.523345:24.524496 46.523195:24.524142
5465,46.530121:24.561842 46.530152:24.561652
5466,46.530152:24.561652 46.530215:24.561274
5467,46.530215:24.561274 46.530271:24.560934 46.529964:24.560818
5468,46.527289:24.544445 46.527379:24.544442 46.527468:24.544615 46.527481:24.544711 46.527452:24.544836 46.527326:24.545010
5469,46.527326:24.545010 46.526697:24.545749
5470,46.526697:24.545749 46.526789:24.545932
5471,46.506471:24.498489 46.506397:24.498500 46.506334:24.498417 46.505678:24.496911 46.505536:24.496540 46.505375:24.495789
5472,46.528342:24.554996 46.528118:24.554719 46.528053:24.554824
5473,46.528053:24.554824 46.527963:24.554715 46.527678:24.555212 46.527975:24.555581
5474,46.525377:24.533017 46.525459:24.533006 46.525882:24.532503 46.525897:24.532405 46.525846:24.532301 46.525707:24.532101 46.525638:24.532032
5475,46.525638:24.532032 46.525548:24.531941 46.525409:24.531833
5476,46.531227:24.573150 46.531249:24.573107 46.531264:24.573079 46.531407:24.573064 46.531462:24.573058 46.531467:24.573197 46.531475:24.573425
5477,46.531475:24.573425 46.531480:24.573555
5478,46.531480:24.573555 46.531498:24.573551 46.531543:24.573540
5479,46.526714:24.507370 46.526711:24.507575
5480,46.526711:24.507575 46.526692:24.508581
5481,46.526692:24.508581 46.526689:24.508761
5482,46.526689:24.508761 46.526685:24.509275 46.526702:24.509324 46.526738:24.509339 46.527123:24.509353 46.527529:24.509383
5483,46.599916:24.630877 46.599791:24.630716 46.599658:24.630925 46.598797:24.632340 46.598803:24.632677
5484,46.567152:24.580533 46.567249:24.580762 46.567612:24.580476
5485,46.567612:24.580476 46.567863:24.580282
5486,46.567863:24.580282 46.568360:24.579841
5487,46.568360:24.579841 46.568451:24.579760
5488,46.571704:24.553022 46.571687:24.552871 46.571709:24.552723 46.571981:24.552186 46.572048:24.552120 46.572128:24.552099 46.572205:24.552136 46.572492:24.552436
5489,46.549630:24.560404 46.549631:24.560434 46.549622:24.560466 46.549596:24.560503 46.549559:24.560523 46.549507:24.560522 46.549337:24.560467 46.549299:24.560452 46.549253:24.560449
5490,46.549253:24.560449 46.549183:24.560454 46.549165:24.560458 46.549148:24.560462 46.549123:24.560480 46.549016:24.560613
5491,46.534961:24.549862 46.535031:24.549758 46.535452:24.549129 46.535531:24.549010
5492,46.553660:24.502123 46.553657:24.502058 46.553628:24.502010 46.553585:24.502008 46.553552:24.502038 46.553538:24.502092 46.553536:24.502152 46.553491:24.502246
5493,46.545062:24.536485 46.545088:24.536496 46.545121:24.536494 46.545177:24.536434 46.545256:24.536335 46.545276:24.536282 46.545268:24.536216 46.545199:24.536094
5494,46.547955:24.586836 46.547843:24.586937 46.547774:24.586967 46.547706:24.586984 46.547453:24.587010
5495,46.537994:24.573611 46.537926:24.573119
5496,46.538368:24.551684 46.538388:24.551659 46.538403:24.551640 46.538863:24.551074 46.538875:24.551058 46.538885:24.551045
5497,46.539638:24.576390 46.539589:24.576427 46.539550:24.576480 46.539518:24.576542 46.539503:24.576605
5498,46.507060:24.619788 46.507102:24.619873 46.507136:24.619942 46.507152:24.619975 46.507339:24.619778
5499,46.507339:24.619778 46.507585:24.619518
5500,46.507339:24.619778 46.507497:24.620093
5501,46.532164:24.589253 46.532123:24.589225 46.531868:24.589034 46.531837:24.589011 46.531792:24.588978 46.531784:24.588972
5502,46.531784:24.588972 46.531775:24.588966
5503,46.531775:24.588966 46.531768:24.588960 46.531597:24.588833 46.531563:24.588808 46.531524:24.588778
5504,46.531524:24.588778 46.531488:24.588756 46.531422:24.588721 46.531354:24.588686 46.531310:24.588664 46.531285:24.588655
5505,46.530992:24.591148 46.531061:24.591092 46.531124:24.591020
5506,46.531124:24.591020 46.531331:24.590635 46.531594:24.590198
5507,46.531594:24.590198 46.531652:24.590108
5508,46.531652:24.590108 46.531807:24.589860 46.531930:24.589657 46.532043:24.589469 46.532093:24.589384
5509,46.532093:24.589384 46.532142:24.589294 46.532164:24.589253
5510,46.531398:24.591367 46.531337:24.591320 46.531307:24.591269 46.531249:24.591175
5511,46.531249:24.591175 46.531166:24.591056 46.531150:24.591042 46.531124:24.591020
5512,46.531503:24.591837 46.531420:24.592067 46.531333:24.592309 46.531282:24.592450
5513,46.532093:24.589384 46.532108:24.589444 46.532120:24.589493 46.532192:24.589761 46.532142:24.589908 46.532067:24.590122 46.531994:24.590334 46.531961:24.590427
5514,46.531027:24.591854 46.531045:24.591803 46.531066:24.591746 46.531095:24.591663 46.531117:24.591601 46.531144:24.591525 46.531187:24.591405 46.531194:24.591383 46.531205:24.591354
5515,46.524042:24.542148 46.524073:24.542242
5516,46.524073:24.542242 46.524658:24.541823 46.524775:24.541713 46.524920:24.541553
5517,46.550616:24.578781 46.550323:24.578443 46.549930:24.578056 46.549532:24.577697
5518,46.510841:24.518517 46.510915:24.518355 46.510998:24.518228 46.511265:24.517905 46.511727:24.517416 46.511824:24.517320 46.512544:24.516606 46.513148:24.515952
5519,46.568053:24.572908 46.568293:24.573311 46.568695:24.573777 46.568913:24.573964 46.570131:24.575484 46.570259:24.575625 46.570476:24.575778 46.570794:24.576030 46.571350:24.576462
5520,46.571350:24.576462 46.571872:24.575075
5521,46.530975:24.594649 46.531022:24.594631 46.531062:24.594592 46.531092:24.594537 46.531109:24.594471
5522,46.545544:24.629453 46.545518:24.629734 46.545534:24.630395 46.545521:24.630820 46.545627:24.631634 46.545659:24.631969 46.545662:24.632319 46.545644:24.633850
5523,46.545644:24.633850 46.545646:24.634230 46.545651:24.634792
5524,46.545651:24.634792 46.545569:24.635762 46.545476:24.636402
5525,46.545476:24.636402 46.546458:24.636592
5526,46.550044:24.628412 46.550813:24.630473 46.551262:24.631380
5527,46.550650:24.627589 46.551219:24.629072 46.551378:24.629430 46.551654:24.630119
5528,46.545476:24.636402 46.545232:24.636311 46.545091:24.636264 46.544924:24.636269 46.544626:24.636356
5529,46.544626:24.636356 46.544588:24.635946 46.544582:24.634547 46.544596:24.633829 46.544597:24.633731
5530,46.544597:24.633731 46.544609:24.632482
5531,46.553688:24.637444 46.554107:24.637456 46.554479:24.637496 46.554835:24.637512 46.555048:24.637512 46.555402:24.637456
5532,46.555402:24.637456 46.556126:24.637377
5533,46.510285:24.518692 46.510310:24.518799 46.510354:24.518892 46.510414:24.518964 46.510484:24.519010 46.510582:24.519026 46.510678:24.518992 46.510760:24.518913 46.510819:24.518797 46.510847:24.518660 46.510841:24.518517
5534,46.510841:24.518517 46.510813:24.518412 46.510766:24.518322 46.510705:24.518254
5535,46.510705:24.518254 46.510636:24.518214 46.510563:24.518200 46.510490:24.518215
5536,46.510490:24.518215 46.510420:24.518257 46.510361:24.518325 46.510316:24.518413
5537,46.510316:24.518413 46.510292:24.518494 46.510281:24.518580 46.510285:24.518692
5538,46.531400:24.593848 46.531298:24.593993
5539,46.531298:24.593993 46.531229:24.594119 46.531182:24.594180 46.531130:24.594224 46.531050:24.594273
5540,46.531109:24.594471 46.531192:24.594358 46.531267:24.594247 46.531368:24.594049 46.531400:24.593848
5541,46.530749:24.593513 46.530779:24.593631 46.530800:24.593711
5542,46.530800:24.593711 46.530862:24.593954 46.530879:24.594131 46.530884:24.594273
5543,46.531008:24.594246 46.530969:24.594094 46.530934:24.593975 46.530793:24.593622 46.530749:24.593513
5544,46.528030:24.597952 46.527897:24.598059 46.527813:24.598145
5545,46.527813:24.598145 46.527670:24.598289 46.527493:24.598472
5546,46.530842:24.594549 46.530724:24.594827 46.530711:24.594858 46.530654:24.594986 46.530617:24.595145
5547,46.530617:24.595145 46.530720:24.595061 46.530771:24.594977 46.530788:24.594949 46.530847:24.594852
5548,46.530847:24.594852 46.530903:24.594762 46.530975:24.594649
5549,46.530868:24.594293 46.530850:24.594320 46.530832:24.594367 46.530824:24.594427
5550,46.530842:24.594549 46.530872:24.594603 46.530900:24.594630 46.530935:24.594646 46.530975:24.594649
5551,46.539032:24.560205 46.538968:24.560146 46.538946:24.560125
5552,46.538946:24.560125 46.538852:24.560039
5553,46.538852:24.560039 46.538528:24.559736 46.538494:24.559708 46.538473:24.559694
5554,46.531098:24.582877 46.531025:24.582811 46.530946:24.582796 46.530889:24.582819 46.530834:24.582857 46.530777:24.582944
5555,46.530777:24.582944 46.530738:24.582998 46.530638:24.583125 46.530497:24.583296
5556,46.530497:24.583296 46.530396:24.583376 46.530359:24.583414
5557,46.529594:24.584415 46.529224:24.586061 46.529066:24.586792 46.529012:24.587057 46.528939:24.587381 46.528915:24.587546
5558,46.528915:24.587546 46.528899:24.587761 46.528901:24.587924 46.528920:24.588093 46.528966:24.588359 46.529027:24.588627 46.529158:24.589028 46.529357:24.589620 46.529617:24.590324 46.529837:24.590956 46.529939:24.591256
5559,46.529939:24.591256 46.530118:24.591779
5560,46.530118:24.591779 46.530275:24.592233
5561,46.530275:24.592233 46.530426:24.592645
5562,46.530426:24.592645 46.530633:24.593201 46.530707:24.593386
5563,46.530707:24.593386 46.530749:24.593513
5564,46.530043:24.581163 46.530035:24.581607
5565,46.530035:24.581607 46.530029:24.581955
5566,46.530029:24.581955 46.530018:24.582217 46.529985:24.582507
5567,46.529985:24.582507 46.529891:24.582994 46.529738:24.583700 46.529594:24.584415
5568,46.543173:24.551051 46.542632:24.550005 46.542230:24.549228 46.542158:24.549088
5569,46.542158:24.549088 46.541719:24.548273
5570,46.541719:24.548273 46.541714:24.548263
5571,46.541714:24.548263 46.541367:24.547620 46.541301:24.547497
5572,46.541301:24.547497 46.540994:24.546992 46.540760:24.546609
5573,46.540760:24.546609 46.540208:24.545713
5574,46.532631:24.551436 46.532692:24.551517 46.532932:24.551832 46.533065:24.551986 46.533073:24.551993 46.533251:24.552138
5575,46.532795:24.551445 46.532499:24.551110
5576,46.551870:24.574273 46.551970:24.573917 46.551997:24.573821 46.551887:24.573753 46.551966:24.573459 46.551773:24.573336
5577,46.551290:24.572723 46.551204:24.573038
5578,46.554617:24.576244 46.554489:24.576464
5579,46.557012:24.576724 46.556815:24.576307
5580,46.556815:24.576307 46.556649:24.576467 46.556636:24.576439 46.556544:24.576240 46.556528:24.576206
5581,46.551097:24.572969 46.551182:24.572660 46.551290:24.572723
5582,46.551290:24.572723 46.551460:24.572824
5583,46.551460:24.572824 46.552110:24.573211
5584,46.544847:24.531106 46.544507:24.530645 46.544344:24.530397 46.544263:24.530242 46.544230:24.530119
5585,46.553398:24.577103 46.553333:24.577216 46.553303:24.577268 46.553266:24.577334
5586,46.553993:24.578008 46.553964:24.578053 46.553922:24.578120
5587,46.552870:24.575816 46.552881:24.575829 46.553016:24.575991 46.553043:24.576024
5588,46.553387:24.575512 46.553279:24.575709 46.553201:24.575858 46.553102:24.576026
5589,46.553485:24.577597 46.553528:24.577519 46.553917:24.576794
5590,46.553917:24.576794 46.553991:24.576657
5591,46.553991:24.576657 46.553748:24.576348
5592,46.509591:24.580944 46.508956:24.580469 46.508486:24.580261 46.507950:24.580228 46.507514:24.580519 46.507410:24.580721 46.507410:24.581208
5593,46.522709:24.599023 46.522911:24.599050 46.523240:24.599089 46.523443:24.599107 46.523472:24.599059
5594,46.535336:24.561901 46.535121:24.561982 46.534894:24.561764
5595,46.509551:24.614365 46.508671:24.615517 46.508489:24.615762
5596,46.508837:24.613433 46.508181:24.614494
5597,46.599840:24.634390 46.599795:24.634465 46.599776:24.634559
5598,46.599776:24.634559 46.599782:24.634649 46.599811:24.634728 46.599856:24.634786 46.599912:24.634817 46.599972:24.634816
5599,46.599972:24.634816 46.600028:24.634784 46.600072:24.634726 46.600099:24.634649 46.600105:24.634599 46.600105:24.634548 46.600096:24.634499 46.600081:24.634453 46.600060:24.634414 46.600034:24.634381 46.600003:24.634357 46.599970:24.634343 46.599935:24.634339 46.599900:24.634346
5600,46.599900:24.634346 46.599840:24.634390
5601,46.532395:24.579012 46.532366:24.578314
5602,46.532949:24.586618 46.532737:24.586454 46.532642:24.586721 46.532637:24.586735
5603,46.532296:24.582787 46.532068:24.582555 46.531858:24.582888 46.531831:24.582933 46.531824:24.582944
5604,46.533116:24.586175 46.533046:24.586360
5605,46.533046:24.586360 46.532949:24.586618
5606,46.532949:24.586618 46.532848:24.586885 46.533172:24.587123 46.533427:24.586424 46.533645:24.586593 46.533744:24.586671
5607,46.536498:24.588904 46.536457:24.588980 46.536315:24.589248 46.536172:24.589521
5608,46.536184:24.590218 46.536131:24.590162 46.535989:24.590010 46.535858:24.589870 46.535778:24.589880 46.535672:24.590086 46.535670:24.590176 46.535970:24.590488 46.536020:24.590540
5609,46.534741:24.594408 46.534595:24.594500
5610,46.534595:24.594500 46.534440:24.594600
5611,46.534440:24.594600 46.534312:24.594683
5612,46.534312:24.594683 46.534400:24.594974
5613,46.534400:24.594974 46.534488:24.595263 46.534618:24.595180
5614,46.534618:24.595180 46.534772:24.595081
5615,46.534772:24.595081 46.534917:24.594988
5616,46.534917:24.594988 46.535047:24.594904
5617,46.534530:24.594284 46.534595:24.594500
5618,46.534595:24.594500 46.534684:24.594792
5619,46.534684:24.594792 46.534772:24.595081
5620,46.534375:24.594383 46.534440:24.594600
5621,46.534440:24.594600 46.534530:24.594891
5622,46.534530:24.594891 46.534618:24.595180
5623,46.534868:24.593172 46.534736:24.593260 46.534232:24.593596 46.534281:24.593751
5624,46.534281:24.593751 46.534773:24.593423 46.534917:24.593327
5625,46.534756:24.594457 46.534741:24.594408
5626,46.534741:24.594408 46.534675:24.594191 46.534530:24.594284
5627,46.534530:24.594284 46.534375:24.594383
5628,46.534375:24.594383 46.534246:24.594466
5629,46.534246:24.594466 46.534312:24.594683
5630,46.535642:24.592598 46.535677:24.592632 46.535974:24.592935 46.536018:24.593018 46.536037:24.593106 46.536037:24.593198 46.536003:24.593280 46.535913:24.593491
5631,46.579651:24.505301 46.579480:24.505583 46.579322:24.505846 46.579154:24.506117 46.578966:24.506392 46.578816:24.506593 46.578666:24.506770 46.578295:24.507207 46.578216:24.507298 46.577932:24.507627 46.577819:24.507762 46.577675:24.507936 46.577523:24.508116
5632,46.577523:24.508116 46.577314:24.508363 46.577129:24.508591 46.576960:24.508816 46.576822:24.509011 46.576799:24.509048
5633,46.576799:24.509048 46.576704:24.509204 46.576464:24.509645 46.576141:24.510245 46.575964:24.510589 46.575855:24.510792 46.575779:24.510928 46.575712:24.511036 46.575619:24.511167 46.575496:24.511326 46.575130:24.511802 46.575043:24.511948 46.574969:24.512106 46.574831:24.512484 46.574701:24.512857 46.574623:24.513082 46.574532:24.513320 46.574518:24.513351
5634,46.574518:24.513351 46.574414:24.513584 46.574161:24.514155 46.574042:24.514429 46.573936:24.514689 46.573821:24.515052
5635,46.573821:24.515052 46.573723:24.515419 46.573595:24.515959 46.573513:24.516349 46.573424:24.516745 46.573304:24.517278 46.573165:24.517859 46.573041:24.518322 46.572867:24.519056 46.572712:24.519761
5636,46.572712:24.519761 46.572639:24.520114 46.572559:24.520395 46.572382:24.520810 46.572147:24.521297 46.571930:24.521760 46.571708:24.522254 46.571503:24.522777 46.571351:24.523181 46.571167:24.523636 46.571006:24.523895 46.570778:24.524219 46.570506:24.524529 46.570255:24.524788 46.570029:24.525030 46.569375:24.526390 46.569292:24.526592 46.569256:24.526703
5637,46.569256:24.526703 46.569057:24.527371 46.568684:24.528377 46.568611:24.528596 46.568527:24.528818 46.568432:24.529031 46.568340:24.529220 46.568246:24.529398 46.568169:24.529580 46.568109:24.529787
5638,46.568109:24.529787 46.568063:24.530005 46.568044:24.530193 46.568034:24.530395 46.568040:24.530562 46.568059:24.530780 46.568103:24.531157 46.568112:24.531315 46.568106:24.531483
5639,46.579651:24.505301 46.579620:24.505193 46.579604:24.505138 46.579595:24.505080 46.579595:24.505004 46.579604:24.504833 46.579635:24.504513 46.579729:24.503704 46.579796:24.503209 46.579876:24.502689 46.579943:24.502317 46.579994:24.502065 46.580075:24.501710 46.580197:24.501168 46.580275:24.500847 46.580334:24.500641 46.580395:24.500450 46.580504:24.500173 46.580663:24.499785
5640,46.555759:24.547732 46.555824:24.547641 46.555877:24.547563 46.555924:24.547512 46.555989:24.547468 46.556075:24.547439
5641,46.556946:24.556556 46.557095:24.556918 46.557214:24.557140 46.557349:24.557290 46.557463:24.557336 46.557586:24.557365 46.557851:24.557413
5642,46.557851:24.557413 46.558147:24.557466 46.558462:24.557546
5643,46.573707:24.606113 46.573732:24.606046 46.573787:24.605902 46.573859:24.605691 46.573903:24.605534 46.573992:24.605214 46.574067:24.604971 46.574104:24.604883
5644,46.574104:24.604883 46.574155:24.604796
5645,46.574155:24.604796 46.574264:24.604633 46.574443:24.604433
5646,46.574443:24.604433 46.575056:24.603804 46.575359:24.603503
5647,46.575524:24.603491 46.575470:24.603387
5648,46.575470:24.603387 46.575337:24.603126
5649,46.575337:24.603126 46.574816:24.602128 46.574596:24.601747 46.574385:24.601423 46.574182:24.601102 46.574043:24.600843 46.573926:24.600553 46.573671:24.599772
5650,46.573671:24.599772 46.573592:24.599538 46.573528:24.599381 46.573415:24.599151
5651,46.577673:24.612713 46.577686:24.612489 46.577725:24.612281 46.577920:24.611666 46.577944:24.611548 46.577952:24.611478 46.577950:24.611420
5652,46.577950:24.611420 46.577683:24.610168 46.577627:24.610000 46.576962:24.608443
5653,46.576962:24.608443 46.576767:24.608007 46.576476:24.607454 46.576370:24.607150 46.575980:24.605578 46.575751:24.604756 46.575567:24.604086
5654,46.575567:24.604086 46.575468:24.603780
5655,46.559493:24.566957 46.559496:24.566960 46.559756:24.567199 46.560055:24.567453
5656,46.559728:24.567607 46.559650:24.567520
5657,46.569199:24.585894 46.569443:24.585577
5658,46.564125:24.570305 46.564689:24.570500 46.565116:24.570649
5659,46.539863:24.558462 46.539807:24.558379 46.539739:24.558311 46.539606:24.558262
5660,46.539863:24.558462 46.539808:24.558814 46.539775:24.559014
5661,46.539863:24.558462 46.539977:24.558393 46.540038:24.558355 46.540104:24.558294
5662,46.525932:24.557564 46.526036:24.557796 46.526325:24.558392 46.526523:24.558738 46.526800:24.559154 46.527147:24.559555 46.527475:24.559880 46.527604:24.559998 46.527763:24.560138
5663,46.527763:24.560138 46.527846:24.560215
5664,46.527846:24.560215 46.528365:24.560663
5665,46.528365:24.560663 46.528722:24.560986
5666,46.528722:24.560986 46.529147:24.561325 46.529409:24.561548
5667,46.529409:24.561548 46.530437:24.562489 46.530592:24.562666
5668,46.530592:24.562666 46.530851:24.562960 46.531050:24.563220 46.531347:24.563700 46.531417:24.563823 46.531601:24.564178
5669,46.531601:24.564178 46.531802:24.564637
5670,46.531802:24.564637 46.531913:24.564954 46.532015:24.565283 46.532080:24.565525 46.532117:24.565660
5671,46.528725:24.559521 46.528835:24.559654
5672,46.528835:24.559654 46.529004:24.559832 46.529085:24.559916 46.529112:24.559944
5673,46.553243:24.537044 46.553293:24.537019 46.554278:24.536512
5674,46.554278:24.536512 46.554318:24.536485 46.554647:24.536256 46.555205:24.535832 46.555401:24.535630
5675,46.552867:24.535288 46.553294:24.535081 46.553452:24.535021
5676,46.553452:24.535021 46.553667:24.534939 46.554436:24.534777 46.554640:24.534707 46.554872:24.534590 46.555035:24.534473 46.555118:24.534381 46.555195:24.534220 46.555333:24.533932 46.555914:24.532740 46.556170:24.532190 46.556427:24.531707 46.557004:24.530826 46.557381:24.530309 46.557919:24.529501 46.558549:24.528527
5677,46.554703:24.531145 46.554054:24.530750
5678,46.554054:24.530750 46.553816:24.530445 46.553550:24.529916
5679,46.553545:24.530386 46.553637:24.531411
5680,46.553637:24.531411 46.553674:24.531814
5681,46.553637:24.531411 46.553758:24.531237 46.554054:24.530750
5682,46.552450:24.533149 46.552717:24.533032 46.553000:24.532944 46.553237:24.532858 46.553516:24.532741 46.554045:24.532540 46.554145:24.532474 46.554205:24.532331 46.554343:24.531999 46.554703:24.531145
5683,46.554703:24.531145 46.554861:24.530850 46.555006:24.530604 46.555659:24.529595 46.557298:24.527090
5684,46.552312:24.529936 46.552485:24.529887 46.552695:24.529861 46.552988:24.529871 46.553550:24.529916
5685,46.553550:24.529916 46.553987:24.529454 46.556352:24.526557
5686,46.555638:24.525988 46.553395:24.528562
5687,46.555255:24.525571 46.553033:24.527827
5688,46.551042:24.526597 46.551217:24.526339 46.551545:24.525885 46.551625:24.525795 46.551709:24.525764 46.551863:24.525826 46.551910:24.525827 46.551957:24.525818
5689,46.551957:24.525818 46.552533:24.525303
5690,46.552533:24.525303 46.553027:24.524860 46.554087:24.523811 46.554225:24.523720 46.554378:24.523712
5691,46.554378:24.523712 46.554523:24.523739 46.554667:24.523663 46.555255:24.523253 46.555503:24.523014
5692,46.555503:24.523014 46.555678:24.522847 46.555902:24.522668
5693,46.555902:24.522668 46.556119:24.522575
5694,46.556119:24.522575 46.556311:24.522493
5695,46.556311:24.522493 46.557006:24.522189 46.557213:24.522127 46.557355:24.522102
5696,46.557355:24.522102 46.557459:24.522084 46.557762:24.522126
5697,46.557762:24.522126 46.558036:24.522174
5698,46.558036:24.522174 46.558589:24.522336
5699,46.552946:24.522721 46.553493:24.522173 46.553896:24.521782 46.554730:24.521024 46.555471:24.520328 46.555543:24.520303 46.555789:24.520257 46.555884:24.520241
5700,46.511090:24.613095 46.511366:24.613634 46.511367:24.613668 46.511363:24.613700 46.511278:24.613849 46.511269:24.613902 46.511275:24.613956 46.511416:24.614219 46.511707:24.614868
5701,46.506752:24.618410 46.507189:24.617920 46.508354:24.616441
5702,46.508354:24.616441 46.509065:24.615583 46.509779:24.614686
5703,46.507073:24.617132 46.508008:24.615842
5704,46.510565:24.611915 46.509599:24.610847 46.509566:24.610775 46.509532:24.610485 46.509506:24.610389 46.509459:24.610297 46.508615:24.609372 46.507979:24.608703
5705,46.507979:24.608703 46.507585:24.608277
5706,46.508384:24.612837 46.508289:24.613000 46.507665:24.613983 46.507236:24.614551 46.507214:24.614585
5707,46.507214:24.614585 46.507144:24.614697
5708,46.509393:24.622991 46.509267:24.622829 46.509214:24.622763 46.509202:24.622714 46.509205:24.622668 46.509224:24.622593 46.509258:24.622482 46.509324:24.622274 46.509359:24.622180 46.509419:24.622003 46.509469:24.621692 46.509533:24.621402 46.509606:24.621118 46.509706:24.620833 46.509843:24.620490 46.509864:24.620415 46.509861:24.620356 46.509831:24.620308 46.509019:24.619541 46.508587:24.619154
5709,46.508587:24.619154 46.508162:24.618754
5710,46.508805:24.607870 46.510762:24.610013 46.511276:24.610587 46.511302:24.610646
5711,46.521160:24.533732 46.521585:24.533281 46.521640:24.533248 46.521821:24.533040
5712,46.547630:24.529239 46.546596:24.530747
5713,46.547474:24.529003 46.547926:24.528358
5714,46.547077:24.528446 46.545816:24.530251
5715,46.547407:24.528906 46.546202:24.530666
5716,46.537973:24.590743 46.537989:24.590760 46.537996:24.590768 46.538087:24.590863 46.538160:24.590918 46.538652:24.591232
5717,46.532722:24.485125 46.533148:24.484840 46.533245:24.484736 46.533383:24.484534
5718,46.533383:24.484534 46.533514:24.484372
5719,46.533514:24.484372 46.533696:24.484148 46.533923:24.483913 46.534131:24.483755 46.534256:24.483660 46.534387:24.483548 46.534480:24.483459 46.534585:24.483376
5720,46.534585:24.483376 46.534733:24.483233 46.534853:24.483147
5721,46.534853:24.483147 46.534971:24.483062
5722,46.527563:24.485422 46.528024:24.485549
5723,46.528024:24.485549 46.528437:24.485674
5724,46.528437:24.485674 46.528843:24.485778 46.530060:24.486090 46.530836:24.486281 46.532878:24.486824
5725,46.532735:24.489592 46.532952:24.489623 46.533124:24.489627 46.533292:24.489590 46.533501:24.489513 46.533724:24.489408 46.534084:24.489201 46.534152:24.489190
5726,46.534152:24.489190 46.534330:24.489161 46.534528:24.489104 46.534631:24.489024
5727,46.534631:24.489024 46.534872:24.488839 46.535171:24.488602 46.535249:24.488541
5728,46.535249:24.488541 46.535831:24.488108
5729,46.535831:24.488108 46.536000:24.488003
5730,46.536000:24.488003 46.536384:24.487729
5731,46.536384:24.487729 46.536798:24.487450
5732,46.535249:24.488541 46.535561:24.489561
5733,46.536000:24.488003 46.536309:24.488978
5734,46.532646:24.494932 46.532114:24.495521 46.531928:24.495708 46.530250:24.496587
5735,46.530250:24.496587 46.530227:24.496599
5736,46.534412:24.498077 46.534183:24.498385 46.534073:24.498583 46.533989:24.498804 46.533824:24.499386 46.533724:24.499728 46.533631:24.499910 46.533468:24.500104 46.533358:24.500221
5737,46.533358:24.500221 46.533255:24.500294 46.531833:24.501145
5738,46.531833:24.501145 46.531213:24.501518
5739,46.531213:24.501518 46.530678:24.501839 46.530389:24.502017
5740,46.530389:24.502017 46.530189:24.502141
5741,46.530189:24.502141 46.529581:24.502522
5742,46.537284:24.497567 46.537184:24.497100
5743,46.537184:24.497100 46.537107:24.496741
5744,46.537107:24.496741 46.536889:24.495487
5745,46.536889:24.495487 46.536774:24.494810
5746,46.536774:24.494810 46.536724:24.494571
5747,46.536724:24.494571 46.536669:24.494402 46.536629:24.494259 46.536624:24.494174 46.536649:24.494090 46.536881:24.493721 46.536969:24.493488 46.537021:24.493270 46.537073:24.493048 46.537256:24.492628
5748,46.546739:24.512891 46.547367:24.511895
5749,46.551896:24.522314 46.551806:24.522672 46.551774:24.523077 46.551777:24.523502 46.551757:24.523705 46.551658:24.523873 46.551508:24.524017 46.551279:24.524181 46.551182:24.524230
5750,46.551182:24.524230 46.551096:24.524274 46.550939:24.524333 46.550754:24.524345 46.550586:24.524396 46.550447:24.524489 46.550110:24.524786
5751,46.552442:24.533107 46.552290:24.533155 46.552169:24.533106 46.552005:24.533000 46.551862:24.532870 46.551795:24.532797 46.551624:24.532870 46.551534:24.532878 46.551437:24.532809 46.551300:24.532715 46.551208:24.532663
5752,46.551977:24.535740 46.551976:24.535765 46.552261:24.537276
5753,46.540241:24.519739 46.540265:24.519681 46.541739:24.518091
5754,46.581856:24.502813 46.581865:24.502948 46.581848:24.503138 46.581789:24.503359 46.581728:24.503547 46.581659:24.503747 46.581575:24.503944 46.581488:24.504116 46.581440:24.504192 46.581388:24.504270 46.581334:24.504328 46.581265:24.504391 46.581142:24.504527 46.580952:24.504758 46.580900:24.504833 46.580848:24.504931 46.580797:24.505063 46.580750:24.505182 46.580687:24.505282 46.580625:24.505327 46.580540:24.505321 46.580481:24.505293 46.580425:24.505222 46.580398:24.505122 46.580406:24.505006 46.580440:24.504892 46.580508:24.504816 46.580603:24.504723 46.580698:24.504611 46.580729:24.504507 46.580740:24.504380 46.580719:24.504257 46.580667:24.504138 46.580591:24.504066 46.580503:24.504042 46.580410:24.504057 46.580319:24.504124 46.580243:24.504234 46.580158:24.504382 46.579947:24.504785 46.579817:24.505032 46.579734:24.505174 46.579687:24.505246
5755,46.579687:24.505246 46.579651:24.505301
5756,46.572712:24.519761 46.572527:24.519744 46.572439:24.519741 46.572330:24.519749 46.572217:24.519760 46.572096:24.519769 46.572042:24.519785 46.571992:24.519804 46.571924:24.519852 46.571843:24.519931 46.571787:24.519985 46.571728:24.520031 46.571667:24.520067 46.571235:24.520303 46.570767:24.520547 46.570482:24.520767 46.570234:24.520940 46.570071:24.521098 46.569998:24.521101 46.569920:24.521014 46.569923:24.520855 46.569981:24.520557 46.570209:24.519356
5757,46.596286:24.574569 46.596597:24.574356 46.596707:24.574251 46.596818:24.574128 46.597167:24.573669 46.597386:24.573382
5758,46.597386:24.573382 46.597749:24.572937 46.597824:24.572836
5759,46.597824:24.572836 46.597884:24.572754 46.597976:24.572609 46.598164:24.572318 46.598280:24.572106 46.598335:24.572012 46.598434:24.571775 46.598511:24.571548 46.598705:24.571146 46.598941:24.570614 46.598989:24.570507 46.599044:24.570432 46.599151:24.570260
5760,46.596286:24.574569 46.596221:24.574616 46.596157:24.574662 46.596095:24.574721 46.596038:24.574786 46.595903:24.574989 46.595454:24.575799 46.595310:24.576072 46.595169:24.576302 46.594653:24.577167
5761,46.594653:24.577167 46.594627:24.577212 46.594187:24.577937
5762,46.594187:24.577937 46.594046:24.578171 46.593939:24.578340 46.593457:24.579045 46.593352:24.579193 46.593324:24.579243 46.593304:24.579296 46.593287:24.579408 46.593275:24.579508 46.593253:24.579788 46.593236:24.579968 46.593240:24.580073 46.593249:24.580140 46.593272:24.580188
5763,46.588833:24.573909 46.588304:24.573367
5764,46.588304:24.573367 46.587762:24.572819 46.587644:24.572717 46.587509:24.572607 46.587373:24.572502 46.586962:24.572199 46.586840:24.572092 46.586623:24.571898 46.586390:24.571703 46.586211:24.571553
5765,46.586211:24.571553 46.585979:24.571410 46.585830:24.571333 46.585718:24.571252 46.585577:24.571114 46.585201:24.570582
5766,46.585201:24.570582 46.584893:24.570063 46.584764:24.569727 46.584565:24.568811 46.584422:24.568454 46.584188:24.568100 46.583948:24.567888 46.583690:24.567547 46.583635:24.567396 46.583554:24.567113 46.583478:24.567008 46.583380:24.566951 46.583026:24.566878
5767,46.580639:24.563715 46.580593:24.563739 46.580535:24.563728 46.580475:24.563702 46.580405:24.563651 46.580311:24.563568 46.580196:24.563423 46.580134:24.563302 46.580049:24.563095 46.579980:24.562932 46.579912:24.562793 46.579833:24.562672 46.579586:24.562323 46.579535:24.562273 46.579555:24.562131 46.579756:24.561736 46.580016:24.561264 46.580128:24.561001 46.580162:24.560814
5768,46.586862:24.554950 46.586140:24.554043 46.585804:24.553606 46.585367:24.553051 46.585139:24.552777 46.584595:24.552072 46.584222:24.551608 46.584165:24.551583
5769,46.584578:24.545515 46.586503:24.546506
5770,46.571636:24.549515 46.571855:24.549830
5771,46.571855:24.549830 46.571964:24.549968 46.572135:24.550130 46.573281:24.551194
5772,46.573281:24.551194 46.573815:24.551681
5773,46.573815:24.551681 46.573873:24.551739 46.573920:24.551785
5774,46.573920:24.551785 46.575306:24.553045 46.575455:24.553210 46.575602:24.553412 46.575811:24.553739 46.576020:24.554043 46.576113:24.554167 46.576213:24.554259
5775,46.576213:24.554259 46.576307:24.554335 46.576425:24.554411
5776,46.576425:24.554411 46.576555:24.554455 46.576761:24.554491 46.577001:24.554500 46.577111:24.554488
5777,46.577111:24.554488 46.577562:24.554419 46.578006:24.554339
5778,46.578006:24.554339 46.578137:24.554310 46.578505:24.554195 46.578777:24.554067 46.579020:24.553927 46.579105:24.553857
5779,46.579105:24.553857 46.579183:24.553826
5780,46.505927:24.485093 46.506308:24.485808
5781,46.506308:24.485808 46.506731:24.486587 46.506802:24.486727 46.506836:24.486793 46.507244:24.487594 46.507507:24.488049 46.508254:24.489344 46.509272:24.491188
5782,46.500624:24.495351 46.500480:24.495310 46.500321:24.495136 46.500186:24.494940 46.499457:24.493571
5783,46.593565:24.577005 46.594187:24.577937
5784,46.598531:24.574695 46.598225:24.574164 46.598104:24.573936 46.598055:24.573871 46.598015:24.573823 46.597963:24.573771 46.597922:24.573727 46.597896:24.573728 46.597864:24.573747 46.597841:24.573776 46.597745:24.573901 46.597726:24.573912 46.597701:24.573912 46.597682:24.573897 46.597663:24.573871 46.597621:24.573798 46.597539:24.573639 46.597386:24.573382
5785,46.595293:24.572090 46.595124:24.572347 46.594937:24.572606
5786,46.596729:24.571278 46.596859:24.571451 46.596883:24.571479 46.596901:24.571515 46.596913:24.571552 46.596910:24.571590 46.596904:24.571630 46.596889:24.571661 46.596649:24.571957 46.596395:24.572254 46.596102:24.572558 46.596089:24.572598 46.596089:24.572651 46.596107:24.572717 46.596120:24.572776 46.596143:24.572843 46.596145:24.572885
5787,46.596145:24.572885 46.596129:24.572928 46.596037:24.573029 46.595868:24.573251 46.595637:24.573594
5788,46.600846:24.581435 46.600101:24.582515 46.599350:24.583585
5789,46.599350:24.583585 46.598611:24.584634 46.598055:24.585471 46.597901:24.585712 46.597838:24.585784 46.597799:24.585821 46.597754:24.585862 46.597665:24.585929 46.597622:24.585957 46.597579:24.585970 46.597517:24.585955 46.597476:24.585932 46.597414:24.585878 46.597379:24.585825 46.597343:24.585766 46.597300:24.585718 46.597237:24.585674 46.597195:24.585659 46.597137:24.585648 46.596474:24.585583 46.596035:24.585567 46.595881:24.585552 46.595781:24.585505 46.595729:24.585475 46.595677:24.585458 46.595501:24.585470 46.595338:24.585487 46.594465:24.585578 46.594182:24.585600 46.594130:24.585601 46.594085:24.585578 46.594068:24.585529 46.594059:24.585471 46.594069:24.585395 46.594089:24.585293 46.594229:24.584886 46.594524:24.583969 46.594608:24.583668 46.594623:24.583475 46.594597:24.583142 46.594535:24.582708 46.594513:24.582268 46.594476:24.581941 46.594354:24.581512 46.594159:24.581045 46.593945:24.580707 46.593724:24.580503 46.593462:24.580321 46.593340:24.580251 46.593272:24.580188
5790,46.596064:24.579559 46.595567:24.578749 46.594653:24.577167
5791,46.602880:24.576094 46.602775:24.576019 46.602677:24.575933 46.602393:24.575622 46.602220:24.575444 46.602098:24.575385 46.601984:24.575375 46.601774:24.575407 46.601703:24.575429 46.601615:24.575455 46.601548:24.575499 46.601402:24.575595 46.601313:24.575700 46.601202:24.575804 46.600897:24.576228 46.600515:24.576657 46.600200:24.576950 46.599859:24.577170 46.599691:24.577264 46.599500:24.577322 46.599173:24.577502 46.598998:24.577638 46.598576:24.577967
5792,46.596775:24.573319 46.596410:24.573738 46.596046:24.574174
5793,46.533354:24.571761 46.533347:24.571952
5794,46.533347:24.571952 46.533328:24.572392
5795,46.564058:24.577248 46.564066:24.577280 46.564297:24.577583
5796,46.564297:24.577583 46.564756:24.578183
5797,46.564756:24.578183 46.565330:24.578934
5798,46.565330:24.578934 46.565855:24.579621 46.566034:24.579885
5799,46.566034:24.579885 46.566201:24.580131 46.566528:24.580650 46.566618:24.580824 46.566696:24.581018 46.566999:24.581881 46.567119:24.582144 46.567340:24.582618 46.567687:24.583402 46.567756:24.583485 46.567845:24.583510 46.567933:24.583455 46.568134:24.583282
5800,46.563338:24.583214 46.563347:24.583199 46.563736:24.582533
5801,46.571322:24.595225 46.571650:24.595663 46.571958:24.595399
5802,46.571322:24.595225 46.571100:24.595550 46.570586:24.595977
5803,46.569785:24.597586 46.569549:24.597407 46.569316:24.597200 46.569060:24.597007 46.568937:24.596948 46.568807:24.596903 46.568781:24.596922 46.568769:24.596948 46.568683:24.597230 46.568643:24.597316 46.568600:24.597383 46.568494:24.597488 46.568277:24.597628 46.568123:24.597753 46.568045:24.597902 46.567923:24.598150 46.567852:24.598341 46.567825:24.598559 46.567691:24.599699 46.567519:24.600011 46.567331:24.600288 46.567177:24.600600 46.566939:24.601152
5804,46.577680:24.612831 46.577673:24.612713
5805,46.580005:24.621218 46.579964:24.620984 46.579866:24.620430
5806,46.577709:24.613206 46.577697:24.613047 46.577680:24.612831
5807,46.579866:24.620430 46.579699:24.619468 46.579610:24.618959
5808,46.579610:24.618959 46.579053:24.617429
5809,46.579053:24.617429 46.578945:24.617105
5810,46.578945:24.617105 46.578902:24.616972
5811,46.578902:24.616972 46.578497:24.615715
5812,46.578497:24.615715 46.577836:24.613663 46.577709:24.613206
5813,46.533528:24.571663 46.533550:24.571047
5814,46.533550:24.571047 46.533441:24.571440 46.533433:24.571523 46.533428:24.571571
5815,46.533421:24.571572 46.533386:24.571510 46.533357:24.571465 46.533280:24.571339 46.533140:24.571255
5816,46.533428:24.571571 46.533421:24.571572
5817,46.533421:24.571572 46.533396:24.571585 46.533375:24.571607 46.533359:24.571637 46.533347:24.571681
5818,46.533347:24.571681 46.533347:24.571717 46.533354:24.571761
5819,46.533496:24.571812 46.533500:24.571808
5820,46.533500:24.571808 46.533504:24.571802
5821,46.533504:24.571802 46.533522:24.571767 46.533531:24.571726 46.533531:24.571683
5822,46.533531:24.571683 46.533528:24.571663
5823,46.533528:24.571663 46.533519:24.571635 46.533506:24.571611 46.533489:24.571591 46.533470:24.571578 46.533450:24.571571 46.533428:24.571571
5824,46.533874:24.574381 46.534017:24.574371
5825,46.534017:24.574371 46.534061:24.574596 46.534092:24.574760 46.534103:24.574829 46.534096:24.574911 46.534082:24.574980 46.534047:24.575120 46.533987:24.575359
5826,46.533889:24.575663 46.533716:24.575675 46.533736:24.576169 46.533685:24.576291
5827,46.533685:24.576291 46.533667:24.576332 46.533670:24.576374 46.533687:24.576658
5828,46.547092:24.561890 46.547126:24.561815
5829,46.539458:24.557268 46.539482:24.557286 46.539556:24.557347
5830,46.539556:24.557347 46.539807:24.557375 46.539937:24.557376 46.539972:24.557359
5831,46.539411:24.557736 46.539556:24.557347
5832,46.539482:24.557207 46.539508:24.557221 46.539614:24.557284
5833,46.521841:24.552181 46.520897:24.549553 46.520835:24.549386 46.520729:24.549292 46.520626:24.549305 46.520525:24.549419 46.520178:24.549924 46.519973:24.550201 46.519810:24.550644 46.519709:24.551730 46.519632:24.553048 46.519618:24.554163 46.519592:24.554840
5834,46.570482:24.533597 46.570576:24.533234
5835,46.570576:24.533234 46.570763:24.532719 46.570915:24.532355
5836,46.570915:24.532355 46.570951:24.532272 46.571149:24.531805 46.571354:24.531343
5837,46.508136:24.578550 46.508205:24.579131 46.508259:24.579225 46.508570:24.579357 46.509129:24.579810 46.509346:24.579986 46.509444:24.579971
5838,46.553541:24.659812 46.553627:24.659837 46.553685:24.659861 46.553732:24.659932
5839,46.553732:24.659932 46.553672:24.660256 46.553658:24.660335 46.553601:24.660863 46.553687:24.661760 46.553876:24.663943 46.554089:24.665930 46.554353:24.667971 46.554433:24.668575
5840,46.552890:24.627750 46.553283:24.628834
5841,46.551508:24.625202 46.551406:24.624013
5842,46.551513:24.625640 46.551582:24.626278 46.551591:24.626375 46.551593:24.626426 46.551574:24.626447 46.551518:24.626487 46.551496:24.626530 46.551496:24.626581 46.551566:24.627076
5843,46.552344:24.624254 46.552550:24.626214
5844,46.549014:24.631656 46.549307:24.631931 46.549325:24.631964 46.549327:24.632010 46.549176:24.632692 46.549147:24.632783 46.549119:24.632826
5845,46.568560:24.614243 46.568847:24.613712 46.569022:24.613362 46.569154:24.613020 46.569348:24.612392 46.569423:24.612157 46.569539:24.611909 46.569648:24.611706 46.569771:24.611556
5846,46.553455:24.631235 46.553040:24.631350 46.552844:24.631466 46.552687:24.631580 46.552563:24.631695 46.552443:24.631847 46.552333:24.632061 46.551713:24.633461 46.551580:24.633818 46.551548:24.633959 46.551569:24.634201 46.551561:24.634314
5847,46.544004:24.555487 46.544001:24.555511 46.544002:24.555535 46.544006:24.555559 46.544014:24.555580 46.544025:24.555599
5848,46.580292:24.547937 46.580792:24.548910
5849,46.544128:24.555423 46.544121:24.555416
5850,46.544018:24.555445 46.544012:24.555458 46.544007:24.555472 46.544004:24.555487
5851,46.528145:24.588369 46.528094:24.588384 46.528030:24.588362 46.527921:24.588336 46.527863:24.588353 46.527632:24.588583 46.527530:24.588637 46.527316:24.588785 46.527241:24.588907 46.527173:24.589041 46.527107:24.589186 46.527151:24.589352
5852,46.557931:24.547558 46.557865:24.547857 46.557851:24.547922
5853,46.558529:24.577147 46.558530:24.577202
5854,46.558632:24.577008 46.558312:24.576797
5855,46.558312:24.576797 46.558529:24.577147
5856,46.558370:24.577610 46.558569:24.577422 46.558668:24.577327
5857,46.558530:24.577202 46.558370:24.577610
5858,46.558701:24.577306 46.559024:24.577399
5859,46.557564:24.581441 46.557451:24.581608 46.557911:24.582254 46.558029:24.582117
5860,46.547312:24.636598 46.547488:24.636696 46.547574:24.636677 46.547699:24.636540 46.548096:24.636292 46.548180:24.636315 46.548282:24.636420
5861,46.527326:24.545010 46.527408:24.545146
5862,46.538859:24.578303 46.538735:24.578551 46.538592:24.578780 46.538502:24.578902
5863,46.536670:24.556535 46.536715:24.556471 46.537287:24.555642
5864,46.527020:24.542019 46.526954:24.542081
5865,46.558668:24.577327 46.558701:24.577306
5866,46.558731:24.577076 46.558704:24.577037 46.558670:24.577013 46.558632:24.577008
5867,46.558632:24.577008 46.558595:24.577021 46.558563:24.577051 46.558540:24.577095 46.558529:24.577147
5868,46.558701:24.577306 46.558727:24.577271 46.558745:24.577226 46.558751:24.577174 46.558747:24.577123 46.558731:24.577076
5869,46.558530:24.577202 46.558544:24.577254 46.558561:24.577284 46.558567:24.577293 46.558570:24.577296 46.558597:24.577321 46.558632:24.577332 46.558668:24.577327
5870,46.528888:24.546059 46.528529:24.545307
5871,46.529152:24.546605 46.529123:24.546628 46.529100:24.546664 46.529086:24.546707
5872,46.529192:24.546904 46.529225:24.546895 46.529254:24.546871 46.529261:24.546859 46.529276:24.546836
5873,46.529192:24.546904 46.529630:24.547655 46.530171:24.548462 46.530677:24.549169
5874,46.529086:24.546707 46.529082:24.546758 46.529089:24.546804
5875,46.529276:24.546836 46.529290:24.546792 46.529294:24.546745
5876,46.529294:24.546745 46.529288:24.546697 46.529272:24.546655 46.529248:24.546622
5877,46.545563:24.569376 46.545498:24.569540 46.545391:24.569742 46.545237:24.569987 46.545009:24.570335 46.544858:24.570565
5878,46.544858:24.570565 46.544704:24.570748 46.544584:24.570871 46.544432:24.571005 46.543834:24.571445 46.543775:24.571499 46.543720:24.571563 46.543376:24.572063
5879,46.550829:24.554984 46.550821:24.555085 46.550849:24.555177
5880,46.550652:24.554666 46.550802:24.554936 46.550829:24.554984
5881,46.550995:24.555488 46.551044:24.555685
5882,46.550995:24.555488 46.551018:24.555281 46.551025:24.555217
5883,46.550723:24.555650 46.550809:24.555483
5884,46.550809:24.555483 46.550885:24.555315 46.550918:24.555243
5885,46.550849:24.555177 46.550809:24.555483
5886,46.551084:24.555078 46.551187:24.554865
5887,46.551208:24.554650 46.551173:24.554702 46.551113:24.554772 46.551048:24.554817 46.550975:24.554866
5888,46.530227:24.496599 46.530017:24.496583 46.529177:24.496444
5889,46.529177:24.496444 46.528963:24.496429
5890,46.528963:24.496429 46.528760:24.496407
5891,46.528760:24.496407 46.528365:24.496380
5892,46.528365:24.496380 46.527823:24.496326
5893,46.527823:24.496326 46.527702:24.496309 46.527440:24.496286
5894,46.550942:24.554864 46.550652:24.554666
5895,46.550956:24.555249 46.550987:24.555434 46.550995:24.555488
5896,46.550975:24.554866 46.550942:24.554864
5897,46.550849:24.555177 46.550880:24.555218 46.550918:24.555243
5898,46.551084:24.555078 46.551082:24.555020 46.551069:24.554965 46.551045:24.554919 46.551013:24.554885 46.550975:24.554866
5899,46.550942:24.554864 46.550906:24.554876 46.550874:24.554901 46.550847:24.554938 46.550829:24.554984
5900,46.527207:24.549041 46.527238:24.549005 46.527762:24.548360 46.527884:24.548212 46.527933:24.548149
5901,46.527933:24.548149 46.528130:24.547902 46.528477:24.547462 46.528531:24.547393
5902,46.528531:24.547393 46.528925:24.546872 46.529020:24.546799 46.529053:24.546789 46.529089:24.546804
5903,46.562863:24.541756 46.562284:24.542370 46.562263:24.542403 46.562247:24.542441 46.562233:24.542472 46.562224:24.542501 46.562208:24.542573 46.562193:24.542641 46.562181:24.542708 46.562175:24.542744 46.562166:24.542779 46.562148:24.542805 46.561941:24.542923 46.561883:24.542954
5904,46.563999:24.541450 46.563822:24.541668 46.563797:24.541745
5905,46.563797:24.541745 46.563776:24.541810 46.563473:24.542252 46.563317:24.542476 46.563188:24.542663 46.563144:24.542723 46.563125:24.542697 46.563084:24.542638 46.563051:24.542582 46.563036:24.542562 46.563003:24.542558 46.562966:24.542606 46.562252:24.543591 46.562166:24.543805 46.562133:24.543885 46.562130:24.543890 46.562072:24.543925
5906,46.566190:24.539453 46.566921:24.537990 46.567584:24.536647 46.567898:24.536045 46.568344:24.535101 46.568414:24.534926
5907,46.561208:24.523939 46.561127:24.523869 46.561019:24.523792 46.560884:24.523744 46.560530:24.523757 46.560251:24.523627 46.559963:24.523470 46.559520:24.523011 46.559336:24.522836
5908,46.561837:24.524234 46.561946:24.524217 46.562091:24.524179 46.562183:24.524075 46.562348:24.523703 46.562888:24.522505 46.563607:24.521066 46.563693:24.520777 46.564005:24.520305 46.564291:24.519880 46.564506:24.519259
5909,46.565252:24.535333 46.565777:24.534103
5910,46.566005:24.535986 46.566541:24.534768
5911,46.565252:24.535333 46.564974:24.535113
5912,46.564974:24.535113 46.564763:24.534874 46.564407:24.534550 46.564210:24.534386
5913,46.564210:24.534386 46.563772:24.534081
5914,46.561354:24.537662 46.562602:24.535183
5915,46.560955:24.537338 46.561126:24.537008 46.561747:24.535811
5916,46.560564:24.536966 46.561790:24.534542
5917,46.559270:24.544978 46.559161:24.545188 46.559071:24.545316 46.558955:24.545412 46.558944:24.545420 46.558753:24.545562
5918,46.558753:24.545562 46.558708:24.545596
5919,46.558708:24.545596 46.558635:24.545651
5920,46.558635:24.545651 46.558431:24.545803 46.558397:24.545828
5921,46.561125:24.544493 46.560947:24.544755
5922,46.561081:24.544945 46.561206:24.545125
5923,46.561206:24.545125 46.561291:24.545247
5924,46.561291:24.545247 46.561543:24.545607
5925,46.561543:24.545607 46.561785:24.545955 46.561802:24.545979 46.561823:24.546009
5926,46.560034:24.546116 46.560274:24.546445
5927,46.560274:24.546445 46.560301:24.546479
5928,46.559997:24.547010 46.559818:24.547241 46.559807:24.547254 46.559756:24.547324
5929,46.558665:24.538639 46.558751:24.538744
5930,46.558751:24.538744 46.559445:24.539427 46.559790:24.539774
5931,46.559790:24.539774 46.560024:24.540011 46.560555:24.540478 46.560791:24.540548 46.561029:24.540525 46.561453:24.540459 46.561501:24.540435 46.561536:24.540419 46.561667:24.540375
5932,46.561692:24.540474 46.561708:24.540491 46.561727:24.540501
5933,46.561727:24.540501 46.561777:24.540493 46.561801:24.540467
5934,46.556652:24.546209 46.556631:24.546170 46.556350:24.545715
5935,46.552529:24.558915 46.552426:24.558723
5936,46.552426:24.558723 46.552268:24.558671 46.552229:24.558658
5937,46.552621:24.558979 46.552658:24.558869
5938,46.507728:24.615393 46.506627:24.616909
5939,46.563038:24.548046 46.563124:24.547926 46.563271:24.547837
5940,46.562858:24.547825 46.562987:24.547968 46.563038:24.548046
5941,46.567961:24.570075 46.568162:24.569987 46.568651:24.569737 46.569145:24.569472 46.569427:24.569330 46.569634:24.569174 46.569822:24.569016 46.570037:24.568871 46.570203:24.568731 46.570390:24.568573 46.570668:24.568337 46.570991:24.568023 46.571221:24.567798 46.571391:24.567610 46.571620:24.567393 46.571865:24.567146 46.572103:24.566875 46.572285:24.566605 46.572471:24.566285 46.572612:24.566073 46.572713:24.565888 46.572877:24.565634 46.573133:24.565212 46.573281:24.564899 46.573377:24.564689 46.573497:24.564461 46.573733:24.564040 46.573876:24.563751 46.573923:24.563541 46.573983:24.562884 46.573983:24.562404 46.573972:24.562222 46.573917:24.562041 46.573583:24.561581 46.572790:24.560580 46.572175:24.559722 46.571647:24.558915 46.571520:24.558709 46.571401:24.558386 46.571325:24.558046 46.571287:24.557696 46.571292:24.557289
5942,46.559050:24.542535 46.559039:24.542739 46.559083:24.542810 46.559281:24.543127
5943,46.559281:24.543127 46.559310:24.543174 46.559775:24.543834 46.559806:24.543871 46.559834:24.543904
5944,46.559281:24.543127 46.559371:24.542994
5945,46.559587:24.544374 46.559564:24.544340 46.558794:24.543208
5946,46.559342:24.544841 46.559312:24.544798 46.558995:24.544339 46.558616:24.543770
5947,46.561291:24.545247 46.561325:24.545199 46.561611:24.544791
5948,46.561903:24.540143 46.561760:24.540279
5949,46.561727:24.540501 46.561759:24.540598 46.561785:24.540663
5950,46.568359:24.545685 46.568371:24.545740 46.568369:24.545774 46.568349:24.545812 46.568195:24.545970
5951,46.538310:24.544304 46.538255:24.544214
5952,46.502427:24.625010 46.502364:24.625357 46.502341:24.625807 46.502347:24.626588 46.502308:24.627005 46.502208:24.627485 46.502063:24.628066 46.501894:24.628636 46.501756:24.628914 46.501527:24.629289 46.501328:24.629659 46.501247:24.629900 46.501187:24.630168
5953,46.501187:24.630168 46.501172:24.630477 46.501224:24.631488 46.501216:24.631736 46.501168:24.631913 46.501090:24.632064 46.500984:24.632173 46.500837:24.632244 46.500697:24.632250
5954,46.500697:24.632250 46.500551:24.632186 46.500391:24.631998 46.500290:24.631734
5955,46.500290:24.631734 46.499919:24.630513 46.499831:24.629997 46.499814:24.629439 46.499848:24.627664 46.499843:24.627109 46.499800:24.626735 46.499722:24.626383 46.499580:24.625975 46.498894:24.624392 46.498679:24.623868 46.498590:24.623571 46.498571:24.623231 46.498618:24.622876 46.498727:24.622496 46.498811:24.622206 46.498836:24.621980 46.498812:24.621750 46.498711:24.621523 46.498582:24.621395 46.498425:24.621337 46.498261:24.621358 46.498093:24.621496 46.497959:24.621780 46.497888:24.622239
5956,46.547224:24.587938 46.547329:24.588050 46.547486:24.588098 46.547640:24.588100
5957,46.529841:24.546746 46.530282:24.546280
5958,46.529662:24.546643 46.530186:24.546089
5959,46.529629:24.546913 46.529586:24.547004 46.529597:24.547103 46.529624:24.547181 46.529796:24.547502 46.529831:24.547533 46.529860:24.547529 46.529943:24.547436 46.529960:24.547377 46.529959:24.547291 46.529731:24.546862
5960,46.529920:24.546904 46.530361:24.546439 46.530282:24.546280
5961,46.530282:24.546280 46.530186:24.546089
5962,46.530186:24.546089 46.530100:24.545918
5963,46.530100:24.545918 46.529576:24.546472
5964,46.530188:24.547440 46.530103:24.547270
5965,46.530103:24.547270 46.530017:24.547099
5966,46.530017:24.547099 46.529920:24.546904
5967,46.529920:24.546904 46.529841:24.546746
5968,46.529841:24.546746 46.529758:24.546834
5969,46.529758:24.546834 46.529731:24.546862
5970,46.550907:24.526606 46.550889:24.526650 46.550883:24.526699
5971,46.550883:24.526699 46.550886:24.526731 46.550894:24.526761
5972,46.550894:24.526761 46.550910:24.526792 46.550931:24.526816 46.550956:24.526831 46.550982:24.526835 46.551009:24.526827
5973,46.551009:24.526827 46.551020:24.526820
5974,46.551020:24.526820 46.551044:24.526795 46.551061:24.526761 46.551071:24.526720 46.551071:24.526677 46.551062:24.526636
5975,46.551062:24.526636 46.551042:24.526597
5976,46.551042:24.526597 46.551008:24.526568 46.550968:24.526561
5977,46.550968:24.526561 46.550935:24.526576 46.550907:24.526606
5978,46.549658:24.523756 46.549842:24.524145
5979,46.549842:24.524145 46.550110:24.524786
5980,46.550110:24.524786 46.550232:24.525121 46.550459:24.525769 46.550494:24.525874 46.550564:24.526049 46.550626:24.526178
5981,46.550626:24.526178 46.550697:24.526293 46.550780:24.526410
5982,46.549370:24.553686 46.549701:24.553886
5983,46.549701:24.553886 46.549523:24.553536 46.549493:24.553478
5984,46.549097:24.553534 46.549173:24.553568 46.549249:24.553602
5985,46.549226:24.553506 46.549188:24.553529 46.549185:24.553529 46.549097:24.553534
5986,46.549420:24.553316 46.549389:24.553222 46.549329:24.553072 46.549266:24.552927 46.549238:24.552903
5987,46.549473:24.553594 46.549489:24.553538 46.549493:24.553478
5988,46.549493:24.553478 46.549485:24.553424 46.549467:24.553376 46.549441:24.553338
5989,46.549441:24.553338 46.549420:24.553316
5990,46.549420:24.553316 46.549374:24.553299 46.549327:24.553303 46.549285:24.553330 46.549252:24.553377 46.549231:24.553437
5991,46.549231:24.553437 46.549226:24.553471 46.549226:24.553506
5992,46.549226:24.553506 46.549233:24.553556 46.549249:24.553602
5993,46.549249:24.553602 46.549272:24.553640 46.549302:24.553667 46.549335:24.553683 46.549370:24.553686
5994,46.549370:24.553686 46.549410:24.553672 46.549446:24.553640 46.549473:24.553594
5995,46.558661:24.528338 46.558820:24.528051
5996,46.536673:24.573457 46.536669:24.573439 46.536665:24.573421 46.536564:24.573007 46.536551:24.572954 46.536422:24.572440 46.536628:24.572331 46.536638:24.572326 46.536654:24.572318
5997,46.538311:24.558144 46.538353:24.558255 46.538375:24.558311 46.538404:24.558346 46.538583:24.558417 46.538617:24.558408 46.538661:24.558371 46.538737:24.558308
5998,46.534473:24.559362 46.534470:24.559332 46.534460:24.559305 46.534445:24.559282 46.534427:24.559267
5999,46.534427:24.559267 46.534411:24.559261 46.534395:24.559261
6000,46.534395:24.559261 46.534371:24.559270 46.534351:24.559289 46.534337:24.559318
6001,46.534337:24.559318 46.534330:24.559345
6002,46.534330:24.559345 46.534329:24.559381 46.534337:24.559415 46.534353:24.559444 46.534374:24.559463
6003,46.534374:24.559463 46.534389:24.559469
6004,46.534389:24.559469 46.534427:24.559464 46.534447:24.559447 46.534471:24.559393
6005,46.534471:24.559393 46.534473:24.559362
6006,46.521160:24.533732 46.520902:24.534002 46.520599:24.534319 46.520572:24.534348
6007,46.520516:24.533908 46.520534:24.533880 46.520547:24.533861 46.520668:24.533673 46.520917:24.533376
6008,46.520917:24.533376 46.520958:24.533326
6009,46.520958:24.533326 46.521591:24.532574
6010,46.521591:24.532574 46.521645:24.532513 46.521973:24.532149
6011,46.521973:24.532149 46.522019:24.532097
6012,46.522019:24.532097 46.522086:24.532021 46.522139:24.531963
6013,46.522581:24.534586 46.522558:24.534541 46.522287:24.533987 46.522274:24.533960
6014,46.522274:24.533960 46.522150:24.533709
6015,46.522150:24.533709 46.522105:24.533617 46.522052:24.533509 46.521821:24.533040
6016,46.521821:24.533040 46.521613:24.532619 46.521591:24.532574
6017,46.521579:24.534652 46.521842:24.534407 46.522274:24.533960
6018,46.537504:24.601518 46.537602:24.601749 46.537720:24.602016
6019,46.537720:24.602016 46.537733:24.602047 46.537767:24.602125
6020,46.537767:24.602125 46.538072:24.602735
6021,46.538072:24.602735 46.538301:24.603240
6022,46.538301:24.603240 46.538314:24.603266
6023,46.538314:24.603266 46.538802:24.604257 46.539245:24.605217
6024,46.539245:24.605217 46.539392:24.605523
6025,46.539392:24.605523 46.539699:24.606179
6026,46.539699:24.606179 46.540046:24.606944
6027,46.540046:24.606944 46.540057:24.606968 46.540071:24.606997 46.540307:24.607492
6028,46.540307:24.607492 46.541352:24.609755 46.541672:24.610435
6029,46.539541:24.593190 46.539571:24.593341 46.539578:24.593376 46.539600:24.593488 46.539590:24.593516 46.539572:24.593529 46.539519:24.593559 46.539306:24.593685 46.539140:24.593804 46.539013:24.593912
6030,46.539013:24.593912 46.538868:24.594026 46.538602:24.594287 46.538468:24.594410 46.538355:24.594498 46.538228:24.594567 46.538110:24.594619 46.538039:24.594627 46.537972:24.594638 46.537930:24.594638
6031,46.557719:24.575063 46.557676:24.574978 46.557274:24.574183 46.557150:24.573938 46.556747:24.573141 46.556672:24.572991 46.556640:24.572928 46.556621:24.572890
6032,46.531929:24.549804 46.531731:24.550123 46.531682:24.550202
6033,46.531875:24.549731 46.532409:24.549021
6034,46.531733:24.550259 46.531777:24.550181 46.531861:24.550033
6035,46.531861:24.550033 46.531969:24.549876
6036,46.532293:24.549921 46.532139:24.550128
6037,46.532139:24.550128 46.532021:24.550284 46.531861:24.550033
6038,46.532358:24.548874 46.532287:24.548760 46.531738:24.549525
6039,46.532358:24.548874 46.531789:24.549595
6040,46.531789:24.549595 46.531621:24.549843
6041,46.531094:24.548679 46.531662:24.549421 46.531695:24.549466
6042,46.531695:24.549466 46.531738:24.549525
6043,46.531738:24.549525 46.531789:24.549595
6044,46.531789:24.549595 46.531875:24.549731
6045,46.531875:24.549731 46.531929:24.549804
6046,46.531929:24.549804 46.531969:24.549876
6047,46.531969:24.549876 46.532139:24.550128
6048,46.569317:24.588893 46.568997:24.589380 46.568775:24.589251
6049,46.568840:24.584569 46.568522:24.584965
6050,46.567903:24.587543 46.567681:24.587125
6051,46.568696:24.586526 46.568722:24.586588 46.569309:24.587830
6052,46.568428:24.588633 46.568375:24.588690 46.568343:24.588725
6053,46.568520:24.588767 46.568434:24.588868 46.568401:24.588906
6054,46.568299:24.588304 46.568166:24.588023 46.568130:24.587992 46.568088:24.587991
6055,46.526013:24.542777 46.524920:24.544159
6056,46.556946:24.544873 46.557079:24.544691 46.557288:24.544392
6057,46.557288:24.544392 46.557631:24.543911 46.557822:24.543643
6058,46.557822:24.543643 46.558148:24.543179
6059,46.558148:24.543179 46.558364:24.542877
6060,46.558364:24.542877 46.558470:24.542728
6061,46.558470:24.542728 46.558517:24.542662 46.558710:24.542391 46.558733:24.542359 46.557405:24.540681
6062,46.558036:24.537826 46.557567:24.537413 46.557325:24.537199 46.557050:24.536971
6063,46.557050:24.536971 46.557010:24.536931
6064,46.557010:24.536931 46.556575:24.536488 46.556514:24.536473
6065,46.556514:24.536473 46.556452:24.536502 46.556271:24.536779 46.556113:24.537104 46.555945:24.537467 46.555887:24.537541 46.555824:24.537574 46.555753:24.537566 46.555665:24.537501 46.555465:24.537286 46.555382:24.537258 46.555294:24.537279 46.555142:24.537380 46.554710:24.537714 46.554671:24.537734 46.554621:24.537700 46.554590:24.537625 46.554361:24.536803 46.554278:24.536512
6066,46.557629:24.544899 46.557615:24.544841 46.557591:24.544798 46.557548:24.544742 46.557288:24.544392
6067,46.576807:24.633848 46.576772:24.633908
6068,46.532379:24.566946 46.532390:24.567217 46.532391:24.567483
6069,46.538737:24.570584 46.538789:24.570581 46.538809:24.570579 46.538919:24.570578 46.538954:24.570582 46.538987:24.570595 46.539012:24.570631 46.539022:24.570682 46.539026:24.570899
6070,46.545500:24.622790 46.545394:24.622812
6071,46.545394:24.622812 46.545397:24.622918 46.545391:24.622946 46.545368:24.622957 46.545212:24.622973
6072,46.516476:24.520518 46.516437:24.520564 46.515984:24.521101 46.515877:24.521296 46.515359:24.521834 46.515288:24.521867 46.515234:24.521881 46.515173:24.521854 46.515122:24.521793 46.515000:24.521548 46.514901:24.521388 46.514877:24.521357 46.514847:24.521358 46.514373:24.521887 46.514317:24.521940 46.514299:24.521934 46.514277:24.521900 46.513780:24.520874 46.513756:24.520866 46.513721:24.520889 46.513579:24.521019 46.513385:24.521210
6073,46.515390:24.519324 46.515326:24.519392
6074,46.549762:24.625775 46.550615:24.625539
6075,46.550615:24.625539 46.550971:24.625454
6076,46.513511:24.608220 46.513942:24.607776
6077,46.513942:24.607776 46.513966:24.607750
6078,46.513966:24.607750 46.514328:24.607350
6079,46.535770:24.598874 46.535841:24.598831
6080,46.535841:24.598831 46.536059:24.598697
6081,46.536059:24.598697 46.536215:24.598574
6082,46.572258:24.610403 46.572961:24.607686 46.572976:24.607584
6083,46.576754:24.615485 46.576974:24.614854 46.577247:24.614181 46.577567:24.613459 46.577654:24.613312 46.577709:24.613206
6084,46.522581:24.534586 46.522616:24.534659 46.522726:24.534881 46.522741:24.534911
6085,46.522741:24.534911 46.523034:24.535504
6086,46.543168:24.573882 46.543153:24.573889
6087,46.543153:24.573889 46.543132:24.573898 46.543118:24.573904 46.541616:24.574556 46.541601:24.574562 46.541584:24.574570
6088,46.556075:24.547439 46.555953:24.547144
6089,46.561785:24.540663 46.561794:24.540620 46.561799:24.540515 46.561801:24.540467
6090,46.563447:24.547841 46.563416:24.547752 46.563378:24.547672 46.563323:24.547554 46.563161:24.547185
6091,46.555403:24.547562 46.555459:24.547648 46.555506:24.547711 46.555554:24.547741
6092,46.555665:24.547595 46.555644:24.547598
6093,46.555742:24.547826 46.555801:24.547867 46.555849:24.547900
6094,46.515290:24.531319 46.515285:24.531525 46.515304:24.531824 46.515307:24.532254 46.515298:24.532536 46.515273:24.532693 46.515239:24.532834 46.515212:24.532950
6095,46.551592:24.554185 46.551671:24.554027 46.551778:24.553751
6096,46.555759:24.547732 46.555749:24.547682 46.555729:24.547639 46.555700:24.547608 46.555665:24.547595
6097,46.555651:24.547892 46.555686:24.547886 46.555718:24.547863 46.555742:24.547826
6098,46.555742:24.547826 46.555759:24.547732
6099,46.555554:24.547741 46.555560:24.547794
6100,46.555560:24.547794 46.555580:24.547843 46.555612:24.547878 46.555651:24.547892
6101,46.519513:24.532273 46.519453:24.532162 46.519426:24.532160 46.519281:24.532317 46.519257:24.532453 46.519468:24.532811 46.519603:24.532819
6102,46.519603:24.532819 46.520111:24.533904 46.520188:24.533946 46.520359:24.534313 46.520521:24.534220 46.520551:24.534203
6103,46.599900:24.634346 46.599762:24.634247 46.599645:24.634108 46.599489:24.633914 46.599329:24.633745
6104,46.555508:24.553252 46.555556:24.553216 46.555693:24.553195 46.556333:24.552551 46.556385:24.552650
6105,46.509979:24.611826 46.509617:24.612533
6106,46.509617:24.612533 46.509406:24.612932
6107,46.505706:24.616806 46.505340:24.617311
6108,46.505340:24.617311 46.505216:24.617440
6109,46.507668:24.611865 46.508669:24.610113
6110,46.508063:24.612381 46.509103:24.610541
6111,46.507529:24.615093 46.506433:24.616488
6112,46.508478:24.612957 46.509032:24.612218 46.509297:24.611794 46.509557:24.611350
6113,46.556198:24.541597 46.556211:24.541613 46.557724:24.543519 46.557822:24.543643
6114,46.569457:24.535134 46.568694:24.536709 46.568680:24.536753 46.568689:24.536798 46.568851:24.536976
6115,46.568851:24.536976 46.567419:24.540170
6116,46.567419:24.540170 46.567604:24.540356
6117,46.571538:24.541241 46.571864:24.540476
6118,46.571864:24.540476 46.571973:24.540580 46.573479:24.541888 46.573516:24.541944 46.573548:24.542006 46.573561:24.542078 46.573561:24.542082 46.573614:24.543062
6119,46.573614:24.543062 46.573625:24.543291
6120,46.573625:24.543291 46.573741:24.545353 46.573743:24.545400 46.573747:24.545463
6121,46.550475:24.568373 46.550474:24.568412 46.550473:24.568494 46.550470:24.569164 46.550430:24.569354 46.550333:24.569508 46.550153:24.569692
6122,46.549196:24.567451 46.549197:24.567389 46.549523:24.566834 46.549666:24.566589 46.549674:24.566573 46.549691:24.566540
6123,46.539347:24.565675 46.539326:24.565674 46.538873:24.565657 46.538854:24.565656 46.538822:24.565655
6124,46.537324:24.557699 46.537188:24.557892
6125,46.548500:24.551942 46.548738:24.551837 46.548773:24.551855
6126,46.532117:24.565660 46.532111:24.565769 46.532223:24.566238
6127,46.508381:24.502996 46.508105:24.503281 46.508078:24.503306 46.507998:24.503377
6128,46.569986:24.584895 46.570709:24.586025
6129,46.526688:24.549898 46.526675:24.549870 46.525901:24.548218 46.525894:24.548204 46.525871:24.548154
6130,46.550956:24.555249 46.550992:24.555240 46.551025:24.555217
6131,46.551025:24.555217 46.551065:24.555157 46.551084:24.555078
6132,46.549238:24.552903 46.549240:24.552988 46.549238:24.553228
6133,46.549238:24.553228 46.549235:24.553311 46.549231:24.553437
6134,46.539680:24.559853 46.539602:24.560294 46.539582:24.560414
6135,46.557501:24.575276 46.557441:24.575333 46.557392:24.575379 46.557058:24.575696
6136,46.553349:24.568293 46.553658:24.568697
6137,46.553157:24.566688 46.552777:24.567315 46.552751:24.567345 46.552740:24.567358 46.552672:24.567449
6138,46.552055:24.566610 46.552199:24.566802 46.552672:24.567449
6139,46.539924:24.584016 46.539821:24.584472
6140,46.544310:24.617877 46.545121:24.617367 46.546155:24.616738 46.546438:24.616570
6141,46.546438:24.616570 46.546730:24.616437
6142,46.545899:24.613361 46.545270:24.613640 46.545212:24.613668 46.545032:24.613741 46.543808:24.614514 46.543323:24.614791
6143,46.555644:24.547598 46.555534:24.547553 46.555458:24.547547 46.555403:24.547562
6144,46.555644:24.547598 46.555603:24.547616 46.555577:24.547649 46.555560:24.547692 46.555554:24.547741
6145,46.561822:24.540385 46.561816:24.540349 46.561803:24.540317 46.561784:24.540293 46.561760:24.540279
6146,46.561822:24.540385 46.561903:24.540143
6147,46.561760:24.540279 46.561734:24.540278 46.561710:24.540288 46.561689:24.540310 46.561674:24.540340 46.561667:24.540375
6148,46.561667:24.540375 46.561667:24.540412 46.561676:24.540446 46.561692:24.540474
6149,46.555403:24.547562 46.555074:24.547449 46.554841:24.547396 46.554729:24.547381 46.554602:24.547373 46.554270:24.547397 46.554159:24.547418 46.554075:24.547438
6150,46.553243:24.537044 46.553341:24.537530 46.553353:24.537589 46.553450:24.538444 46.553511:24.539220 46.553507:24.540650
6151,46.553507:24.540650 46.553504:24.541779
6152,46.553504:24.541779 46.553501:24.542555 46.553505:24.542815 46.553523:24.543075 46.553553:24.543523 46.553562:24.543764 46.553553:24.544009
6153,46.553553:24.544009 46.553486:24.544741
6154,46.553486:24.544741 46.553389:24.545888 46.553396:24.546081 46.553423:24.546251 46.553460:24.546409 46.553511:24.546544 46.553629:24.546788
6155,46.553629:24.546788 46.553745:24.546996 46.553836:24.547168
6156,46.553836:24.547168 46.553863:24.547219 46.553924:24.547312 46.553971:24.547372 46.554025:24.547416 46.554075:24.547438
6157,46.562439:24.545362 46.562532:24.545600
6158,46.562532:24.545600 46.562732:24.546093 46.562855:24.546399
6159,46.562855:24.546399 46.563016:24.546825
6160,46.533662:24.550396 46.533661:24.550282 46.533645:24.550200 46.533241:24.549491
6161,46.533241:24.549491 46.533200:24.549480 46.533165:24.549498
6162,46.533165:24.549498 46.533151:24.549544 46.533148:24.549606
6163,46.533662:24.550396 46.533636:24.550405 46.533611:24.550419 46.533562:24.550462 46.533499:24.550531
6164,46.533499:24.550531 46.533086:24.549817
6165,46.533499:24.550531 46.533085:24.551043
6166,46.532499:24.551110 46.532252:24.550847
6167,46.560441:24.547494 46.560531:24.547474 46.560571:24.547471
6168,46.560571:24.547471 46.560682:24.547463 46.560825:24.547472 46.561019:24.547518 46.561437:24.547625
6169,46.561437:24.547625 46.561610:24.547671
6170,46.561610:24.547671 46.561644:24.547678 46.561702:24.547689 46.562045:24.547749 46.562438:24.547796 46.562679:24.547818
6171,46.551380:24.565420 46.551398:24.565379 46.551413:24.565344
6172,46.551413:24.565344 46.551578:24.564955
6173,46.551578:24.564955 46.552020:24.563910 46.552250:24.563377
6174,46.553682:24.569602 46.553658:24.569567 46.553363:24.569133 46.553319:24.569090 46.553204:24.568977 46.553095:24.568901 46.552970:24.568871 46.552808:24.568882 46.551971:24.568939
6175,46.546243:24.564904 46.546221:24.564810 46.546216:24.564759 46.546212:24.564714 46.546213:24.564595 46.546224:24.564415 46.546255:24.564185
6176,46.546254:24.565026 46.546254:24.564968 46.546243:24.564904
6177,46.552033:24.558197 46.552061:24.558172 46.552141:24.558100
6178,46.552141:24.558100 46.552149:24.558092
6179,46.552149:24.558092 46.552160:24.558082 46.552222:24.558029
6180,46.552222:24.558029 46.552263:24.557993 46.552272:24.557986
6181,46.552272:24.557986 46.552524:24.557780
6182,46.552667:24.558577 46.552192:24.558491
6183,46.551667:24.557278 46.551701:24.557249 46.551989:24.557030
6184,46.551989:24.557030 46.552156:24.557453
6185,46.552250:24.563377 46.551989:24.563002
6186,46.551989:24.563002 46.552009:24.563163 46.552007:24.563363 46.551986:24.563439 46.551847:24.563759 46.551385:24.564784
6187,46.551385:24.564784 46.551225:24.565156
6188,46.551225:24.565156 46.551188:24.565244 46.551129:24.565376 46.551109:24.565421
6189,46.551109:24.565421 46.551100:24.565441
6190,46.525721:24.538946 46.524932:24.537392
6191,46.524932:24.537392 46.524874:24.537277 46.524551:24.536633
6192,46.524551:24.536633 46.524340:24.536214
6193,46.524340:24.536214 46.524138:24.535811
6194,46.524138:24.535811 46.524000:24.535533 46.523725:24.534974
6195,46.523725:24.534974 46.523212:24.533958
6196,46.523212:24.533958 46.522882:24.533289 46.522660:24.532821
6197,46.522139:24.531963 46.522611:24.532916
6198,46.522611:24.532916 46.522827:24.533344 46.522849:24.533388
6199,46.522849:24.533388 46.523157:24.534028
6200,46.523157:24.534028 46.523674:24.535079
6201,46.523674:24.535079 46.523936:24.535594 46.523941:24.535604 46.524018:24.535760
6202,46.524018:24.535760 46.524359:24.536444
6203,46.524359:24.536444 46.524811:24.537345 46.524868:24.537464
6204,46.524868:24.537464 46.525652:24.539024
6205,46.574004:24.549442 46.573302:24.548836 46.572660:24.548213
6206,46.571868:24.531507 46.572033:24.531705 46.572087:24.531743 46.572218:24.531857 46.572254:24.531904 46.572443:24.532108 46.572663:24.532357 46.572758:24.532473
6207,46.523824:24.518342 46.523786:24.518296 46.523739:24.518238 46.523663:24.518147 46.523455:24.517867 46.523124:24.517336 46.522873:24.516919
6208,46.522873:24.516919 46.522593:24.516527 46.522373:24.516264 46.522231:24.516144 46.522097:24.516097 46.521902:24.516065 46.521797:24.516033 46.521657:24.515952
6209,46.521657:24.515952 46.521562:24.515837 46.521349:24.515439 46.520944:24.514566 46.520543:24.513690
6210,46.520543:24.513690 46.520209:24.513011 46.520114:24.512783 46.520074:24.512606 46.520066:24.512417 46.520131:24.512259 46.520240:24.512094 46.520731:24.511576 46.520814:24.511418 46.520849:24.511241 46.520814:24.511026 46.520768:24.510913 46.520724:24.510804
6211,46.520724:24.510804 46.520714:24.510779 46.520427:24.510207
6212,46.520427:24.510207 46.520188:24.509728
6213,46.520188:24.509728 46.519837:24.509023
6214,46.519837:24.509023 46.518190:24.505719
6215,46.539666:24.584674 46.539637:24.584679 46.539610:24.584697
6216,46.539757:24.584814 46.539753:24.584771 46.539741:24.584733 46.539720:24.584702 46.539695:24.584681 46.539666:24.584674
6217,46.539738:24.584893 46.539752:24.584856 46.539757:24.584814
6218,46.539573:24.584849 46.539586:24.584887 46.539606:24.584918
6219,46.539610:24.584697 46.539589:24.584727 46.539575:24.584764 46.539569:24.584806 46.539573:24.584849
6220,46.539610:24.584697 46.539508:24.584707 46.539399:24.584682
6221,46.539399:24.584682 46.539496:24.584752 46.539530:24.584796 46.539573:24.584849
6222,46.539606:24.584918 46.539642:24.585053 46.539641:24.585258
6223,46.539821:24.584472 46.539797:24.584513 46.539744:24.584608 46.539699:24.584646 46.539666:24.584674
6224,46.539757:24.584814 46.539812:24.584521 46.539821:24.584472
6225,46.539641:24.585258 46.539717:24.584970 46.539738:24.584893
6226,46.539606:24.584918 46.539632:24.584939 46.539661:24.584947 46.539690:24.584941 46.539716:24.584923 46.539738:24.584893
6227,46.528078:24.540288 46.528647:24.541337 46.528841:24.541758 46.528910:24.541975 46.528956:24.542231 46.529016:24.542715 46.529056:24.543209 46.529064:24.543315
6228,46.530772:24.549129 46.530804:24.549085 46.531094:24.548679
6229,46.531094:24.548679 46.531709:24.547825 46.532159:24.548569
6230,46.533108:24.549751 46.533239:24.549979 46.533311:24.550105 46.533375:24.550177 46.533486:24.550235
6231,46.533148:24.549606 46.533430:24.550104 46.533461:24.550177 46.533486:24.550235
6232,46.533108:24.549382 46.532572:24.548412 46.532629:24.548345
6233,46.532795:24.551445 46.532815:24.551418 46.533007:24.551143
6234,46.549240:24.634784 46.549327:24.634930 46.549771:24.635685 46.550800:24.637756 46.551055:24.638329
6235,46.551055:24.638329 46.551700:24.640006 46.551806:24.640328 46.551860:24.640769 46.551892:24.642150 46.551794:24.643412 46.551792:24.643699 46.551793:24.643961 46.551912:24.645669
6236,46.551912:24.645669 46.551913:24.646190 46.551901:24.646706 46.551875:24.647400 46.551669:24.651408 46.551688:24.651778 46.551760:24.652186
6237,46.532247:24.648403 46.532130:24.648073 46.531998:24.647789 46.531867:24.647561 46.531698:24.647338 46.530871:24.646471 46.530042:24.645665 46.529542:24.645216 46.529367:24.645087 46.529055:24.644938 46.528898:24.644833 46.528680:24.644633 46.528315:24.644272 46.527960:24.643861 46.527671:24.643457 46.527369:24.643105 46.526876:24.642654 46.526667:24.642493 46.526276:24.642200
6238,46.526276:24.642200 46.525796:24.641789 46.525447:24.641526 46.524986:24.641241 46.524571:24.641032 46.524251:24.640928 46.524038:24.640844 46.523831:24.640732 46.523651:24.640583 46.523407:24.640346 46.523233:24.640113 46.523051:24.639829 46.522599:24.638910 46.522472:24.638592 46.522407:24.638318 46.522346:24.637999 46.522312:24.637636 46.522296:24.637311 46.522275:24.636967 46.522273:24.636639 46.522326:24.635579 46.522350:24.634957 46.522393:24.634432 46.522442:24.634067 46.522505:24.633702 46.522529:24.633356 46.522556:24.632567
6239,46.522556:24.632567 46.522563:24.632367
6240,46.522563:24.632367 46.522599:24.631298 46.522599:24.630924 46.522597:24.630851
6241,46.522597:24.630851 46.522590:24.630579 46.522538:24.630187
6242,46.522538:24.630187 46.522416:24.629579 46.522289:24.628911
6243,46.522289:24.628911 46.522002:24.627898 46.521960:24.627711 46.521932:24.627523 46.521918:24.627307 46.521837:24.625526 46.521849:24.624676 46.521836:24.624359 46.521807:24.624111 46.521760:24.623888 46.521677:24.623640
6244,46.521677:24.623640 46.521665:24.623581 46.521647:24.623331 46.521656:24.623043 46.521786:24.621525
6245,46.521786:24.621525 46.521818:24.621268 46.521934:24.620437 46.521963:24.620261 46.522203:24.619237 46.522227:24.619117 46.522242:24.619051 46.522242:24.618994
6246,46.581338:24.548352 46.581709:24.548909
6247,46.595572:24.628587 46.595589:24.629029 46.595729:24.629216 46.596025:24.629207
6248,46.596025:24.629207 46.595796:24.628895
6249,46.595572:24.628587 46.595233:24.628125
6250,46.595796:24.628895 46.596025:24.628528
6251,46.595796:24.628895 46.595572:24.628587
6252,46.547453:24.587010 46.546827:24.587034
6253,46.533917:24.552280 46.533766:24.552055 46.533593:24.551779 46.533424:24.551508
6254,46.522198:24.537627 46.522146:24.537676 46.522130:24.537692 46.522060:24.537760
6255,46.575039:24.605299 46.575195:24.605069 46.575238:24.605038 46.575277:24.605049 46.575705:24.605649
6256,46.574104:24.604883 46.574040:24.604798 46.573807:24.604400 46.573696:24.604250 46.573653:24.604220 46.573603:24.604217 46.573558:24.604237 46.573506:24.604284 46.573453:24.604353 46.573369:24.604502 46.573243:24.604746 46.573132:24.604978 46.573063:24.605153 46.573019:24.605301 46.572966:24.605481 46.572918:24.605642 46.572849:24.605859 46.572693:24.606263
6257,46.594021:24.630396 46.595432:24.632120
6258,46.582900:24.611133 46.582992:24.610993
6259,46.582992:24.610993 46.582855:24.611059
6260,46.582823:24.611231 46.583049:24.611546
6261,46.583049:24.611546 46.582899:24.611168
6262,46.582802:24.611216 46.582823:24.611231
6263,46.582823:24.611231 46.582847:24.611234 46.582870:24.611223 46.582888:24.611200 46.582899:24.611168
6264,46.582899:24.611168 46.582900:24.611133
6265,46.582900:24.611133 46.582892:24.611100 46.582876:24.611074 46.582855:24.611059
6266,46.582855:24.611059 46.582831:24.611057
6267,46.582831:24.611057 46.582808:24.611068 46.582791:24.611091 46.582780:24.611123 46.582779:24.611157 46.582786:24.611190
6268,46.582786:24.611190 46.582802:24.611216
6269,46.581446:24.609415 46.582234:24.610500
6270,46.582831:24.611057 46.582294:24.610413 46.581490:24.609347
6271,46.581490:24.609347 46.580407:24.607786 46.580081:24.607328 46.579922:24.607096
6272,46.579922:24.607096 46.579735:24.606890
6273,46.579735:24.606890 46.579396:24.606576 46.579034:24.606291 46.578525:24.605898 46.578176:24.605666 46.577825:24.605498 46.577481:24.605375 46.577174:24.605263
6274,46.599329:24.633745 46.599390:24.633865 46.599464:24.633972 46.599609:24.634171 46.599717:24.634337 46.599763:24.634429 46.599776:24.634559
6275,46.599329:24.633745 46.598698:24.632850
6276,46.598698:24.632850 46.597827:24.631648
6277,46.597827:24.631648 46.597731:24.631515
6278,46.597731:24.631515 46.596161:24.629392
6279,46.596161:24.629392 46.596025:24.629207
6280,46.552115:24.645600 46.551912:24.645669
6281,46.552207:24.645576 46.552115:24.645600
6282,46.555402:24.637456 46.555504:24.636474
6283,46.551999:24.637802 46.552240:24.638228 46.552297:24.638354 46.552356:24.638480 46.552410:24.638686 46.552563:24.639472 46.552608:24.639725 46.552603:24.639993 46.552592:24.640232 46.552638:24.640580 46.552660:24.640746 46.552650:24.640946 46.552598:24.641712 46.552486:24.645239 46.552469:24.645459 46.552458:24.645490 46.552444:24.645520 46.552422:24.645526 46.552207:24.645576
6284,46.551494:24.638089 46.551783:24.637924 46.551870:24.637788
6285,46.551225:24.627250 46.551453:24.627132 46.551566:24.627076
6286,46.551566:24.627076 46.551881:24.626883
6287,46.545890:24.629502 46.545805:24.629506
6288,46.546539:24.629475 46.545890:24.629502
6289,46.544626:24.636356 46.544563:24.636371 46.544465:24.636393 46.544327:24.636396 46.544187:24.636393 46.544111:24.636390
6290,46.553344:24.624518 46.553454:24.625639
6291,46.551881:24.626883 46.551695:24.625393 46.551578:24.624057
6292,46.550652:24.625895 46.550615:24.625539
6293,46.549698:24.625165 46.548945:24.625570
6294,46.544666:24.624473 46.544530:24.624580 46.543940:24.625168 46.543519:24.625616 46.543473:24.625605 46.543460:24.625592 46.543432:24.625557 46.543349:24.625280 46.542982:24.624234
6295,46.541362:24.616225 46.540903:24.616831
6296,46.541252:24.615260 46.540650:24.616043
6297,46.541039:24.613563 46.539982:24.614911
6298,46.541714:24.617386 46.541666:24.617407
6299,46.541666:24.617407 46.541617:24.617448 46.541469:24.617592 46.541276:24.617831 46.540901:24.618399 46.540708:24.618714 46.540503:24.618953 46.540346:24.619181 46.540089:24.619417 46.539912:24.619554 46.539733:24.619691 46.539552:24.620021
6300,46.541792:24.617347 46.541714:24.617386
6301,46.544240:24.617641 46.544135:24.617701 46.544068:24.617718 46.543854:24.617739 46.543655:24.617710 46.542908:24.617492 46.542791:24.617455 46.542454:24.617357 46.542053:24.617272 46.541972:24.617269 46.541891:24.617281 46.541837:24.617311 46.541792:24.617347
6302,46.543864:24.616475 46.541731:24.616966
6303,46.543622:24.615672 46.541641:24.616260
6304,46.543358:24.614891 46.541532:24.615708
6305,46.553732:24.659932 46.553764:24.659819 46.553928:24.659346 46.554121:24.658859 46.554303:24.658457 46.554454:24.658159 46.554602:24.657953 46.554772:24.657737 46.554884:24.657615 46.555060:24.657429 46.555183:24.657277 46.555262:24.657210 46.555369:24.657156 46.555560:24.657078 46.555695:24.657037 46.555811:24.657027 46.555932:24.657014 46.555978:24.656987 46.556036:24.656953 46.556131:24.656916 46.556204:24.656899 46.556283:24.656896 46.556338:24.656929 46.556406:24.657044 46.556485:24.657190 46.556536:24.657217
6306,46.553449:24.659800 46.553541:24.659812
6307,46.552609:24.659644 46.552824:24.659723 46.553043:24.659778 46.553449:24.659800
6308,46.582757:24.615397 46.581373:24.617658
6309,46.581130:24.613485 46.581337:24.613711 46.581589:24.613952
6310,46.581589:24.613952 46.581723:24.614064 46.581823:24.614157 46.581957:24.614334
6311,46.581957:24.614334 46.582757:24.615397
6312,46.582757:24.615397 46.583681:24.616658
6313,46.583681:24.616658 46.583992:24.617094
6314,46.582604:24.619322 46.583992:24.617094
6315,46.584556:24.613336 46.584433:24.613461
6316,46.584622:24.613720 46.584709:24.613556
6317,46.507712:24.621163 46.508101:24.621346
6318,46.508101:24.621346 46.508083:24.621563 46.507983:24.622330 46.507954:24.622604 46.507922:24.623044 46.507917:24.623116 46.507889:24.623137 46.507861:24.623135 46.507767:24.623095 46.507525:24.622970
6319,46.506675:24.641123 46.506669:24.640989 46.506644:24.640498 46.506638:24.640067 46.506651:24.639888 46.506686:24.639711 46.506777:24.639332 46.507422:24.637214
6320,46.507422:24.637214 46.507549:24.636798 46.508445:24.633998 46.508471:24.633907 46.508484:24.633785 46.508483:24.633657
6321,46.508483:24.633657 46.508488:24.633478 46.508549:24.632942 46.508668:24.632418 46.508721:24.632225
6322,46.508721:24.632225 46.508800:24.631939 46.509117:24.631096 46.509286:24.630474 46.509520:24.629613 46.509604:24.629346 46.509740:24.629006
6323,46.506291:24.636675 46.506681:24.636854 46.507422:24.637214
6324,46.518172:24.632780 46.518021:24.632839 46.517752:24.632904
6325,46.525379:24.622525 46.526646:24.622549 46.527107:24.622556
6326,46.525379:24.622525 46.525383:24.622210 46.525385:24.622022
6327,46.522563:24.632367 46.522338:24.632361 46.521559:24.632286 46.520897:24.632190
6328,46.519952:24.630109 46.520037:24.630208 46.520321:24.630463 46.520378:24.630497 46.521050:24.630610 46.521541:24.630699 46.522597:24.630851
6329,46.519863:24.628829 46.519697:24.628859 46.519279:24.628938 46.518665:24.629110
6330,46.519808:24.627726 46.519846:24.628560 46.519863:24.628829
6331,46.519863:24.628829 46.519880:24.629097 46.519945:24.630006 46.519952:24.630109
6332,46.519952:24.630109 46.519992:24.630737
6333,46.520440:24.628177 46.520464:24.627973 46.520691:24.626455 46.520791:24.625799
6334,46.518723:24.624443 46.518960:24.624584 46.519160:24.624726 46.519491:24.624965 46.519736:24.625137 46.519745:24.625163 46.519752:24.625205 46.519746:24.625261 46.519550:24.626732 46.519510:24.627123 46.519491:24.627323 46.519496:24.627470 46.519512:24.627543 46.519559:24.627583 46.519627:24.627624 46.519808:24.627726
6335,46.519808:24.627726 46.519947:24.627783 46.520246:24.628003 46.520375:24.628124 46.520440:24.628177
6336,46.520440:24.628177 46.520486:24.628207 46.520691:24.628301 46.521687:24.628709 46.522165:24.628924 46.522209:24.628941 46.522255:24.628935 46.522289:24.628911
6337,46.520773:24.617823 46.520820:24.617785 46.520870:24.617766 46.520908:24.617762 46.520959:24.617762 46.521035:24.617770 46.521145:24.617786
6338,46.525177:24.615032 46.525217:24.615000 46.525270:24.614932 46.525314:24.614848 46.525337:24.614729 46.525342:24.614614 46.525345:24.614430 46.525356:24.614270 46.525364:24.614212 46.525375:24.614187 46.525393:24.614172 46.525435:24.614165 46.525496:24.614173 46.525600:24.614185
6339,46.525713:24.615557 46.525413:24.615173 46.525277:24.615078 46.525177:24.615032
6340,46.525177:24.615032 46.525153:24.615021 46.524787:24.614955 46.524508:24.614876
6341,46.524508:24.614876 46.523842:24.614724 46.523733:24.614688 46.523640:24.614636
6342,46.523640:24.614636 46.523547:24.614557 46.523467:24.614455 46.523290:24.614066 46.523217:24.613936 46.523128:24.613848 46.523009:24.613791 46.522906:24.613809 46.522833:24.613904 46.522648:24.614491 46.522568:24.614655 46.522469:24.614780 46.522309:24.614927
6343,46.522309:24.614927 46.521987:24.615224 46.521898:24.615323 46.521814:24.615489 46.521661:24.615882 46.521564:24.616095 46.521496:24.616186
6344,46.521496:24.616186 46.521429:24.616287 46.521175:24.616627 46.520817:24.617312
6345,46.526404:24.611561 46.526400:24.611639 46.526388:24.611720 46.526366:24.611808 46.526355:24.611884 46.526353:24.611936 46.526382:24.612011 46.526426:24.612068 46.526509:24.612151 46.526607:24.612268 46.526683:24.612350 46.526740:24.612420 46.526809:24.612556 46.526903:24.612813 46.527003:24.613126 46.527075:24.613352
6346,46.525967:24.611277 46.525994:24.611252 46.526008:24.611242 46.526061:24.611215 46.526159:24.611182 46.526274:24.611143 46.526393:24.611143 46.526468:24.611161 46.526528:24.611173 46.526552:24.611155 46.526559:24.611124 46.526558:24.611070 46.526552:24.610886 46.526556:24.610381 46.526573:24.610035
6347,46.524234:24.609816 46.524234:24.610535 46.524235:24.610748 46.524259:24.610813 46.524305:24.610837 46.524619:24.610961
6348,46.521436:24.612678 46.521505:24.612690 46.521858:24.612712 46.522227:24.612741 46.522255:24.612742 46.522306:24.612718 46.522329:24.612682 46.522341:24.612619 46.522343:24.612523 46.522346:24.612418 46.522366:24.612275 46.522394:24.612174 46.522423:24.612089 46.522478:24.611920 46.522567:24.611633 46.522617:24.611451 46.522675:24.611203 46.522722:24.610998 46.522833:24.610501 46.522975:24.609809
6349,46.520344:24.614395 46.520842:24.615373 46.521105:24.615862 46.521159:24.615919 46.521227:24.615954 46.521496:24.616186
6350,46.519963:24.614975 46.519976:24.614860 46.520008:24.614739 46.520037:24.614657 46.520060:24.614611 46.520088:24.614576 46.520155:24.614499
6351,46.518129:24.612943 46.518124:24.613035 46.518082:24.613917 46.518025:24.615052 46.517979:24.616118
6352,46.517683:24.612848 46.517681:24.612896 46.517665:24.613195 46.517647:24.613587 46.517621:24.614035 46.517593:24.614442 46.517575:24.614831 46.517574:24.614959 46.517521:24.616005 46.517458:24.617234
6353,46.579385:24.629835 46.579281:24.630186 46.578983:24.630740 46.578621:24.631294 46.578467:24.631541 46.578285:24.631777 46.578236:24.631829 46.578034:24.632042 46.577745:24.632401 46.577195:24.633282 46.577156:24.633338 46.576807:24.633848
6354,46.574003:24.641161 46.573613:24.641304 46.573471:24.641382 46.573347:24.641559 46.573100:24.642205 46.572859:24.642876 46.572623:24.643533 46.572347:24.644143 46.572031:24.644570 46.571679:24.644871 46.570849:24.645459 46.570154:24.645853 46.569842:24.646062 46.569707:24.646159 46.569551:24.646352 46.569374:24.646625 46.569288:24.646825 46.569130:24.647116 46.569016:24.647261 46.568762:24.647484 46.568487:24.647615 46.568345:24.647658 46.568123:24.647766 46.567907:24.647893 46.567801:24.647975 46.567696:24.648055 46.567598:24.648177 46.567533:24.648278 46.567282:24.648629 46.567101:24.648880 46.566739:24.649326 46.566334:24.649677 46.566000:24.649961 46.565479:24.650367 46.565187:24.650562 46.565038:24.650637 46.564940:24.650668 46.564833:24.650656 46.564555:24.650748 46.564424:24.650829 46.564031:24.651042 46.563751:24.651235 46.563614:24.651342 46.563371:24.651662 46.563105:24.652143 46.562912:24.652550 46.562820:24.652856 46.562655:24.653130 46.562311:24.653684 46.562128:24.654011 46.561911:24.654522 46.561814:24.654702 46.561681:24.654829 46.561241:24.655263 46.560741:24.655963 46.560470:24.656163 46.560232:24.656297 46.560067:24.656430 46.559915:24.656670 46.559869:24.656877 46.559787:24.656997 46.559571:24.657291 46.559379:24.657511 46.559053:24.657764 46.558736:24.658151 46.558158:24.658839 46.557557:24.659533 46.557181:24.659933 46.556800:24.660346 46.556525:24.660807 46.556383:24.661281 46.556314:24.661734 46.556291:24.662481 46.556309:24.663262 46.556319:24.663440
6355,46.518873:24.607591 46.518577:24.607819
6356,46.520118:24.606373 46.519730:24.606787 46.519330:24.607201
6357,46.519330:24.607201 46.519271:24.607255
6358,46.520454:24.605994 46.520277:24.606196
6359,46.516842:24.609140 46.516614:24.609311
6360,46.516614:24.609311 46.515577:24.610078
6361,46.515577:24.610078 46.515516:24.610129
6362,46.520277:24.606196 46.520118:24.606373
6363,46.543248:24.646820 46.543179:24.646720 46.543114:24.646612 46.543093:24.646480 46.543100:24.646244 46.543196:24.645804 46.543277:24.645399 46.543331:24.645149 46.543379:24.644743 46.543505:24.643908 46.543614:24.642793 46.543654:24.642300 46.543679:24.642030 46.543691:24.641871 46.543723:24.641705 46.543791:24.641492 46.543958:24.640982 46.544153:24.640296 46.544425:24.639407 46.544468:24.639269
6364,46.544468:24.639269 46.544695:24.638529 46.544846:24.638062 46.544881:24.637937 46.544932:24.637768 46.544985:24.637653 46.545037:24.637596 46.545078:24.637525 46.545220:24.637143 46.545408:24.636619 46.545476:24.636402
6365,46.594862:24.532066 46.594865:24.531580
6366,46.594862:24.532066 46.595145:24.531925
6367,46.595145:24.531925 46.595427:24.531783 46.595619:24.531718
6368,46.594368:24.532413 46.594862:24.532066
6369,46.559982:24.547853 46.560112:24.547695 46.560259:24.547564
6370,46.558869:24.548395 46.558969:24.548443
6371,46.559024:24.548471 46.559056:24.548489 46.559246:24.548583 46.559349:24.548624 46.559409:24.548635 46.559456:24.548616
6372,46.569828:24.547094 46.570220:24.546906 46.571647:24.546329 46.572111:24.546133 46.572274:24.546064
6373,46.572274:24.546064 46.572822:24.545836 46.572841:24.545828
6374,46.572841:24.545828 46.572941:24.545788
6375,46.572941:24.545788 46.573217:24.545677
6376,46.573217:24.545677 46.573365:24.545617
6377,46.573365:24.545617 46.573605:24.545521 46.573747:24.545463
6378,46.573747:24.545463 46.573996:24.545361
6379,46.573996:24.545361 46.574021:24.545352
6380,46.574021:24.545352 46.574668:24.545065
6381,46.574668:24.545065 46.574803:24.545004 46.574858:24.544980
6382,46.574858:24.544980 46.575398:24.544739
6383,46.575398:24.544739 46.575970:24.544484 46.575986:24.544477
6384,46.575986:24.544477 46.576958:24.544044
6385,46.576958:24.544044 46.577532:24.543789
6386,46.577532:24.543789 46.577916:24.543624
6387,46.577916:24.543624 46.578479:24.543390
6388,46.578479:24.543390 46.579209:24.543049
6389,46.579209:24.543049 46.579624:24.542876
6390,46.579624:24.542876 46.579949:24.542741
6391,46.579949:24.542741 46.580047:24.542701 46.580102:24.542678
6392,46.580102:24.542678 46.580180:24.542645
6393,46.575566:24.603575 46.575524:24.603491
6394,46.575468:24.603780 46.575419:24.603651 46.575359:24.603503
6395,46.530608:24.530475 46.530471:24.530213 46.530440:24.530150
6396,46.530440:24.530150 46.530131:24.529521
6397,46.530131:24.529521 46.529837:24.528929
6398,46.529837:24.528929 46.529824:24.528904
6399,46.529824:24.528904 46.529527:24.528308 46.529049:24.527351
6400,46.529049:24.527351 46.528848:24.526956
6401,46.528848:24.526956 46.528576:24.526415
6402,46.528576:24.526415 46.528340:24.525934
6403,46.528340:24.525934 46.527849:24.524946
6404,46.527849:24.524946 46.527537:24.524323
6405,46.527537:24.524323 46.526944:24.523137
6406,46.526944:24.523137 46.526700:24.522639
6407,46.526700:24.522639 46.526648:24.522508
6408,46.526648:24.522508 46.525795:24.520769
6409,46.525795:24.520769 46.525686:24.520548 46.525388:24.519955
6410,46.525388:24.519955 46.525267:24.519717
6411,46.525267:24.519717 46.525135:24.519455
6412,46.525135:24.519455 46.524707:24.518605
6413,46.524707:24.518605 46.524614:24.518420
6414,46.524614:24.518420 46.524588:24.518367 46.524388:24.518049 46.524263:24.517878 46.524218:24.517839 46.524185:24.517826 46.524158:24.517822
6415,46.519790:24.527303 46.519906:24.527534
6416,46.519906:24.527534 46.520148:24.528009
6417,46.520148:24.528009 46.520639:24.528972
6418,46.520639:24.528972 46.521120:24.529916
6419,46.518944:24.525538 46.519033:24.525723 46.519654:24.527030 46.519713:24.527146
6420,46.519713:24.527146 46.519790:24.527303
6421,46.519866:24.527221 46.519950:24.527127 46.519966:24.527108 46.520013:24.527055
6422,46.520013:24.527055 46.520105:24.526951
6423,46.520105:24.526951 46.520232:24.526807
6424,46.520232:24.526807 46.520295:24.526736
6425,46.520295:24.526736 46.520299:24.526731
6426,46.520299:24.526731 46.520765:24.526206 46.520785:24.526175
6427,46.520416:24.528319 46.519866:24.527221
6428,46.526047:24.539598 46.525721:24.538946
6429,46.526079:24.539856 46.526214:24.540162 46.526368:24.540538 46.526494:24.540883 46.526675:24.541428 46.526830:24.541811 46.526913:24.541992 46.526954:24.542081
6430,46.524796:24.541279 46.524367:24.541643 46.523960:24.541909
6431,46.523960:24.541909 46.523826:24.541992 46.523786:24.542017
6432,46.548213:24.531910 46.548415:24.531649
6433,46.548415:24.531649 46.548512:24.531485 46.548842:24.530791
6434,46.551255:24.526929 46.551447:24.527189 46.551650:24.527512 46.551816:24.527876 46.552005:24.528482 46.552172:24.529066 46.552248:24.529458 46.552312:24.529936
6435,46.536996:24.540428 46.537028:24.540368 46.537077:24.540277
6436,46.537077:24.540277 46.537166:24.540096
6437,46.536590:24.540045 46.536617:24.540092
6438,46.536617:24.540092 46.536712:24.540260 46.536772:24.540368
6439,46.536545:24.540590 46.536663:24.540519 46.536777:24.540505 46.536857:24.540507
6440,46.521335:24.545631 46.521735:24.545934
6441,46.521735:24.545934 46.521874:24.546003 46.522070:24.546098
6442,46.522070:24.546098 46.522189:24.546155 46.522479:24.546282 46.522695:24.546406 46.522838:24.546522
6443,46.522147:24.543554 46.522173:24.543635
6444,46.522173:24.543635 46.522206:24.543741 46.522347:24.544191
6445,46.522347:24.544191 46.522557:24.544888
6446,46.522557:24.544888 46.522568:24.544927
6447,46.523134:24.546662 46.523218:24.546828 46.523285:24.546937
6448,46.523285:24.546937 46.523312:24.546980 46.523532:24.547237 46.523698:24.547457
6449,46.523698:24.547457 46.523952:24.547792 46.524112:24.548008
6450,46.529152:24.546605 46.528888:24.546059
6451,46.529876:24.547829 46.529762:24.547656 46.529704:24.547568 46.529377:24.547009
6452,46.536670:24.556535 46.536870:24.556802 46.537310:24.557354 46.537421:24.557488
6453,46.534344:24.582713 46.534562:24.582899 46.534578:24.582913
6454,46.550542:24.565030 46.550774:24.565176 46.550943:24.565302 46.551034:24.565383 46.551100:24.565441
6455,46.577174:24.605263 46.576982:24.605196 46.576775:24.605089 46.576565:24.604940
6456,46.576531:24.605031 46.576655:24.605114 46.576966:24.605291 46.577177:24.605367
6457,46.577177:24.605367 46.577457:24.605466 46.577800:24.605592 46.578148:24.605749 46.578491:24.605987 46.578998:24.606371 46.579358:24.606659 46.579581:24.606859
6458,46.579581:24.606859 46.579690:24.606965
6459,46.579690:24.606965 46.579859:24.607155
6460,46.579859:24.607155 46.580041:24.607395 46.580361:24.607855 46.580489:24.608042
6461,46.580489:24.608042 46.581446:24.609415
6462,46.576483:24.604935 46.576478:24.604963 46.576481:24.604992
6463,46.576481:24.604992 46.576493:24.605016 46.576511:24.605030 46.576531:24.605031
6464,46.576531:24.605031 46.576549:24.605020 46.576563:24.604997 46.576568:24.604969 46.576565:24.604940
6465,46.576565:24.604940 46.576557:24.604922 46.576545:24.604909
6466,46.576545:24.604909 46.576530:24.604902 46.576515:24.604902
6467,46.576515:24.604902 46.576497:24.604913 46.576483:24.604935
6468,46.575359:24.603503 46.575414:24.603445
6469,46.575414:24.603445 46.575470:24.603387
6470,46.566492:24.589289 46.566533:24.589359
6471,46.567380:24.590837 46.569846:24.594927 46.570523:24.596027
6472,46.570523:24.596027 46.570668:24.596219 46.570891:24.596474 46.571111:24.596677
6473,46.571111:24.596677 46.571540:24.597052 46.571866:24.597363 46.572077:24.597588 46.572390:24.597961 46.572931:24.598633 46.573168:24.598920 46.573335:24.599176 46.573461:24.599416
6474,46.573461:24.599416 46.573608:24.599799 46.573860:24.600591 46.573978:24.600888 46.574163:24.601207
6475,46.574163:24.601207 46.574297:24.601424 46.574457:24.601672 46.574640:24.601971 46.574818:24.602289 46.574998:24.602629 46.575294:24.603219
6476,46.575294:24.603219 46.575414:24.603445
6477,46.581167:24.542229 46.581198:24.542310 46.581823:24.543969
6478,46.581359:24.547247 46.581024:24.547520 46.580681:24.547738 46.580292:24.547937
6479,46.580292:24.547937 46.579899:24.548081
6480,46.579899:24.548081 46.579743:24.548172 46.579614:24.548242 46.579461:24.548398 46.579236:24.548650 46.578912:24.549110
6481,46.579792:24.552721 46.579708:24.552591 46.579634:24.552517 46.579560:24.552500 46.579467:24.552453 46.579402:24.552388 46.579299:24.552280 46.579137:24.552243 46.579032:24.552199 46.578382:24.551297 46.578247:24.551077
6482,46.585023:24.544866 46.585134:24.544906 46.585462:24.545146 46.585706:24.545315 46.585945:24.545457
6483,46.585531:24.556484 46.584255:24.554897
6484,46.572264:24.541870 46.571840:24.542878
6485,46.572733:24.542289 46.572312:24.543249
6486,46.573196:24.542692 46.572764:24.543686
6487,46.575775:24.538823 46.576332:24.538020
6488,46.576332:24.538020 46.576342:24.538006
6489,46.576342:24.538006 46.576536:24.537757 46.576644:24.537677 46.576790:24.537643 46.576924:24.537606 46.576992:24.537595
6490,46.576992:24.537595 46.577077:24.537576 46.577193:24.537523 46.577433:24.537405 46.577671:24.537264 46.577767:24.537184
6491,46.576657:24.536697 46.576479:24.536052
6492,46.574740:24.538145 46.574776:24.537921 46.574832:24.537628 46.574881:24.537338 46.574917:24.537202 46.574960:24.537147
6493,46.574960:24.537147 46.575004:24.537125 46.575072:24.537134 46.575095:24.537135 46.575156:24.537138 46.575259:24.537134 46.575455:24.537104 46.575786:24.537032 46.576166:24.536929 46.576356:24.536857 46.576614:24.536722 46.576657:24.536697
6494,46.560259:24.547564 46.560141:24.547546 46.560039:24.547504
6495,46.565791:24.531612 46.565800:24.531707 46.565832:24.531774 46.566942:24.532791
6496,46.571410:24.536061 46.570708:24.537739 46.570676:24.537867 46.570668:24.537956 46.570499:24.538347
6497,46.570499:24.538347 46.570345:24.538697 46.570238:24.538829 46.570026:24.539315 46.569965:24.539550 46.569898:24.539700
6498,46.569898:24.539700 46.569576:24.540393 46.569435:24.540595 46.568969:24.541602 46.568938:24.541757
6499,46.568938:24.541757 46.568206:24.543342
6500,46.568206:24.543342 46.567780:24.544247
6501,46.569411:24.542216 46.569370:24.542261 46.569320:24.542330 46.568996:24.542992 46.568621:24.543713 46.568047:24.544811
6502,46.569411:24.542216 46.568938:24.541757
6503,46.571913:24.536522 46.571870:24.536611 46.571303:24.537947 46.570940:24.538739
6504,46.570940:24.538739 46.570672:24.539364 46.570030:24.540848 46.569467:24.542117 46.569411:24.542216
6505,46.569926:24.535194 46.569092:24.537221
6506,46.568851:24.536976 46.569049:24.537140 46.569074:24.537171 46.569089:24.537204 46.569092:24.537221
6507,46.550715:24.507363 46.550191:24.506984
6508,46.557210:24.512550 46.557398:24.513411
6509,46.559076:24.512689 46.558477:24.513091 46.558279:24.513195 46.558051:24.513318 46.557874:24.513409 46.557769:24.513458 46.557610:24.513455 46.557556:24.513452 46.557498:24.513446 46.557459:24.513423 46.557417:24.513406 46.557398:24.513411
6510,46.551702:24.505694 46.551707:24.505693 46.551713:24.505688 46.551721:24.505674 46.551735:24.505634 46.551749:24.505586 46.551764:24.505555 46.551813:24.505514 46.551896:24.505452
6511,46.551896:24.505452 46.552002:24.505447 46.552250:24.505339 46.552385:24.505331 46.552631:24.505410
6512,46.552631:24.505410 46.552843:24.505477
6513,46.552843:24.505477 46.553117:24.505561 46.553260:24.505564 46.553371:24.505495 46.553454:24.505365 46.553900:24.503686
6514,46.542181:24.500496 46.542198:24.500483 46.542216:24.500468 46.542230:24.500404 46.542450:24.499549 46.542775:24.498112 46.542864:24.497599
6515,46.541525:24.499729 46.541582:24.499582 46.541705:24.499396 46.541794:24.499257 46.541827:24.499195 46.541846:24.499158 46.541838:24.499107 46.541811:24.499024 46.541735:24.498919
6516,46.542168:24.501724 46.542145:24.501692 46.542139:24.501678 46.542135:24.501629 46.542137:24.501581 46.542153:24.501490 46.542178:24.501281 46.542190:24.501086 46.542209:24.500810 46.542213:24.500638 46.542181:24.500496
6517,46.542181:24.500496 46.542132:24.500365 46.542063:24.500222 46.541929:24.500037 46.541779:24.499890 46.541654:24.499809 46.541525:24.499729
6518,46.541525:24.499729 46.541429:24.499702 46.541370:24.499683 46.541263:24.499662 46.541159:24.499659 46.541028:24.499665 46.540903:24.499651 46.540825:24.499635 46.540752:24.499611 46.540695:24.499573 46.540663:24.499528 46.540622:24.499474 46.540591:24.499404 46.540586:24.499359 46.540604:24.499324 46.540632:24.499295 46.541067:24.498822
6519,46.542892:24.506252 46.542523:24.505656
6520,46.543054:24.505958 46.542687:24.505375
6521,46.543239:24.505623 46.542856:24.505067
6522,46.543459:24.505224 46.543048:24.504620
6523,46.545416:24.516779 46.545494:24.516714 46.545554:24.516665 46.545591:24.516639 46.545661:24.516601 46.545720:24.516590 46.545791:24.516595 46.545912:24.516590 46.545973:24.516580 46.546053:24.516545 46.546147:24.516448 46.546197:24.516384 46.546666:24.515713
6524,46.544876:24.511595 46.544700:24.511893 46.545635:24.513277
6525,46.547806:24.506047 46.547822:24.505985 46.547816:24.505922 46.547795:24.505875 46.547472:24.505535 46.547435:24.505515 46.547397:24.505501 46.547355:24.505513 46.546468:24.507172 46.546450:24.507215 46.546453:24.507247 46.546468:24.507272 46.546494:24.507308 46.546636:24.507487
6526,46.546636:24.507487 46.546780:24.507670 46.546806:24.507694 46.546827:24.507698 46.546844:24.507694 46.546865:24.507679 46.546890:24.507636 46.547506:24.506567
6527,46.547506:24.506567 46.547806:24.506047
6528,46.549406:24.509464 46.548593:24.508362 46.548546:24.508294 46.548495:24.508254 46.548456:24.508250 46.548397:24.508345 46.548342:24.508440 46.548009:24.509007
6529,46.534853:24.483147 46.535383:24.484845
6530,46.534585:24.483376 46.534632:24.483480 46.535344:24.485741
6531,46.532472:24.494605 46.532921:24.494161 46.533432:24.493782
6532,46.530785:24.503823 46.530782:24.503747 46.530786:24.503634 46.530795:24.503540 46.530809:24.503500 46.530837:24.503489 46.530912:24.503491 46.530959:24.503485 46.530984:24.503468 46.530994:24.503419 46.530982:24.503014
6533,46.537107:24.496741 46.537728:24.495932
6534,46.537184:24.497100 46.537861:24.496217
6535,46.537284:24.497567 46.537562:24.497206 46.537863:24.496881
6536,46.537863:24.496881 46.537978:24.496749 46.538084:24.496541 46.538214:24.496200 46.538303:24.495953 46.538426:24.495584
6537,46.543484:24.521661 46.544593:24.520325
6538,46.543175:24.521029 46.544132:24.519896
6539,46.542845:24.520342 46.543755:24.519239
6540,46.542667:24.519970 46.543591:24.518855
6541,46.543513:24.522770 46.543523:24.522714 46.543544:24.522657 46.543658:24.522552 46.543784:24.522423 46.543806:24.522378 46.543801:24.522326 46.543484:24.521661
6542,46.543484:24.521661 46.543175:24.521029
6543,46.543175:24.521029 46.542845:24.520342
6544,46.542845:24.520342 46.542667:24.519970
6545,46.542667:24.519970 46.542533:24.519687
6546,46.542533:24.519687 46.542384:24.519341
6547,46.542384:24.519341 46.542066:24.518716
6548,46.542066:24.518716 46.542030:24.518646
6549,46.542030:24.518646 46.541739:24.518091
6550,46.534276:24.505895 46.534432:24.504107
6551,46.538017:24.507015 46.537913:24.507090 46.537346:24.507657
6552,46.551702:24.505694 46.551685:24.505188 46.551666:24.504626 46.551682:24.504315 46.551696:24.503766 46.551730:24.503599 46.551822:24.503510 46.552004:24.503429 46.552093:24.503341
6553,46.550505:24.504783 46.550474:24.504781 46.550374:24.504811 46.550228:24.504903 46.550095:24.505071 46.549894:24.505401 46.549824:24.505520 46.549813:24.505597
6554,46.549813:24.505597 46.549844:24.505733 46.550054:24.506030
6555,46.550054:24.506030 46.550288:24.506308
6556,46.553802:24.505962 46.554955:24.507091 46.554999:24.507206 46.555017:24.507291 46.555081:24.507398 46.555593:24.508056
6557,46.557067:24.504903 46.557183:24.504679 46.557265:24.504532 46.557351:24.504192 46.557401:24.503994
6558,46.557401:24.503994 46.557384:24.503918 46.556586:24.503054
6559,46.527890:24.514637 46.528013:24.514525
6560,46.527901:24.514655 46.527534:24.514999 46.528018:24.516434
6561,46.527440:24.496286 46.527108:24.499354
6562,46.528958:24.496328 46.528931:24.495762 46.528874:24.495663 46.528854:24.494888 46.528830:24.494819 46.528791:24.493897
6563,46.529177:24.496444 46.529253:24.499128
6564,46.520543:24.513690 46.520496:24.513742 46.519923:24.514380
6565,46.529429:24.501938 46.529483:24.502100 46.529581:24.502522
6566,46.529581:24.502522 46.529655:24.502862 46.529747:24.503307 46.529838:24.503728 46.529934:24.504168 46.529959:24.504276
6567,46.529429:24.501938 46.529392:24.501775 46.529314:24.501605 46.529216:24.501456 46.529037:24.501201 46.528955:24.501073 46.528939:24.501039 46.528932:24.500956 46.528904:24.500081
6568,46.524733:24.533893 46.524713:24.533913 46.524696:24.533931 46.524285:24.534365 46.524260:24.534392
6569,46.519773:24.559113 46.519796:24.559156 46.519833:24.559222 46.519947:24.559427 46.520038:24.559633 46.520214:24.560116 46.520333:24.560342 46.520475:24.560719 46.520599:24.561040 46.520731:24.561438 46.520749:24.561562 46.520747:24.561694 46.520705:24.561804 46.520630:24.561881 46.520368:24.562081 46.520177:24.562194 46.519949:24.562334 46.519808:24.562431
6570,46.519773:24.559113 46.519739:24.559006 46.519745:24.558831 46.519738:24.558601 46.519719:24.558225 46.519651:24.557756 46.519503:24.556801 46.519514:24.556254 46.519577:24.555790 46.519578:24.555363 46.519592:24.554840
6571,46.517826:24.555235 46.517817:24.555908 46.517803:24.556446 46.517772:24.556742 46.517739:24.556994 46.517715:24.557256 46.517657:24.557650 46.517539:24.558199 46.517273:24.559587 46.517197:24.559910 46.517114:24.560283 46.517048:24.560516 46.517024:24.560736 46.517011:24.560969 46.516927:24.561298
6572,46.516927:24.561298 46.516776:24.562020 46.516450:24.563268 46.516331:24.563608 46.516234:24.563901
6573,46.522308:24.560201 46.522577:24.561040 46.522839:24.562204
6574,46.522858:24.559618 46.523084:24.560620 46.523392:24.562085 46.523412:24.562267
6575,46.524880:24.551685 46.524823:24.551619 46.524736:24.551594 46.524050:24.551645
6576,46.524050:24.551645 46.523896:24.551668
6577,46.518459:24.548751 46.518575:24.548598 46.518633:24.548512 46.518684:24.548416 46.518716:24.548323 46.518731:24.548217
6578,46.518731:24.548217 46.518750:24.548196 46.518789:24.548171 46.518918:24.548113 46.519086:24.548049 46.519201:24.547982 46.519322:24.547895 46.519494:24.547792 46.519957:24.547561 46.520077:24.547507 46.520289:24.547341 46.520389:24.547303 46.520520:24.547346
6579,46.518731:24.548217 46.518659:24.548185
6580,46.519348:24.546531 46.519151:24.546066
6581,46.518659:24.548185 46.518589:24.548138 46.518499:24.548042 46.518423:24.547923 46.518390:24.547833 46.518357:24.547642 46.518297:24.547274 46.518236:24.546922
6582,46.518236:24.546922 46.518228:24.546839 46.518236:24.546731 46.518305:24.546578
6583,46.532161:24.571066 46.531976:24.570926 46.531718:24.570814
6584,46.532038:24.571516 46.532208:24.571281
6585,46.524120:24.540536 46.523849:24.540038 46.524291:24.539546
6586,46.524291:24.539546 46.524572:24.540087
6587,46.524514:24.538409 46.524265:24.538637 46.524130:24.538768 46.524076:24.538862 46.524054:24.538921 46.524054:24.538967 46.524067:24.539064 46.524089:24.539152 46.524139:24.539257 46.524291:24.539546
6588,46.524299:24.537986 46.524514:24.538409
6589,46.524514:24.538409 46.525037:24.539434 46.525082:24.539520 46.525085:24.539574 46.525074:24.539606 46.525057:24.539628 46.524572:24.540087
6590,46.524572:24.540087 46.524120:24.540536
6591,46.524120:24.540536 46.523914:24.540745 46.523879:24.540757 46.523844:24.540753 46.523823:24.540735 46.523796:24.540688 46.523759:24.540624 46.523734:24.540600 46.523692:24.540593 46.523646:24.540600 46.523519:24.540730
6592,46.523931:24.538366 46.523567:24.537658
6593,46.523238:24.539138 46.523464:24.539538 46.523504:24.539654 46.523514:24.539761 46.523501:24.539874 46.523456:24.539986 46.523359:24.540102 46.523102:24.540354
6594,46.525549:24.565604 46.525322:24.565867 46.525079:24.566117 46.524924:24.566276 46.524683:24.566523
6595,46.524683:24.566523 46.524900:24.566941 46.524912:24.566964 46.524943:24.567024 46.524981:24.567070 46.525025:24.567116 46.525060:24.567153 46.525071:24.567176 46.525068:24.567201
6596,46.521184:24.568552 46.521768:24.568030
6597,46.520786:24.568028 46.520665:24.567917 46.520319:24.567777 46.520067:24.567628 46.519970:24.567538
6598,46.510828:24.570105 46.510734:24.570019
6599,46.511101:24.570324 46.510828:24.570105
6600,46.510734:24.570019 46.510311:24.569643 46.509191:24.568627
6601,46.511213:24.570066 46.512347:24.571086
6602,46.511860:24.568572 46.511966:24.568684 46.512363:24.569017 46.512645:24.569263 46.512924:24.569525 46.513179:24.569776 46.513488:24.570070 46.513713:24.570295 46.513778:24.570357 46.513838:24.570376 46.513889:24.570363 46.513908:24.570344 46.513951:24.570238 46.514304:24.569401 46.514430:24.569067 46.514512:24.568903 46.514609:24.568758 46.514663:24.568699 46.514711:24.568679 46.514764:24.568699 46.515124:24.569069 46.515198:24.569136 46.515223:24.569149 46.515283:24.569149 46.515330:24.569126 46.515370:24.569086 46.515435:24.568994 46.515560:24.568765 46.515902:24.568095 46.515962:24.568062 46.516031:24.568007 46.516072:24.567930 46.516098:24.567851 46.516153:24.567692 46.516188:24.567579 46.516249:24.567485 46.516349:24.567317 46.516471:24.567108 46.516624:24.566885 46.516725:24.566704 46.516813:24.566508 46.516929:24.566257 46.517020:24.566044
6603,46.511480:24.568223 46.511425:24.568179
6604,46.511870:24.568550 46.511589:24.568324 46.511480:24.568223
6605,46.511502:24.569399 46.511348:24.569311 46.511101:24.569091 46.510988:24.568981 46.510879:24.568869
6606,46.510879:24.568869 46.509566:24.567706
6607,46.511125:24.568260 46.510956:24.568130 46.509305:24.566672
6608,46.511425:24.568179 46.511305:24.568080 46.511240:24.568056 46.511194:24.568084 46.511158:24.568174 46.511125:24.568260
6609,46.511125:24.568260 46.510879:24.568869
6610,46.511623:24.567827 46.511556:24.567766
6611,46.512032:24.568186 46.511623:24.567827
6612,46.511556:24.567766 46.511142:24.567404 46.510745:24.567041
6613,46.511708:24.566999 46.511650:24.566950
6614,46.512323:24.567504 46.511708:24.566999
6615,46.511650:24.566950 46.510988:24.566364 46.510080:24.565582
6616,46.511959:24.566705 46.511879:24.566629
6617,46.512490:24.567112 46.511959:24.566705
6618,46.511879:24.566629 46.511319:24.566153 46.510668:24.565582 46.509905:24.564928 46.509751:24.564787
6619,46.513188:24.565237 46.511292:24.563958 46.510755:24.563587 46.510460:24.563366 46.510407:24.563391 46.510366:24.563783 46.510278:24.564341 46.510289:24.564426 46.510383:24.564507 46.511933:24.565750 46.512775:24.566400
6620,46.509338:24.581843 46.509390:24.581878 46.509616:24.582023 46.509783:24.582104 46.509897:24.582116 46.509938:24.582076 46.509976:24.581996
6621,46.509539:24.580476 46.509579:24.580450 46.509613:24.580386 46.509640:24.580324 46.509659:24.580235 46.509670:24.579894
6622,46.540836:24.591513 46.540178:24.591522
6623,46.539624:24.592845 46.539628:24.592724 46.539636:24.592622 46.539652:24.592555 46.539689:24.592464 46.539771:24.592321 46.539805:24.592277 46.539862:24.592237 46.539915:24.592215 46.539981:24.592200 46.540669:24.592145
6624,46.525260:24.573517 46.525688:24.573542
6625,46.525032:24.569171 46.525080:24.569316 46.525178:24.569603 46.525234:24.569804 46.525265:24.570003 46.525267:24.570105 46.525236:24.570219 46.525198:24.570335 46.525153:24.570470
6626,46.527206:24.569583 46.527188:24.569585 46.526911:24.569647 46.526631:24.569760 46.526406:24.569870
6627,46.526406:24.569870 46.526157:24.570056 46.525941:24.570271 46.525717:24.570499 46.525508:24.570772
6628,46.565330:24.578934 46.564168:24.580770
6629,46.547201:24.587913 46.547224:24.587938
6630,46.557451:24.564038 46.557382:24.563935 46.557351:24.563905 46.557311:24.563891 46.557270:24.563900 46.557199:24.563941
6631,46.557199:24.563941 46.557113:24.564041 46.557083:24.564064 46.557062:24.564081 46.557010:24.564074
6632,46.533504:24.571802 46.533571:24.571820 46.533638:24.571860 46.533746:24.571925 46.533856:24.571990 46.533884:24.572007
6633,46.533884:24.572007 46.533862:24.571976 46.533814:24.571909
6634,46.533814:24.571909 46.533729:24.571837 46.533590:24.571729 46.533531:24.571683
6635,46.530614:24.578874 46.530563:24.578864 46.530218:24.578796
6636,46.533612:24.567875 46.533624:24.568201 46.533632:24.568415 46.533634:24.568790 46.533633:24.568920 46.533619:24.569492 46.533605:24.570003 46.533596:24.570263
6637,46.533596:24.570263 46.533573:24.570822 46.533550:24.571047
6638,46.556419:24.510732 46.556311:24.510955
6639,46.556311:24.510955 46.556158:24.511208
6640,46.538179:24.517841 46.538160:24.517648 46.538129:24.517408 46.538092:24.517154 46.538113:24.516748 46.538180:24.516369 46.538220:24.516239 46.538280:24.516137 46.539551:24.514378
6641,46.541471:24.517539 46.541376:24.517506 46.541348:24.517482
6642,46.541348:24.517482 46.541311:24.517449 46.540090:24.515269
6643,46.541739:24.518091 46.541471:24.517539
6644,46.541471:24.517539 46.541534:24.517464 46.541626:24.517308 46.541842:24.516731 46.541907:24.516522 46.541956:24.516115 46.542001:24.515632 46.542065:24.515219 46.542145:24.514859 46.542255:24.514379 46.542306:24.514156
6645,46.561801:24.540467 46.561822:24.540385
6646,46.544153:24.555565 46.544194:24.555521 46.544281:24.555416
6647,46.544121:24.555416 46.544067:24.555184
6648,46.543835:24.555536 46.543963:24.555578 46.544025:24.555599
6649,46.544004:24.555487 46.543835:24.555536
6650,46.544281:24.555416 46.544173:24.555421 46.544128:24.555423
6651,46.536775:24.540408 46.536707:24.540415 46.536664:24.540438 46.536616:24.540480
6652,46.536616:24.540480 46.536545:24.540590
6653,46.536545:24.540590 46.536497:24.540642
6654,46.536617:24.540092 46.536634:24.540166 46.536652:24.540284 46.536647:24.540379 46.536633:24.540440 46.536616:24.540480
6655,46.536829:24.540300 46.536723:24.540192 46.536590:24.540045
6656,46.537166:24.540096 46.537017:24.540202 46.536885:24.540308
6657,46.542306:24.526608 46.542102:24.526273
6658,46.542124:24.525293 46.542119:24.525393 46.542108:24.525483
6659,46.542108:24.525483 46.542089:24.525565 46.542061:24.525728 46.542050:24.525930 46.542067:24.526122 46.542102:24.526273
6660,46.541175:24.522555 46.540788:24.523039
6661,46.540574:24.522078 46.540041:24.522575
6662,46.541992:24.523711 46.541175:24.522555
6663,46.541175:24.522555 46.540926:24.522308 46.540574:24.522078
6664,46.540574:24.522078 46.540684:24.521808
6665,46.546828:24.528049 46.545659:24.529571 46.545408:24.529936 46.545382:24.529976 46.545364:24.529990 46.545316:24.529979 46.545283:24.529957 46.545240:24.529906 46.544968:24.529471
6666,46.546619:24.527724 46.544968:24.529471
6667,46.544968:24.529471 46.544702:24.529770
6668,46.543747:24.522902 46.542493:24.523492 46.542051:24.523685
6669,46.542051:24.523685 46.541992:24.523711
6670,46.541992:24.523711 46.541666:24.523861 46.541628:24.523899 46.541607:24.523944
6671,46.541607:24.523944 46.541597:24.524009 46.541602:24.524057 46.541621:24.524109 46.541981:24.524844 46.542091:24.525132 46.542124:24.525293
6672,46.544997:24.525588 46.546091:24.524457
6673,46.542850:24.533727 46.542717:24.533477 46.542336:24.532704 46.542108:24.532227 46.541968:24.531896 46.541817:24.531413 46.541799:24.531280
6674,46.541799:24.531280 46.541720:24.530690 46.541636:24.529909 46.541544:24.529440 46.541521:24.529379
6675,46.541521:24.529379 46.541072:24.529516
6676,46.544143:24.529737 46.544230:24.530119
6677,46.548842:24.530791 46.548507:24.530464 46.547786:24.529655 46.547730:24.529545 46.547670:24.529351 46.547630:24.529239
6678,46.547630:24.529239 46.547474:24.529003
6679,46.547474:24.529003 46.547407:24.528906
6680,46.547407:24.528906 46.547077:24.528446
6681,46.547077:24.528446 46.546989:24.528288
6682,46.546989:24.528288 46.546828:24.528049
6683,46.546828:24.528049 46.546619:24.527724
6684,46.546619:24.527724 46.546591:24.527681
6685,46.550780:24.526410 46.550848:24.526543 46.550883:24.526699
6686,46.550968:24.526561 46.550881:24.526481 46.550780:24.526410
6687,46.550894:24.526761 46.550873:24.526867 46.550806:24.527044
6688,46.550806:24.527044 46.550934:24.526889 46.551009:24.526827
6689,46.551020:24.526820 46.551085:24.526830 46.551161:24.526861 46.551255:24.526929
6690,46.551255:24.526929 46.551216:24.526846 46.551156:24.526760 46.551062:24.526636
6691,46.549784:24.528679 46.549837:24.528731 46.550030:24.528932 46.550148:24.529086 46.550662:24.530031
6692,46.548590:24.530061 46.548672:24.529881
6693,46.548672:24.529881 46.548752:24.529704
6694,46.548752:24.529704 46.548859:24.529468
6695,46.549004:24.530429 46.548898:24.530335
6696,46.548898:24.530335 46.548590:24.530061
6697,46.548590:24.530061 46.548125:24.529649 46.548081:24.529598 46.548059:24.529512 46.548066:24.529442 46.548122:24.529349 46.548267:24.529024 46.548336:24.529003 46.548389:24.529038 46.548859:24.529468
6698,46.548859:24.529468 46.549268:24.529841
6699,46.548125:24.528204 46.548514:24.527660
6700,46.547605:24.527452 46.548125:24.528204
6701,46.548125:24.528204 46.548351:24.528468 46.548381:24.528484 46.548397:24.528484 46.548415:24.528479 46.548424:24.528462 46.548788:24.527907
6702,46.548102:24.526777 46.547924:24.526485
6703,46.547744:24.527264 46.547489:24.526850
6704,46.547848:24.527427 46.547744:24.527264
6705,46.551957:24.525818 46.552557:24.527149
6706,46.552331:24.531101 46.552504:24.531101 46.552689:24.531113
6707,46.552689:24.531113 46.552753:24.531128 46.552774:24.531154 46.552785:24.531190 46.552772:24.531484
6708,46.552311:24.532014 46.552653:24.531923 46.552793:24.531848 46.553226:24.531788
6709,46.559092:24.522603 46.559222:24.522407 46.559303:24.522265 46.559336:24.522160 46.559334:24.522079 46.559303:24.521991 46.558074:24.520038 46.557900:24.519744 46.557830:24.519619
6710,46.559336:24.522836 46.559092:24.522603
6711,46.559092:24.522603 46.558811:24.522437 46.558589:24.522336
6712,46.557830:24.519619 46.557805:24.519568 46.557735:24.519527 46.557577:24.519541 46.557314:24.519595 46.557026:24.519673 46.556794:24.519808 46.556654:24.519943 46.556594:24.520038 46.556489:24.520159 46.556376:24.520193 46.556059:24.520240
6713,46.556059:24.520240 46.555884:24.520241
6714,46.549504:24.553065 46.549485:24.553067 46.549454:24.553056 46.549371:24.552997 46.549293:24.552919 46.549200:24.552821
6715,46.553507:24.540650 46.553455:24.540651 46.553271:24.540655 46.553157:24.540666 46.553051:24.540682 46.552987:24.540692 46.552918:24.540720 46.552866:24.540792 46.552840:24.540808 46.552788:24.540815 46.552674:24.540833 46.552232:24.540976 46.551979:24.541062
6716,46.587881:24.603294 46.587741:24.603106 46.587629:24.602969
6717,46.585189:24.605758 46.585326:24.605611 46.585724:24.605198 46.586323:24.604636 46.586794:24.604203
6718,46.581022:24.605773 46.580704:24.605180
6719,46.581553:24.605097 46.580838:24.603836
6720,46.580568:24.601736 46.580610:24.601743 46.580669:24.601792 46.580950:24.602093
6721,46.579983:24.602614 46.579848:24.602393 46.579763:24.602270 46.579551:24.602535
6722,46.579845:24.600920 46.579230:24.601819
6723,46.590835:24.622150 46.590662:24.622461 46.590504:24.622742 46.590165:24.623507
6724,46.590275:24.621389 46.589413:24.622667 46.589407:24.622697 46.589409:24.622777 46.589429:24.622810
6725,46.589429:24.622810 46.589818:24.623467
6726,46.588327:24.615090 46.587709:24.616090
6727,46.589351:24.614274 46.589915:24.615048
6728,46.589771:24.613638 46.589351:24.614274
6729,46.589351:24.614274 46.588884:24.613649
6730,46.590220:24.614285 46.591532:24.612132
6731,46.589134:24.612758 46.590350:24.610804
6732,46.570251:24.611162 46.570219:24.611142 46.570186:24.611139 46.570124:24.611159 46.569884:24.611254 46.569640:24.611342
6733,46.582012:24.631405 46.582376:24.631141 46.582423:24.631128 46.582453:24.631132 46.582537:24.631158 46.583076:24.631460
6734,46.580510:24.624064 46.581623:24.623556
6735,46.579053:24.617429 46.578196:24.618127
6736,46.578497:24.615715 46.578384:24.615804 46.578294:24.615879 46.578217:24.615928 46.578130:24.615962 46.577999:24.616059
6737,46.576096:24.615109 46.576705:24.613645
6738,46.546438:24.616570 46.546544:24.616956 46.546714:24.617649
6739,46.546730:24.616437 46.546962:24.616347 46.547374:24.616192 46.547544:24.616132 46.547654:24.616103 46.547717:24.616085 46.547758:24.616048 46.547766:24.615994 46.547762:24.615922 46.547614:24.615495 46.547242:24.614329 46.546984:24.613487
6740,46.542443:24.612335 46.544367:24.610858
6741,46.542173:24.611602 46.544053:24.610101
6742,46.541949:24.611044 46.542034:24.610990 46.542529:24.610689 46.542803:24.610551 46.543131:24.610422
6743,46.541859:24.610838 46.542770:24.610135
6744,46.540714:24.612114 46.540377:24.612557
6745,46.540377:24.612557 46.539444:24.613505 46.539435:24.613616 46.539415:24.613780 46.539353:24.613935 46.539141:24.614375 46.538885:24.614819 46.538618:24.615285 46.538473:24.615528 46.538350:24.615678 46.538265:24.615791 46.538178:24.616003 46.537696:24.617534
6746,46.537696:24.617534 46.537206:24.619176 46.537006:24.619956 46.536789:24.620686
6747,46.540841:24.612266 46.540794:24.612236 46.540748:24.612182 46.540714:24.612114
6748,46.540714:24.612114 46.540645:24.611912 46.540581:24.611668 46.540433:24.611275 46.540237:24.610680 46.540082:24.610174 46.539956:24.609764 46.539871:24.609457 46.539786:24.609119 46.539694:24.608813 46.539642:24.608671
6749,46.539642:24.608671 46.539632:24.608641 46.539538:24.608454 46.539436:24.608251 46.539377:24.608119 46.539274:24.607793 46.539187:24.607418
6750,46.539187:24.607418 46.539176:24.607334 46.539137:24.607231 46.539077:24.607072 46.539042:24.606974 46.539017:24.606852 46.538987:24.606710 46.538928:24.606496 46.538775:24.606141
6751,46.539642:24.608671 46.538832:24.609733
6752,46.539187:24.607418 46.539158:24.607445 46.538991:24.607623
6753,46.513900:24.605703 46.514021:24.605553 46.514098:24.605438 46.514174:24.605280 46.514269:24.605124 46.514370:24.604999
6754,46.503995:24.623041 46.503690:24.622676 46.503508:24.622476 46.503432:24.622467 46.503347:24.622523 46.503186:24.622714
6755,46.515618:24.610316 46.515598:24.610384 46.515594:24.610475 46.515631:24.611749
6756,46.514184:24.607095 46.514328:24.607350
6757,46.514328:24.607350 46.514502:24.607683
6758,46.514502:24.607683 46.514555:24.607787
6759,46.514555:24.607787 46.514711:24.608091
6760,46.514711:24.608091 46.514929:24.608457
6761,46.514929:24.608457 46.515102:24.608739
6762,46.521407:24.607410 46.521113:24.607736 46.521084:24.607757 46.521045:24.607755 46.521018:24.607723 46.520769:24.607237
6763,46.519023:24.608617 46.519056:24.608616 46.519090:24.608611 46.519280:24.608486 46.519764:24.608133 46.520118:24.607891 46.520171:24.607851 46.520330:24.607707 46.520769:24.607237
6764,46.520769:24.607237 46.521137:24.606859
6765,46.524590:24.605610 46.524887:24.606771
6766,46.522556:24.632567 46.523561:24.632959
6767,46.522538:24.630187 46.522058:24.630093
6768,46.521677:24.623640 46.521639:24.623652 46.521438:24.623956
6769,46.522541:24.615478 46.522813:24.615710
6770,46.522309:24.614927 46.522422:24.615204 46.522529:24.615427 46.522541:24.615478
6771,46.522541:24.615478 46.522496:24.615583 46.522441:24.615657 46.522408:24.615708 46.522387:24.615762 46.522343:24.615996
6772,46.552566:24.558804 46.552426:24.558723
6773,46.552636:24.558853 46.552566:24.558804
6774,46.552599:24.558964 46.552529:24.558915
6775,46.552615:24.559247 46.552610:24.559146 46.552607:24.559094 46.552621:24.558979
6776,46.536829:24.540300 46.536804:24.540311 46.536786:24.540333 46.536772:24.540368
6777,46.536994:24.540459 46.536996:24.540428
6778,46.536857:24.540507 46.536874:24.540515
6779,46.513639:24.519188 46.513810:24.519535
6780,46.513259:24.518412 46.513418:24.518736 46.513639:24.519188
6781,46.515000:24.517632 46.515075:24.517556
6782,46.526138:24.539791 46.526124:24.539761 46.526098:24.539705 46.526069:24.539644
6783,46.526015:24.539722 46.526038:24.539771 46.526079:24.539856
6784,46.526438:24.599666 46.526255:24.599879 46.526237:24.599897
6785,46.526237:24.599897 46.526111:24.600029
6786,46.526111:24.600029 46.526001:24.600146
6787,46.526001:24.600146 46.525987:24.600161 46.525917:24.600235 46.525710:24.600435 46.525441:24.600679 46.524983:24.601152 46.524807:24.601334
6788,46.527493:24.598472 46.527453:24.598515 46.527416:24.598556
6789,46.552229:24.558658 46.552454:24.559224 46.552505:24.559381
6790,46.552505:24.559381 46.552509:24.559415
6791,46.552509:24.559415 46.552518:24.559499 46.552520:24.559603 46.552499:24.559714 46.552407:24.560008
6792,46.552407:24.560008 46.552162:24.560787
6793,46.552162:24.560787 46.551894:24.561633
6794,46.551894:24.561633 46.551867:24.561781 46.551904:24.562164 46.551932:24.562515 46.551989:24.563002
6795,46.550142:24.562256 46.549883:24.562202 46.549721:24.562176 46.549623:24.562139 46.549472:24.562063 46.549428:24.562048
6796,46.592736:24.534068 46.592216:24.532440
6797,46.589412:24.533996 46.589452:24.534011 46.589514:24.533999 46.590039:24.533703 46.590122:24.533660 46.590137:24.533655 46.590159:24.533655 46.590181:24.533671 46.590208:24.533731 46.590293:24.534033 46.590297:24.534077 46.590279:24.534121 46.590181:24.534232 46.590109:24.534313 46.590065:24.534388 46.590053:24.534431 46.590049:24.534472 46.590055:24.534555 46.590134:24.534803 46.590156:24.534857 46.590168:24.534903 46.590181:24.535066 46.590193:24.535233
6798,46.595084:24.520626 46.595095:24.520696 46.595095:24.520829 46.595072:24.521474 46.595063:24.521777 46.595059:24.521824 46.595046:24.521862 46.594989:24.522066
6799,46.591833:24.534860 46.592281:24.536582
6800,46.593105:24.533682 46.593676:24.535734
6801,46.529409:24.561548 46.529355:24.561476 46.529301:24.561403 46.529262:24.561332 46.529206:24.561239 46.529159:24.561183 46.529121:24.561139 46.529029:24.561057 46.528876:24.560886 46.528802:24.560775 46.528794:24.560738 46.528784:24.560686
6802,46.512682:24.512335 46.512499:24.511960
6803,46.512580:24.512495 46.512611:24.512446 46.512682:24.512335
6804,46.512682:24.512335 46.512751:24.512232 46.512660:24.512052 46.512576:24.511886 46.512499:24.511960
6805,46.512499:24.511960 46.512408:24.512047 46.512373:24.512081
6806,46.594366:24.514740 46.594311:24.514641
6807,46.594402:24.514786 46.594366:24.514740
6808,46.596482:24.507401 46.596293:24.507678 46.595815:24.508295 46.595776:24.508355 46.595776:24.508398 46.595785:24.508457 46.595817:24.508519 46.595927:24.508704 46.596000:24.508882 46.596090:24.509119 46.596181:24.509414 46.596188:24.509502 46.596190:24.509550 46.596163:24.509636 46.596099:24.509840
6809,46.592703:24.506329 46.592865:24.506771 46.592935:24.506900 46.593342:24.507486 46.593413:24.507607 46.593678:24.508072 46.593776:24.508272 46.593869:24.508616 46.593915:24.508890 46.594018:24.509416 46.594155:24.509809 46.594261:24.510127 46.594315:24.510255 46.594437:24.510467 46.594549:24.510686 46.594590:24.510776 46.594693:24.511091
6810,46.597578:24.508992 46.597822:24.509452 46.597842:24.509515 46.597840:24.509550 46.597828:24.509594 46.597680:24.509874 46.597631:24.509959 46.597609:24.510025 46.597608:24.510089 46.597639:24.510153 46.598198:24.510930
6811,46.573625:24.543291 46.573608:24.543291 46.573590:24.543305 46.573562:24.543340 46.573503:24.543460 46.573116:24.544362
6812,46.572602:24.554111 46.572636:24.554163 46.572861:24.554519 46.573187:24.555001
6813,46.572072:24.553916 46.572423:24.554271 46.572469:24.554330
6814,46.572854:24.540135 46.573312:24.539007 46.573710:24.537996 46.573733:24.537916 46.573754:24.537813 46.573766:24.537755
6815,46.574368:24.541186 46.575281:24.538573 46.575310:24.538484
6816,46.580223:24.549501 46.580282:24.549602 46.580629:24.550026 46.580768:24.550177
6817,46.572697:24.552654 46.573094:24.553080
6818,46.572639:24.552591 46.572697:24.552654
6819,46.572508:24.552453 46.572639:24.552591
6820,46.572492:24.552436 46.572508:24.552453
6821,46.562416:24.558228 46.562458:24.558616
6822,46.562210:24.556978 46.562257:24.557070 46.562285:24.557134 46.562314:24.557268 46.562321:24.557334
6823,46.562321:24.557334 46.562416:24.558228
6824,46.559062:24.537350 46.558983:24.537653 46.558946:24.537831 46.558915:24.538013 46.558882:24.538239 46.558835:24.538448 46.558787:24.538644 46.558771:24.538701 46.558751:24.538744
6825,46.561885:24.538102 46.562247:24.537284
6826,46.558815:24.539533 46.558401:24.539086
6827,46.558401:24.539086 46.557873:24.538482
6828,46.560236:24.538723 46.559825:24.539691 46.559790:24.539774
6829,46.572261:24.556097 46.572216:24.556025 46.571914:24.555504 46.571829:24.555356
6830,46.568669:24.548664 46.568467:24.548403 46.568424:24.548334 46.568385:24.548255 46.568293:24.548127 46.568127:24.547936 46.568103:24.547899 46.568091:24.547869 46.568078:24.547816 46.568072:24.547775
6831,46.570064:24.543649 46.570234:24.543383
6832,46.569550:24.542960 46.569727:24.542695
6833,46.570397:24.544069 46.570340:24.544000 46.570148:24.543758 46.570064:24.543649
6834,46.570064:24.543649 46.569550:24.542960
6835,46.569550:24.542960 46.569429:24.542804
6836,46.567780:24.544247 46.567839:24.544375 46.567901:24.544507 46.568047:24.544811
6837,46.582815:24.633895 46.582753:24.633704
6838,46.583869:24.637767 46.583717:24.636783 46.583620:24.636393 46.583439:24.635771 46.583445:24.635513 46.583449:24.635366 46.583366:24.635044 46.583277:24.634808 46.583049:24.634574 46.582815:24.633895
6839,46.575256:24.636617 46.575240:24.636788
6840,46.576772:24.633908 46.576681:24.634032 46.576190:24.634730 46.576052:24.634958 46.575873:24.635183 46.575687:24.635457 46.575457:24.635783 46.575383:24.635953 46.575337:24.636144 46.575256:24.636617
6841,46.574192:24.641095 46.574003:24.641161
6842,46.574238:24.641041 46.574192:24.641095
6843,46.575240:24.636788 46.575172:24.637058 46.575050:24.637423 46.574871:24.638049 46.574821:24.638313 46.574787:24.638451 46.574714:24.638645 46.574649:24.638826 46.574488:24.639337 46.574383:24.639760 46.574354:24.640148 46.574332:24.640556 46.574277:24.640953 46.574238:24.641041
6844,46.586058:24.646055 46.586145:24.646422
6845,46.583869:24.637767 46.584124:24.639458 46.584182:24.639772 46.584238:24.639976 46.584558:24.640848 46.585132:24.642335 46.585242:24.642638 46.585326:24.642925 46.585401:24.643244 46.585615:24.644136 46.585722:24.644560 46.585811:24.644991 46.586058:24.646055
6846,46.591435:24.602270 46.591534:24.602217
6847,46.591286:24.602352 46.591435:24.602270
6848,46.592158:24.623942 46.592406:24.624285
6849,46.592406:24.624285 46.592685:24.624646 46.592969:24.625024 46.593139:24.625255
6850,46.553553:24.544009 46.553585:24.543998 46.553900:24.543875 46.554085:24.543785 46.554256:24.543713 46.554676:24.543575 46.554849:24.543546 46.555028:24.543570
6851,46.556946:24.544873 46.556745:24.544614
6852,46.556745:24.544614 46.556612:24.544442
6853,46.556612:24.544442 46.556416:24.544189
6854,46.556416:24.544189 46.556283:24.544018
6855,46.556283:24.544018 46.556099:24.543779
6856,46.556099:24.543779 46.556057:24.543725
6857,46.556057:24.543725 46.556020:24.543678
6858,46.558665:24.538639 46.558690:24.538602 46.558036:24.537826
6859,46.557050:24.536971 46.556335:24.538799
6860,46.593443:24.625207 46.593289:24.625461
6861,46.593497:24.625284 46.593576:24.625165
6862,46.593504:24.625763 46.593338:24.625527
6863,46.593139:24.625255 46.593289:24.625461
6864,46.510477:24.513592 46.510843:24.513070
6865,46.510843:24.513070 46.511318:24.512368
6866,46.511318:24.512368 46.511812:24.511682
6867,46.511812:24.511682 46.511904:24.511558
6868,46.591403:24.619360 46.589687:24.616936
6869,46.580972:24.548721 46.581349:24.549200 46.581360:24.549227 46.581361:24.549269 46.581348:24.549315 46.581252:24.549464 46.580928:24.549969 46.580822:24.550124 46.580768:24.550177
6870,46.579554:24.547207 46.579899:24.548081
6871,46.579103:24.546120 46.579525:24.547134
6872,46.579525:24.547134 46.579554:24.547207
6873,46.577916:24.543624 46.577954:24.543703 46.578769:24.545385 46.579103:24.546120
6874,46.550888:24.624472 46.550971:24.625454
6875,46.550971:24.625454 46.551008:24.625834
6876,46.554759:24.560268 46.554992:24.560659
6877,46.554992:24.560659 46.555075:24.560803
6878,46.555075:24.560803 46.555140:24.560914 46.555694:24.561855
6879,46.555694:24.561855 46.555997:24.562366 46.556515:24.563240 46.556598:24.563379 46.556708:24.563564 46.556865:24.563826 46.556948:24.563964 46.557010:24.564074
6880,46.554458:24.558583 46.554449:24.558584 46.554330:24.558592 46.554250:24.558598 46.554051:24.558613
6881,46.556201:24.560376 46.556156:24.560312 46.556060:24.560175 46.556022:24.560116 46.555997:24.560061
6882,46.555997:24.560061 46.555969:24.559988 46.555956:24.559925 46.555954:24.559832 46.555942:24.559777 46.555917:24.559725 46.555747:24.559467
6883,46.555747:24.559467 46.555728:24.559429 46.555526:24.559039 46.555464:24.558917 46.555393:24.558830
6884,46.555393:24.558830 46.555340:24.558801 46.555291:24.558799 46.555095:24.558792
6885,46.556201:24.560376 46.556250:24.560380
6886,46.556250:24.560380 46.556311:24.560400 46.556352:24.560449 46.556379:24.560518 46.556385:24.560605 46.556382:24.560699 46.556388:24.560769 46.556399:24.560827 46.556459:24.560952 46.556665:24.561101
6887,46.556665:24.561101 46.556825:24.561222 46.556866:24.561282 46.556882:24.561354 46.556871:24.561450 46.556839:24.561523 46.556813:24.561556 46.556776:24.561591 46.556723:24.561616 46.556683:24.561622 46.556554:24.561635
6888,46.556554:24.561635 46.556483:24.561642 46.556402:24.561650
6889,46.556402:24.561650 46.556284:24.561661 46.556234:24.561666
6890,46.556234:24.561666 46.556084:24.561681 46.555884:24.561700 46.555811:24.561707 46.555737:24.561801 46.555694:24.561855
6891,46.527142:24.593975 46.526606:24.594788 46.526326:24.595006 46.525435:24.596234
6892,46.522813:24.598179 46.522764:24.598067 46.522696:24.597946 46.522660:24.597879 46.522248:24.598014
6893,46.522248:24.598014 46.522284:24.598191 46.522301:24.598260 46.522337:24.598279
6894,46.541373:24.563283 46.541992:24.562605 46.542015:24.562580 46.542040:24.562552
6895,46.526970:24.557964 46.526853:24.558167 46.526783:24.558289
6896,46.526227:24.557314 46.526120:24.557198
6897,46.539510:24.549796 46.539577:24.549709 46.540156:24.548956 46.540167:24.548944
6898,46.528296:24.572222 46.527974:24.572769
6899,46.526922:24.572816 46.526890:24.572773 46.526553:24.572330
6900,46.526922:24.572816 46.526789:24.573087 46.526719:24.573392 46.526722:24.573588 46.526723:24.573720 46.526752:24.574034 46.526749:24.574271
6901,46.532612:24.553575 46.532596:24.553582 46.532584:24.553589 46.532267:24.553783 46.532029:24.553920 46.532016:24.553928 46.531977:24.553950
6902,46.541449:24.559753 46.541608:24.559976 46.541761:24.560190 46.541770:24.560203 46.541789:24.560229 46.541793:24.560235
6903,46.526187:24.569115 46.526390:24.569813 46.526392:24.569821 46.526406:24.569870
6904,46.539666:24.583542 46.539615:24.583746 46.539590:24.583844
6905,46.555091:24.578292 46.554836:24.578755
6906,46.554836:24.578755 46.554769:24.578877 46.554753:24.578906
6907,46.554208:24.572113 46.553991:24.572580 46.553942:24.572685
6908,46.554373:24.572976 46.554418:24.572962 46.554463:24.572904 46.554653:24.572431
6909,46.560704:24.543246 46.560714:24.543261 46.560753:24.543315 46.560911:24.543537 46.561012:24.543679
6910,46.561012:24.543679 46.561106:24.543812 46.561291:24.544073
6911,46.561291:24.544073 46.561352:24.544107 46.561493:24.544309
6912,46.574443:24.604433 46.574401:24.604328 46.574222:24.603969
6913,46.574222:24.603969 46.574090:24.603691
6914,46.574090:24.603691 46.574016:24.603534
6915,46.574016:24.603534 46.573933:24.603357
6916,46.536880:24.553450 46.536908:24.553405 46.536934:24.553357 46.536971:24.553296
6917,46.536824:24.553542 46.536880:24.553450
6918,46.529783:24.594336 46.529761:24.594502 46.529713:24.594730 46.529654:24.594928 46.529573:24.595138 46.529556:24.595169 46.529532:24.595200
6919,46.529532:24.595200 46.529491:24.595209 46.529466:24.595204 46.529438:24.595195 46.529419:24.595169
6920,46.529419:24.595169 46.529401:24.595144 46.529349:24.595065
6921,46.529349:24.595065 46.529233:24.594884
6922,46.529233:24.594884 46.529196:24.594825 46.529182:24.594806
6923,46.529182:24.594806 46.529128:24.594727
6924,46.529128:24.594727 46.529091:24.594667
6925,46.529091:24.594667 46.529032:24.594577
6926,46.529032:24.594577 46.528994:24.594518
6927,46.528994:24.594518 46.528925:24.594412
6928,46.528925:24.594412 46.528902:24.594375
6929,46.528902:24.594375 46.528808:24.594227 46.528797:24.594209
6930,46.528797:24.594209 46.528762:24.594153 46.528714:24.594071 46.528696:24.594039
6931,46.528696:24.594039 46.528635:24.593936
6932,46.530038:24.592050 46.530069:24.592012 46.530092:24.591963 46.530104:24.591907 46.530105:24.591848 46.530094:24.591791
6933,46.530094:24.591791 46.530073:24.591742 46.530044:24.591704 46.530008:24.591679 46.529969:24.591669 46.529930:24.591675 46.529894:24.591696 46.529863:24.591732
6934,46.529863:24.591732 46.529837:24.591784
6935,46.529837:24.591784 46.529825:24.591843 46.529825:24.591904 46.529837:24.591963 46.529861:24.592014
6936,46.529861:24.592014 46.529890:24.592049 46.529925:24.592072 46.529963:24.592080 46.530001:24.592073
6937,46.530001:24.592073 46.530038:24.592050
6938,46.529939:24.591256 46.529908:24.591496 46.529886:24.591621 46.529863:24.591732
6939,46.530001:24.592073 46.530121:24.592088 46.530193:24.592122 46.530275:24.592233
6940,46.507214:24.614585 46.507529:24.615093
6941,46.507529:24.615093 46.507728:24.615393
6942,46.507728:24.615393 46.508008:24.615842
6943,46.508008:24.615842 46.508354:24.616441
6944,46.553042:24.580517 46.553253:24.580759
6945,46.553253:24.580759 46.553438:24.580988 46.553536:24.581110
6946,46.552960:24.581322 46.553112:24.581042 46.553253:24.580759
6947,46.553698:24.580619 46.553595:24.580780
6948,46.555009:24.582218 46.554845:24.582010 46.554780:24.581931
6949,46.554780:24.581931 46.554322:24.581368
6950,46.554322:24.581368 46.554275:24.581311 46.554010:24.580994
6951,46.554010:24.580994 46.553698:24.580619
6952,46.553698:24.580619 46.553655:24.580565 46.553634:24.580527 46.553630:24.580488 46.553643:24.580454 46.553720:24.580309 46.553741:24.580293 46.553761:24.580295 46.553782:24.580307 46.554150:24.580759
6953,46.554287:24.580659 46.553959:24.580236
6954,46.554010:24.580994 46.554150:24.580759
6955,46.554150:24.580759 46.554185:24.580740 46.554234:24.580707 46.554260:24.580682 46.554287:24.580659
6956,46.554287:24.580659 46.554332:24.580618 46.554370:24.580565 46.554540:24.580242 46.554577:24.580207 46.554642:24.580193
6957,46.509899:24.506814 46.509694:24.506382
6958,46.509931:24.506881 46.509899:24.506814
6959,46.508544:24.505025 46.508640:24.505152 46.508772:24.505206 46.508921:24.505231
6960,46.508385:24.504719 46.508544:24.505025
6961,46.509694:24.506382 46.509670:24.506333
6962,46.509670:24.506333 46.509530:24.506469
6963,46.508376:24.504133 46.508570:24.504517
6964,46.508376:24.504133 46.508273:24.504326 46.508293:24.504506 46.508385:24.504719
6965,46.508921:24.505231 46.509019:24.505426
6966,46.511096:24.510206 46.511029:24.510135 46.510934:24.510094 46.510843:24.510129 46.510748:24.510223 46.510643:24.510338 46.510757:24.510565
6967,46.509610:24.506633 46.509797:24.507026
6968,46.510017:24.507447 46.510198:24.507821
6969,46.510198:24.507821 46.510456:24.508336
6970,46.510327:24.510526 46.509830:24.511030
6971,46.510759:24.510036 46.510651:24.510034 46.510565:24.509997
6972,46.510124:24.508310 46.510320:24.508737
6973,46.510198:24.507821 46.510301:24.508159 46.510366:24.508338 46.510407:24.508515 46.510404:24.508587 46.510386:24.508649 46.510362:24.508697
6974,46.510456:24.508336 46.510832:24.509103
6975,46.510604:24.508184 46.510631:24.508157 46.511044:24.509069 46.511233:24.508906 46.511231:24.508746 46.510916:24.508019 46.510841:24.508003 46.510806:24.507936
6976,46.509670:24.506333 46.509473:24.505930
6977,46.509336:24.506072 46.509530:24.506469
6978,46.509530:24.506469 46.509610:24.506633
6979,46.509473:24.505930 46.509336:24.506072
6980,46.509019:24.505426 46.509172:24.505751
6981,46.509172:24.505751 46.509336:24.506072
6982,46.509220:24.505218 46.509473:24.504949 46.509548:24.505111
6983,46.508570:24.504517 46.508921:24.505231
6984,46.508770:24.504298 46.508432:24.503604 46.508779:24.503232
6985,46.530189:24.601093 46.530207:24.601148
6986,46.550733:24.618770 46.551101:24.618651 46.551721:24.618459
6987,46.548787:24.618458 46.549155:24.620904 46.549184:24.620981 46.549220:24.621024 46.549273:24.621044 46.549334:24.621040 46.549778:24.620900 46.549855:24.620870 46.549884:24.620846 46.549903:24.620802 46.549913:24.620748 46.549912:24.620690 46.549859:24.620206
6988,46.549859:24.620206 46.549733:24.619351 46.549723:24.619261 46.549725:24.619176 46.549743:24.619125 46.549787:24.619078 46.549836:24.619051 46.550733:24.618770
6989,46.550475:24.621627 46.550385:24.621720 46.550286:24.621806 46.550180:24.621860 46.550061:24.621917 46.549950:24.621968 46.549825:24.622010 46.549687:24.622019 46.549563:24.622007 46.549428:24.621987 46.549291:24.621948 46.549086:24.621841 46.548857:24.621648 46.548682:24.621433 46.548541:24.621206
6990,46.548541:24.621206 46.548443:24.620954 46.548386:24.620796 46.548338:24.620617 46.548291:24.620269 46.548276:24.620109 46.548272:24.619952
6991,46.548272:24.619952 46.548298:24.619715 46.548340:24.619346 46.548342:24.619323 46.548340:24.619299 46.548329:24.619274
6992,46.548329:24.619274 46.548492:24.618884 46.548642:24.618666 46.548787:24.618458
6993,46.507108:24.509918 46.506782:24.510199
6994,46.507750:24.508926 46.507543:24.509116 46.507388:24.509484 46.507312:24.509750 46.507188:24.509849 46.507108:24.509918
6995,46.513224:24.513984 46.513292:24.514295 46.513307:24.514524 46.513297:24.514772 46.513270:24.515013 46.513249:24.515114 46.513154:24.515416 46.513058:24.515618 46.512914:24.515869
6996,46.513148:24.515952 46.513288:24.515857 46.513390:24.515811 46.513517:24.515777 46.513616:24.515769 46.513804:24.515808 46.513949:24.515877 46.514088:24.515978 46.514188:24.516080 46.514307:24.516232
6997,46.513507:24.515092 46.513416:24.515292 46.513296:24.515432 46.512914:24.515869
6998,46.512914:24.515869 46.512196:24.516657
6999,46.536260:24.499080 46.535741:24.498012
7000,46.535741:24.498012 46.534466:24.495290
7001,46.535831:24.488108 46.535259:24.486106
7002,46.537188:24.557892 46.537172:24.557919 46.537027:24.558059 46.536929:24.558140 46.536816:24.558202 46.536645:24.558268 46.536546:24.558297
7003,46.536546:24.558297 46.536440:24.558322
7004,46.537331:24.558134 46.537262:24.558018 46.537257:24.558011 46.537246:24.557992 46.537188:24.557892
7005,46.543259:24.533258 46.543352:24.533155
7006,46.543352:24.533155 46.543474:24.533012
7007,46.550411:24.556140 46.550606:24.555848 46.550723:24.555650
7008,46.551228:24.554621 46.551208:24.554650
7009,46.551337:24.554420 46.551228:24.554621
7010,46.551778:24.553751 46.551593:24.553979 46.551520:24.554105
7011,46.551520:24.554105 46.551494:24.554150 46.551473:24.554186 46.551337:24.554420
7012,46.551293:24.554696 46.551409:24.554503
7013,46.551409:24.554503 46.551421:24.554483
7014,46.555758:24.566965 46.555677:24.566634 46.555643:24.566553
7015,46.557632:24.567497 46.557840:24.567113
7016,46.557544:24.567396 46.557755:24.567007
7017,46.570787:24.588670 46.570569:24.588373
7018,46.570569:24.588373 46.570408:24.588156
7019,46.570569:24.588373 46.569739:24.589980
7020,46.536131:24.581858 46.535970:24.582047 46.535734:24.582358 46.535701:24.582403
7021,46.546364:24.563129 46.546117:24.562805 46.545987:24.562639
7022,46.545987:24.562639 46.545925:24.562557 46.545902:24.562525 46.545729:24.562287
7023,46.545605:24.563206 46.545721:24.563398 46.545860:24.563600 46.545997:24.563746
7024,46.517258:24.505226 46.517638:24.504696 46.517661:24.504664
7025,46.518190:24.505719 46.518165:24.505745 46.517741:24.506187
7026,46.516306:24.510025 46.515761:24.510578
7027,46.515761:24.510578 46.515007:24.511344
7028,46.515007:24.511344 46.514896:24.511456
7029,46.514896:24.511456 46.513977:24.512403
7030,46.513977:24.512403 46.513889:24.512498
7031,46.517741:24.506187 46.517632:24.506299
7032,46.517632:24.506299 46.517540:24.506394 46.515522:24.508488
7033,46.515522:24.508488 46.515187:24.508836 46.514832:24.509203
7034,46.514832:24.509203 46.513191:24.510907
7035,46.513191:24.510907 46.513043:24.511059
7036,46.508859:24.507179 46.508755:24.506957
7037,46.521120:24.529916 46.521323:24.530324
7038,46.521323:24.530324 46.521595:24.530876
7039,46.521595:24.530876 46.521745:24.531174
7040,46.515000:24.517632 46.515152:24.517948
7041,46.515152:24.517948 46.515362:24.518388 46.515521:24.518628 46.515700:24.518997
7042,46.516476:24.520518 46.516536:24.520632
7043,46.516536:24.520632 46.516675:24.520896
7044,46.516675:24.520896 46.516710:24.520963 46.516776:24.521098
7045,46.516776:24.521098 46.517097:24.521760
7046,46.515700:24.518997 46.515757:24.518937
7047,46.500030:24.487300 46.499959:24.487352 46.499432:24.487740 46.498703:24.488276
7048,46.498703:24.488276 46.498057:24.488746
7049,46.506782:24.510199 46.506616:24.510307 46.506006:24.510711
7050,46.502101:24.491462 46.502157:24.491402 46.502363:24.491181 46.502251:24.490962
7051,46.502251:24.490962 46.502050:24.490566
7052,46.505772:24.486919 46.505073:24.485869
7053,46.505073:24.485869 46.504536:24.485062
7054,46.525398:24.540522 46.525211:24.540790 46.525135:24.540880
7055,46.525135:24.540880 46.524842:24.541232 46.524796:24.541279
7056,46.524050:24.551645 46.524010:24.551444
7057,46.530038:24.582576 46.530039:24.582556 46.530035:24.582536 46.530019:24.582522 46.529985:24.582507
7058,46.530542:24.594085 46.530489:24.594047 46.530469:24.594027 46.530452:24.593996 46.530442:24.593954 46.530437:24.593913 46.530427:24.593774 46.530421:24.593635 46.530418:24.593541 46.530416:24.593500 46.530411:24.593445 46.530397:24.593378 46.530375:24.593323 46.530341:24.593275 46.530298:24.593244 46.530255:24.593228 46.530221:24.593221 46.530181:24.593230 46.530129:24.593263 46.530088:24.593312 46.530066:24.593347
7059,46.530066:24.593347 46.529952:24.593497
7060,46.529952:24.593497 46.529853:24.593643
7061,46.529853:24.593643 46.529828:24.593706 46.529810:24.593771 46.529804:24.593804 46.529801:24.593833 46.529801:24.593872 46.529803:24.593917
7062,46.529803:24.593917 46.529826:24.594255
7063,46.529615:24.596713 46.529509:24.596668 46.529503:24.596665 46.529452:24.596671 46.529400:24.596703 46.529339:24.596755 46.529316:24.596768 46.529276:24.596777 46.529242:24.596760 46.529216:24.596731 46.529198:24.596691 46.529193:24.596652 46.529196:24.596613 46.529209:24.596575 46.529242:24.596535 46.529306:24.596492 46.529382:24.596444 46.529456:24.596387 46.529522:24.596333 46.529630:24.596237 46.529687:24.596114
7064,46.514307:24.516232 46.514812:24.517229
7065,46.514812:24.517229 46.514921:24.517465 46.515000:24.517632
7066,46.515424:24.518254 46.515197:24.517799
7067,46.515197:24.517799 46.515075:24.517556
7068,46.514782:24.518149 46.514581:24.517771
7069,46.517762:24.523090 46.517734:24.523119 46.517719:24.523135 46.517499:24.523353
7070,46.517499:24.523353 46.516856:24.524009 46.515456:24.525442 46.514492:24.526441
7071,46.516534:24.520456 46.516476:24.520518
7072,46.532296:24.551057 46.532631:24.551436
7073,46.532016:24.550788 46.532296:24.551057
7074,46.537415:24.553846 46.537071:24.553400 46.536971:24.553296
7075,46.536971:24.553296 46.536885:24.553210 46.536869:24.553195 46.536798:24.553146 46.536743:24.553124
7076,46.536743:24.553124 46.536749:24.553014 46.536751:24.552976
7077,46.535970:24.552939 46.535908:24.552908 46.535687:24.552746 46.535247:24.552421
7078,46.536743:24.553124 46.536622:24.553110 46.536496:24.553096 46.536397:24.553078
7079,46.536397:24.553078 46.536140:24.553023 46.535970:24.552939
7080,46.542648:24.565222 46.542743:24.565081 46.542763:24.565028 46.542786:24.564965
7081,46.541925:24.570086 46.541920:24.570195 46.541768:24.571616 46.541749:24.571798
7082,46.539191:24.567184 46.538846:24.567334 46.538807:24.567350 46.538762:24.567369
7083,46.538727:24.569075 46.538728:24.569213 46.538737:24.570584
7084,46.538786:24.566590 46.538769:24.567061
7085,46.538769:24.567061 46.538762:24.567369
7086,46.538803:24.566121 46.538786:24.566590
7087,46.538822:24.565655 46.538803:24.566121
7088,46.533284:24.588015 46.533244:24.588128 46.533013:24.588785
7089,46.533398:24.587682 46.533322:24.587905 46.533284:24.588015
7090,46.533398:24.587682 46.533353:24.587657 46.533279:24.587616 46.533188:24.587564 46.532902:24.587403
7091,46.537337:24.560464 46.537307:24.560440 46.537240:24.560383 46.537223:24.560370
7092,46.530934:24.555515 46.531233:24.555916 46.531492:24.556222
7093,46.530934:24.555515 46.530622:24.555101
7094,46.530622:24.555101 46.530400:24.554807 46.530363:24.554759
7095,46.530363:24.554759 46.530238:24.554962 46.529744:24.554324 46.529880:24.554102
7096,46.529615:24.596713 46.529510:24.596861 46.529316:24.597073 46.529093:24.597253
7097,46.529982:24.595665 46.530066:24.595485
7098,46.530066:24.595485 46.530135:24.595292
7099,46.530135:24.595292 46.530191:24.595074
7100,46.530191:24.595074 46.530240:24.594859
7101,46.529826:24.594255 46.529818:24.594344 46.529812:24.594439 46.529800:24.594525
7102,46.529800:24.594525 46.529753:24.594749
7103,46.529753:24.594749 46.529696:24.594947
7104,46.529696:24.594947 46.529622:24.595129
7105,46.529622:24.595129 46.529532:24.595298
7106,46.529532:24.595298 46.529430:24.595457
7107,46.529430:24.595457 46.529363:24.595560 46.529335:24.595612
7108,46.529335:24.595612 46.529252:24.595774
7109,46.529252:24.595774 46.529205:24.595838 46.529176:24.595867 46.529129:24.595907
7110,46.529129:24.595907 46.529073:24.595949 46.529015:24.595969 46.528971:24.595979
7111,46.528971:24.595979 46.528839:24.595996 46.528793:24.595998
7112,46.528793:24.595998 46.528765:24.596006 46.528741:24.596024 46.528667:24.596134
7113,46.528667:24.596134 46.528559:24.596278
7114,46.528559:24.596278 46.528451:24.596424
7115,46.528451:24.596424 46.528371:24.596537
7116,46.528203:24.596771 46.528206:24.596801 46.528207:24.596816 46.528216:24.596838 46.528226:24.596863 46.528292:24.596976 46.528360:24.597078 46.528410:24.597151 46.528423:24.597157 46.528436:24.597156 46.528462:24.597136 46.528499:24.597099
7117,46.528499:24.597099 46.528623:24.596989
7118,46.528623:24.596989 46.528743:24.596870
7119,46.528743:24.596870 46.528865:24.596753
7120,46.528865:24.596753 46.528997:24.596637
7121,46.528997:24.596637 46.529051:24.596590 46.529127:24.596531
7122,46.529127:24.596531 46.529277:24.596448
7123,46.529277:24.596448 46.529319:24.596422 46.529424:24.596345
7124,46.529424:24.596345 46.529550:24.596244
7125,46.529550:24.596244 46.529590:24.596205 46.529687:24.596114
7126,46.529687:24.596114 46.529789:24.595978
7127,46.529789:24.595978 46.529890:24.595829
7128,46.530800:24.593711 46.530778:24.593809 46.530762:24.593876 46.530740:24.593933 46.530703:24.593996 46.530669:24.594033 46.530635:24.594064 46.530594:24.594105
7129,46.530112:24.595487 46.530144:24.595449 46.530182:24.595378 46.530223:24.595260 46.530315:24.594798 46.530398:24.594409 46.530418:24.594334 46.530436:24.594291 46.530468:24.594258 46.530526:24.594220
7130,46.528623:24.596989 46.528605:24.596958 46.528596:24.596945 46.528372:24.596615 46.528362:24.596599 46.528345:24.596571
7131,46.528997:24.596637 46.528982:24.596617 46.528974:24.596605 46.528706:24.596194 46.528693:24.596174 46.528667:24.596134
7132,46.529550:24.596244 46.529532:24.596211 46.529523:24.596197 46.529292:24.595840 46.529279:24.595821 46.529252:24.595774
7133,46.529687:24.596114 46.529657:24.596076 46.529650:24.596065 46.529376:24.595674 46.529366:24.595658 46.529335:24.595612
7134,46.529890:24.595829 46.529861:24.595786 46.529852:24.595772 46.529561:24.595339 46.529550:24.595321 46.529532:24.595298
7135,46.529753:24.594749 46.529772:24.594776 46.529782:24.594790 46.530108:24.595259 46.530117:24.595271 46.530135:24.595292
7136,46.530294:24.594612 46.530277:24.594590 46.530265:24.594575 46.529920:24.594072 46.529831:24.593954 46.529803:24.593917
7137,46.530240:24.594859 46.530294:24.594612
7138,46.530294:24.594612 46.530306:24.594566 46.530350:24.594388
7139,46.530350:24.594388 46.530385:24.594222 46.530389:24.594151
7140,46.530389:24.594151 46.530386:24.594016 46.530381:24.593882 46.530371:24.593835 46.530361:24.593814 46.530088:24.593385 46.530066:24.593347
7141,46.528433:24.597251 46.528445:24.597250 46.528462:24.597242 46.528479:24.597231 46.528629:24.597074 46.528826:24.596895 46.528922:24.596804 46.529007:24.596739 46.529048:24.596717 46.529080:24.596711 46.529101:24.596714 46.529122:24.596725 46.529139:24.596746 46.529156:24.596779 46.529166:24.596816 46.529164:24.596866 46.529156:24.596911 46.529142:24.596938 46.529049:24.597055 46.529014:24.597106 46.528971:24.597194 46.528893:24.597392
7142,46.528416:24.595015 46.528441:24.594982 46.528558:24.594833
7143,46.528558:24.594833 46.528662:24.594704 46.528855:24.594439 46.528870:24.594418 46.528902:24.594375
7144,46.528062:24.595363 46.528081:24.595394 46.528093:24.595412 46.528255:24.595663
7145,46.528255:24.595663 46.528274:24.595695 46.528286:24.595714 46.528313:24.595756
7146,46.528313:24.595756 46.528334:24.595789 46.528342:24.595801 46.528494:24.596034 46.528507:24.596053 46.528532:24.596092
7147,46.528532:24.596092 46.528647:24.595941
7148,46.528647:24.595941 46.528712:24.595852 46.528725:24.595830 46.528730:24.595807 46.528734:24.595782 46.528736:24.595738
7149,46.528736:24.595738 46.528782:24.595674 46.528801:24.595647
7150,46.528801:24.595647 46.528972:24.595427
7151,46.528972:24.595427 46.529061:24.595312 46.529071:24.595298 46.529096:24.595263
7152,46.529096:24.595263 46.528992:24.595101
7153,46.528992:24.595101 46.528907:24.594967 46.528884:24.594932
7154,46.528696:24.594039 46.528716:24.593960 46.528772:24.593736
7155,46.528772:24.593736 46.528789:24.593642 46.528788:24.593616 46.528660:24.593399 46.528647:24.593386 46.528634:24.593385 46.528619:24.593392 46.528538:24.593506
7156,46.528538:24.593506 46.528481:24.593580 46.528436:24.593628
7157,46.528311:24.593428 46.528260:24.593331 46.528255:24.593298 46.528250:24.593247 46.528252:24.593182 46.528268:24.593099 46.528309:24.592957
7158,46.528367:24.592373 46.528357:24.592319 46.528337:24.592271 46.528309:24.592233 46.528276:24.592206 46.528238:24.592193 46.528200:24.592195
7159,46.528200:24.592195 46.528160:24.592214
7160,46.528160:24.592214 46.528125:24.592249 46.528098:24.592298
7161,46.528098:24.592298 46.528083:24.592357 46.528080:24.592421 46.528090:24.592482
7162,46.528090:24.592482 46.528112:24.592535 46.528143:24.592577
7163,46.528143:24.592577 46.528180:24.592603 46.528221:24.592612
7164,46.528221:24.592612 46.528262:24.592605 46.528300:24.592581 46.528332:24.592542 46.528355:24.592491
7165,46.528355:24.592491 46.528367:24.592433 46.528367:24.592373
7166,46.528367:24.592373 46.528396:24.592265 46.528427:24.592191 46.528444:24.592153 46.528469:24.592108 46.528498:24.592066 46.528562:24.591981 46.528615:24.591939 46.528682:24.591893 46.528773:24.591867 46.528841:24.591869 46.528924:24.591888 46.528976:24.591908 46.529059:24.591939
7167,46.530167:24.595865 46.529615:24.596713
7168,46.530617:24.595145 46.530400:24.595483 46.530167:24.595865
7169,46.530868:24.594293 46.530814:24.594210 46.530761:24.594171 46.530594:24.594105
7170,46.530594:24.594105 46.530542:24.594085
7171,46.531298:24.593993 46.531198:24.594022 46.531117:24.594034 46.531043:24.594006 46.530986:24.593948 46.530925:24.593859 46.530802:24.593617 46.530749:24.593513
7172,46.531109:24.594471 46.531107:24.594396 46.531087:24.594326 46.531050:24.594273
7173,46.530207:24.601148 46.530251:24.601235 46.530305:24.601293 46.530375:24.601313 46.530476:24.601305 46.530587:24.601299 46.530752:24.601275 46.530878:24.601239 46.531003:24.601204 46.531283:24.601145 46.531427:24.601141 46.531575:24.600980 46.531745:24.600792
7174,46.555095:24.558792 46.555064:24.558704 46.555058:24.558539
7175,46.528621:24.595352 46.528547:24.595453
7176,46.528547:24.595453 46.528427:24.595602
7177,46.528427:24.595602 46.528313:24.595756
7178,46.528313:24.595756 46.528218:24.595886
7179,46.528218:24.595886 46.528141:24.595980
7180,46.528141:24.595980 46.528032:24.596112 46.528021:24.596127
7181,46.528021:24.596127 46.527917:24.596268 46.527914:24.596279 46.527901:24.596318 46.527893:24.596361 46.527889:24.596401 46.527891:24.596453 46.527893:24.596491 46.527912:24.596545 46.527953:24.596607 46.528042:24.596729 46.528152:24.596860 46.528216:24.596945 46.528309:24.597110 46.528362:24.597202 46.528390:24.597234 46.528417:24.597250 46.528433:24.597251
7182,46.528160:24.592214 46.528051:24.592106
7183,46.529085:24.592350 46.529076:24.592400
7184,46.529076:24.592400 46.529068:24.592449 46.529037:24.592550 46.529005:24.592635 46.528957:24.592699 46.528858:24.592819 46.528570:24.593178 46.528301:24.593533 46.528267:24.593578
7185,46.528267:24.593578 46.528128:24.593636 46.528033:24.593713 46.527701:24.594151
7186,46.527701:24.594151 46.527638:24.594286 46.527584:24.594451 46.527498:24.594773
7187,46.527498:24.594773 46.527414:24.595087 46.527411:24.595159 46.527427:24.595236 46.527757:24.595736
7188,46.528588:24.595298 46.528843:24.594982 46.528884:24.594932
7189,46.528884:24.594932 46.529052:24.594713 46.529057:24.594706 46.529065:24.594697 46.529091:24.594667
7190,46.529060:24.591718 46.528905:24.591743 46.528803:24.591754 46.528699:24.591769 46.528613:24.591802 46.528540:24.591861 46.528487:24.591920 46.528439:24.591985 46.528378:24.592073 46.528315:24.592139 46.528200:24.592195
7191,46.528409:24.593583 46.528311:24.593428
7192,46.528499:24.597099 46.528481:24.597068 46.528474:24.597057 46.528270:24.596753 46.528261:24.596739 46.528239:24.596699
7193,46.528865:24.596753 46.528851:24.596726 46.528841:24.596711 46.528593:24.596334 46.528584:24.596318 46.528559:24.596278
7194,46.529277:24.596448 46.529258:24.596416 46.529249:24.596402 46.529008:24.596046 46.528996:24.596028 46.528971:24.595979
7195,46.530066:24.595485 46.530037:24.595447 46.530026:24.595432 46.529724:24.594985 46.529717:24.594975 46.529696:24.594947
7196,46.530222:24.594834 46.530215:24.594823 46.529859:24.594301 46.529850:24.594288 46.529826:24.594255
7197,46.529243:24.591960 46.529407:24.591916 46.529578:24.591908 46.529690:24.591926 46.529767:24.591957 46.529861:24.592014
7198,46.529494:24.546676 46.529436:24.546615 46.529384:24.546603 46.529330:24.546605 46.529248:24.546622
7199,46.529294:24.546745 46.529368:24.546701 46.529494:24.546676
7200,46.532252:24.550847 46.531752:24.550323
7201,46.533085:24.551043 46.533029:24.551087 46.533011:24.551101 46.532882:24.551213 46.532812:24.551248 46.532761:24.551254 46.532719:24.551251 46.532671:24.551234 46.532620:24.551208 46.532603:24.551194 46.532499:24.551110
7202,46.529248:24.546622 46.529218:24.546602 46.529185:24.546596 46.529152:24.546605
7203,46.529561:24.546792 46.529494:24.546676
7204,46.529377:24.547009 46.529276:24.546836
7205,46.533025:24.551735 46.532795:24.551445
7206,46.531695:24.549466 46.531515:24.549695
7207,46.528119:24.594121 46.528134:24.594145 46.528245:24.594329 46.528255:24.594346 46.528281:24.594391
7208,46.528281:24.594391 46.528302:24.594425 46.528310:24.594437 46.528527:24.594783 46.528545:24.594812 46.528558:24.594833
7209,46.528436:24.593628 46.528380:24.593699 46.528558:24.593971 46.528579:24.594007
7210,46.528635:24.593936 46.528436:24.593628
7211,46.528436:24.593628 46.528409:24.593583
7212,46.529853:24.593643 46.529884:24.593692 46.529892:24.593703 46.530326:24.594355 46.530332:24.594364 46.530350:24.594388
7213,46.501662:24.492217 46.501681:24.492218 46.501699:24.492206 46.501710:24.492183 46.501714:24.492155
7214,46.501714:24.492155 46.501705:24.492124 46.501688:24.492104 46.501665:24.492101 46.501644:24.492116 46.501633:24.492142
7215,46.501633:24.492142 46.501632:24.492174 46.501643:24.492201 46.501662:24.492217
7216,46.501199:24.491363 46.501485:24.491900 46.501593:24.492098 46.501611:24.492125 46.501633:24.492142
7217,46.537189:24.560817 46.537194:24.560749 46.537223:24.560370
7218,46.537223:24.560370 46.537247:24.560029 46.537264:24.559796 46.537266:24.559760 46.537269:24.559724
7219,46.537269:24.559724 46.537343:24.558682 46.537345:24.558665
7220,46.546115:24.565654 46.546230:24.565179 46.546240:24.565137
7221,46.548302:24.564462 46.548415:24.564475 46.548444:24.564482 46.549627:24.564740
7222,46.547612:24.564151 46.547488:24.564017 46.547451:24.563985
7223,46.546142:24.567777 46.546048:24.567240
7224,46.547126:24.561815 46.547159:24.561727 46.547322:24.561299
7225,46.547464:24.560887 46.547484:24.560813
7226,46.547484:24.560813 46.547515:24.560613 46.547498:24.560393 46.547404:24.560101 46.547353:24.559914 46.547326:24.559753
7227,46.547322:24.561299 46.547407:24.561052 46.547419:24.561017 46.547439:24.560961 46.547464:24.560887
7228,46.547162:24.561136 46.546997:24.561503
7229,46.547286:24.559357 46.547280:24.559372
7230,46.547280:24.559372 46.547271:24.559396
7231,46.547338:24.559318 46.547309:24.559330 46.547286:24.559357
7232,46.547276:24.559482 46.547295:24.559517
7233,46.547421:24.558581 46.547440:24.558482 46.547471:24.558317
7234,46.547471:24.558317 46.547583:24.557762 46.547610:24.557631 46.547704:24.557135 46.547750:24.556840 46.547757:24.556721
7235,46.547757:24.556721 46.547766:24.556472
7236,46.547766:24.556472 46.547764:24.556278
7237,46.547764:24.556278 46.547756:24.555357 46.547755:24.555200
7238,46.547755:24.555200 46.547744:24.554653
7239,46.547744:24.554653 46.547742:24.554595 46.547728:24.553860 46.547727:24.553824 46.547727:24.553741
7240,46.539737:24.564343 46.539877:24.564264 46.539981:24.564200
7241,46.539981:24.564200 46.540745:24.563496 46.540754:24.563488 46.540760:24.563482
7242,46.539638:24.564194 46.539737:24.564343
7243,46.540188:24.559694 46.540134:24.559798 46.540046:24.560057
7244,46.540046:24.560057 46.540212:24.560052
7245,46.528760:24.496407 46.528738:24.497358 46.528760:24.498570 46.528742:24.499123
7246,46.524158:24.517822 46.524134:24.517824 46.524108:24.517837 46.524079:24.517868 46.523824:24.518342
7247,46.515757:24.518937 46.515608:24.518632 46.515424:24.518254
7248,46.539249:24.552834 46.539042:24.552863 46.538361:24.552874 46.537491:24.552876
7249,46.541377:24.555211 46.541399:24.555201 46.541487:24.555191 46.542104:24.555272
7250,46.549200:24.552821 46.549238:24.552903
7251,46.548773:24.551855 46.548851:24.552031 46.548942:24.552233 46.549127:24.552654 46.549141:24.552688 46.549200:24.552821
7252,46.555418:24.548045 46.555535:24.547951 46.555605:24.547916 46.555651:24.547892
7253,46.555560:24.547794 46.555418:24.548045
7254,46.520915:24.535454 46.520882:24.535486 46.520738:24.535625 46.520691:24.535666 46.520825:24.535952 46.520708:24.536059
7255,46.520650:24.534766 46.520611:24.534770 46.520496:24.534781 46.520361:24.534907
7256,46.522508:24.537307 46.522495:24.537281 46.522019:24.536319
7257,46.522019:24.536319 46.521912:24.536102
7258,46.522508:24.533018 46.522743:24.533497 46.522799:24.533439 46.522849:24.533388
7259,46.522285:24.533242 46.522470:24.533057
7260,46.522470:24.533057 46.522508:24.533018
7261,46.522508:24.533018 46.522564:24.532962 46.522611:24.532916
7262,46.522019:24.532097 46.522042:24.532146 46.522470:24.533057
7263,46.520752:24.531826 46.521024:24.532343
7264,46.521125:24.531406 46.521370:24.531916
7265,46.521370:24.531916 46.521426:24.532034
7266,46.512681:24.523351 46.512927:24.523094 46.512624:24.522453
7267,46.513269:24.524700 46.513054:24.524309
7268,46.513054:24.524309 46.512667:24.523534 46.512675:24.523432
7269,46.512675:24.523432 46.512681:24.523351
7270,46.512681:24.523351 46.512430:24.522815 46.512460:24.522662 46.512624:24.522453
7271,46.512624:24.522453 46.513086:24.521973 46.512938:24.521640
7272,46.519573:24.527247 46.519382:24.526865
7273,46.519713:24.527146 46.519692:24.527161 46.519573:24.527247
7274,46.519573:24.527247 46.519483:24.527310 46.519188:24.527623 46.518752:24.526776
7275,46.518796:24.525972 46.518954:24.526286
7276,46.518746:24.525695 46.518757:24.525721 46.518774:24.525760 46.518843:24.525925 46.518796:24.525972
7277,46.518796:24.525972 46.518485:24.526281
7278,46.554298:24.564873 46.554656:24.565367
7279,46.551578:24.564955 46.551485:24.564873 46.551385:24.564784
7280,46.504582:24.504060 46.504227:24.503443 46.504064:24.503130 46.503603:24.502226
7281,46.507270:24.506193 46.507022:24.505689 46.506968:24.505651 46.506868:24.505713 46.506484:24.506105
7282,46.510759:24.510036 46.510433:24.510374
7283,46.541672:24.610435 46.541802:24.610709 46.541818:24.610743 46.541859:24.610838
7284,46.541859:24.610838 46.541949:24.611044
7285,46.541949:24.611044 46.542146:24.611532
7286,46.542146:24.611532 46.542173:24.611602
7287,46.536050:24.541142 46.536034:24.541095 46.535675:24.540150 46.535651:24.540102 46.535622:24.540074 46.535590:24.540077 46.535561:24.540094 46.535103:24.540525 46.535021:24.540602
7288,46.535021:24.540602 46.534944:24.540671 46.534441:24.541112
7289,46.534441:24.541112 46.534319:24.541220 46.534255:24.541276
7290,46.550918:24.555243 46.550956:24.555249
7291,46.558397:24.545828 46.558362:24.545783 46.558190:24.545558
7292,46.558190:24.545558 46.557730:24.544959 46.557676:24.544909 46.557673:24.544909 46.557629:24.544899
7293,46.523538:24.551683 46.523401:24.551703 46.523230:24.551681 46.523091:24.551672 46.522995:24.551681
7294,46.523896:24.551668 46.523538:24.551683
7295,46.521669:24.546112 46.521722:24.545969 46.521735:24.545934
7296,46.521607:24.546270 46.521669:24.546112
7297,46.533328:24.572392 46.533249:24.572913 46.533245:24.572944 46.533220:24.573117 46.533204:24.573199 46.533196:24.573246
7298,46.533196:24.573246 46.533160:24.573459 46.533064:24.574106 46.533027:24.574458 46.533005:24.574812 46.533000:24.575095 46.533008:24.575314 46.533016:24.575526 46.533020:24.575600 46.533023:24.575687 46.533026:24.575775
7299,46.533026:24.575775 46.533035:24.576030 46.533040:24.576289 46.533047:24.576444 46.533052:24.576543 46.533063:24.576781 46.533068:24.576871 46.533074:24.577012 46.533080:24.577132 46.533085:24.577250 46.533094:24.577448 46.533098:24.577551 46.533110:24.577750 46.533111:24.577781 46.533119:24.577947 46.533123:24.578022 46.533133:24.578228 46.533134:24.578261 46.533144:24.578460 46.533145:24.578498 46.533157:24.578733 46.533167:24.578959 46.533175:24.579105
7300,46.533175:24.579105 46.533182:24.579267 46.533191:24.579468 46.533193:24.579535 46.533200:24.579697 46.533204:24.579773 46.533211:24.579941 46.533214:24.580016 46.533228:24.580249 46.533236:24.580398
7301,46.530226:24.596476 46.530456:24.596805
7302,46.530456:24.596805 46.530706:24.597166
7303,46.530706:24.597166 46.530846:24.597367
7304,46.530132:24.596615 46.530358:24.596945
7305,46.530358:24.596945 46.530606:24.597306
7306,46.530606:24.597306 46.530746:24.597511
7307,46.530032:24.596760 46.530256:24.597092
7308,46.530256:24.597092 46.530501:24.597455
7309,46.530501:24.597455 46.530641:24.597663
7310,46.530547:24.597798 46.530404:24.597591
7311,46.530404:24.597591 46.530157:24.597234
7312,46.530157:24.597234 46.529930:24.596904
7313,46.529840:24.597030 46.530061:24.597373
7314,46.530061:24.597373 46.530297:24.597742
7315,46.530297:24.597742 46.530436:24.597959
7316,46.530923:24.596774 46.530880:24.596749 46.530834:24.596756 46.530795:24.596794 46.530773:24.596853 46.530775:24.596914 46.530794:24.596981
7317,46.526985:24.599029 46.526576:24.599497
7318,46.526576:24.599497 46.526438:24.599666
7319,46.528994:24.594518 46.528965:24.594560 46.528963:24.594564 46.528814:24.594756 46.528533:24.595102 46.528526:24.595110 46.528497:24.595148
7320,46.530389:24.594151 46.530366:24.594115 46.530355:24.594099 46.529998:24.593557 46.529986:24.593542 46.529952:24.593497
7321,46.528276:24.597770 46.528234:24.597798
7322,46.528234:24.597798 46.528188:24.597827 46.528030:24.597952
7323,46.527416:24.598556 46.527158:24.598831 46.526985:24.599029
7324,46.529093:24.597253 46.528893:24.597392
7325,46.528046:24.598316 46.528017:24.598143 46.528024:24.598049 46.528030:24.597952
7326,46.527813:24.598145 46.527870:24.598183 46.527950:24.598237 46.528046:24.598316
7327,46.527126:24.600547 46.528307:24.599398
7328,46.530226:24.596476 46.530132:24.596615
7329,46.530132:24.596615 46.530032:24.596760
7330,46.530032:24.596760 46.529930:24.596904
7331,46.529930:24.596904 46.529840:24.597030
7332,46.530755:24.597097 46.530522:24.596709
7333,46.530522:24.596709 46.530394:24.596529 46.530318:24.596459 46.530268:24.596451 46.530226:24.596476
7334,46.536679:24.603044 46.536472:24.603187
7335,46.537046:24.604018 46.536887:24.603596
7336,46.536887:24.603596 46.536679:24.603044
7337,46.536679:24.603044 46.536468:24.602444 46.536443:24.602372
7338,46.535476:24.564616 46.535419:24.564731 46.535390:24.564812 46.535375:24.564908 46.535313:24.565527 46.535305:24.565579 46.535295:24.565648
7339,46.559260:24.581525 46.558870:24.582081 46.558758:24.582230 46.558718:24.582281
7340,46.558718:24.582281 46.558678:24.582321 46.558636:24.582364 46.558558:24.582435 46.558499:24.582484 46.558471:24.582503 46.558423:24.582527 46.558340:24.582559
7341,46.558340:24.582559 46.558231:24.582592 46.558154:24.582610 46.558109:24.582616 46.558024:24.582621 46.557921:24.582619 46.557819:24.582607 46.557726:24.582587 46.557646:24.582563 46.557575:24.582532 46.557486:24.582478 46.557321:24.582364 46.557314:24.582358 46.557056:24.582000 46.556844:24.581689 46.556524:24.581277
7342,46.556524:24.581277 46.556017:24.580637 46.555937:24.580544
7343,46.555937:24.580544 46.555416:24.579927 46.555381:24.579887 46.555354:24.579857 46.555312:24.579805 46.554682:24.579036
7344,46.554682:24.579036 46.554597:24.578938 46.554437:24.578746
7345,46.554437:24.578746 46.554350:24.578640 46.553922:24.578120
7346,46.553922:24.578120 46.553896:24.578088 46.553872:24.578058 46.553845:24.578026 46.553818:24.577994 46.553485:24.577597
7347,46.553485:24.577597 46.553266:24.577334
7348,46.553266:24.577334 46.553030:24.577050 46.553022:24.577040
7349,46.553022:24.577040 46.552506:24.576413 46.552327:24.576197 46.552084:24.575904 46.551933:24.575722 46.551817:24.575581
7350,46.544025:24.555599 46.544038:24.555614 46.544053:24.555625 46.544066:24.555630 46.544078:24.555632 46.544086:24.555632
7351,46.544086:24.555632 46.544112:24.555623 46.544134:24.555603 46.544150:24.555574
7352,46.544150:24.555574 46.544153:24.555565
7353,46.544153:24.555565 46.544160:24.555527 46.544158:24.555487 46.544147:24.555451 46.544128:24.555423
7354,46.544121:24.555416 46.544103:24.555405 46.544084:24.555400 46.544065:24.555402 46.544047:24.555411 46.544031:24.555425 46.544018:24.555445
7355,46.531005:24.539215 46.531080:24.539388 46.531130:24.539501
7356,46.538970:24.559692 46.539067:24.559149
7357,46.525920:24.544113 46.526003:24.544295
7358,46.526732:24.543102 46.526311:24.543625
7359,46.526311:24.543625 46.525920:24.544113
7360,46.526003:24.544295 46.526411:24.543794
7361,46.526411:24.543794 46.526808:24.543306
7362,46.534779:24.560072 46.534822:24.560168 46.534852:24.560172 46.534895:24.560152 46.535064:24.560038 46.535082:24.559978 46.535088:24.559921 46.535075:24.559824
7363,46.534506:24.562429 46.534516:24.562411 46.534574:24.562314
7364,46.532990:24.562203 46.533201:24.561851 46.533213:24.561807 46.533214:24.561796 46.533215:24.561783 46.533209:24.561757 46.533198:24.561729 46.533173:24.561678
7365,46.533814:24.571909 46.533825:24.571879 46.533876:24.571731 46.533892:24.571600 46.533886:24.571490 46.533869:24.571393 46.533823:24.571225 46.533788:24.571108
7366,46.533788:24.571108 46.533592:24.571058 46.533550:24.571047
7367,46.523167:24.597145 46.523286:24.597897 46.523333:24.598128
7368,46.522248:24.598014 46.522196:24.597714 46.522197:24.597659 46.522218:24.597601 46.522343:24.597441 46.522427:24.597384 46.522693:24.597299
7369,46.522813:24.598179 46.522636:24.598208 46.522337:24.598279
7370,46.559659:24.574722 46.560276:24.576309
7371,46.560276:24.576309 46.560319:24.576310 46.560346:24.576272
7372,46.560346:24.576272 46.560340:24.576180
7373,46.532253:24.545585 46.532334:24.545536 46.532407:24.545502 46.532647:24.546117
7374,46.545240:24.586330 46.545249:24.586738
7375,46.545249:24.586738 46.545732:24.587869 46.545761:24.587937
7376,46.544191:24.586073 46.544214:24.586072 46.544440:24.586070 46.544608:24.586077 46.544957:24.586180 46.545181:24.586290 46.545240:24.586330
7377,46.545240:24.586330 46.545543:24.586540 46.545735:24.586709 46.545833:24.586881 46.545911:24.587107
7378,46.545911:24.587107 46.545249:24.586738
7379,46.545249:24.586738 46.544623:24.587201 46.544609:24.587212
7380,46.545844:24.587912 46.545850:24.587836 46.545911:24.587107
7381,46.545911:24.587107 46.547151:24.587918
7382,46.529574:24.578151 46.530127:24.578275
7383,46.526556:24.576222 46.526260:24.576186
7384,46.530188:24.547440 46.529909:24.547787 46.529876:24.547829
7385,46.521671:24.612144 46.520279:24.611067
7386,46.525553:24.607017 46.525215:24.605255
7387,46.523979:24.606073 46.524590:24.605610
7388,46.524590:24.605610 46.525109:24.605221 46.525163:24.605218 46.525215:24.605255
7389,46.513119:24.612264 46.512286:24.611300
7390,46.507979:24.608703 46.507612:24.609386 46.507559:24.609509 46.507519:24.609644 46.507473:24.609939
7391,46.507473:24.609939 46.507469:24.610104 46.507479:24.610451
7392,46.507479:24.610451 46.507276:24.611355
7393,46.510579:24.616081 46.510310:24.615463 46.510063:24.615094
7394,46.510063:24.615094 46.509779:24.614686
7395,46.509779:24.614686 46.509551:24.614365
7396,46.509551:24.614365 46.508837:24.613433
7397,46.508837:24.613433 46.508740:24.613305
7398,46.508740:24.613305 46.508478:24.612957
7399,46.508478:24.612957 46.508384:24.612837
7400,46.508384:24.612837 46.508063:24.612381
7401,46.508063:24.612381 46.507668:24.611865
7402,46.507668:24.611865 46.507276:24.611355
7403,46.510225:24.613304 46.509907:24.612886 46.509617:24.612533
7404,46.519884:24.614541 46.519951:24.614305 46.520064:24.613878
7405,46.518279:24.612965 46.518236:24.613867 46.518184:24.614986 46.518166:24.615412
7406,46.515177:24.616638 46.515254:24.616676 46.515413:24.616676 46.515627:24.616644 46.515705:24.616628
7407,46.522216:24.609592 46.522160:24.609869 46.522123:24.610277 46.522059:24.610909 46.522004:24.611224 46.521910:24.611601 46.521671:24.612144
7408,46.521671:24.612144 46.521436:24.612678
7409,46.521436:24.612678 46.521030:24.613598 46.520957:24.613698 46.520752:24.613771 46.520644:24.613814 46.520581:24.613877 46.520393:24.614324 46.520344:24.614395
7410,46.520344:24.614395 46.520255:24.614456 46.520155:24.614499
7411,46.520155:24.614499 46.520027:24.614530 46.519884:24.614541
7412,46.519884:24.614541 46.519771:24.614538
7413,46.518028:24.631792 46.517969:24.631753 46.517912:24.631750 46.517565:24.631864
7414,46.505202:24.630688 46.504973:24.630489 46.504769:24.630329 46.504563:24.630152 46.504360:24.629948 46.504269:24.629830 46.504169:24.629627 46.504104:24.629406 46.504035:24.629023 46.503961:24.628705 46.503926:24.628607 46.503883:24.628522 46.503828:24.628451 46.503698:24.628324 46.503636:24.628244 46.503598:24.628129 46.503599:24.627994 46.503616:24.627845 46.503744:24.627048
7415,46.503744:24.627048 46.503770:24.626890 46.503929:24.625784 46.503963:24.625590 46.504017:24.625394 46.504083:24.625190 46.504201:24.624896 46.504233:24.624765 46.504243:24.624626
7416,46.504243:24.624626 46.504216:24.624515 46.504129:24.624301 46.504094:24.624174 46.504078:24.624043 46.504078:24.623883 46.504096:24.623710 46.504133:24.623507
7417,46.504133:24.623507 46.504158:24.623221 46.504158:24.623061 46.504145:24.622882
7418,46.509796:24.628847 46.509858:24.628828 46.510075:24.628840 46.510155:24.628816 46.510225:24.628752 46.510268:24.628659 46.510400:24.628262 46.510821:24.626923 46.510903:24.626713 46.511057:24.626368 46.511143:24.626126 46.511421:24.625267 46.511514:24.624944 46.511682:24.624275
7419,46.505433:24.638554 46.505305:24.638934 46.505238:24.639155 46.505085:24.639599 46.505000:24.639884 46.504874:24.640193 46.504657:24.640520
7420,46.504657:24.640520 46.504348:24.640832 46.504115:24.641067
7421,46.504115:24.641067 46.503890:24.641285 46.503697:24.641430 46.503447:24.641588 46.503233:24.641662 46.503158:24.641693 46.503110:24.641747 46.503120:24.641928 46.503126:24.642104 46.503120:24.642357 46.503135:24.642579
7422,46.503135:24.642579 46.503231:24.642560 46.503362:24.642543 46.503488:24.642496 46.503659:24.642409 46.503826:24.642304 46.504122:24.642138 46.504339:24.642047 46.504574:24.642004 46.504698:24.642006
7423,46.504698:24.642006 46.504731:24.642006 46.504987:24.642028 46.505128:24.642021 46.505252:24.642000 46.505570:24.641885 46.505777:24.641881 46.505878:24.641888
7424,46.505878:24.641888 46.506322:24.641919 46.506476:24.641851 46.506562:24.641785 46.506609:24.641707 46.506633:24.641655 46.506658:24.641552 46.506675:24.641123
7425,46.509056:24.638091 46.509068:24.638109 46.509080:24.638116 46.509276:24.638181 46.509492:24.638254
7426,46.508721:24.632225 46.509156:24.632455 46.509179:24.632468
7427,46.509179:24.632468 46.509552:24.632674
7428,46.509552:24.632674 46.509832:24.632824
7429,46.509179:24.632468 46.509343:24.631798
7430,46.509552:24.632674 46.509703:24.631990
7431,46.518971:24.609182 46.519039:24.609186 46.519264:24.609139 46.519766:24.609032 46.520261:24.608942 46.520711:24.608856 46.520851:24.608825
7432,46.532863:24.665564 46.532869:24.665432 46.532810:24.664725 46.532795:24.664425 46.532776:24.663101 46.532788:24.662467 46.532806:24.662196 46.532844:24.662003 46.532888:24.661804 46.532964:24.661549 46.533084:24.661176 46.533239:24.660785 46.533359:24.660452 46.533427:24.660214 46.533492:24.659949 46.533749:24.658649 46.533827:24.658197 46.533894:24.657697 46.533953:24.656976 46.533968:24.656501 46.533961:24.655821 46.533916:24.655042 46.533866:24.654436 46.533790:24.653693 46.533737:24.653294 46.533659:24.652848 46.533574:24.652473 46.533409:24.651887 46.532966:24.650524 46.532247:24.648403
7433,46.511302:24.610646 46.511259:24.610687 46.511048:24.610971
7434,46.511048:24.610971 46.510874:24.611297
7435,46.510874:24.611297 46.510685:24.611660 46.510565:24.611915
7436,46.510565:24.611915 46.510505:24.612111 46.510505:24.612152 46.510523:24.612202 46.510566:24.612331 46.510629:24.612519 46.510633:24.612631 46.510582:24.612738 46.510225:24.613304
7437,46.510225:24.613304 46.509551:24.614365
7438,46.508069:24.609680 46.507950:24.609906 46.507854:24.610098 46.507782:24.610238 46.507709:24.610362 46.507652:24.610462 46.507587:24.610474 46.507479:24.610451
7439,46.503744:24.627048 46.503931:24.627094 46.504123:24.627137 46.504296:24.627169 46.504458:24.627212 46.504610:24.627233 46.504710:24.627260 46.504850:24.627298 46.504928:24.627314
7440,46.508101:24.621346 46.508170:24.621381 46.508205:24.621383 46.508231:24.621362 46.508242:24.621292 46.508345:24.620525 46.508428:24.620002 46.508587:24.619154
7441,46.512252:24.603477 46.512192:24.603569 46.511929:24.604064 46.511543:24.604769 46.511393:24.605076
7442,46.511393:24.605076 46.511302:24.605293 46.511036:24.605745 46.510880:24.606041
7443,46.510880:24.606041 46.510624:24.606524 46.510516:24.606729
7444,46.510516:24.606729 46.510457:24.606869 46.510317:24.607108 46.510103:24.607487 46.510058:24.607595 46.510048:24.607686 46.510061:24.607778 46.510104:24.607882 46.510972:24.608498 46.511837:24.609151 46.512265:24.609451 46.512380:24.609545 46.512434:24.609601
7445,46.512434:24.609601 46.512514:24.609676 46.512650:24.609840 46.512756:24.609983 46.513138:24.610198 46.513579:24.610433 46.513706:24.610457 46.513782:24.610408 46.513939:24.610248 46.514066:24.610050 46.514217:24.609779 46.514255:24.609742 46.514295:24.609702 46.514891:24.609012 46.514969:24.608861 46.515036:24.608779 46.515102:24.608739
7446,46.511936:24.602790 46.511780:24.603057 46.511625:24.603326 46.511348:24.603836 46.511179:24.604129 46.511016:24.604419 46.510900:24.604519
7447,46.535639:24.549189 46.535558:24.549298 46.535486:24.549394 46.535341:24.549588 46.535191:24.549788 46.535043:24.549985 46.534961:24.549862
7448,46.532978:24.567389 46.532728:24.567180
7449,46.532728:24.567180 46.532566:24.567051
7450,46.535295:24.565648 46.535129:24.565628 46.534851:24.565595 46.534807:24.565589 46.534564:24.565567 46.534377:24.565555 46.534204:24.565589 46.534069:24.565668 46.533925:24.565805 46.533799:24.565977 46.533715:24.566199 46.533656:24.566421 46.533632:24.566626 46.533604:24.567163
7451,46.533604:24.567163 46.533612:24.567875
7452,46.533276:24.567639 46.533222:24.567595 46.532978:24.567389
7453,46.533140:24.571255 46.533122:24.571249
7454,46.533122:24.571249 46.533086:24.571236 46.533025:24.571202 46.532972:24.571180 46.532891:24.571150
7455,46.534578:24.582913 46.534752:24.583060 46.534827:24.583123
7456,46.534911:24.583838 46.534718:24.584276
7457,46.535397:24.582856 46.535337:24.582964
7458,46.531448:24.593672 46.531432:24.593739
7459,46.531432:24.593739 46.531400:24.593848
7460,46.566369:24.543967 46.566015:24.544510 46.565988:24.544556
7461,46.566369:24.543967 46.566581:24.544351
7462,46.526891:24.537922 46.526954:24.537932 46.527058:24.538048 46.527262:24.538406 46.527710:24.539229
7463,46.528126:24.543254 46.528270:24.543113 46.528213:24.542990 46.528070:24.543129
7464,46.528290:24.543623 46.528456:24.543462
7465,46.528972:24.545976 46.528953:24.545996 46.528945:24.546003
7466,46.528945:24.546003 46.528928:24.546019 46.528888:24.546059
7467,46.535251:24.551030 46.535213:24.551076 46.535208:24.551082 46.534984:24.551356
7468,46.562996:24.549029 46.563026:24.548825 46.563030:24.548579
7469,46.563030:24.548579 46.563035:24.548195 46.563038:24.548046
7470,46.563038:24.548046 46.563039:24.547932 46.563040:24.547833
7471,46.563447:24.547841 46.563559:24.547847 46.563607:24.547849 46.563634:24.547851 46.563777:24.547859 46.563831:24.547862
7472,46.563831:24.547862 46.564429:24.547946
7473,46.562858:24.547825 46.563040:24.547833
7474,46.563040:24.547833 46.563271:24.547837
7475,46.562679:24.547818 46.562858:24.547825
7476,46.568261:24.592141 46.567595:24.591035
7477,46.567595:24.591035 46.566782:24.589701 46.566612:24.589424 46.566533:24.589359
7478,46.566533:24.589359 46.566567:24.589482 46.566737:24.589759 46.567380:24.590837
7479,46.522968:24.531836 46.522946:24.531866 46.522850:24.531963
7480,46.522850:24.531963 46.522513:24.532315 46.522498:24.532330 46.522451:24.532379
7481,46.517845:24.626394 46.518472:24.626301 46.518541:24.626290
7482,46.517767:24.626417 46.517845:24.626394
7483,46.523966:24.606030 46.523979:24.606073
7484,46.523979:24.606073 46.523902:24.606206 46.523734:24.606427 46.523605:24.606538 46.523238:24.606864 46.522989:24.607085 46.522924:24.607245 46.522719:24.607636 46.522322:24.608818 46.522259:24.609096 46.522216:24.609592
7485,46.523914:24.605893 46.523966:24.606030
7486,46.522654:24.603566 46.522944:24.604072
7487,46.522944:24.604072 46.523564:24.605183 46.523914:24.605893
7488,46.519046:24.614004 46.518822:24.613889 46.518722:24.613794
7489,46.518722:24.613794 46.518667:24.613689 46.518637:24.613563 46.518643:24.613363 46.518671:24.613020
7490,46.518671:24.613020 46.518747:24.611796
7491,46.518747:24.611796 46.518971:24.609182
7492,46.518971:24.609182 46.519023:24.608617
7493,46.519023:24.608617 46.519096:24.607729
7494,46.519096:24.614029 46.519046:24.614004
7495,46.543706:24.559280 46.543516:24.558983 46.543328:24.558716 46.543307:24.558686 46.543281:24.558650
7496,46.543281:24.558650 46.542969:24.558251
7497,46.542914:24.558414 46.543035:24.558605 46.543123:24.558810 46.543134:24.558835
7498,46.543134:24.558835 46.543140:24.558848 46.543149:24.558870
7499,46.543149:24.558870 46.543280:24.559162
7500,46.543280:24.559162 46.543458:24.559540
7501,46.544215:24.555778 46.544408:24.555981
7502,46.544408:24.555981 46.544552:24.556170 46.544709:24.556380 46.545046:24.556831 46.545065:24.556855 46.545100:24.556903
7503,46.552362:24.570594 46.551896:24.570306 46.551704:24.570134
7504,46.552419:24.570869 46.552362:24.570594
7505,46.552362:24.570594 46.552470:24.570170
7506,46.553155:24.570373 46.552791:24.570159 46.552729:24.570391 46.552633:24.570754 46.552419:24.570869
7507,46.552703:24.572200 46.552720:24.572140 46.553203:24.570401 46.553155:24.570373
7508,46.548054:24.571959 46.548027:24.572115 46.548008:24.572213
7509,46.549921:24.585882 46.549963:24.586013 46.549911:24.586100 46.549770:24.586227 46.549698:24.586304
7510,46.528539:24.521562 46.528667:24.521611 46.528749:24.521620 46.528817:24.521626 46.528894:24.521610 46.528951:24.521589 46.529005:24.521560 46.529093:24.521508 46.529148:24.521459 46.529267:24.521347 46.529671:24.520944 46.530164:24.520392 46.530184:24.520287 46.530437:24.520012
7511,46.527747:24.510450 46.527852:24.510447 46.527933:24.510428 46.527983:24.510406
7512,46.545507:24.537351 46.545623:24.537235
7513,46.545623:24.537235 46.545806:24.537034 46.545851:24.536985
7514,46.543214:24.531756 46.542992:24.532000
7515,46.542992:24.532000 46.542851:24.532170
7516,46.543281:24.531877 46.543055:24.532121
7517,46.543374:24.532052 46.543281:24.531877
7518,46.543281:24.531877 46.543214:24.531756
7519,46.531712:24.532869 46.531525:24.533150 46.531450:24.533221 46.531229:24.533290
7520,46.531229:24.533290 46.530984:24.533463 46.530665:24.533927
7521,46.533130:24.534610 46.533093:24.534651 46.532809:24.534949
7522,46.532986:24.536129 46.532665:24.536400 46.532552:24.536363 46.532400:24.536119 46.532465:24.535924 46.532603:24.535728 46.532735:24.535610
7523,46.532464:24.533554 46.532422:24.533608 46.532299:24.533771 46.532287:24.533787 46.532280:24.533796
7524,46.532280:24.533796 46.532140:24.533989
7525,46.538123:24.538547 46.538266:24.538846
7526,46.538384:24.536750 46.538117:24.537031
7527,46.538117:24.537031 46.537512:24.535854 46.537487:24.535836 46.537455:24.535838 46.537003:24.536301 46.536987:24.536341 46.536998:24.536393 46.537646:24.537616 46.537672:24.537638
7528,46.528112:24.536373 46.528048:24.536233
7529,46.540922:24.612242 46.540841:24.612266
7530,46.542146:24.611532 46.540922:24.612242
7531,46.546888:24.631830 46.546921:24.632040
7532,46.542173:24.611602 46.542310:24.612006 46.542443:24.612335
7533,46.542443:24.612335 46.542666:24.612916
7534,46.542666:24.612916 46.542715:24.613049 46.542875:24.613489
7535,46.542875:24.613489 46.542918:24.613617 46.543135:24.614249 46.543183:24.614387 46.543262:24.614619 46.543299:24.614721 46.543323:24.614791
7536,46.543323:24.614791 46.543358:24.614891
7537,46.543358:24.614891 46.543468:24.615216 46.543622:24.615672
7538,46.543622:24.615672 46.543740:24.616065 46.543864:24.616475
7539,46.543864:24.616475 46.544240:24.617641
7540,46.544240:24.617641 46.544310:24.617877
7541,46.544310:24.617877 46.544525:24.618610 46.544713:24.619385
7542,46.544713:24.619385 46.544895:24.620133
7543,46.544895:24.620133 46.544953:24.620368
7544,46.544953:24.620368 46.544989:24.620534
7545,46.544989:24.620534 46.545189:24.621434
7546,46.545189:24.621434 46.545254:24.621732
7547,46.545254:24.621732 46.545425:24.622466 46.545500:24.622790
7548,46.545500:24.622790 46.545589:24.623179
7549,46.545589:24.623179 46.545628:24.623338
7550,46.545628:24.623338 46.545706:24.623758 46.545864:24.624659 46.546517:24.629313
7551,46.513119:24.612264 46.512638:24.613201
7552,46.512638:24.613201 46.512579:24.613317
7553,46.515516:24.610129 46.515309:24.610286
7554,46.515309:24.610286 46.515001:24.610520
7555,46.515001:24.610520 46.513996:24.611283 46.513801:24.611440
7556,46.513801:24.611440 46.513630:24.611578 46.513453:24.611766 46.513283:24.611997 46.513119:24.612264
7557,46.518577:24.607819 46.518224:24.608089 46.517822:24.608402
7558,46.517549:24.608605 46.516842:24.609140
7559,46.517822:24.608402 46.517549:24.608605
7560,46.510516:24.606729 46.510446:24.606666 46.510310:24.606600 46.510196:24.606517 46.510120:24.606423 46.510037:24.606337 46.509977:24.606265 46.509925:24.606184
7561,46.509925:24.606184 46.509768:24.606132
7562,46.510900:24.604519 46.510824:24.604539 46.510779:24.604578 46.510734:24.604637 46.510536:24.604992 46.510363:24.605327 46.509979:24.606018 46.509925:24.606184
7563,46.510579:24.580584 46.510479:24.581032 46.510387:24.581134 46.510258:24.581131 46.509778:24.581000 46.509591:24.580944
7564,46.518538:24.600754 46.518243:24.601090 46.518165:24.601205 46.518143:24.601366 46.518082:24.601530 46.517942:24.601792 46.517829:24.602002 46.517746:24.602216 46.517680:24.602479 46.517611:24.602688 46.517386:24.603148 46.517300:24.603316 46.517218:24.603433 46.517082:24.603600 46.516980:24.603731 46.516943:24.603820
7565,46.515303:24.560121 46.515362:24.560188
7566,46.514916:24.559708 46.515303:24.560121
7567,46.514162:24.557555 46.513935:24.558118 46.513731:24.558606 46.513610:24.558941 46.513564:24.559118 46.513555:24.559164 46.513566:24.559214 46.513667:24.559303 46.513865:24.559375 46.514045:24.559434 46.514154:24.559455 46.514486:24.559507 46.514642:24.559562 46.514698:24.559595 46.514864:24.559688 46.514916:24.559708
7568,46.522982:24.555482 46.522828:24.555649 46.522649:24.555791 46.522349:24.556108
7569,46.522349:24.556108 46.522227:24.556248 46.522109:24.556452 46.521777:24.556860
7570,46.529261:24.550830 46.529279:24.550810 46.529970:24.550011
7571,46.529970:24.550011 46.530397:24.549502
7572,46.530397:24.549502 46.530613:24.549245 46.530624:24.549233 46.530677:24.549169
7573,46.529363:24.551047 46.529270:24.550848 46.529261:24.550830
7574,46.508252:24.530616 46.508330:24.530713 46.508462:24.530860 46.508541:24.530939 46.508622:24.531026 46.508653:24.531067 46.508677:24.531089
7575,46.532711:24.589668 46.532565:24.590106
7576,46.532764:24.589510 46.532711:24.589668
7577,46.536624:24.608517 46.536665:24.608557
7578,46.536665:24.608557 46.536927:24.608820 46.537072:24.608991
7579,46.541691:24.588054 46.541514:24.588623
7580,46.541514:24.588623 46.541425:24.588872 46.541328:24.589100 46.541255:24.589326 46.541233:24.589419 46.541250:24.589465 46.541297:24.589484
7581,46.538733:24.568700 46.538727:24.569075
7582,46.538737:24.570584 46.538739:24.570768
7583,46.533744:24.586671 46.533702:24.586796 46.533398:24.587682
7584,46.534402:24.586037 46.534208:24.586474
7585,46.533804:24.585176 46.534085:24.585426 46.534168:24.585502
7586,46.534168:24.585502 46.534073:24.585731
7587,46.534642:24.584446 46.534595:24.584553
7588,46.534595:24.584553 46.534168:24.585502
7589,46.534718:24.584276 46.534642:24.584446
7590,46.534319:24.584158 46.534334:24.584310 46.534460:24.584427 46.534595:24.584553
7591,46.559840:24.581260 46.559880:24.581424 46.559920:24.581564 46.559971:24.581687 46.560105:24.581884 46.560434:24.582378
7592,46.555933:24.572206 46.556407:24.573111
7593,46.555763:24.571873 46.555802:24.571950 46.555896:24.572133 46.555905:24.572150 46.555917:24.572174 46.555933:24.572206
7594,46.557186:24.574664 46.557474:24.575222 46.557501:24.575276
7595,46.557186:24.574664 46.557135:24.574714 46.556971:24.574873
7596,46.550368:24.573555 46.550334:24.573536
7597,46.550334:24.573536 46.548313:24.572376
7598,46.551168:24.573994 46.551146:24.573982 46.551120:24.573969 46.550805:24.573800 46.550692:24.573740
7599,46.559386:24.501985 46.559587:24.502240 46.559681:24.502406 46.559770:24.502559 46.559827:24.502639 46.559878:24.502666 46.559936:24.502653 46.559993:24.502588 46.560087:24.502419 46.560251:24.502186 46.560380:24.501950 46.560456:24.501859 46.560684:24.501837 46.560826:24.501818 46.560865:24.501861 46.560848:24.501953 46.560804:24.502014 46.560743:24.502170 46.560614:24.502403 46.560557:24.502575
7600,46.579687:24.505246 46.579795:24.505407 46.579924:24.505592 46.579985:24.505729 46.580005:24.505850 46.580020:24.505960 46.580058:24.506024 46.580093:24.506107 46.580075:24.506196 46.580001:24.506274 46.579915:24.506416
7601,46.573821:24.515052 46.573948:24.515154 46.574053:24.515238 46.574144:24.515299 46.574243:24.515390 46.574291:24.515414 46.574350:24.515417
7602,46.554539:24.550673 46.554624:24.550775 46.554634:24.550787 46.554728:24.550836 46.554840:24.550876 46.555001:24.550897 46.555209:24.550904 46.555872:24.550932 46.556241:24.550933 46.556491:24.550869
7603,46.556491:24.550869 46.556532:24.550855
7604,46.556532:24.550855 46.556827:24.550724
7605,46.556827:24.550724 46.557298:24.550473 46.557790:24.550194 46.558456:24.549816 46.558795:24.549574
7606,46.558795:24.549574 46.558891:24.549473 46.558957:24.549394
7607,46.558957:24.549394 46.559040:24.549280 46.559094:24.549194
7608,46.569424:24.526837 46.569482:24.526886
7609,46.569256:24.526703 46.569424:24.526837
7610,46.569880:24.527187 46.569967:24.527147 46.570069:24.527004 46.570194:24.526795 46.570321:24.526512 46.570486:24.526192
7611,46.569482:24.526886 46.569555:24.526945 46.569671:24.527031 46.569880:24.527187
7612,46.569880:24.527187 46.569929:24.527311 46.569978:24.527506 46.569954:24.527620 46.569895:24.527778 46.569558:24.528729
7613,46.570648:24.554615 46.571415:24.555401 46.571627:24.555624
7614,46.583358:24.611986 46.583808:24.612604 46.584022:24.612898 46.584433:24.613461
7615,46.584622:24.613720 46.585475:24.614874
7616,46.585475:24.614874 46.585566:24.614998
7617,46.584433:24.613461 46.584622:24.613720
7618,46.583049:24.611546 46.583240:24.611816
7619,46.583240:24.611816 46.583332:24.611953 46.583358:24.611986
7620,46.591919:24.623637 46.592158:24.623942
7621,46.590275:24.621389 46.590400:24.621564 46.590835:24.622150
7622,46.591458:24.623008 46.591525:24.623100
7623,46.591525:24.623100 46.591694:24.623330
7624,46.591694:24.623330 46.591814:24.623494
7625,46.591814:24.623494 46.591919:24.623637
7626,46.590835:24.622150 46.591001:24.622383 46.591131:24.622563 46.591428:24.622968
7627,46.591428:24.622968 46.591458:24.623008
7628,46.595233:24.628125 46.593504:24.625763
7629,46.594021:24.630396 46.595233:24.628125
7630,46.589429:24.622810 46.589350:24.622932 46.589311:24.623013 46.589312:24.623064 46.589334:24.623136 46.589386:24.623251 46.589415:24.623313 46.589435:24.623434 46.589429:24.623469 46.589407:24.623510 46.589382:24.623522
7631,46.589657:24.620573 46.589200:24.621319 46.588971:24.621654 46.588782:24.621973 46.588595:24.622306 46.588542:24.622496 46.588547:24.622679 46.588586:24.622810
7632,46.593966:24.619248 46.593723:24.619680 46.593170:24.620750 46.592910:24.621212
7633,46.592982:24.620082 46.593015:24.619825 46.593076:24.619656 46.593220:24.619407 46.593584:24.618768
7634,46.538671:24.596141 46.538131:24.596157 46.538095:24.596184 46.538075:24.596250 46.538053:24.598387 46.538072:24.598535
7635,46.538956:24.595918 46.539338:24.595917 46.539386:24.595945 46.539414:24.596007 46.539423:24.596075 46.539429:24.598011 46.539415:24.598096 46.539327:24.598456 46.539317:24.598589
7636,46.543673:24.576138 46.543654:24.576139 46.543642:24.576136 46.543569:24.576167 46.543396:24.576239 46.543374:24.576250 46.543365:24.576206 46.543272:24.576245 46.543180:24.576284 46.542999:24.576361 46.542742:24.576485
7637,46.558533:24.575671 46.558125:24.576129 46.558054:24.576186 46.558004:24.576227
7638,46.556815:24.576307 46.557354:24.575811
7639,46.557463:24.576079 46.557710:24.576532
7640,46.558004:24.576227 46.557938:24.576289 46.557919:24.576306 46.557710:24.576532
7641,46.557710:24.576532 46.557523:24.576732
7642,46.557454:24.577444 46.557464:24.577432 46.557777:24.577025 46.557899:24.576946 46.557932:24.576942 46.557956:24.576962 46.558097:24.577226
7643,46.582596:24.601460 46.583061:24.600541
7644,46.582025:24.600961 46.581292:24.602192
7645,46.578609:24.600525 46.578745:24.600393
7646,46.578745:24.600393 46.578836:24.600298 46.578952:24.600163 46.579073:24.600013
7647,46.582192:24.604562 46.582069:24.604244 46.582018:24.604171 46.581715:24.603996 46.581657:24.603934 46.581502:24.603681 46.581440:24.603620 46.581386:24.603606
7648,46.585262:24.608228 46.584903:24.608771 46.584889:24.608815 46.584891:24.608868 46.584962:24.608978
7649,46.585256:24.608183 46.585262:24.608228
7650,46.585262:24.608228 46.585375:24.608391
7651,46.585824:24.608103 46.585802:24.608075 46.585741:24.607997 46.585678:24.607917 46.585375:24.608391
7652,46.585375:24.608391 46.585301:24.608447 46.584962:24.608978
7653,46.584962:24.608978 46.584907:24.609057
7654,46.585206:24.607951 46.585171:24.607998 46.585159:24.608064 46.585173:24.608130
7655,46.585173:24.608130 46.585209:24.608174 46.585256:24.608183
7656,46.585256:24.608183 46.585299:24.608153 46.585324:24.608094 46.585323:24.608025 46.585297:24.607968 46.585253:24.607940 46.585206:24.607951
7657,46.581135:24.619453 46.580599:24.620276
7658,46.582290:24.618905 46.582932:24.617854 46.583681:24.616658
7659,46.587541:24.610649 46.586643:24.611961 46.586616:24.611977 46.586591:24.611966 46.586308:24.611524
7660,46.589216:24.619969 46.588300:24.621340
7661,46.588057:24.618397 46.587988:24.618489 46.587580:24.619117 46.587513:24.619251 46.587391:24.619661
7662,46.587729:24.617949 46.587834:24.617776 46.587855:24.617765 46.587872:24.617768 46.587887:24.617786 46.587902:24.617788 46.587922:24.617778 46.588131:24.617450 46.588138:24.617412 46.588135:24.617369 46.588075:24.617283
7663,46.578635:24.612618 46.579085:24.613536 46.579149:24.613604 46.579490:24.614251
7664,46.544895:24.620133 46.544795:24.620152 46.544736:24.620155 46.544017:24.619964
7665,46.542666:24.612916 46.542945:24.612724 46.543719:24.612281
7666,46.524172:24.543277 46.524199:24.543418 46.524190:24.543482 46.524159:24.543533 46.523413:24.544320 46.523054:24.544565
7667,46.525061:24.547227 46.525080:24.547269
7668,46.525080:24.547269 46.525222:24.547567
7669,46.525222:24.547567 46.525276:24.547670 46.525304:24.547684 46.525337:24.547684 46.525816:24.547174
7670,46.524407:24.548406 46.524436:24.548375 46.525222:24.547567
7671,46.524360:24.545823 46.524740:24.546584 46.524807:24.546726
7672,46.524807:24.546726 46.524926:24.546976
7673,46.525621:24.545906 46.524807:24.546726
7674,46.526867:24.546104 46.526791:24.546106 46.526769:24.546089 46.526552:24.545770
7675,46.526552:24.545770 46.526244:24.545137 46.526222:24.545096 46.526186:24.545050 46.525523:24.545683
7676,46.525204:24.545057 46.525523:24.545683
7677,46.525523:24.545683 46.525621:24.545906
7678,46.525621:24.545906 46.525773:24.546217
7679,46.525773:24.546217 46.526011:24.546701 46.526073:24.546767 46.526139:24.546786 46.526162:24.546835
7680,46.537672:24.537638 46.537706:24.537628 46.538091:24.537189 46.538117:24.537031
7681,46.530769:24.541387 46.530791:24.541363
7682,46.530791:24.541363 46.530876:24.541270
7683,46.530876:24.541270 46.531526:24.540570 46.531562:24.540531
7684,46.550671:24.557097 46.550842:24.556964 46.550881:24.556964 46.550908:24.556993 46.551100:24.557476
7685,46.550288:24.556343 46.550341:24.556419 46.550361:24.556452 46.550570:24.556831 46.550671:24.557097
7686,46.550671:24.557097 46.550874:24.557633
7687,46.548735:24.545027 46.548812:24.545028
7688,46.548812:24.545028 46.548910:24.545014
7689,46.548910:24.545014 46.549526:24.544909 46.550274:24.544826 46.550342:24.544819
7690,46.558028:24.553780 46.557797:24.553853 46.557643:24.553954
7691,46.557643:24.553954 46.557229:24.554100
7692,46.557229:24.554100 46.556422:24.554386 46.556241:24.554403 46.556089:24.554402 46.555996:24.554392
7693,46.557513:24.553171 46.557643:24.553954
7694,46.556964:24.552235 46.557090:24.553207 46.557105:24.553247
7695,46.557105:24.553247 46.557131:24.553263 46.557155:24.553263 46.557513:24.553171
7696,46.556934:24.551684 46.556952:24.551746 46.557068:24.552138 46.557061:24.552184 46.557040:24.552209 46.556964:24.552235
7697,46.556964:24.552235 46.556563:24.552373
7698,46.556934:24.551684 46.556982:24.551663 46.557182:24.551472 46.557261:24.551466
7699,46.557261:24.551466 46.557868:24.551785 46.558006:24.551764 46.558182:24.551514 46.558201:24.551485
7700,46.558201:24.551485 46.558478:24.551053
7701,46.561137:24.557060 46.561477:24.558449 46.561490:24.558606
7702,46.548415:24.531649 46.547519:24.530577
7703,46.552689:24.531113 46.552701:24.530605
7704,46.553185:24.531062 46.553156:24.530664 46.553134:24.530624 46.553097:24.530605 46.552701:24.530605
7705,46.552701:24.530605 46.552349:24.530602
7706,46.522611:24.525100 46.522673:24.525382 46.522655:24.525480 46.522587:24.525631 46.522031:24.526187 46.521970:24.526202 46.521923:24.526172 46.521770:24.525894
7707,46.522909:24.524847 46.522854:24.524894 46.522611:24.525100
7708,46.522611:24.525100 46.521819:24.525848
7709,46.521819:24.525848 46.521770:24.525894
7710,46.521770:24.525894 46.521385:24.526271
7711,46.510027:24.525993 46.509985:24.526010 46.509500:24.525838
7712,46.511239:24.525361 46.511243:24.525309 46.511246:24.525275 46.511262:24.525212 46.511330:24.525099 46.511394:24.525048 46.511488:24.525036 46.511654:24.524877 46.511670:24.524840 46.511676:24.524780 46.511642:24.524675
7713,46.528679:24.510778 46.528672:24.510842 46.528644:24.510912 46.528607:24.510936 46.528557:24.510930 46.528124:24.510761 46.527931:24.510687
7714,46.533383:24.484534 46.533409:24.484604 46.533422:24.484705 46.533391:24.485411 46.533393:24.485647 46.533613:24.487200
7715,46.555937:24.580544 46.555889:24.580616 46.555876:24.580635 46.555769:24.580816 46.555666:24.581114 46.555643:24.581196 46.555624:24.581266
7716,46.555624:24.581266 46.555620:24.581280 46.555539:24.581449 46.555443:24.581629 46.555290:24.581932 46.555231:24.582090
7717,46.553187:24.581614 46.553097:24.581747 46.553016:24.581889 46.552938:24.582013 46.552855:24.582112
7718,46.552855:24.582112 46.552807:24.582291 46.552831:24.582391 46.552941:24.582479 46.553402:24.583009 46.553838:24.583442 46.554012:24.583590 46.554085:24.583582 46.554119:24.583458 46.554132:24.583329 46.554203:24.583252 46.554344:24.583209
7719,46.554344:24.583209 46.554469:24.583182 46.555009:24.582218
7720,46.555231:24.582090 46.555371:24.582251 46.555469:24.582318 46.555557:24.582352
7721,46.555557:24.582352 46.555634:24.582381 46.555815:24.582416 46.555893:24.582451 46.555983:24.582521
7722,46.555983:24.582521 46.555933:24.582647
7723,46.555933:24.582647 46.555729:24.583170 46.555704:24.583248
7724,46.555704:24.583248 46.555701:24.583320 46.555716:24.583392 46.555752:24.583460 46.556485:24.584286
7725,46.555231:24.582090 46.555196:24.582114 46.555096:24.582192 46.555009:24.582218
7726,46.554322:24.581368 46.554214:24.581424 46.554159:24.581434 46.554077:24.581419 46.553960:24.581386 46.553843:24.581319 46.553757:24.581247 46.553726:24.581238 46.553686:24.581225 46.553606:24.581340 46.553440:24.581681 46.553400:24.581740 46.553353:24.581755 46.553292:24.581716 46.553187:24.581614
7727,46.553187:24.581614 46.552960:24.581322
7728,46.552960:24.581322 46.552777:24.581091
7729,46.541348:24.517482 46.541043:24.517858
7730,46.542108:24.520615 46.542809:24.521983 46.542738:24.522133
7731,46.538179:24.517841 46.538054:24.517745 46.537792:24.517279
7732,46.547377:24.522979 46.546851:24.523587
7733,46.545403:24.522262 46.546954:24.524875
7734,46.546091:24.510035 46.546779:24.510894
7735,46.546779:24.510894 46.547464:24.511737 46.547780:24.512153
7736,46.543461:24.507527 46.544303:24.508751
7737,46.544303:24.508751 46.544703:24.509332
7738,46.544703:24.509332 46.544842:24.509534 46.544850:24.509599 46.545237:24.510074
7739,46.549188:24.516427 46.548766:24.515857 46.548426:24.516375
7740,46.547072:24.518973 46.547173:24.519089 46.547243:24.519222 46.547276:24.519406
7741,46.545566:24.517183 46.545856:24.516863 46.545923:24.516824 46.546009:24.516774 46.546554:24.516045
7742,46.547843:24.512073 46.548799:24.513352
7743,46.537641:24.503498 46.537329:24.504263 46.537182:24.504646 46.537124:24.504766
7744,46.537124:24.504766 46.537018:24.504928 46.536943:24.505035 46.536760:24.505293 46.536593:24.505467 46.535862:24.506079 46.535686:24.506165 46.535522:24.506198 46.535333:24.506212 46.535139:24.506204 46.534795:24.506203 46.534730:24.506186 46.534629:24.506148 46.534472:24.506057 46.534334:24.505949 46.534276:24.505895
7745,46.534276:24.505895 46.534046:24.505763 46.533870:24.505665 46.533806:24.505624 46.533774:24.505590 46.533765:24.505529
7746,46.533765:24.505529 46.533777:24.505454 46.533974:24.503871
7747,46.556280:24.581760 46.556334:24.581772 46.556448:24.581780 46.557016:24.582448 46.557092:24.582572 46.557125:24.582767 46.557123:24.582936 46.557058:24.583079 46.556896:24.583350 46.556833:24.583392 46.556592:24.583816
7748,46.583306:24.626828 46.583882:24.627458
7749,46.582798:24.629308 46.583473:24.628220
7750,46.533567:24.594308 46.533059:24.593948 46.533041:24.593891
7751,46.539492:24.577490 46.539668:24.577439
7752,46.539814:24.579054 46.539810:24.579204 46.539806:24.579281 46.539805:24.579298 46.539808:24.579385
7753,46.539075:24.577567 46.539109:24.577563 46.539153:24.577557 46.539389:24.577510
7754,46.539602:24.578344 46.539709:24.579307
7755,46.539709:24.579307 46.539808:24.579385
7756,46.539808:24.579385 46.539809:24.579400 46.539823:24.579538
7757,46.539823:24.579538 46.539835:24.579720
7758,46.539709:24.579307 46.539736:24.579603 46.539739:24.579648
7759,46.532145:24.557055 46.532055:24.557210 46.532028:24.557177 46.531947:24.557079 46.531796:24.556892
7760,46.531796:24.556892 46.531747:24.556832 46.531697:24.556771 46.531654:24.556718 46.531480:24.556504 46.531391:24.556396 46.531492:24.556222
7761,46.530934:24.555515 46.530901:24.555567 46.530806:24.555715
7762,46.530622:24.555101 46.530574:24.555181 46.530487:24.555326
7763,46.530093:24.555352 46.529970:24.555353
7764,46.530093:24.555352 46.529352:24.554452 46.529240:24.554321
7765,46.533038:24.558976 46.532747:24.558619 46.532546:24.558371 46.532361:24.558156 46.532070:24.557810 46.532025:24.557790 46.531973:24.557799
7766,46.530995:24.556847 46.531076:24.557065 46.531423:24.557490 46.531619:24.557737 46.531684:24.557813 46.531847:24.557848
7767,46.531892:24.556735 46.531796:24.556892
7768,46.517704:24.547126 46.517624:24.547045 46.517570:24.546979 46.517351:24.547002 46.517144:24.547048 46.517011:24.547088 46.516975:24.547131 46.516839:24.547301 46.516732:24.547474 46.516459:24.548339 46.516129:24.549159 46.515827:24.550017 46.515587:24.550724 46.515440:24.551112 46.515264:24.551642 46.515159:24.552005 46.515168:24.552135
7769,46.515168:24.552135 46.515203:24.552364 46.515206:24.552711 46.515133:24.553263 46.515107:24.553372 46.515002:24.553611 46.514890:24.553832 46.514848:24.553887
7770,46.514848:24.553887 46.514768:24.553882 46.514754:24.553860
7771,46.515168:24.552135 46.515100:24.552380 46.514965:24.552992
7772,46.514848:24.553887 46.514800:24.554365 46.514724:24.554631
7773,46.514724:24.554631 46.514668:24.554642 46.514593:24.554604 46.514571:24.554558
7774,46.514724:24.554631 46.514648:24.554808 46.514495:24.554989
7775,46.557823:24.564944 46.558130:24.564538
7776,46.557737:24.564805 46.558044:24.564399
7777,46.557779:24.564873 46.558087:24.564467
7778,46.557637:24.564645 46.557670:24.564699 46.557737:24.564805
7779,46.557737:24.564805 46.557779:24.564873
7780,46.557779:24.564873 46.557823:24.564944
7781,46.557823:24.564944 46.558149:24.565459
7782,46.531032:24.541537 46.531108:24.541667 46.531201:24.541825
7783,46.530910:24.541328 46.531032:24.541537
7784,46.532162:24.542513 46.532123:24.542547
7785,46.532123:24.542547 46.531825:24.542811
7786,46.531834:24.541772 46.531360:24.542180
7787,46.531360:24.542180 46.531129:24.542403 46.530972:24.542041 46.531201:24.541825
7788,46.531201:24.541825 46.531678:24.541421 46.531834:24.541772
7789,46.531834:24.541772 46.532162:24.542513
7790,46.531201:24.541825 46.531360:24.542180
7791,46.530876:24.541270 46.530910:24.541328
7792,46.533788:24.571108 46.533735:24.570980 46.533723:24.570819 46.533721:24.570550 46.533720:24.570264 46.533720:24.570158
7793,46.535699:24.565700 46.535837:24.565719
7794,46.535395:24.595002 46.535324:24.595045 46.534988:24.595273
7795,46.528837:24.560652 46.528852:24.560707 46.528868:24.560769 46.528922:24.560865 46.529193:24.561111 46.529272:24.560950
7796,46.529602:24.560430 46.529763:24.560490 46.529959:24.560558
7797,46.529959:24.560558 46.529969:24.560535 46.530267:24.560023
7798,46.530006:24.560638 46.529997:24.560621
7799,46.529997:24.560621 46.529959:24.560558
7800,46.530372:24.561994 46.530121:24.561842
7801,46.530121:24.561842 46.529937:24.561722
7802,46.551151:24.577220 46.551139:24.577258 46.550991:24.577709
7803,46.550991:24.577709 46.550913:24.577947 46.550908:24.577982 46.550908:24.578001
7804,46.550908:24.578001 46.550908:24.578020 46.550914:24.578061 46.550920:24.578090
7805,46.550920:24.578090 46.550866:24.578273 46.550795:24.578452 46.550767:24.578504 46.550616:24.578781
7806,46.547955:24.586836 46.548235:24.586202 46.548328:24.586040
7807,46.550539:24.588707 46.550649:24.588651 46.550735:24.588567 46.550769:24.588487 46.550776:24.588470 46.550807:24.588367 46.550826:24.588231 46.550823:24.588123 46.550822:24.588092 46.550793:24.587994 46.550745:24.587902 46.550632:24.587738
7808,46.522070:24.546098 46.522066:24.546145 46.522056:24.546263 46.522072:24.546585 46.522077:24.546644
7809,46.522077:24.546644 46.522122:24.547196
7810,46.514361:24.562865 46.514281:24.563068 46.513423:24.564700
7811,46.521259:24.545604 46.521326:24.545628 46.521335:24.545631
7812,46.565641:24.569163 46.566056:24.569574
7813,46.566848:24.570213 46.567189:24.570228 46.567662:24.570196 46.567961:24.570075
7814,46.566742:24.570195 46.566848:24.570213
7815,46.565802:24.568054 46.566002:24.569350 46.566056:24.569574
7816,46.566056:24.569574 46.566134:24.569769 46.566333:24.569968 46.566508:24.570059 46.566633:24.570134 46.566742:24.570195
7817,46.556502:24.555400 46.556723:24.555400 46.557194:24.555408 46.557643:24.555441 46.557795:24.555371 46.558006:24.555178 46.558135:24.555000 46.558337:24.554709 46.558498:24.554409 46.558675:24.553946 46.558802:24.553482 46.559085:24.553096
7818,46.554176:24.550894 46.554186:24.551023 46.554182:24.551117 46.554192:24.551262 46.554232:24.551402
7819,46.554500:24.550369 46.554464:24.550373 46.554416:24.550377 46.554320:24.550542 46.554307:24.550718 46.554269:24.550823 46.554234:24.550879 46.554176:24.550894
7820,46.554176:24.550894 46.554083:24.550794 46.553982:24.550651 46.553970:24.550597
7821,46.556612:24.555679 46.556719:24.555584
7822,46.558546:24.548842 46.558734:24.549102
7823,46.558734:24.549102 46.558773:24.549155 46.558905:24.549327 46.558957:24.549394
7824,46.556593:24.551250 46.556763:24.551163 46.557094:24.551347 46.557261:24.551466
7825,46.556491:24.550869 46.556511:24.550946 46.556593:24.551250
7826,46.556593:24.551250 46.556695:24.551470 46.556901:24.551673 46.556934:24.551684
7827,46.569598:24.546865 46.569600:24.546810 46.569591:24.546764 46.569570:24.546723 46.569551:24.546702 46.569534:24.546700
7828,46.569534:24.546700 46.569515:24.546700 46.569496:24.546713 46.569460:24.546757 46.569381:24.546885 46.569365:24.546937
7829,46.569365:24.546937 46.569428:24.546949 46.569504:24.546930 46.569558:24.546908 46.569585:24.546886 46.569598:24.546865
7830,46.569679:24.547253 46.569774:24.547360
7831,46.569774:24.547360 46.569757:24.547189
7832,46.569607:24.547131 46.569473:24.547215
7833,46.569473:24.547215 46.569619:24.547197
7834,46.569766:24.547141 46.569828:24.547094
7835,46.569828:24.547094 46.569750:24.547069
7836,46.569750:24.547069 46.569731:24.547041
7837,46.569731:24.547041 46.569704:24.547026 46.569677:24.547024 46.569651:24.547035 46.569629:24.547059 46.569614:24.547092
7838,46.569614:24.547092 46.569607:24.547131
7839,46.569607:24.547131 46.569609:24.547165 46.569619:24.547197
7840,46.569619:24.547197 46.569634:24.547225 46.569655:24.547244 46.569679:24.547253
7841,46.569679:24.547253 46.569704:24.547250 46.569727:24.547237 46.569744:24.547216 46.569757:24.547189
7842,46.569757:24.547189 46.569763:24.547165 46.569766:24.547141
7843,46.569766:24.547141 46.569762:24.547103 46.569750:24.547069
7844,46.567033:24.550290 46.566912:24.550112
7845,46.559145:24.549112 46.559197:24.549182 46.559339:24.549373 46.559495:24.549511 46.559574:24.549332
7846,46.540060:24.545477 46.540032:24.545513 46.540022:24.545527 46.539435:24.546287
7847,46.593005:24.617196 46.593045:24.617179 46.593086:24.617182 46.593130:24.617192
7848,46.575567:24.604086 46.575569:24.604028 46.575576:24.603990 46.575596:24.603961 46.575613:24.603948 46.575643:24.603945 46.575674:24.603957
7849,46.571148:24.596593 46.571111:24.596677
7850,46.570586:24.595977 46.570523:24.596027
7851,46.559525:24.536148 46.559428:24.536325 46.559312:24.536569 46.559266:24.536658 46.559362:24.536737
7852,46.555028:24.543570 46.555076:24.543520 46.555402:24.543094 46.555474:24.542973
7853,46.557052:24.565682 46.556885:24.566035 46.556845:24.566080 46.556803:24.566088 46.556548:24.565861
7854,46.557421:24.565339 46.557385:24.565399 46.557316:24.565515 46.557167:24.565768 46.557148:24.565777 46.557119:24.565746 46.557052:24.565682
7855,46.557052:24.565682 46.556729:24.565330
7856,46.556145:24.558385 46.555919:24.558645 46.556050:24.558887
7857,46.555701:24.557622 46.555496:24.557841
7858,46.551421:24.554483 46.551514:24.554317 46.551540:24.554271 46.551592:24.554185
7859,46.551901:24.555509 46.551848:24.555430 46.551744:24.555295 46.551566:24.555067 46.551298:24.554761 46.551272:24.554733
7860,46.553425:24.561784 46.553445:24.561773 46.553475:24.561755 46.553528:24.561720 46.553591:24.561899
7861,46.553767:24.561184 46.553941:24.561719
7862,46.553564:24.561231 46.553778:24.561880 46.553941:24.561719
7863,46.532129:24.569905 46.532167:24.569947 46.532456:24.570267 46.532521:24.570148
7864,46.528380:24.551825 46.528290:24.551840 46.528217:24.551884 46.528174:24.551937
7865,46.528174:24.551937 46.528164:24.551949 46.528147:24.552122 46.528167:24.552241 46.528213:24.552303 46.528286:24.552314 46.528616:24.552318
7866,46.526067:24.551550 46.525205:24.551601 46.525021:24.551627 46.524944:24.551652 46.524880:24.551685
7867,46.561375:24.548122 46.561426:24.547712 46.561437:24.547625
7868,46.558416:24.578158 46.558641:24.578516 46.559196:24.579396
7869,46.559264:24.578105 46.559211:24.578252
7870,46.558850:24.577926 46.559211:24.578252
7871,46.559211:24.578252 46.559368:24.578394
7872,46.557591:24.579272 46.557622:24.579228 46.558397:24.578128
7873,46.558397:24.578128 46.558776:24.577770 46.558861:24.577765 46.559264:24.578105
7874,46.559264:24.578105 46.559335:24.578165
7875,46.539641:24.585258 46.539690:24.585156 46.539776:24.584866 46.539893:24.584315 46.539909:24.584156 46.539924:24.584016
7876,46.538823:24.584420 46.538859:24.584254 46.538863:24.584210 46.538896:24.583790
7877,46.538652:24.591232 46.538923:24.591377
7878,46.538786:24.587291 46.538747:24.587247 46.538703:24.587197 46.538682:24.587172 46.538626:24.587109 46.538548:24.587020 46.538532:24.587002
7879,46.534338:24.590092 46.534003:24.590315 46.533938:24.590359
7880,46.534406:24.590055 46.534523:24.590444
7881,46.534556:24.589977 46.534654:24.590319
7882,46.534831:24.589802 46.534917:24.590064
7883,46.534698:24.589897 46.534781:24.590181
7884,46.551731:24.575325 46.551794:24.575271 46.551843:24.575230
7885,46.551843:24.575230 46.552118:24.574437 46.552111:24.574326 46.552102:24.574196
7886,46.528635:24.593936 46.528579:24.594007
7887,46.528579:24.594007 46.528405:24.594234
7888,46.528405:24.594234 46.528281:24.594391
7889,46.528281:24.594391 46.528210:24.594501 46.528202:24.594532 46.528194:24.594568
7890,46.528194:24.594568 46.528197:24.594603 46.528204:24.594647 46.528221:24.594695 46.528377:24.594951
7891,46.528377:24.594951 46.528416:24.595015
7892,46.528416:24.595015 46.528497:24.595148
7893,46.528497:24.595148 46.528588:24.595298
7894,46.528588:24.595298 46.528621:24.595352
7895,46.554136:24.505268 46.554683:24.505796
7896,46.555236:24.504376 46.555555:24.503935
7897,46.554643:24.504008 46.554672:24.503967 46.554748:24.503932 46.554823:24.503940 46.554913:24.504020 46.555236:24.504376
7898,46.555236:24.504376 46.555429:24.504588
7899,46.555429:24.504588 46.556083:24.505351
7900,46.555429:24.504588 46.555176:24.505172
7901,46.554504:24.504477 46.555176:24.505172
7902,46.555176:24.505172 46.555551:24.505557
7903,46.547444:24.519185 46.548529:24.517360 46.549188:24.516427
7904,46.549188:24.516427 46.549354:24.516192
7905,46.549354:24.516192 46.549701:24.515666
7906,46.549701:24.515666 46.550790:24.514161
7907,46.550790:24.514161 46.551949:24.512557
7908,46.551983:24.512516 46.552093:24.512377
7909,46.554378:24.508449 46.554397:24.508328 46.554458:24.508182
7910,46.554458:24.508182 46.554610:24.507873
7911,46.554639:24.508714 46.554882:24.509023
7912,46.554529:24.508919 46.554784:24.509224
7913,46.554105:24.509144 46.554240:24.509262 46.554334:24.509251 46.554412:24.509138 46.554529:24.508919
7914,46.554529:24.508919 46.554639:24.508714
7915,46.554639:24.508714 46.554640:24.508645 46.554603:24.508559 46.554500:24.508485 46.554463:24.508417 46.554484:24.508246 46.554458:24.508182
7916,46.544786:24.505097 46.545845:24.506545 46.546043:24.506756
7917,46.544266:24.506067 46.545122:24.507194
7918,46.550587:24.507860 46.550715:24.507363
7919,46.550715:24.507363 46.550791:24.507011 46.550763:24.506920 46.550288:24.506308
7920,46.552621:24.558979 46.552599:24.558964
7921,46.552724:24.558916 46.552692:24.558893 46.552658:24.558869
7922,46.552658:24.558869 46.552636:24.558853
7923,46.559866:24.567771 46.559880:24.567785 46.559901:24.567808
7924,46.555953:24.547144 46.555900:24.547271 46.555810:24.547445 46.555764:24.547514 46.555724:24.547546 46.555665:24.547595
7925,46.556075:24.547439 46.556110:24.547426 46.556261:24.547358 46.556413:24.547285
7926,46.558397:24.545828 46.558299:24.545907 46.557551:24.546512
7927,46.557551:24.546512 46.557534:24.546525 46.557381:24.546646 46.557193:24.546795 46.556980:24.546933 46.556889:24.546992
7928,46.555496:24.557841 46.555614:24.558076
7929,46.555000:24.558057 46.555028:24.558136
7930,46.555028:24.558136 46.555049:24.558311 46.555058:24.558539
7931,46.551044:24.555685 46.551069:24.555758 46.551145:24.555978 46.551164:24.556030 46.551216:24.556166
7932,46.551216:24.556166 46.551650:24.557237
7933,46.536611:24.566854 46.536593:24.566851 46.536581:24.566850 46.535861:24.566758 46.535845:24.566757 46.535820:24.566754
7934,46.570482:24.533597 46.570505:24.533614 46.571652:24.534475
7935,46.570576:24.533234 46.570612:24.533261 46.571293:24.533774
7936,46.567419:24.540170 46.567162:24.539919
7937,46.569092:24.537221 46.569092:24.537249 46.569079:24.537296 46.568614:24.538337 46.567741:24.540411 46.567673:24.540476
7938,46.562513:24.551283 46.562658:24.551350
7939,46.562658:24.551350 46.562872:24.551450
7940,46.563271:24.547837 46.563375:24.547840 46.563447:24.547841
7941,46.563161:24.547185 46.563147:24.547153 46.563016:24.546825
7942,46.567673:24.540476 46.567664:24.540586 46.567570:24.540779 46.567418:24.541043 46.566963:24.541576 46.566697:24.541842 46.566478:24.542191 46.566467:24.542210 46.566449:24.542238
7943,46.569974:24.535197 46.569926:24.535194
7944,46.569974:24.535197 46.570043:24.534967 46.570356:24.533994 46.570482:24.533597
7945,46.558795:24.549574 46.558852:24.549597
7946,46.558969:24.548443 46.558981:24.548451
7947,46.558981:24.548451 46.559024:24.548471
7948,46.562072:24.543925 46.562091:24.544027 46.562157:24.544358 46.562230:24.544678 46.562268:24.544827 46.562320:24.545012 46.562374:24.545182 46.562439:24.545362
7949,46.560259:24.547564 46.560272:24.547672 46.560339:24.548253
7950,46.560039:24.547504 46.559756:24.547324
7951,46.559756:24.547324 46.559373:24.547033
7952,46.559373:24.547033 46.559188:24.546841
7953,46.558708:24.545596 46.558665:24.545530 46.558399:24.545117 46.558341:24.545188 46.558593:24.545584 46.558635:24.545651
7954,46.558753:24.545562 46.558711:24.545496 46.558127:24.544591
7955,46.559855:24.545854 46.559822:24.545900 46.559660:24.546126
7956,46.560107:24.546817 46.559997:24.547010
7957,46.538785:24.563411 46.538762:24.563403
7958,46.538762:24.563403 46.538742:24.563395 46.538695:24.563378 46.538590:24.563340 46.538377:24.563263 46.538142:24.563177 46.538106:24.563164
7959,46.537189:24.562827 46.536940:24.562717 46.536881:24.562692 46.536760:24.562647
7960,46.536760:24.562647 46.536734:24.562628
7961,46.547451:24.563985 46.546815:24.563630
7962,46.543554:24.563077 46.543266:24.563712 46.543202:24.563962 46.543169:24.564090
7963,46.541349:24.557541 46.541191:24.557549
7964,46.556477:24.577649 46.556457:24.577803 46.556459:24.577848 46.556461:24.577915 46.556505:24.578046 46.556563:24.578195 46.556605:24.578408 46.556706:24.578472 46.556861:24.578582 46.557005:24.578726
7965,46.551604:24.548625 46.551567:24.548677 46.551448:24.548886 46.553030:24.551445 46.553043:24.551468 46.553072:24.551516
7966,46.550571:24.548196 46.551499:24.548515
7967,46.554200:24.556503 46.554614:24.555996
7968,46.554614:24.555996 46.554768:24.555809
7969,46.554200:24.556503 46.554455:24.556977
7970,46.554455:24.556977 46.554500:24.557064
7971,46.554500:24.557064 46.554659:24.557371 46.554902:24.557841
7972,46.554902:24.557841 46.554968:24.557968 46.555000:24.558057
7973,46.561610:24.547671 46.561606:24.547751 46.561594:24.548224
7974,46.568106:24.531483 46.568085:24.531616 46.568042:24.531816 46.567657:24.533372
7975,46.537269:24.559724 46.537237:24.559728 46.537229:24.559729 46.536852:24.559774 46.536638:24.559799 46.536635:24.559757
7976,46.555642:24.570938 46.555389:24.570427 46.555355:24.570365 46.555244:24.570160 46.555215:24.570100
7977,46.555215:24.570100 46.554982:24.569617 46.554979:24.569570 46.554972:24.569529 46.554885:24.569352 46.554843:24.569267
7978,46.521680:24.529214 46.521702:24.529259 46.521712:24.529278 46.521806:24.529466 46.522083:24.530020 46.522185:24.530226 46.522209:24.530274
7979,46.522209:24.530274 46.522232:24.530319 46.522369:24.530601 46.522658:24.531198 46.522941:24.531781 46.522952:24.531804 46.522968:24.531836
7980,46.522968:24.531836 46.522990:24.531881 46.522998:24.531896 46.523407:24.532700 46.523724:24.533326 46.523736:24.533350
7981,46.524183:24.532870 46.524165:24.532889 46.524153:24.532902 46.523760:24.533324 46.523736:24.533350
7982,46.537995:24.581411 46.537552:24.581979 46.537543:24.581990
7983,46.537543:24.581990 46.537276:24.582322
7984,46.537276:24.582322 46.537227:24.582386 46.537195:24.582439
7985,46.541925:24.570086 46.541895:24.570071 46.541860:24.570069 46.541261:24.570029
7986,46.541261:24.570029 46.541175:24.570024 46.541145:24.570021
7987,46.541145:24.570021 46.540884:24.570007 46.540520:24.569978 46.540463:24.569978 46.540407:24.570009 46.540366:24.570111
7988,46.533780:24.580025 46.533765:24.579797 46.533747:24.579513 46.533747:24.579502
7989,46.533561:24.579520 46.533562:24.579531 46.533584:24.580049
7990,46.536504:24.585098 46.536558:24.585093 46.536889:24.585066 46.536916:24.585063
7991,46.536916:24.585063 46.537140:24.585046 46.537188:24.585043
7992,46.543677:24.559858 46.543654:24.559924
7993,46.545729:24.562287 46.545614:24.562143
7994,46.543084:24.558924 46.543149:24.558870
7995,46.545477:24.563166 46.545536:24.563092
7996,46.564574:24.542596 46.564602:24.542634 46.564611:24.542648 46.565010:24.543202 46.565016:24.543210
7997,46.565016:24.543210 46.565400:24.543742 46.565420:24.543770 46.565434:24.543791
7998,46.565434:24.543791 46.565455:24.543820 46.565463:24.543830 46.565957:24.544509 46.565961:24.544519 46.565988:24.544556
7999,46.565988:24.544556 46.566012:24.544588 46.566041:24.544627 46.566371:24.545085 46.566392:24.545120
8000,46.536232:24.580676 46.536144:24.580145 46.536040:24.579479 46.536037:24.579460 46.535976:24.578733 46.535971:24.578704 46.535940:24.578508 46.535907:24.578298 46.535896:24.578248 46.535884:24.578194
8001,46.563380:24.548581 46.563448:24.548485 46.563721:24.548493 46.563759:24.548494
8002,46.563759:24.548494 46.563814:24.548495
8003,46.563814:24.548495 46.563924:24.548498
8004,46.563759:24.548494 46.563755:24.548637
8005,46.563755:24.548637 46.563743:24.548637 46.563735:24.548636 46.563452:24.548631 46.563380:24.548581
8006,46.563755:24.548637 46.563776:24.548672 46.563831:24.548669 46.563921:24.548664 46.564111:24.548663 46.564403:24.548690 46.564458:24.548693
8007,46.563509:24.549048 46.563735:24.549062 46.563885:24.549070 46.564358:24.549085 46.564390:24.549085 46.564426:24.549085 46.564477:24.549085
8008,46.563509:24.549048 46.563497:24.549113 46.563376:24.549640
8009,46.563376:24.549640 46.563296:24.550014
8010,46.563296:24.550014 46.563218:24.550384
8011,46.563218:24.550384 46.563173:24.550586
8012,46.563173:24.550586 46.563142:24.550665 46.563127:24.550745 46.563056:24.551070 46.562964:24.551492
8013,46.563376:24.549640 46.563137:24.549535
8014,46.563296:24.550014 46.563086:24.549938
8015,46.563218:24.550384 46.562960:24.550273
8016,46.563173:24.550586 46.562834:24.550419
8017,46.562638:24.550697 46.562551:24.550658 46.562388:24.550579 46.561988:24.550397 46.562005:24.550328
8018,46.562005:24.550328 46.562047:24.550155 46.562069:24.550068 46.562138:24.549777
8019,46.548927:24.551518 46.549077:24.551863 46.549118:24.551907 46.549147:24.551940
8020,46.550732:24.552749 46.550662:24.552843 46.550627:24.552908 46.550546:24.553067 46.550493:24.552996
8021,46.536154:24.555847 46.536100:24.555933 46.536088:24.555951 46.535775:24.556443
8022,46.535775:24.556443 46.535751:24.556461 46.535522:24.556629
8023,46.535167:24.556248 46.534581:24.556582 46.534535:24.556621 46.534503:24.556656 46.534472:24.556725 46.534455:24.556770
8024,46.535014:24.556049 46.535112:24.555808
8025,46.541793:24.560235 46.541810:24.560210 46.542155:24.559724
8026,46.530172:24.544776 46.530155:24.544801
8027,46.530155:24.544801 46.530106:24.544859
8028,46.530106:24.544859 46.530039:24.544940 46.529871:24.545124
8029,46.529871:24.545124 46.529844:24.545154
8030,46.535837:24.565719 46.535849:24.565721
8031,46.535849:24.565721 46.535867:24.565724
8032,46.537375:24.574188 46.537386:24.574273 46.537429:24.574518 46.537443:24.574619
8033,46.548008:24.572213 46.547979:24.572254 46.547963:24.572287 46.547769:24.573215
8034,46.547769:24.573215 46.547690:24.573608
8035,46.547236:24.576096 46.547224:24.576101
8036,46.547258:24.576090 46.547236:24.576096
8037,46.532337:24.573698 46.532315:24.573244
8038,46.532315:24.573244 46.532298:24.572876 46.532625:24.572857
8039,46.532315:24.573244 46.532414:24.573240 46.532448:24.573238
8040,46.532448:24.573238 46.532627:24.573210 46.532857:24.573186
8041,46.532857:24.573186 46.533052:24.573191 46.533196:24.573246
8042,46.532857:24.573186 46.532829:24.573481 46.532818:24.573623 46.532805:24.573681 46.532784:24.573724 46.532753:24.574053 46.532731:24.574343
8043,46.525000:24.511721 46.525008:24.511825 46.525013:24.511880
8044,46.525013:24.511880 46.524923:24.511974 46.524724:24.512088 46.524842:24.512694
8045,46.525013:24.511880 46.525120:24.512716
8046,46.564518:24.549804 46.564474:24.549801 46.564210:24.549832 46.564085:24.549847
8047,46.511642:24.524675 46.511714:24.524462 46.511888:24.524265 46.512126:24.524731
8048,46.512126:24.524731 46.511849:24.525011
8049,46.512126:24.524731 46.512208:24.524653 46.512333:24.524944
8050,46.512333:24.524944 46.512597:24.525558 46.512632:24.525609
8051,46.512035:24.525245 46.512333:24.524944
8052,46.511633:24.525441 46.511626:24.525516 46.511612:24.525655 46.511637:24.525661 46.511598:24.526088
8053,46.541301:24.547497 46.541330:24.547459 46.541355:24.547417 46.541465:24.547277
8054,46.541465:24.547277 46.541700:24.546973 46.541993:24.546613
8055,46.541993:24.546613 46.542380:24.546126
8056,46.543418:24.537784 46.543397:24.537768 46.543382:24.537700 46.543379:24.537630 46.543364:24.537364 46.543372:24.537223 46.543393:24.537016
8057,46.543393:24.537016 46.543414:24.536931 46.543436:24.536849 46.543492:24.536746 46.543567:24.536655
8058,46.543567:24.536655 46.543661:24.536644 46.543938:24.536657 46.544047:24.536658
8059,46.543763:24.536988 46.543774:24.537042 46.543773:24.537198 46.543780:24.537444 46.543829:24.537456
8060,46.543763:24.536988 46.543896:24.536834
8061,46.541993:24.546613 46.542020:24.546660 46.542038:24.546696 46.542066:24.546742 46.542085:24.546777 46.542149:24.546867 46.542204:24.546894 46.542302:24.547002 46.542441:24.547263
8062,46.525644:24.525091 46.525697:24.525222 46.525861:24.525606 46.525887:24.525627 46.525909:24.525676 46.525980:24.525873 46.525995:24.525973 46.526045:24.526145 46.526074:24.526200
8063,46.544111:24.573923 46.544094:24.573725 46.544074:24.573654 46.544042:24.573596 46.544000:24.573564 46.543940:24.573558 46.543884:24.573571 46.543201:24.573868 46.543179:24.573878 46.543168:24.573882
8064,46.531652:24.590108 46.531627:24.590093 46.531612:24.590084 46.531481:24.590001 46.531304:24.589878 46.531163:24.589777 46.531124:24.589789 46.531107:24.589795 46.531090:24.589817 46.531069:24.589847 46.531053:24.589868 46.531015:24.590035
8065,46.531015:24.590035 46.531103:24.590117 46.531134:24.590145
8066,46.530848:24.591029 46.530854:24.591010 46.530859:24.590995 46.530944:24.590731 46.530969:24.590655 46.531004:24.590546 46.531043:24.590425 46.531071:24.590339 46.531113:24.590209 46.531134:24.590145
8067,46.537573:24.583207 46.537586:24.583206 46.537886:24.583185 46.537914:24.583240 46.537917:24.583392 46.537859:24.583402 46.537835:24.583422 46.537848:24.583961 46.537889:24.583957
8068,46.537143:24.560924 46.537094:24.560912 46.537086:24.560910 46.537035:24.560897 46.536749:24.560869 46.536709:24.560871
8069,46.532831:24.582108 46.533036:24.582083 46.533060:24.582295 46.533062:24.582310 46.533091:24.582522 46.533111:24.582565 46.533158:24.582661
8070,46.532799:24.581477 46.532996:24.581445
8071,46.533236:24.580398 46.533241:24.580438 46.533272:24.580727 46.533273:24.580740 46.533310:24.580968 46.533325:24.581035 46.533353:24.581159 46.533357:24.581175 46.533359:24.581185 46.533407:24.581343 46.533466:24.581498 46.533477:24.581528 46.533504:24.581591 46.533541:24.581677 46.533597:24.581793 46.533665:24.581916
8072,46.533665:24.581916 46.533745:24.582035 46.533863:24.582198 46.533942:24.582308 46.534043:24.582419 46.534104:24.582484 46.534218:24.582596 46.534237:24.582614 46.534287:24.582662 46.534302:24.582676 46.534313:24.582687 46.534344:24.582713
8073,46.578088:24.536813 46.578515:24.537504 46.578559:24.537461 46.578598:24.537394
8074,46.536473:24.570372 46.536488:24.570367 46.536526:24.570353 46.537314:24.570081 46.537338:24.570073 46.537365:24.570063
8075,46.541145:24.570021 46.541146:24.569985 46.541193:24.568592
8076,46.534208:24.580750 46.534247:24.580730 46.534450:24.580625
8077,46.527992:24.553481 46.527983:24.553413 46.527967:24.553295 46.527889:24.553212 46.527865:24.553194 46.527585:24.553030
8078,46.531665:24.557420 46.531660:24.557359 46.531218:24.556827 46.531184:24.556786 46.531150:24.556785
8079,46.541261:24.570029 46.541259:24.570099 46.541258:24.570120 46.541243:24.570503
8080,46.574858:24.544980 46.574845:24.544913 46.574831:24.544843 46.574792:24.544655 46.574731:24.544519 46.574660:24.544500 46.574683:24.544317 46.574647:24.544225 46.574422:24.544066 46.574371:24.544044 46.574441:24.543803
8081,46.575574:24.543902 46.575617:24.543572 46.575665:24.543475 46.575693:24.543276 46.575604:24.543116 46.575212:24.542856
8082,46.575833:24.543833 46.576033:24.543713 46.576146:24.543720 46.576220:24.543941 46.576269:24.544102 46.576547:24.544000
8083,46.575986:24.544477 46.575976:24.544411 46.575966:24.544348 46.575930:24.544123 46.575882:24.543887 46.575833:24.543833
8084,46.575833:24.543833 46.575689:24.543874 46.575574:24.543902
8085,46.575574:24.543902 46.575460:24.544271 46.575392:24.544526 46.575394:24.544599 46.575396:24.544666 46.575398:24.544739
8086,46.579624:24.542876 46.579600:24.542828 46.579544:24.542719 46.579276:24.542484 46.578925:24.542180 46.578853:24.542131 46.578782:24.542164
8087,46.580102:24.542678 46.580065:24.542632 46.579996:24.542546 46.579553:24.542211
8088,46.576958:24.544044 46.576985:24.544124 46.577025:24.544242 46.577481:24.545204
8089,46.574668:24.545065 46.574698:24.545145 46.574830:24.545491
8090,46.573365:24.545617 46.573397:24.545717 46.573462:24.545919 46.573529:24.546102
8091,46.573529:24.546102 46.573650:24.546145
8092,46.573529:24.546102 46.573599:24.546289
8093,46.572941:24.545788 46.572986:24.545882 46.573065:24.546048 46.573317:24.546375
8094,46.572841:24.545828 46.572824:24.545763 46.572710:24.545305 46.572860:24.545228 46.573175:24.545623 46.573217:24.545677
8095,46.561351:24.548314 46.561375:24.548122
8096,46.568855:24.547467 46.568897:24.547550 46.569009:24.547773 46.569271:24.548030 46.569386:24.548116
8097,46.569386:24.548116 46.569476:24.547926 46.569387:24.547755 46.569361:24.547728
8098,46.569361:24.547728 46.569246:24.547626 46.569196:24.547608 46.569145:24.547520 46.569127:24.547458 46.569101:24.547371
8099,46.569386:24.548116 46.569468:24.548229 46.569564:24.548342 46.569676:24.548507
8100,46.538612:24.561522 46.538598:24.561565 46.538486:24.561934
8101,46.538413:24.562079 46.538424:24.562088 46.538571:24.562197 46.538642:24.562240 46.538675:24.562263 46.538705:24.562261
8102,46.538705:24.562261 46.538764:24.562260 46.538821:24.562239 46.538860:24.562219
8103,46.538705:24.562261 46.538699:24.562297 46.538644:24.562614
8104,46.536254:24.584940 46.536271:24.585358 46.536474:24.585343
8105,46.537274:24.585390 46.537406:24.585523 46.537242:24.585885 46.537097:24.585753
8106,46.537328:24.585196 46.537632:24.585152
8107,46.537632:24.584995 46.537632:24.584854 46.537631:24.584553 46.537630:24.584435
8108,46.546250:24.578844 46.546201:24.578820 46.546185:24.578814 46.546067:24.578765 46.545655:24.578587 46.545188:24.578407 46.545133:24.578385
8109,46.545133:24.578385 46.545060:24.578354 46.544784:24.578237 46.544745:24.578204 46.544706:24.578170
8110,46.543670:24.578972 46.543881:24.579117 46.544214:24.579348 46.544534:24.579618 46.544776:24.579828 46.544969:24.580015 46.545026:24.580062 46.545049:24.580081
8111,46.562005:24.550328 46.561697:24.550168 46.561630:24.550115 46.561618:24.550061 46.561625:24.549991 46.561670:24.549812
8112,46.561670:24.549812 46.561723:24.549651
8113,46.551152:24.553233 46.551167:24.553206 46.551167:24.553183 46.551236:24.553062 46.551350:24.552923 46.551374:24.552856 46.551386:24.552761 46.551475:24.552662 46.551584:24.552551 46.551604:24.552596
8114,46.550599:24.553651 46.550570:24.553558 46.550536:24.553491 46.550626:24.553353
8115,46.535167:24.556248 46.535110:24.556155 46.535102:24.556147 46.535090:24.556137 46.535014:24.556049
8116,46.535014:24.556049 46.534936:24.555960
8117,46.537255:24.573979 46.537410:24.573903 46.537449:24.573883
8118,46.537922:24.585449 46.538026:24.585571 46.537949:24.585724
8119,46.537949:24.585724 46.537854:24.585621
8120,46.537949:24.585724 46.537997:24.585782
8121,46.537997:24.585782 46.538192:24.585421 46.538317:24.585187
8122,46.537997:24.585782 46.538001:24.585835 46.538108:24.585949
8123,46.537301:24.574168 46.537255:24.573979
8124,46.537255:24.573979 46.537172:24.573641 46.537061:24.573194 46.536999:24.572940 46.536865:24.572348 46.536719:24.571752 46.536716:24.571738 46.536708:24.571687
8125,46.536708:24.571687 46.536701:24.571634 46.536650:24.571334 46.536473:24.570372
8126,46.536473:24.570372 46.536450:24.570238 46.536348:24.569666
8127,46.536348:24.569666 46.536285:24.569338 46.536180:24.568788
8128,46.536180:24.568788 46.536084:24.568250 46.536037:24.567977
8129,46.536037:24.567977 46.536032:24.567946 46.536025:24.567909
8130,46.536025:24.567909 46.535904:24.567208 46.535834:24.566832 46.535820:24.566754
8131,46.535820:24.566754 46.535816:24.566503 46.535829:24.566053 46.535845:24.565785 46.535846:24.565761 46.535849:24.565721
8132,46.535849:24.565721 46.535852:24.565668 46.535858:24.565409 46.535865:24.565275 46.535883:24.565119 46.535916:24.564966 46.535950:24.564859 46.536045:24.564568
8133,46.536045:24.564568 46.536097:24.564422 46.536322:24.563785 46.536566:24.563084 46.536666:24.562825 46.536721:24.562704 46.536740:24.562676 46.536760:24.562647
8134,46.536760:24.562647 46.536796:24.562600 46.536927:24.562437 46.537313:24.561958 46.537519:24.561716 46.537668:24.561532 46.537801:24.561353
8135,46.537801:24.561353 46.537853:24.561242 46.537938:24.561029 46.537951:24.560998
8136,46.537951:24.560998 46.538125:24.560546 46.538473:24.559694
8137,46.538473:24.559694 46.538553:24.559483 46.538713:24.559061 46.538765:24.558927
8138,46.536158:24.588578 46.536172:24.588545 46.536469:24.587818
8139,46.536486:24.587771 46.536469:24.587818
8140,46.536504:24.587556 46.536504:24.587599 46.536486:24.587771
8141,46.532735:24.571109 46.532733:24.571076 46.532729:24.570929 46.532719:24.570752
8142,46.532719:24.570752 46.532715:24.570664 46.532740:24.570450
8143,46.531536:24.581837 46.531569:24.581829 46.531688:24.581777 46.531763:24.581693 46.531776:24.581661 46.531785:24.581616 46.531774:24.581234 46.531771:24.581103 46.531745:24.580224 46.531735:24.580132 46.531718:24.580045 46.531716:24.579987
8144,46.531716:24.579987 46.531696:24.579497 46.531687:24.579302
8145,46.531449:24.580140 46.531484:24.580133 46.531602:24.580022 46.531716:24.579987
8146,46.532127:24.572355 46.532104:24.572426 46.532102:24.572506 46.532109:24.572735 46.532119:24.573021 46.532135:24.573352
8147,46.532382:24.574066 46.532376:24.573784
8148,46.532264:24.573778 46.532312:24.573938 46.532320:24.574072
8149,46.532320:24.574072 46.532370:24.574172 46.532405:24.574881
8150,46.532135:24.573352 46.532154:24.573474 46.532179:24.573556 46.532264:24.573778
8151,46.533347:24.571952 46.533249:24.571925 46.533231:24.571921 46.533118:24.571890 46.533120:24.571570 46.533123:24.571461
8152,46.555849:24.547900 46.555792:24.548261
8153,46.555792:24.548261 46.555761:24.548485
8154,46.555761:24.548485 46.555739:24.548639
8155,46.555739:24.548639 46.555675:24.548989 46.555615:24.549020 46.555544:24.549039 46.555505:24.549077
8156,46.555761:24.548485 46.555646:24.548524 46.555547:24.548608 46.555420:24.548646 46.555267:24.548747
8157,46.553770:24.565604 46.553730:24.565539 46.553718:24.565512 46.553613:24.565241 46.553371:24.564596
8158,46.545854:24.564879 46.545862:24.564839 46.545870:24.564797 46.545923:24.564492 46.545961:24.564260
8159,46.557133:24.572767 46.557399:24.572477
8160,46.557463:24.572601 46.557499:24.572641 46.557541:24.572640 46.557642:24.572531
8161,46.557399:24.572477 46.557463:24.572601
8162,46.557600:24.573681 46.557856:24.573456 46.557967:24.573511 46.558006:24.573583
8163,46.558006:24.573583 46.558193:24.573930
8164,46.558193:24.573930 46.558204:24.573950 46.558237:24.574018 46.558375:24.574300 46.558415:24.574381
8165,46.558193:24.573930 46.557976:24.574156
8166,46.558006:24.573583 46.558220:24.573359
8167,46.548208:24.552054 46.548148:24.551652
8168,46.548148:24.551652 46.548100:24.551349
8169,46.548148:24.551652 46.547850:24.551752 46.547472:24.551860 46.547462:24.552256 46.547477:24.552595
8170,46.547477:24.552595 46.547486:24.552957 46.547551:24.553424 46.547575:24.553615 46.547590:24.553606
8171,46.533184:24.583927 46.533450:24.584150 46.533491:24.584183 46.533542:24.584222
8172,46.531825:24.558679 46.531802:24.558721 46.531751:24.558815 46.531729:24.558855
8173,46.531729:24.558855 46.531720:24.558967 46.531776:24.559034 46.531513:24.559489
8174,46.562191:24.549478 46.562203:24.549432 46.562236:24.549297
8175,46.562236:24.549297 46.562269:24.549154 46.562284:24.549082
8176,46.562284:24.549082 46.562345:24.548799
8177,46.562345:24.548799 46.562367:24.548781
8178,46.562236:24.549297 46.561957:24.549182 46.562005:24.548956
8179,46.562005:24.548956 46.562284:24.549082
8180,46.562005:24.548956 46.561800:24.548872
8181,46.561800:24.548872 46.561780:24.548864
8182,46.562345:24.548799 46.561987:24.548638
8183,46.561534:24.549182 46.561546:24.549136 46.561613:24.548793
8184,46.561613:24.548793 46.561617:24.548770 46.561622:24.548723
8185,46.561000:24.548937 46.561016:24.548898 46.561056:24.548760 46.561179:24.548814
8186,46.559814:24.548797 46.559799:24.548863 46.559741:24.549116 46.560009:24.549234
8187,46.560396:24.549062 46.560378:24.549142 46.560275:24.549611
8188,46.560644:24.549178 46.560628:24.549257 46.560528:24.549731
8189,46.561670:24.549812 46.561499:24.549741
8190,46.566449:24.550727 46.566543:24.550862
8191,46.566543:24.550862 46.566592:24.550900 46.566824:24.550860
8192,46.566019:24.550487 46.565971:24.550555
8193,46.565971:24.550555 46.565600:24.551054 46.565735:24.551266
8194,46.533511:24.579093 46.533509:24.579033 46.533499:24.578711
8195,46.533499:24.578711 46.533477:24.578009 46.533612:24.578002 46.533613:24.578027
8196,46.533613:24.578027 46.533633:24.578620 46.533603:24.578676 46.533587:24.578705 46.533499:24.578711
8197,46.533613:24.578027 46.533699:24.578012 46.533814:24.577987
8198,46.534474:24.578816 46.534486:24.578860 46.534528:24.579025
8199,46.534528:24.579025 46.534574:24.579200
8200,46.532854:24.560341 46.532823:24.560000
8201,46.532823:24.560000 46.532819:24.559961
8202,46.532819:24.559961 46.532813:24.559909
8203,46.532823:24.560000 46.533036:24.560339
8204,46.532819:24.559961 46.532894:24.559913 46.532980:24.559762
8205,46.531762:24.560482 46.531749:24.560557 46.531684:24.560828 46.531649:24.560992 46.531651:24.561079 46.531653:24.561127 46.531587:24.561276 46.531413:24.561575 46.531314:24.561641 46.531301:24.561670 46.531235:24.561811 46.531083:24.562370 46.531003:24.562665 46.530966:24.562857
8206,46.529997:24.560621 46.529987:24.560682 46.529964:24.560818
8207,46.529964:24.560818 46.529875:24.561360 46.529839:24.561581 46.529601:24.561367
8208,46.539013:24.593912 46.539001:24.593897 46.538988:24.593880 46.538688:24.593496
8209,46.537930:24.594638 46.537930:24.594692 46.537928:24.595699
8210,46.549393:24.567691 46.549382:24.567679
8211,46.549382:24.567679 46.549196:24.567451
8212,46.546873:24.549336 46.546859:24.549283 46.546852:24.549255 46.546790:24.549143 46.546800:24.549034 46.547185:24.548851 46.547402:24.548769 46.547515:24.548937 46.547551:24.548987
8213,46.550240:24.544634 46.550192:24.544642 46.549494:24.544756 46.549490:24.544584 46.550087:24.544471 46.550126:24.544464
8214,46.549997:24.544273 46.549948:24.544280 46.549452:24.544350 46.549442:24.544168 46.549833:24.544118 46.549888:24.544111
8215,46.549765:24.543929 46.549708:24.543933 46.549412:24.543951 46.549405:24.543751 46.549579:24.543742 46.549636:24.543739
8216,46.548812:24.545028 46.548829:24.545424 46.548930:24.545412 46.548910:24.545014
8217,46.534226:24.558899 46.534205:24.558916 46.534101:24.558973 46.533993:24.559120 46.533872:24.559168 46.533701:24.559163 46.533613:24.559137 46.533567:24.559055
8218,46.551989:24.557030 46.551913:24.556838 46.552236:24.556584
8219,46.552141:24.558100 46.552225:24.558312 46.552334:24.558314 46.552222:24.558029
8220,46.552272:24.557986 46.552133:24.557658 46.552015:24.557758 46.552149:24.558092
8221,46.552667:24.558577 46.552741:24.558584 46.552765:24.558643
8222,46.551216:24.556166 46.551159:24.556212 46.551086:24.556271
8223,46.551086:24.556271 46.550898:24.556432
8224,46.526012:24.555353 46.525950:24.555385 46.525874:24.555424 46.525741:24.555445 46.525636:24.555413 46.525571:24.555388 46.525528:24.555371
8225,46.525528:24.555371 46.525501:24.555392
8226,46.530592:24.562666 46.530610:24.562619 46.530662:24.562483 46.530810:24.561881 46.530913:24.561565 46.531050:24.561001
8227,46.538912:24.564731 46.539004:24.564606 46.539139:24.563724
8228,46.538748:24.567930 46.538778:24.567930 46.539015:24.567928
8229,46.538733:24.568700 46.538779:24.568700 46.538814:24.568699 46.539005:24.568701
8230,46.539005:24.568701 46.539026:24.568777 46.539036:24.568945 46.539042:24.569058 46.539057:24.569291 46.539066:24.569407 46.539088:24.569508 46.539161:24.569708 46.539246:24.569846 46.539305:24.569899 46.539377:24.569918 46.539439:24.569934 46.539435:24.570109 46.539330:24.570111
8231,46.537912:24.579653 46.537953:24.579715 46.538174:24.580047
8232,46.538174:24.580047 46.538190:24.580071 46.538320:24.580267
8233,46.537109:24.580678 46.537155:24.580751 46.537326:24.581015 46.537332:24.581083 46.537342:24.581146 46.537360:24.581173 46.537438:24.581296 46.537519:24.581422
8234,46.534239:24.586209 46.534156:24.586432 46.534208:24.586474
8235,46.531736:24.593549 46.531801:24.593644 46.531883:24.593808 46.531929:24.593939 46.532001:24.594144
8236,46.530847:24.594852 46.530860:24.594947 46.530869:24.594999 46.530948:24.595194 46.531226:24.595410 46.531454:24.595585 46.531515:24.595579 46.531965:24.595916
8237,46.528234:24.597798 46.528183:24.597678 46.528101:24.597484 46.527760:24.597812
8238,46.531632:24.593050 46.531478:24.593025 46.531363:24.593011 46.531177:24.593051 46.531065:24.593375 46.531116:24.593412
8239,46.531116:24.593412 46.531244:24.593482
8240,46.531244:24.593482 46.531329:24.593575 46.531354:24.593614 46.531432:24.593739
8241,46.538769:24.567061 46.538679:24.567058 46.538619:24.567054 46.538508:24.567086 46.538451:24.567123 46.538388:24.567194 46.538342:24.567266 46.538315:24.567424 46.538326:24.567798 46.538329:24.567889 46.538337:24.568383
8242,46.539578:24.560436 46.539474:24.560401 46.539405:24.560377 46.539307:24.560343
8243,46.558827:24.577181 46.558865:24.577142 46.558927:24.577092 46.559072:24.576991 46.559132:24.576886
8244,46.560785:24.579803 46.560824:24.579761 46.560909:24.579649 46.560989:24.579613 46.561036:24.579656 46.561049:24.579679
8245,46.565069:24.586920 46.564979:24.587037 46.564829:24.587206 46.564489:24.587656 46.564273:24.587897 46.564217:24.587929 46.564166:24.587929 46.564094:24.587847
8246,46.564670:24.586257 46.564599:24.586344 46.564289:24.586728 46.564195:24.586933 46.564000:24.587193
8247,46.563747:24.585604 46.563715:24.585554
8248,46.563715:24.585554 46.563283:24.584816 46.563212:24.584928 46.563152:24.585179 46.563135:24.585632 46.563141:24.585888 46.563176:24.586220
8249,46.560281:24.578963 46.560226:24.579009 46.560212:24.579022
8250,46.560212:24.579022 46.560125:24.579071 46.560069:24.579036 46.559987:24.578926 46.559937:24.578869 46.559905:24.578883 46.559876:24.578918 46.559892:24.578998 46.559944:24.579076
8251,46.564060:24.585215 46.564004:24.585281
8252,46.564004:24.585281 46.563976:24.585316 46.563747:24.585604
8253,46.529301:24.535506 46.529319:24.535470 46.530586:24.532991
8254,46.540912:24.573447 46.540904:24.573501 46.540868:24.573633 46.540815:24.573798 46.540788:24.573976 46.540789:24.574136 46.540795:24.574274 46.540826:24.574614 46.540863:24.574895 46.540884:24.575081 46.540908:24.575305 46.540917:24.575359 46.540882:24.575376 46.540844:24.575391
8255,46.540844:24.575391 46.540833:24.575395 46.540774:24.575415
8256,46.543934:24.577182 46.543956:24.577170 46.543984:24.577157
8257,46.543984:24.577157 46.544257:24.577020 46.544552:24.576875 46.544581:24.576996
8258,46.543592:24.575816 46.543576:24.575818 46.543566:24.575821
8259,46.543566:24.575821 46.543497:24.575844 46.543271:24.575946 46.543010:24.576080 46.542850:24.576154 46.542732:24.576207 46.542654:24.576260
8260,46.543778:24.576573 46.543763:24.576580 46.543751:24.576585
8261,46.543751:24.576585 46.543659:24.576629 46.543489:24.576708 46.543382:24.576756 46.543285:24.576814
8262,46.562865:24.554523 46.563486:24.554784 46.563576:24.554828
8263,46.559455:24.549876 46.559448:24.549927 46.559433:24.550026
8264,46.559433:24.550026 46.559415:24.550260 46.559334:24.550375 46.559521:24.550984 46.559452:24.551033
8265,46.559452:24.551033 46.559135:24.551261 46.558836:24.550306
8266,46.558971:24.550069 46.559127:24.549973 46.559452:24.551033
8267,46.559643:24.549962 46.559650:24.549933 46.559700:24.549750 46.559808:24.549797 46.559847:24.549615
8268,46.530958:24.591120 46.530750:24.591333 46.530449:24.592180 46.530366:24.592262
8269,46.547471:24.558317 46.547460:24.558314 46.547435:24.558303 46.547429:24.558300 46.547237:24.558207 46.547185:24.558161 46.547127:24.558109 46.547066:24.558093 46.546952:24.558034 46.546905:24.557997
8270,46.532488:24.582397 46.532484:24.582348 46.532479:24.582271 46.532463:24.582038 46.532449:24.581805 46.532419:24.581316 46.532418:24.581284 46.532424:24.581262 46.532449:24.581168 46.532465:24.581052 46.532463:24.580972 46.532456:24.580710 46.532453:24.580616 46.532461:24.580577 46.532528:24.580552
8271,46.543153:24.532312 46.543374:24.532052
8272,46.541677:24.535043 46.540980:24.533445 46.540796:24.533006
8273,46.540796:24.533006 46.540455:24.532189 46.540818:24.531884
8274,46.540796:24.533006 46.540839:24.532879 46.540872:24.532793 46.541113:24.532566
8275,46.541360:24.535031 46.541299:24.534886 46.541115:24.534430 46.541074:24.534323 46.540748:24.533548
8276,46.541235:24.535540 46.541110:24.535307 46.541038:24.535175
8277,46.541038:24.535175 46.540917:24.534942
8278,46.541038:24.535175 46.541109:24.535099 46.540685:24.534207
8279,46.529255:24.528718 46.528927:24.528996 46.529147:24.529542 46.529216:24.529623 46.529334:24.529656
8280,46.528040:24.531165 46.528536:24.532380 46.528791:24.532992
8281,46.529091:24.530003 46.528799:24.529295 46.528466:24.529134 46.527454:24.530028 46.527374:24.530109 46.527355:24.530185 46.527377:24.530276 46.527745:24.531027
8282,46.523393:24.521115 46.523747:24.521953
8283,46.524073:24.542242 46.524460:24.542953
8284,46.525103:24.541867 46.524873:24.542153
8285,46.525135:24.540880 46.525106:24.540823 46.524928:24.540472
8286,46.524928:24.540472 46.524910:24.540436 46.524891:24.540303 46.525140:24.540044
8287,46.524928:24.540472 46.524470:24.541065 46.524428:24.540985 46.523930:24.541548
8288,46.523930:24.541548 46.523879:24.541443
8289,46.523930:24.541548 46.523879:24.541615 46.523614:24.541791 46.523471:24.541889
8290,46.523471:24.541889 46.523225:24.542068 46.523183:24.542092
8291,46.523183:24.542092 46.523246:24.542311 46.523258:24.542354
8292,46.523183:24.542092 46.523018:24.542206 46.522743:24.542512 46.522598:24.542582 46.522536:24.542505 46.522637:24.542192
8293,46.523005:24.546273 46.523029:24.546271 46.523127:24.546251 46.523270:24.546326 46.523298:24.546340
8294,46.547346:24.551264 46.547336:24.551220 46.547312:24.551125 46.547078:24.550176 46.546821:24.550310 46.546768:24.550096 46.546741:24.549983 46.546967:24.549866
8295,46.546673:24.551991 46.547309:24.552056 46.547297:24.552244 46.546670:24.552181
8296,46.538949:24.591872 46.538927:24.591879 46.538848:24.591926 46.538761:24.591991 46.538681:24.592075 46.538536:24.592220 46.538381:24.592417 46.538344:24.592479
8297,46.550891:24.558634 46.550868:24.558595 46.550861:24.558583 46.550792:24.558465 46.550637:24.558190
8298,46.550637:24.558190 46.550535:24.558001 46.550213:24.557405 46.549982:24.556969 46.549975:24.556955 46.549945:24.556899
8299,46.538762:24.563403 46.538755:24.563444 46.538726:24.563614
8300,46.537117:24.563160 46.537146:24.563171 46.537171:24.563182 46.537305:24.563235 46.537461:24.563291 46.537445:24.563379
8301,46.531919:24.583044 46.531899:24.583097 46.531723:24.583482
8302,46.532049:24.583183 46.532039:24.583247
8303,46.532039:24.583247 46.532007:24.583321 46.531991:24.583366 46.532095:24.583485
8304,46.532499:24.583905 46.532160:24.583608
8305,46.532041:24.583883 46.532226:24.584056 46.532304:24.584018 46.532384:24.584100
8306,46.531494:24.583847 46.531737:24.583988 46.531890:24.584156 46.532126:24.584400 46.532217:24.584491
8307,46.542162:24.565544 46.542136:24.565483 46.542132:24.565473
8308,46.542132:24.565473 46.541981:24.565198
8309,46.541925:24.570086 46.541925:24.569973 46.541764:24.567394
8310,46.541764:24.567394 46.541533:24.566520 46.541518:24.566475 46.541508:24.566444
8311,46.526242:24.547018 46.526424:24.547406 46.526457:24.547475 46.526465:24.547491 46.526477:24.547515
8312,46.526477:24.547515 46.526497:24.547558 46.526501:24.547566 46.526621:24.547814 46.526674:24.547925 46.527069:24.548760 46.527197:24.549025 46.527207:24.549041
8313,46.527207:24.549041 46.527320:24.549291
8314,46.527320:24.549291 46.527342:24.549334 46.527416:24.549493 46.527731:24.550141 46.527959:24.550616 46.527977:24.550655
8315,46.526162:24.546835 46.526242:24.547018
8316,46.524926:24.546976 46.524975:24.547072 46.525360:24.546657 46.525773:24.546217
8317,46.526083:24.546175 46.526336:24.545910 46.526399:24.545921 46.526552:24.545770
8318,46.538260:24.577537 46.538292:24.577526 46.538566:24.577462 46.538619:24.577450 46.538706:24.577434
8319,46.538451:24.576768 46.538436:24.576631
8320,46.538702:24.576698 46.538735:24.576961 46.538774:24.576975 46.538778:24.577424
8321,46.538663:24.576358 46.538702:24.576698
8322,46.538147:24.575539 46.538410:24.575463 46.538484:24.575444 46.538500:24.575440 46.538550:24.575896
8323,46.538171:24.575765 46.538414:24.575671
8324,46.538050:24.573592 46.538116:24.573805 46.538433:24.573784 46.538524:24.573778
8325,46.538377:24.572903 46.538376:24.572544
8326,46.536377:24.580605 46.536351:24.580410 46.536331:24.580188 46.536331:24.579921 46.536340:24.579812 46.536383:24.579751 46.536412:24.579692 46.536424:24.579638 46.536420:24.579511 46.536392:24.579355 46.536350:24.579119 46.536331:24.578985
8327,46.523698:24.547457 46.523714:24.547424 46.523761:24.547328 46.523815:24.547210 46.524000:24.547013 46.524148:24.546870
8328,46.524148:24.546870 46.524264:24.546757
8329,46.524777:24.548997 46.524713:24.549031 46.524461:24.549164 46.524062:24.549416 46.523661:24.549635 46.523609:24.549658 46.522987:24.549983
8330,46.522122:24.547196 46.522229:24.547323
8331,46.522229:24.547323 46.522261:24.547361 46.522381:24.547852 46.522632:24.548162
8332,46.522229:24.547323 46.522512:24.546858 46.522298:24.546628 46.522077:24.546644
8333,46.541205:24.556224 46.541187:24.556266 46.541094:24.556487 46.541050:24.556541 46.540968:24.556489
8334,46.552053:24.555002 46.552209:24.554730 46.552270:24.554735 46.552551:24.554349 46.552593:24.554268 46.552345:24.553932
8335,46.554009:24.556120 46.554083:24.556390 46.554200:24.556503
8336,46.546786:24.561453 46.547063:24.561748 46.547126:24.561815
8337,46.557577:24.566304 46.557481:24.566516 46.557709:24.566731
8338,46.557040:24.566208 46.557177:24.566325 46.557261:24.566285 46.557529:24.566052 46.557597:24.566062 46.557637:24.566047
8339,46.557637:24.566047 46.557704:24.565879 46.557740:24.565790
8340,46.557637:24.566047 46.557719:24.566121
8341,46.557310:24.566685 46.557408:24.566710 46.557622:24.566907
8342,46.551056:24.569970 46.551072:24.569991 46.551079:24.570001 46.551199:24.570168 46.551250:24.570241 46.551202:24.570552 46.551147:24.570895 46.551103:24.571155 46.551088:24.571215 46.551082:24.571234 46.551069:24.571285
8343,46.530397:24.549502 46.530413:24.549527 46.530424:24.549545 46.530465:24.549649 46.530487:24.549641
8344,46.530487:24.549641 46.530519:24.549629 46.530549:24.549597
8345,46.530487:24.549641 46.530561:24.549818
8346,46.530561:24.549818 46.530568:24.549833 46.530654:24.550067 46.530419:24.550341 46.530366:24.550345
8347,46.530366:24.550345 46.530331:24.550349 46.530281:24.550265 46.530284:24.550222
8348,46.530284:24.550222 46.530286:24.550192 46.530418:24.550017 46.530490:24.549922 46.530561:24.549818
8349,46.530284:24.550222 46.530205:24.550235 46.530170:24.550232 46.530052:24.550221 46.529961:24.550292
8350,46.522019:24.536319 46.522486:24.535792 46.522401:24.535622
8351,46.546995:24.554085 46.547019:24.554136 46.547088:24.554284 46.547168:24.554413 46.547308:24.554490 46.547588:24.554593 46.547715:24.554642 46.547726:24.554647 46.547744:24.554653
8352,46.533446:24.556613 46.533457:24.556589 46.533468:24.556563 46.533471:24.556541 46.533467:24.556519 46.533457:24.556498 46.531999:24.553982 46.531977:24.553950
8353,46.555307:24.574312 46.555464:24.574638 46.555545:24.574807
8354,46.555742:24.574166 46.555671:24.574039 46.555368:24.573493
8355,46.555842:24.575953 46.555726:24.575708
8356,46.555215:24.570100 46.555266:24.570051 46.555598:24.569721
8357,46.554508:24.572327 46.554280:24.572926
8358,46.541883:24.552736 46.541888:24.552759 46.541896:24.552799 46.542012:24.553370 46.542156:24.554057 46.542161:24.554084 46.542167:24.554119
8359,46.536805:24.591269 46.536860:24.591317 46.536945:24.591392 46.537001:24.591400 46.537043:24.591443 46.537086:24.591484 46.537186:24.591578
8360,46.537213:24.590430 46.537247:24.590461 46.537328:24.590534 46.537338:24.590515 46.537460:24.590268
8361,46.537708:24.589447 46.537746:24.589489 46.537929:24.589688 46.537687:24.590126
8362,46.539454:24.585942 46.539347:24.585891 46.539210:24.585827 46.539168:24.585813
8363,46.539168:24.585813 46.539127:24.585800 46.539012:24.585696
8364,46.543270:24.555454 46.543272:24.555387 46.543280:24.554903 46.543375:24.554879 46.543380:24.554802
8365,46.559188:24.546841 46.559100:24.546736 46.558959:24.546569
8366,46.558190:24.545558 46.558228:24.545503 46.558355:24.545322
8367,46.523176:24.525434 46.523198:24.525419 46.523366:24.525297
8368,46.524109:24.527535 46.524132:24.527511 46.524341:24.527298 46.524346:24.527163 46.524746:24.526784
8369,46.524746:24.526784 46.524813:24.526906
8370,46.524813:24.526906 46.525087:24.526638 46.525118:24.526550 46.525244:24.526416
8371,46.525244:24.526416 46.525053:24.525957 46.524597:24.526364 46.524732:24.526703 46.524746:24.526784
8372,46.525331:24.526503 46.525244:24.526416
8373,46.525366:24.526475 46.525441:24.526703 46.525414:24.526821 46.525362:24.526889
8374,46.525756:24.527547 46.525388:24.527924 46.525291:24.528025
8375,46.525291:24.528025 46.524902:24.528331 46.524459:24.527296
8376,46.525458:24.528474 46.525279:24.528631
8377,46.525614:24.528783 46.525630:24.529087 46.525630:24.529343 46.525428:24.529485 46.525308:24.529445 46.525249:24.529475 46.525186:24.529309
8378,46.525500:24.528587 46.525693:24.528449 46.525957:24.528185
8379,46.525596:24.530802 46.525621:24.530779 46.525798:24.530613
8380,46.525798:24.530613 46.525812:24.530600 46.525876:24.530540 46.525736:24.530178 46.525765:24.530146
8381,46.525798:24.530613 46.525908:24.530867 46.525813:24.530949
8382,46.527812:24.535714 46.527836:24.535691 46.528004:24.535529 46.528070:24.535492
8383,46.528070:24.535492 46.528241:24.535395 46.528419:24.535227 46.528431:24.535216
8384,46.528070:24.535492 46.527929:24.535142 46.527962:24.535037 46.528213:24.534800 46.528243:24.534774 46.528394:24.534646
8385,46.528509:24.537270 46.528444:24.537329 46.528380:24.537386
8386,46.528380:24.537386 46.528143:24.536879 46.527989:24.536974 46.527889:24.537205 46.527886:24.537393 46.527951:24.537600 46.528046:24.537688 46.528073:24.537671
8387,46.528073:24.537671 46.528175:24.537608 46.528380:24.537386
8388,46.528380:24.537386 46.528526:24.537741 46.528185:24.538083 46.528082:24.537860 46.528073:24.537671
8389,46.525276:24.532940 46.525335:24.532703 46.525512:24.532436 46.525638:24.532032
8390,46.521819:24.525848 46.521567:24.525356
8391,46.525222:24.511671 46.525205:24.511410 46.525182:24.511055 46.525441:24.511011 46.525628:24.510908
8392,46.525628:24.510908 46.525655:24.510893 46.525876:24.510846
8393,46.525876:24.510846 46.525891:24.510559 46.525869:24.510292 46.525624:24.510276
8394,46.525624:24.510276 46.525628:24.510908
8395,46.525624:24.510276 46.525421:24.510292 46.525250:24.510397 46.525156:24.510553 46.525108:24.510690 46.525003:24.510718 46.524819:24.510693 46.524837:24.510216
8396,46.525239:24.511862 46.525516:24.511826
8397,46.525516:24.511826 46.525552:24.511822 46.525917:24.511809
8398,46.525482:24.511377 46.525516:24.511826
8399,46.525516:24.511826 46.525539:24.512124
8400,46.560373:24.579129 46.560415:24.579071 46.560622:24.578796
8401,46.550920:24.578090 46.551051:24.578235 46.551299:24.578537 46.551203:24.578784 46.551213:24.578837 46.551319:24.578993 46.551543:24.579293
8402,46.551543:24.579293 46.551574:24.579334 46.551805:24.579646 46.551857:24.579716 46.551982:24.579875 46.552051:24.579955 46.551764:24.580509
8403,46.551543:24.579293 46.551366:24.579654
8404,46.533660:24.583033 46.533655:24.583098 46.533643:24.583281 46.533643:24.583433 46.533501:24.583791
8405,46.532490:24.584179 46.532517:24.584196 46.532640:24.584265 46.532830:24.584366
8406,46.532191:24.586069 46.532175:24.586116 46.531983:24.586678
8407,46.531388:24.585603 46.531328:24.585370 46.531256:24.585287 46.530986:24.584999
8408,46.557606:24.577690 46.557579:24.577723 46.557307:24.578069 46.557341:24.578171 46.557415:24.578307 46.557362:24.578435 46.557375:24.578455
8409,46.557375:24.578455 46.557504:24.578660 46.557544:24.578670 46.557623:24.578691
8410,46.557375:24.578455 46.557160:24.578706
8411,46.539622:24.548071 46.539585:24.548000 46.539526:24.547885
8412,46.554075:24.561984 46.554098:24.562022 46.554163:24.562127
8413,46.554163:24.562127 46.554230:24.562234 46.554255:24.562354 46.554270:24.562428
8414,46.554163:24.562127 46.554343:24.561889 46.554465:24.561748 46.554687:24.562159
8415,46.555049:24.568718 46.555081:24.568683 46.555286:24.568458
8416,46.555557:24.569390 46.555591:24.569355 46.555611:24.569335 46.555750:24.569195 46.555867:24.569116 46.555936:24.569171 46.556157:24.569644 46.556242:24.569832
8417,46.515197:24.517799 46.515225:24.517767 46.515348:24.517628
8418,46.515348:24.517628 46.515606:24.517338
8419,46.515348:24.517628 46.515801:24.518552
8420,46.516623:24.520628 46.516641:24.520616 46.516820:24.520499 46.516863:24.520618 46.517240:24.520242 46.517109:24.519981 46.516921:24.520132
8421,46.517988:24.523358 46.518017:24.523325 46.518306:24.522998 46.518516:24.522771 46.518625:24.522993
8422,46.521300:24.530089 46.521354:24.530034 46.521431:24.529955
8423,46.521431:24.529955 46.521576:24.530251 46.521767:24.530056
8424,46.521431:24.529955 46.521392:24.529875 46.521509:24.529755
8425,46.521509:24.529755 46.521695:24.529563
8426,46.559196:24.579396 46.559371:24.579332 46.559514:24.579081 46.559511:24.578984 46.559417:24.578853 46.559281:24.578862 46.559161:24.578991
8427,46.556218:24.581923 46.556288:24.582139
8428,46.556288:24.582139 46.556129:24.582155
8429,46.556288:24.582139 46.556705:24.582620
8430,46.539594:24.578291 46.539642:24.578275 46.539800:24.578220
8431,46.539595:24.579697 46.539597:24.579724 46.539616:24.579977 46.539646:24.580272 46.539676:24.580592
8432,46.539676:24.580592 46.539684:24.580679 46.539711:24.580981
8433,46.539711:24.580981 46.539717:24.581051 46.539764:24.581475 46.539799:24.581675 46.539849:24.581734 46.539972:24.581805 46.540045:24.581852 46.540059:24.581890 46.539903:24.582532
8434,46.527134:24.554677 46.527150:24.554649 46.527314:24.554356 46.527068:24.554055 46.526830:24.553774 46.526814:24.553754 46.526735:24.553656 46.526715:24.553631 46.526655:24.553557 46.526624:24.553546 46.526604:24.553564
8435,46.526604:24.553564 46.526540:24.553623 46.526386:24.553854 46.526362:24.553890 46.526337:24.553926
8436,46.526604:24.553564 46.526543:24.553440 46.526496:24.553379 46.526401:24.553255
8437,46.525529:24.553791 46.525546:24.553761 46.525637:24.553599 46.525737:24.553440 46.525888:24.553275 46.525961:24.553207
8438,46.526239:24.555724 46.526218:24.555757 46.526043:24.556038
8439,46.533889:24.575663 46.533890:24.575831 46.533894:24.575933
8440,46.533894:24.575933 46.533900:24.576073 46.534207:24.576072 46.534266:24.576070
8441,46.534266:24.576070 46.534267:24.575926 46.533894:24.575933
8442,46.533987:24.575359 46.533929:24.575551 46.533889:24.575663
8443,46.534266:24.576070 46.534324:24.576164 46.534328:24.576275
8444,46.534328:24.576275 46.534330:24.576339 46.533838:24.576372 46.533735:24.576352 46.533685:24.576291
8445,46.534328:24.576275 46.534444:24.576382 46.534523:24.576414
8446,46.559660:24.578007 46.559688:24.577931 46.559694:24.577914 46.559767:24.577712 46.559893:24.577393
8447,46.559893:24.577393 46.559900:24.577375 46.559937:24.577281 46.560014:24.577146
8448,46.522362:24.538483 46.522512:24.538447
8449,46.522512:24.538447 46.522882:24.539163 46.522972:24.539148 46.523173:24.539034
8450,46.523173:24.539034 46.522748:24.538201 46.522512:24.538447
8451,46.523173:24.539034 46.523291:24.538930 46.523433:24.538757
8452,46.560494:24.543532 46.560513:24.543507 46.560704:24.543246
8453,46.561189:24.546043 46.561205:24.545984 46.561278:24.545873
8454,46.523253:24.531514 46.523288:24.531583 46.523541:24.532083 46.523472:24.532156
8455,46.576992:24.537595 46.577073:24.537699 46.577138:24.537746 46.577555:24.537997 46.577759:24.538122 46.577990:24.538273
8456,46.544365:24.540522 46.544345:24.540517 46.544125:24.540457 46.544149:24.540296 46.544202:24.539935 46.544212:24.539869
8457,46.544210:24.539013 46.544250:24.538928 46.544341:24.538890 46.544427:24.538911
8458,46.536546:24.558297 46.536540:24.558208 46.536527:24.558006 46.536720:24.557674 46.536853:24.557465
8459,46.509107:24.507690 46.508935:24.507842
8460,46.508935:24.507842 46.508176:24.508510 46.508051:24.508629
8461,46.508051:24.508629 46.507750:24.508926
8462,46.506006:24.510711 46.505727:24.510808 46.505415:24.510815 46.505052:24.510787
8463,46.548597:24.548417 46.548608:24.548448 46.548618:24.548480
8464,46.550479:24.547717 46.550303:24.547797 46.550162:24.547834 46.549854:24.547883 46.549694:24.547922 46.549503:24.547985 46.549345:24.548060 46.549014:24.548258 46.548618:24.548480
8465,46.548618:24.548480 46.548378:24.548642 46.548100:24.548805 46.548046:24.548760 46.548015:24.548734
8466,46.550479:24.547717 46.550657:24.547868
8467,46.562159:24.569878 46.561737:24.569753 46.561560:24.569692 46.561227:24.569470 46.561225:24.569398 46.561194:24.569302 46.561145:24.569221 46.561124:24.569186 46.560795:24.568795
8468,46.517762:24.523090 46.517832:24.523233 46.518278:24.524168
8469,46.518278:24.524168 46.518455:24.524523
8470,46.518455:24.524523 46.518605:24.524834 46.518726:24.525085 46.518785:24.525208 46.518944:24.525538
8471,46.519866:24.527221 46.519727:24.526959 46.519602:24.526695
8472,46.519602:24.526695 46.519104:24.525657 46.518356:24.524127 46.518009:24.523403 46.517988:24.523358
8473,46.517988:24.523358 46.517896:24.523166 46.517827:24.523025
8474,46.517827:24.523025 46.517634:24.522665
8475,46.517634:24.522665 46.517314:24.522029 46.517195:24.521791
8476,46.537338:24.558156 46.537207:24.558113 46.537182:24.558107 46.537129:24.558093
8477,46.562675:24.582945 46.562613:24.583036 46.562382:24.583378
8478,46.562382:24.583378 46.562423:24.583456 46.562469:24.583553 46.562487:24.583592
8479,46.562487:24.583592 46.562811:24.583362 46.562889:24.583301
8480,46.525373:24.560933 46.525395:24.560907 46.525421:24.560904 46.525474:24.560908 46.525530:24.560938 46.525567:24.561020 46.525581:24.561080 46.525561:24.561142 46.525536:24.561216 46.525414:24.561604 46.525393:24.561764 46.525387:24.561799 46.525384:24.561827 46.525373:24.561884 46.525336:24.562042 46.525327:24.562120 46.525140:24.562529 46.524985:24.562824
8481,46.514455:24.562554 46.514336:24.562521 46.514249:24.562469
8482,46.514249:24.562469 46.513050:24.561534
8483,46.513050:24.561534 46.512966:24.561469
8484,46.546243:24.564904 46.546334:24.564857
8485,46.537334:24.586784 46.536848:24.587720 46.536836:24.587800 46.536997:24.588033 46.536708:24.588612 46.536639:24.588596 46.536499:24.588861 46.536484:24.588890
8486,46.528529:24.545307 46.528453:24.545139 46.528076:24.544324
8487,46.528453:24.545380 46.528812:24.546146
8488,46.528812:24.546146 46.529086:24.546707
8489,46.528076:24.544324 46.527901:24.543941 46.527814:24.543752
8490,46.527814:24.543752 46.527651:24.543397
8491,46.527651:24.543397 46.527327:24.542679
8492,46.527327:24.542679 46.527020:24.542019
8493,46.527020:24.542019 46.527049:24.541933 46.527094:24.541796 46.527017:24.541645 46.526941:24.541494 46.526860:24.541498 46.526798:24.541502
8494,46.527020:24.542019 46.526979:24.541927 46.526901:24.541754 46.526798:24.541502
8495,46.526798:24.541502 46.526748:24.541381 46.526559:24.540841 46.526435:24.540487 46.526281:24.540102
8496,46.526954:24.542081 46.526902:24.542144 46.526325:24.542834
8497,46.527190:24.542592 46.527517:24.543296 46.527647:24.543575
8498,46.527647:24.543575 46.527667:24.543620
8499,46.527667:24.543620 46.527676:24.543639 46.527698:24.543690
8500,46.527698:24.543690 46.527878:24.544090
8501,46.527878:24.544090 46.527900:24.544137 46.527924:24.544190
8502,46.527924:24.544190 46.527943:24.544235 46.528382:24.545210 46.528453:24.545380
8503,46.529089:24.546804 46.529105:24.546845 46.529129:24.546878 46.529159:24.546898 46.529192:24.546904
8504,46.529629:24.546913 46.529561:24.546792
8505,46.529731:24.546862 46.529672:24.546922 46.529629:24.546913
8506,46.529758:24.546834 46.529662:24.546643
8507,46.529662:24.546643 46.529576:24.546472
8508,46.530677:24.549169 46.531112:24.549716 46.531132:24.549741 46.531225:24.549860
8509,46.530772:24.549129 46.530365:24.548561
8510,46.530365:24.548561 46.530230:24.548366 46.529876:24.547829
8511,46.560499:24.569484 46.560728:24.569521
8512,46.560517:24.569282 46.560747:24.569317
8513,46.560535:24.569076 46.560766:24.569111
8514,46.560554:24.568874 46.560784:24.568914
8515,46.560660:24.568684 46.560803:24.568700
8516,46.516776:24.521098 46.516745:24.521139 46.516279:24.521764 46.515609:24.522630
8517,46.543213:24.536892 46.543393:24.537016
8518,46.527405:24.547241 46.527421:24.547265 46.527532:24.547439 46.527971:24.546946
8519,46.540263:24.500487 46.540662:24.500973
8520,46.540662:24.500973 46.541815:24.502347
8521,46.543461:24.507527 46.543111:24.508212 46.543039:24.508307 46.542994:24.508337 46.542941:24.508336 46.542845:24.508269 46.542789:24.508219 46.542752:24.508179 46.542708:24.508172 46.542672:24.508170 46.542636:24.508183 46.542598:24.508225
8522,46.542598:24.508225 46.542150:24.508731
8523,46.549247:24.515066 46.548872:24.514451
8524,46.552310:24.521286 46.551966:24.522057 46.551896:24.522314
8525,46.565637:24.535666 46.566195:24.534354
8526,46.568919:24.546742 46.569180:24.547098 46.569210:24.547106 46.569242:24.547089 46.569272:24.547058 46.569303:24.547017 46.569365:24.546937
8527,46.569534:24.546700 46.569511:24.546575 46.569382:24.546401
8528,46.569731:24.547041 46.569675:24.546968 46.569622:24.546899
8529,46.569622:24.546899 46.569618:24.546995 46.569614:24.547092
8530,46.569622:24.546899 46.569598:24.546865
8531,46.513841:24.515472 46.513985:24.515606 46.514141:24.515887 46.514307:24.516232
8532,46.515075:24.517556 46.514993:24.517389 46.514656:24.516692
8533,46.514656:24.516692 46.514177:24.515748
8534,46.514177:24.515748 46.514076:24.515501 46.514027:24.515290
8535,46.531907:24.551836 46.531906:24.551813 46.531906:24.551788 46.531917:24.551758 46.531931:24.551730 46.531961:24.551670
8536,46.531961:24.551670 46.532035:24.551540 46.532217:24.551196 46.532265:24.551114 46.532275:24.551097 46.532296:24.551057
8537,46.567604:24.540356 46.567654:24.540409 46.567673:24.540476
8538,46.538721:24.560440 46.538623:24.560399 46.538563:24.560709 46.538665:24.560750
8539,46.553143:24.574991 46.553207:24.575066 46.553218:24.575080 46.553521:24.575441 46.553579:24.575493 46.553651:24.575531 46.553781:24.575595 46.553859:24.575623 46.553982:24.575758 46.554024:24.575796
8540,46.554024:24.575796 46.554048:24.575817 46.554227:24.575929
8541,46.551843:24.575230 46.552267:24.575528
8542,46.553105:24.576047 46.553102:24.576026
8543,46.553102:24.576026 46.553085:24.576002 46.553061:24.576001 46.553043:24.576024
8544,46.553043:24.576024 46.553040:24.576051 46.553047:24.576076 46.553062:24.576091
8545,46.553062:24.576091 46.553077:24.576093 46.553091:24.576085 46.553101:24.576068 46.553105:24.576047
8546,46.553062:24.576091 46.552971:24.576271 46.552869:24.576461
8547,46.552687:24.574839 46.552615:24.575032 46.552541:24.575232
8548,46.531416:24.596252 46.531009:24.596866
8549,46.530794:24.596981 46.530947:24.597221
8550,46.530923:24.596774 46.530629:24.596522
8551,46.530629:24.596522 46.530794:24.596981
8552,46.550183:24.527795 46.550465:24.528068
8553,46.526380:24.551322 46.526355:24.551278 46.526318:24.551252
8554,46.526217:24.551302 46.526200:24.551352 46.526197:24.551407
8555,46.526267:24.551526 46.526306:24.551531 46.526341:24.551514
8556,46.502295:24.490539 46.502419:24.490782
8557,46.502419:24.490782 46.502562:24.491064
8558,46.502251:24.490962 46.502419:24.490782
8559,46.502247:24.490261 46.502050:24.490566
8560,46.502050:24.490566 46.501988:24.490662
8561,46.512196:24.516657 46.511761:24.517181 46.511295:24.517744
8562,46.511295:24.517744 46.510970:24.518075 46.510834:24.518184 46.510705:24.518254
8563,46.548555:24.524569 46.547944:24.525570
8564,46.591705:24.536770 46.591507:24.536042 46.591287:24.535173
8565,46.589523:24.535449 46.589819:24.537671
8566,46.588776:24.567672 46.588035:24.568788 46.587539:24.569552 46.586211:24.571553
8567,46.585201:24.570582 46.586625:24.568444
8568,46.535837:24.485913 46.536384:24.487729
8569,46.507224:24.501792 46.506508:24.502505
8570,46.516596:24.608296 46.516795:24.608796 46.516727:24.608853
8571,46.516727:24.608853 46.516694:24.608881 46.516612:24.608950 46.516403:24.608427
8572,46.518463:24.603239 46.518176:24.603568 46.517992:24.603567
8573,46.520774:24.605091 46.520740:24.604806 46.520672:24.604681 46.519544:24.602873 46.519448:24.603005
8574,46.522238:24.604053 46.521634:24.603103
8575,46.506794:24.618480 46.506477:24.618940 46.506423:24.618985 46.506386:24.618985 46.506296:24.618892 46.505539:24.617888 46.505524:24.617805 46.505524:24.617650 46.505508:24.617577 46.505428:24.617448 46.505340:24.617311
8576,46.506785:24.617400 46.506390:24.617921
8577,46.550615:24.625539 46.550516:24.624548
8578,46.514414:24.523489 46.513492:24.521711 46.513867:24.521305
8579,46.521686:24.531567 46.521946:24.532094 46.521973:24.532149
8580,46.521426:24.531067 46.521686:24.531567
8581,46.521686:24.531567 46.521370:24.531916
8582,46.522256:24.522316 46.522218:24.522288 46.521301:24.521615
8583,46.522118:24.522687 46.522080:24.522660 46.521768:24.522439 46.521726:24.522419 46.521693:24.522419 46.521660:24.522450 46.521626:24.522535
8584,46.541799:24.531280 46.541518:24.530664 46.541072:24.529516
8585,46.541072:24.529516 46.540922:24.529124 46.540855:24.528970
8586,46.541521:24.529379 46.541460:24.529175 46.541362:24.528920 46.541168:24.528549 46.540608:24.527668
8587,46.543110:24.535497 46.543035:24.535577 46.542999:24.535592 46.542947:24.535575 46.542370:24.534474 46.542301:24.534343
8588,46.538449:24.536870 46.538825:24.536471 46.538875:24.536406 46.538887:24.536325 46.538872:24.536241 46.538173:24.534885 46.538121:24.534845 46.538069:24.534862 46.537660:24.535301 46.537649:24.535347 46.537656:24.535389
8589,46.590647:24.619149 46.589728:24.620670
8590,46.597827:24.631648 46.598002:24.631393
8591,46.597731:24.631515 46.597925:24.631284
8592,46.597925:24.631284 46.598400:24.630551
8593,46.596161:24.629392 46.597303:24.627410 46.597357:24.627344 46.597425:24.627326 46.597482:24.627358 46.598175:24.628324
8594,46.586693:24.619456 46.587688:24.617893
8595,46.584726:24.616116 46.585475:24.614874
8596,46.532240:24.571124 46.532262:24.571059 46.532323:24.570871 46.532319:24.570832 46.532301:24.570802 46.532123:24.570743
8597,46.537007:24.598134 46.536963:24.598258
8598,46.536604:24.598720 46.536618:24.598709 46.536853:24.598537
8599,46.536963:24.598258 46.536950:24.598294 46.536853:24.598537
8600,46.536853:24.598537 46.537114:24.598347 46.537137:24.598294 46.537149:24.598232 46.537137:24.598128 46.537107:24.598043 46.537075:24.598022 46.537045:24.598026 46.537007:24.598134
8601,46.536443:24.602372 46.536259:24.601800
8602,46.535920:24.602683 46.535054:24.600357
8603,46.537767:24.602125 46.537696:24.602144 46.537688:24.602148 46.537622:24.602160 46.537517:24.602144 46.537448:24.602142 46.537392:24.602164 46.537002:24.602433 46.536941:24.602449 46.536860:24.602449 46.536558:24.602362 46.536478:24.602354 46.536443:24.602372
8604,46.536443:24.602372 46.535920:24.602683
8605,46.536887:24.603596 46.536716:24.603738
8606,46.536270:24.603654 46.536118:24.603237 46.535957:24.602788 46.535920:24.602683
8607,46.538314:24.603266 46.538335:24.603251 46.539390:24.602494
8608,46.542875:24.613489 46.543050:24.613452 46.543547:24.613337 46.543716:24.613275 46.543860:24.613176 46.544102:24.612800
8609,46.509667:24.617044 46.509772:24.617216 46.509777:24.617218 46.509782:24.617216 46.510045:24.616911 46.510051:24.616909 46.510057:24.616913 46.510273:24.617273 46.510274:24.617281 46.510272:24.617287 46.509891:24.617832
8610,46.521231:24.606712 46.520692:24.605722
8611,46.574557:24.605336 46.574411:24.605562 46.574384:24.605646 46.574397:24.605721 46.574437:24.605842 46.574805:24.606337
8612,46.574155:24.604796 46.574557:24.605336
8613,46.574557:24.605336 46.574750:24.605592 46.575188:24.606175
8614,46.538402:24.500300 46.538185:24.500884 46.538180:24.500962 46.538214:24.501019 46.539490:24.502385 46.539675:24.502548 46.539738:24.502619 46.539787:24.502696 46.539850:24.502838 46.539972:24.503171 46.540055:24.503362 46.540123:24.503503 46.540376:24.503963 46.540730:24.504522
8615,46.533548:24.502425 46.534365:24.502336
8616,46.533571:24.502108 46.534368:24.501921
8617,46.533529:24.501364 46.534250:24.501165
8618,46.533498:24.500998 46.534379:24.500750
8619,46.533451:24.500612 46.534359:24.500368
8620,46.534365:24.502336 46.534400:24.502254 46.534368:24.501921
8621,46.534368:24.501921 46.534250:24.501165
8622,46.534250:24.501165 46.534292:24.500939 46.534379:24.500750
8623,46.534379:24.500750 46.534403:24.500602 46.534359:24.500368
8624,46.534359:24.500368 46.534242:24.500121 46.534081:24.499985 46.533926:24.499964 46.533873:24.500026 46.533638:24.500287 46.533551:24.500364 46.533473:24.500392 46.533389:24.500368
8625,46.533358:24.500221 46.533389:24.500368
8626,46.533389:24.500368 46.533451:24.500612
8627,46.533451:24.500612 46.533498:24.500998
8628,46.533498:24.500998 46.533529:24.501364
8629,46.533529:24.501364 46.533557:24.501795 46.533571:24.502108
8630,46.533571:24.502108 46.533565:24.502279 46.533548:24.502425
8631,46.533548:24.502425 46.533509:24.502588 46.533414:24.502868
8632,46.504657:24.640520 46.504701:24.640560 46.504794:24.640613 46.504894:24.640615 46.505075:24.640675 46.505248:24.640804
8633,46.511764:24.614796 46.512003:24.615396
8634,46.511238:24.612519 46.511909:24.613388
8635,46.511909:24.613388 46.511956:24.613449 46.512290:24.613879
8636,46.507473:24.609939 46.507437:24.609216 46.507407:24.608840 46.507437:24.608564 46.507511:24.608290 46.507527:24.608257 46.507542:24.608248 46.507561:24.608252 46.507585:24.608277
8637,46.519330:24.607201 46.519610:24.607817
8638,46.521521:24.605125 46.521957:24.605976
8639,46.521255:24.605409 46.521521:24.605125
8640,46.521521:24.605125 46.521696:24.604937
8641,46.521554:24.606442 46.521940:24.605997 46.521957:24.605976
8642,46.521957:24.605976 46.522178:24.605708
8643,46.521850:24.606997 46.521554:24.606442
8644,46.521554:24.606442 46.521262:24.605893 46.521242:24.605833 46.521248:24.605757 46.521256:24.605672 46.521268:24.605536 46.521255:24.605409
8645,46.521255:24.605409 46.521199:24.605303 46.521165:24.605216
8646,46.501876:24.527117 46.501552:24.524794
8647,46.501336:24.527133 46.501154:24.525937
8648,46.501876:24.527117 46.501691:24.527173 46.501592:24.527211 46.501262:24.527353 46.501186:24.527378
8649,46.501186:24.527378 46.500384:24.527603 46.500310:24.527623 46.500069:24.527676 46.499978:24.527643 46.499871:24.527563 46.499773:24.527357
8650,46.501154:24.525937 46.501097:24.525898 46.501040:24.525910 46.501002:24.525951 46.500979:24.526025 46.501186:24.527378
8651,46.538142:24.548044 46.538115:24.548016
8652,46.538115:24.548016 46.538078:24.548010 46.538045:24.548037 46.538028:24.548085 46.538032:24.548140
8653,46.538032:24.548140 46.538048:24.548172 46.538070:24.548190
8654,46.538070:24.548190 46.538103:24.548194 46.538132:24.548174 46.538151:24.548135 46.538154:24.548088 46.538142:24.548044
8655,46.538364:24.547728 46.538212:24.547943 46.538162:24.548015 46.538142:24.548044
8656,46.539356:24.576654 46.539268:24.576777 46.539186:24.576828 46.539167:24.576833 46.539150:24.576838 46.539130:24.576843 46.539063:24.576861
8657,46.549357:24.634622 46.549442:24.634464 46.549488:24.634298 46.549498:24.634206
8658,46.549266:24.634748 46.549357:24.634622
8659,46.549469:24.529388 46.549869:24.530179 46.550560:24.531411
8660,46.548672:24.529881 46.548979:24.530146
8661,46.548898:24.530335 46.548979:24.530146
8662,46.548979:24.530146 46.549041:24.530000 46.549044:24.529975 46.549036:24.529949 46.548752:24.529704
8663,46.545920:24.526783 46.545113:24.527563 46.544598:24.528111
8664,46.545728:24.526582 46.545453:24.526854
8665,46.545453:24.526854 46.544867:24.527479 46.544831:24.527499
8666,46.544831:24.527499 46.544789:24.527487 46.544745:24.527410 46.544736:24.527362 46.544746:24.527312 46.545261:24.526769 46.545300:24.526756 46.545346:24.526756 46.545453:24.526854
8667,46.543402:24.522716 46.543388:24.522629 46.543361:24.522555 46.542684:24.521235 46.542286:24.520468 46.542123:24.520149
8668,46.542051:24.523685 46.542094:24.523842 46.542132:24.523938 46.542394:24.524561
8669,46.537167:24.540804 46.537077:24.540583 46.537057:24.540486 46.537056:24.540400 46.537063:24.540332 46.537077:24.540277
8670,46.534098:24.543401 46.534079:24.543357 46.534056:24.543304 46.533968:24.543098
8671,46.533968:24.543098 46.533920:24.542985
8672,46.533920:24.542985 46.533800:24.542707
8673,46.533800:24.542707 46.533470:24.541937
8674,46.533470:24.541937 46.533375:24.541717
8675,46.533375:24.541717 46.533275:24.541456
8676,46.533275:24.541456 46.533179:24.541208 46.533163:24.541167
8677,46.533163:24.541167 46.533079:24.540952
8678,46.533079:24.540952 46.532937:24.540582
8679,46.528221:24.592612 46.528289:24.592808 46.528306:24.592875 46.528309:24.592957
8680,46.528309:24.592957 46.528332:24.592898 46.528348:24.592840 46.528361:24.592748 46.528363:24.592677 46.528355:24.592491
8681,46.529089:24.591980 46.529085:24.592350
8682,46.529085:24.592350 46.529176:24.592088 46.529209:24.591994
8683,46.527433:24.572495 46.527434:24.572433 46.527437:24.571828 46.527437:24.571778
8684,46.527437:24.571778 46.527494:24.571781 46.527742:24.571839
8685,46.527742:24.571839 46.527925:24.571924 46.527984:24.571960 46.528073:24.572014 46.528186:24.572113 46.528257:24.572174 46.528296:24.572222
8686,46.527974:24.572769 46.527833:24.572623 46.527730:24.572567 46.527703:24.572553 46.527665:24.572532 46.527433:24.572495
8687,46.542821:24.510015 46.543226:24.510735 46.543464:24.511254 46.543805:24.512056 46.544037:24.512693 46.544297:24.513440 46.544470:24.514022 46.544877:24.515266
8688,46.544877:24.515266 46.545130:24.515957 46.545276:24.516389 46.545416:24.516779
8689,46.545416:24.516779 46.545446:24.516862 46.545536:24.517105
8690,46.545536:24.517105 46.545566:24.517183
8691,46.545566:24.517183 46.545601:24.517278 46.545806:24.517687 46.546033:24.518025 46.546277:24.518331 46.546563:24.518621
8692,46.546563:24.518621 46.546619:24.518668
8693,46.546619:24.518668 46.546762:24.518787 46.547072:24.518973
8694,46.547072:24.518973 46.547329:24.519115 46.547444:24.519185
8695,46.547444:24.519185 46.547638:24.519356 46.547883:24.519692 46.548597:24.521021 46.548894:24.521730
8696,46.548894:24.521730 46.549226:24.522488 46.549335:24.522797 46.549509:24.523373 46.549605:24.523636
8697,46.542255:24.513938 46.542624:24.513448 46.542826:24.513219
8698,46.542255:24.513938 46.542306:24.514156
8699,46.543747:24.522902 46.543729:24.522875 46.543702:24.522854 46.543513:24.522770
8700,46.546747:24.521676 46.546554:24.521819 46.546401:24.521905 46.546229:24.521969 46.546045:24.522012 46.545831:24.522081 46.545634:24.522150 46.545403:24.522262
8701,46.545403:24.522262 46.544776:24.522504
8702,46.544776:24.522504 46.544753:24.522513 46.544041:24.522806 46.543747:24.522902
8703,46.544864:24.531401 46.544936:24.531328
8704,46.543474:24.533012 46.543513:24.532969
8705,46.543474:24.533012 46.543503:24.533062 46.543519:24.533089 46.543531:24.533109 46.543591:24.533214 46.543692:24.533417 46.543866:24.533730 46.544095:24.534017
8706,46.544095:24.534017 46.544144:24.534078
8707,46.544144:24.534078 46.544348:24.534332 46.544604:24.534678 46.544626:24.534718 46.545050:24.535504
8708,46.545050:24.535504 46.545300:24.535966
8709,46.545300:24.535966 46.545851:24.536985
8710,46.545851:24.536985 46.546932:24.538987
8711,46.546932:24.538987 46.546946:24.539012 46.547897:24.540788
8712,46.547897:24.540788 46.548720:24.542260
8713,46.548504:24.548475 46.548015:24.548734
8714,46.548015:24.548734 46.547980:24.548752
8715,46.551272:24.554733 46.551293:24.554696
8716,46.554907:24.561008 46.554869:24.561059
8717,46.557010:24.536931 46.557279:24.536258
8718,46.557279:24.536258 46.557370:24.536033
8719,46.557370:24.536033 46.557479:24.535760
8720,46.557782:24.536728 46.557279:24.536258
8721,46.539139:24.563724 46.539269:24.562940 46.539380:24.562235 46.539403:24.562085
8722,46.546793:24.559900 46.547031:24.560221 46.547049:24.560233
8723,46.547049:24.560233 46.547062:24.560222 46.547116:24.560116 46.547119:24.560087 46.547113:24.560065
8724,46.547113:24.560065 46.547091:24.560043
8725,46.547091:24.560043 46.546866:24.559825
8726,46.539350:24.598880 46.539221:24.598829 46.539107:24.598794 46.538784:24.598749 46.538541:24.598730
8727,46.538713:24.598875 46.539048:24.599050 46.539363:24.599242
8728,46.538713:24.598875 46.538541:24.598730
8729,46.543315:24.532718 46.543278:24.532836 46.543262:24.532871 46.543244:24.532888 46.543228:24.532894 46.543207:24.532892 46.543078:24.532790
8730,46.542511:24.531078 46.542411:24.531154 46.542367:24.531194 46.542346:24.531235 46.542343:24.531284 46.542349:24.531318 46.542359:24.531358 46.542476:24.531575
8731,46.539762:24.559103 46.539637:24.559198 46.539615:24.559366 46.539608:24.559427 46.539487:24.560182 46.539494:24.560272 46.539498:24.560329 46.539582:24.560414
8732,46.532142:24.536313 46.532034:24.536124
8733,46.532034:24.536124 46.531922:24.535933 46.531780:24.535611 46.531731:24.535450 46.531724:24.535276
8734,46.531724:24.535276 46.531742:24.535184 46.531759:24.535094 46.531852:24.534974
8735,46.531852:24.534974 46.531859:24.534965
8736,46.531859:24.534965 46.532065:24.534699
8737,46.532065:24.534699 46.532151:24.534588
8738,46.544165:24.581966 46.543992:24.581564
8739,46.539578:24.560436 46.539566:24.560511 46.539564:24.560525 46.539534:24.560712 46.539532:24.560723 46.539514:24.560826
8740,46.539582:24.560414 46.539578:24.560436
8741,46.542765:24.558218 46.542894:24.558387 46.542914:24.558414
8742,46.556289:24.569787 46.556393:24.569944 46.556472:24.570063
8743,46.560014:24.577146 46.560021:24.577133 46.560173:24.576838
8744,46.561140:24.544470 46.561125:24.544493
8745,46.536743:24.553124 46.536699:24.553234 46.536585:24.553410 46.536500:24.553414 46.536370:24.553243 46.536381:24.553171 46.536397:24.553078
8746,46.535404:24.575225 46.535394:24.575278 46.535393:24.575330 46.535441:24.575586
8747,46.534038:24.579030 46.534007:24.579043 46.533957:24.579064 46.533885:24.579085 46.533861:24.579086 46.533815:24.579087 46.533686:24.579089 46.533657:24.579090 46.533543:24.579092 46.533511:24.579093
8748,46.533511:24.579093 46.533452:24.579094 46.533274:24.579100 46.533262:24.579100 46.533175:24.579105
8749,46.535779:24.588217 46.536158:24.588578
8750,46.538532:24.587002 46.538507:24.586974 46.538250:24.586679
8751,46.538250:24.586679 46.538231:24.586659 46.538170:24.586594 46.538083:24.586568 46.538018:24.586610
8752,46.536516:24.585501 46.536511:24.585344
8753,46.536511:24.585344 46.536504:24.585098
8754,46.536504:24.585098 46.536490:24.584734 46.536490:24.584715 46.536487:24.584575
8755,46.534330:24.559345 46.534290:24.559376 46.534151:24.559472 46.534079:24.559504 46.533998:24.559540 46.533820:24.559577 46.533744:24.559583 46.533646:24.559585 46.533493:24.559539 46.533406:24.559494 46.533313:24.559413 46.533154:24.559234 46.532993:24.559053
8756,46.529086:24.554516 46.529170:24.554372
8757,46.529170:24.554372 46.528978:24.554148 46.528922:24.554095 46.528839:24.554016 46.528639:24.553867 46.528319:24.553677 46.528295:24.553663 46.528217:24.553616 46.528081:24.553535
8758,46.528038:24.553685 46.528097:24.553722 46.528249:24.553819 46.528271:24.553834 46.528596:24.554035 46.528776:24.554174 46.528907:24.554300 46.529086:24.554516
8759,46.533031:24.559311 46.533119:24.559404 46.533254:24.559530 46.533469:24.559658 46.533618:24.559725 46.533788:24.559717 46.533998:24.559648 46.534163:24.559572 46.534374:24.559463
8760,46.574518:24.513351 46.574465:24.513312 46.574284:24.513178 46.574153:24.513095 46.573958:24.513062 46.573878:24.513044 46.573805:24.513011 46.573771:24.512945 46.573760:24.512913 46.573752:24.512889
8761,46.573752:24.512889 46.573749:24.512881 46.573706:24.512743 46.573609:24.512481 46.573545:24.512369 46.573515:24.512330
8762,46.543337:24.572009 46.543059:24.571655 46.543053:24.571647
8763,46.543053:24.571647 46.543047:24.571641 46.542758:24.571235
8764,46.542758:24.571235 46.542509:24.570895
8765,46.542509:24.570895 46.542463:24.570831 46.542307:24.570612 46.542299:24.570602
8766,46.542299:24.570602 46.542042:24.570240 46.541960:24.570124 46.541949:24.570109 46.541925:24.570086
8767,46.542758:24.571235 46.542780:24.571195 46.542839:24.571096 46.542891:24.571012
8768,46.542509:24.570895 46.542536:24.570858 46.542613:24.570749 46.542640:24.570711 46.542716:24.570605
8769,46.542299:24.570602 46.542266:24.570655 46.542139:24.570858
8770,46.534058:24.580017 46.534059:24.580142
8771,46.534059:24.580142 46.534062:24.580179 46.534063:24.580192 46.534070:24.580239 46.534086:24.580319
8772,46.534086:24.580319 46.534090:24.580337 46.534092:24.580353 46.534125:24.580495 46.534159:24.580609 46.534170:24.580647 46.534203:24.580733 46.534208:24.580750
8773,46.534208:24.580750 46.534265:24.580884 46.534309:24.580964 46.534482:24.581218 46.534634:24.581410 46.534670:24.581452
8774,46.534724:24.581422 46.534670:24.581452
8775,46.534670:24.581452 46.534510:24.581791
8776,46.534906:24.581519 46.534896:24.581514
8777,46.534038:24.579030 46.534039:24.579082 46.534040:24.579114 46.534050:24.579627 46.534058:24.580017
8778,46.525000:24.511721 46.524483:24.511764
8779,46.525225:24.511702 46.525064:24.511716 46.525000:24.511721
8780,46.524483:24.511764 46.524362:24.511754 46.524178:24.511737 46.523781:24.511698 46.523537:24.511695 46.523306:24.511680 46.523128:24.511658 46.523091:24.511662 46.523064:24.511663
8781,46.538213:24.562458 46.538117:24.563099 46.538114:24.563117 46.538106:24.563164
8782,46.537447:24.570492 46.537501:24.569029
8783,46.537501:24.569029 46.537563:24.566972
8784,46.537563:24.566972 46.537577:24.566514
8785,46.537577:24.566514 46.537591:24.566042 46.537592:24.566018 46.537593:24.565965
8786,46.552364:24.567950 46.552554:24.567637 46.552579:24.567596 46.552672:24.567449
8787,46.552608:24.568153 46.552841:24.568437
8788,46.552364:24.567950 46.552399:24.567990 46.552577:24.568201
8789,46.551837:24.568825 46.551849:24.568802 46.551862:24.568780 46.552134:24.568335
8790,46.560373:24.579129 46.560785:24.579803
8791,46.560785:24.579803 46.561052:24.580263 46.561277:24.580640
8792,46.561277:24.580640 46.561591:24.581156
8793,46.561591:24.581156 46.561952:24.581765 46.562210:24.582204 46.562666:24.582930 46.562675:24.582945
8794,46.562675:24.582945 46.562889:24.583301
8795,46.562889:24.583301 46.562942:24.583389
8796,46.513825:24.525700 46.513896:24.525638 46.514082:24.525410 46.514254:24.525202 46.514536:24.524864 46.514994:24.524309
8797,46.514994:24.524309 46.515556:24.523619 46.516219:24.522815 46.516916:24.521976 46.517043:24.521822 46.517097:24.521760
8798,46.555045:24.564264 46.555054:24.564273 46.555059:24.564278 46.555515:24.564722 46.556002:24.565198 46.556208:24.565411 46.556218:24.565422 46.556231:24.565436
8799,46.553770:24.565604 46.553781:24.565617 46.553890:24.565750 46.554188:24.566125
8800,46.554188:24.566125 46.554503:24.566496 46.554829:24.566894 46.555056:24.567156 46.555221:24.567348 46.555290:24.567429
8801,46.542733:24.572888 46.542749:24.572914 46.542753:24.572925 46.542914:24.573311 46.543139:24.573844 46.543153:24.573889
8802,46.543153:24.573889 46.543160:24.573920 46.543296:24.574510 46.543374:24.574853 46.543381:24.574887
8803,46.543839:24.576811 46.543918:24.577126 46.543934:24.577182
8804,46.543934:24.577182 46.544066:24.577663 46.544299:24.578498
8805,46.543673:24.576138 46.543747:24.576450 46.543778:24.576573
8806,46.543592:24.575816 46.543647:24.576031 46.543673:24.576138
8807,46.562872:24.551450 46.562964:24.551492
8808,46.562964:24.551492 46.562976:24.551497
8809,46.562976:24.551497 46.563000:24.551507
8810,46.531285:24.588655 46.531214:24.588591
8811,46.531214:24.588591 46.531158:24.588542 46.530831:24.588311 46.530752:24.588255
8812,46.530752:24.588255 46.530709:24.588225
8813,46.530709:24.588225 46.530678:24.588195 46.530621:24.588365 46.530506:24.588679 46.530455:24.588814
8814,46.539911:24.604757 46.540103:24.605226
8815,46.529826:24.594255 46.529801:24.594301 46.529783:24.594336
8816,46.530191:24.595074 46.530174:24.595054 46.530166:24.595042 46.529834:24.594572 46.529824:24.594558 46.529800:24.594525
8817,46.529982:24.595665 46.529958:24.595630 46.529949:24.595617 46.529652:24.595176 46.529639:24.595155 46.529622:24.595129
8818,46.529424:24.596345 46.529405:24.596318 46.529397:24.596305 46.529166:24.595968 46.529155:24.595952 46.529129:24.595907
8819,46.529127:24.596531 46.529115:24.596508 46.529108:24.596496 46.528836:24.596073 46.528822:24.596052 46.528793:24.595998
8820,46.528743:24.596870 46.528724:24.596841 46.528719:24.596833 46.528483:24.596471 46.528470:24.596452 46.528451:24.596424
8821,46.528267:24.593578 46.528148:24.593388
8822,46.528267:24.593578 46.528205:24.593549 46.528154:24.593526 46.528092:24.593522 46.528033:24.593543 46.527967:24.593595 46.527824:24.593796 46.527746:24.593889 46.527705:24.593979 46.527694:24.594086 46.527701:24.594151
8823,46.527498:24.594773 46.527552:24.594775 46.527599:24.594741 46.527652:24.594671 46.527691:24.594595 46.527701:24.594507 46.527704:24.594385 46.527702:24.594281 46.527701:24.594151
8824,46.528893:24.597392 46.528276:24.597770
8825,46.528538:24.593506 46.528693:24.593746 46.528755:24.593738 46.528772:24.593736
8826,46.528172:24.595220 46.528192:24.595249 46.528203:24.595266 46.528388:24.595543 46.528402:24.595565 46.528427:24.595602
8827,46.528427:24.595602 46.528450:24.595637 46.528458:24.595648 46.528614:24.595891 46.528621:24.595901 46.528647:24.595941
8828,46.528290:24.595066 46.528314:24.595101 46.528327:24.595122 46.528504:24.595388 46.528516:24.595405 46.528547:24.595453
8829,46.528547:24.595453 46.528573:24.595491 46.528582:24.595505 46.528721:24.595714 46.528736:24.595738
8830,46.529096:24.595263 46.529210:24.595429
8831,46.529210:24.595429 46.529184:24.595466 46.529174:24.595480 46.529089:24.595600 46.529002:24.595470 46.528992:24.595456 46.528972:24.595427
8832,46.528194:24.594568 46.528160:24.594505 46.528040:24.594310 46.528023:24.594280 46.528019:24.594273 46.528021:24.594257 46.528026:24.594243 46.528119:24.594121
8833,46.528119:24.594121 46.528219:24.593989 46.528235:24.593985 46.528254:24.593989 46.528270:24.594005 46.528362:24.594163 46.528378:24.594190 46.528405:24.594234
8834,46.530094:24.591791 46.530118:24.591779
8835,46.547346:24.551264 46.547400:24.551233
8836,46.547400:24.551233 46.548045:24.550894
8837,46.548045:24.550894 46.548064:24.550884 46.548203:24.550815 46.548231:24.550802 46.548279:24.550775
8838,46.580180:24.542645 46.580230:24.542624 46.580698:24.542420 46.581167:24.542229
8839,46.581167:24.542229 46.581493:24.542097 46.581802:24.542006 46.582790:24.541765
8840,46.582790:24.541765 46.582847:24.541753 46.583615:24.541583 46.583909:24.541498 46.584176:24.541372 46.584435:24.541192 46.584777:24.540935 46.585570:24.540129 46.586046:24.539580 46.586161:24.539413 46.586276:24.539211 46.586364:24.539007 46.586449:24.538779 46.586573:24.538380 46.586605:24.538277
8841,46.586605:24.538277 46.586657:24.538107
8842,46.586657:24.538107 46.586742:24.537831
8843,46.586742:24.537831 46.586770:24.537739 46.586871:24.537487 46.587035:24.537210
8844,46.581359:24.547247 46.582021:24.546199
8845,46.527142:24.593975 46.526754:24.593320
8846,46.526754:24.593320 46.526229:24.592433
8847,46.526229:24.592433 46.525965:24.591988
8848,46.525965:24.591988 46.525686:24.591507
8849,46.546921:24.632040 46.547111:24.633295 46.547216:24.634311 46.547242:24.634749 46.547235:24.635234
8850,46.547235:24.635234 46.547227:24.635588 46.547150:24.636228 46.547078:24.636712
8851,46.547078:24.636712 46.547032:24.636976 46.546821:24.637762 46.545555:24.640905 46.545291:24.641768 46.545080:24.642842 46.544969:24.643864 46.544944:24.644542 46.544665:24.653601 46.544472:24.658159
8852,46.547235:24.635234 46.546656:24.635202 46.546609:24.635233 46.546587:24.635287 46.546611:24.635817 46.546597:24.635860 46.546573:24.635886 46.546550:24.635895 46.546525:24.635904 46.546471:24.635926 46.546453:24.635958 46.546537:24.636608
8853,46.544472:24.658159 46.544278:24.662728 46.544226:24.663978 46.544120:24.665151 46.544027:24.665737 46.543826:24.666781
8854,46.546537:24.636608 46.547078:24.636712
8855,46.546458:24.636592 46.546537:24.636608
8856,46.542969:24.558251 46.542825:24.558056 46.542517:24.557757
8857,46.555625:24.543951 46.555720:24.544055 46.555788:24.544130
8858,46.555788:24.544130 46.555784:24.544208
8859,46.555625:24.543951 46.555511:24.543837
8860,46.555511:24.543837 46.555252:24.543703
8861,46.544083:24.627943 46.544596:24.627448
8862,46.543486:24.621678 46.542942:24.622174 46.543058:24.622451 46.542836:24.622660 46.542693:24.622797 46.541479:24.623832
8863,46.539552:24.620021 46.539385:24.619862 46.539100:24.619498 46.538813:24.619154 46.538414:24.618607 46.538064:24.617980 46.537696:24.617534
8864,46.543659:24.623601 46.543464:24.623164
8865,46.543464:24.623164 46.543285:24.622757
8866,46.543930:24.622790 46.543464:24.623164
8867,46.551999:24.637802 46.552125:24.637782 46.552502:24.637776 46.552942:24.637800 46.553025:24.637790 46.553109:24.637761 46.553193:24.637721 46.553448:24.637570 46.553658:24.637502 46.553688:24.637444
8868,46.546539:24.629475 46.546888:24.631830
8869,46.546517:24.629313 46.546539:24.629475
8870,46.581932:24.620546 46.581373:24.621356
8871,46.563814:24.548495 46.563817:24.548410 46.563825:24.548085 46.563831:24.547862
8872,46.562746:24.548680 46.562689:24.548914
8873,46.561800:24.548872 46.561845:24.548590
8874,46.562658:24.551350 46.562667:24.551309 46.562755:24.550906
8875,46.536111:24.580742 46.535993:24.580220
8876,46.535993:24.580220 46.536039:24.580201
8877,46.531771:24.566515 46.531715:24.566327 46.531638:24.566155 46.531609:24.566092 46.531557:24.566033 46.531382:24.566108 46.531312:24.566132
8878,46.531312:24.566132 46.531261:24.566149 46.531135:24.566131 46.531126:24.566126 46.531095:24.566112
8879,46.531095:24.566112 46.531008:24.566144 46.530908:24.566201 46.530872:24.566278 46.530879:24.566340 46.530905:24.566481 46.530902:24.566533
8880,46.531147:24.566411 46.531048:24.566458
8881,46.531048:24.566458 46.531107:24.566802
8882,46.531048:24.566458 46.530943:24.566516 46.530902:24.566533
8883,46.530902:24.566533 46.530723:24.566520 46.530670:24.566524
8884,46.530670:24.566524 46.530666:24.566787 46.530669:24.566916
8885,46.530670:24.566524 46.530442:24.566505
8886,46.531147:24.566411 46.531271:24.566364 46.531306:24.566281 46.531315:24.566191 46.531312:24.566132
8887,46.531095:24.566112 46.531104:24.565866 46.531104:24.565650 46.531056:24.565579 46.530986:24.565612 46.530840:24.565754 46.530773:24.565853 46.530641:24.565974 46.530457:24.565961 46.530350:24.565856
8888,46.528433:24.568998 46.528428:24.569040 46.528422:24.569100 46.528452:24.569214 46.528533:24.569240 46.528646:24.569212 46.528768:24.569179 46.529048:24.568953 46.529329:24.568655 46.529587:24.568389 46.529798:24.568310 46.530300:24.568301 46.530583:24.568327 46.530814:24.568258 46.530954:24.568089 46.530995:24.567970
8889,46.549718:24.552783 46.549823:24.552590 46.549535:24.552290 46.549524:24.552257
8890,46.549524:24.552257 46.549495:24.552165 46.549470:24.552073
8891,46.549470:24.552073 46.549436:24.551945 46.549366:24.551907 46.549182:24.551998
8892,46.549182:24.551998 46.549169:24.552011
8893,46.549169:24.552011 46.549232:24.552151
8894,46.549232:24.552151 46.549309:24.552322
8895,46.549309:24.552322 46.549329:24.552367 46.549451:24.552569 46.549661:24.552803
8896,46.549470:24.552073 46.549232:24.552151
8897,46.549309:24.552322 46.549481:24.552287
8898,46.549481:24.552287 46.549486:24.552337 46.549460:24.552404 46.549577:24.552558 46.549674:24.552702 46.549697:24.552778
8899,46.549481:24.552287 46.549524:24.552257
8900,46.534936:24.555960 46.534841:24.555853 46.534725:24.555721
8901,46.529871:24.545124 46.529854:24.545233 46.529616:24.545476 46.529413:24.545663 46.529359:24.545703 46.529279:24.545683
8902,46.530155:24.544801 46.530336:24.545157 46.530529:24.545535 46.530728:24.545945 46.530819:24.545843
8903,46.530172:24.544776 46.530189:24.544707 46.530191:24.544636 46.530184:24.544577 46.530156:24.544512 46.530115:24.544427 46.529971:24.544133
8904,46.529971:24.544133 46.529711:24.543578
8905,46.529711:24.543578 46.529443:24.543007 46.529420:24.542954
8906,46.529634:24.542734 46.529708:24.542676 46.529770:24.542752 46.529896:24.543034 46.530121:24.543488 46.530282:24.543684 46.530431:24.543934 46.530522:24.544193 46.530736:24.544763 46.530881:24.545221 46.530865:24.545399 46.530766:24.545498 46.530672:24.545534 46.530424:24.545082
8907,46.530106:24.544859 46.530019:24.544692 46.530110:24.544597 46.529912:24.544190 46.529971:24.544133
8908,46.540588:24.554807 46.540598:24.554872 46.540612:24.554921 46.540690:24.555008 46.540810:24.555095
8909,46.538744:24.558915 46.538912:24.558499 46.538944:24.558508 46.539088:24.558552
8910,46.539088:24.558552 46.539240:24.558598
8911,46.539088:24.558552 46.539239:24.558550 46.539356:24.558564 46.539391:24.558568 46.539467:24.558603 46.539478:24.558649 46.539457:24.558708 46.539417:24.558736 46.539400:24.558749
8912,46.539071:24.559724 46.539133:24.559359
8913,46.539133:24.559359 46.539149:24.559214 46.539067:24.559149
8914,46.539071:24.559724 46.538970:24.559692
8915,46.539105:24.559783 46.539071:24.559724
8916,46.539105:24.559783 46.539198:24.559812 46.539236:24.559460 46.539200:24.559384 46.539133:24.559359
8917,46.538352:24.583374 46.538593:24.583372
8918,46.536356:24.588767 46.536414:24.588823
8919,46.534239:24.591211 46.534296:24.591147 46.534403:24.591002 46.534617:24.590715 46.534860:24.590418
8920,46.534860:24.590418 46.534934:24.590429 46.534976:24.590532
8921,46.537873:24.578260 46.537690:24.578355 46.537625:24.578109
8922,46.537625:24.578109 46.537546:24.577816 46.537730:24.577709
8923,46.537625:24.578109 46.537806:24.578001
8924,46.546648:24.583867 46.546762:24.583865 46.546847:24.583907 46.546978:24.583928 46.547072:24.583917
8925,46.546694:24.585200 46.546757:24.585212 46.547070:24.585368
8926,46.546861:24.578004 46.546923:24.578027 46.547092:24.578090
8927,46.547092:24.578090 46.547068:24.578228 46.547200:24.578281
8928,46.547092:24.578090 46.547112:24.578000 46.547124:24.577951 46.547168:24.577973
8929,46.533122:24.571249 46.533129:24.571189 46.533143:24.571070 46.532986:24.571029 46.533019:24.570774 46.532882:24.570736 46.532860:24.571091 46.532858:24.571143
8930,46.532719:24.570752 46.532604:24.570737 46.532552:24.570682 46.532657:24.570360
8931,46.531438:24.576319 46.531347:24.576326 46.531335:24.576327 46.531300:24.576321 46.531276:24.576316 46.531247:24.576303 46.531225:24.576251 46.531219:24.576068 46.531206:24.575830 46.531203:24.575671 46.531208:24.575599 46.531244:24.575508
8932,46.531438:24.576319 46.531486:24.576347 46.531511:24.576360 46.531531:24.576394 46.531535:24.576444
8933,46.531666:24.576243 46.531611:24.576246 46.531553:24.576248
8934,46.517499:24.523353 46.517479:24.523310 46.517368:24.523083
8935,46.558981:24.548451 46.558962:24.548531 46.558892:24.548818 46.558849:24.548850 46.558816:24.548906 46.558734:24.549102
8936,46.542400:24.556289 46.542389:24.556282 46.542221:24.556154
8937,46.542221:24.556154 46.542141:24.556093
8938,46.542221:24.556154 46.542139:24.556369
8939,46.549238:24.552903 46.549174:24.552916 46.549120:24.552926
8940,46.549120:24.552926 46.549004:24.552948
8941,46.549120:24.552926 46.549087:24.552809 46.548999:24.552834
8942,46.548407:24.552656 46.548345:24.552244
8943,46.571354:24.531343 46.571417:24.531233 46.571532:24.531210 46.571608:24.531210 46.571730:24.531303 46.571847:24.531460
8944,46.571847:24.531460 46.571868:24.531507
8945,46.571847:24.531460 46.571936:24.531312 46.572006:24.531345 46.572136:24.531488
8946,46.572758:24.532473 46.572873:24.532693 46.572958:24.532828 46.573161:24.533059 46.573350:24.533243 46.573443:24.533326 46.573659:24.533561 46.573822:24.533727 46.573914:24.533797 46.573924:24.533847 46.573914:24.533916 46.573867:24.534019 46.573796:24.534098 46.573729:24.534132 46.573698:24.534104 46.573498:24.533874 46.572941:24.533249 46.572900:24.533192 46.572878:24.533121 46.572822:24.533050 46.572568:24.532764 46.572418:24.532585 46.572157:24.532267 46.571997:24.532084 46.571646:24.531620 46.571510:24.531486 46.571354:24.531343
8947,46.570915:24.532355 46.570942:24.532392 46.571085:24.532599 46.571158:24.532720 46.571231:24.532860 46.571600:24.533241 46.572247:24.533894 46.572496:24.534144
8948,46.530127:24.560763 46.530112:24.560753 46.530079:24.560726 46.530038:24.560685 46.530006:24.560638
8949,46.517825:24.529308 46.517859:24.529317 46.518001:24.529357 46.518084:24.529335 46.518144:24.529299 46.518642:24.528777 46.518217:24.527974
8950,46.520152:24.528828 46.519869:24.528304
8951,46.519869:24.528304 46.519813:24.528230 46.519745:24.528226 46.518876:24.529171 46.518670:24.529159 46.518051:24.529761
8952,46.530267:24.560023 46.530314:24.560040 46.530443:24.560202 46.530451:24.560212
8953,46.538688:24.593496 46.538938:24.593260
8954,46.539417:24.563944 46.539546:24.563987
8955,46.539546:24.563987 46.539681:24.564021 46.539707:24.564025
8956,46.563586:24.592672 46.563343:24.591915
8957,46.561613:24.548793 46.561258:24.548668
8958,46.539271:24.567147 46.539278:24.567238 46.539289:24.567410 46.539316:24.567515
8959,46.539316:24.567515 46.539322:24.567538 46.539342:24.567615
8960,46.539316:24.567515 46.539285:24.567661 46.539284:24.567805 46.539292:24.568017
8961,46.524323:24.534514 46.524348:24.534487 46.524755:24.534041 46.524791:24.534002
8962,46.523816:24.534472 46.523932:24.534701 46.523947:24.534732
8963,46.523702:24.534611 46.523812:24.534830 46.523829:24.534862
8964,46.566291:24.550919 46.566360:24.551025
8965,46.566360:24.551025 46.567100:24.552159 46.567124:24.552243 46.567115:24.552297 46.567087:24.552362 46.565816:24.554037 46.565769:24.554097
8966,46.565769:24.554097 46.565436:24.554523
8967,46.565769:24.554097 46.565040:24.552964
8968,46.565040:24.552964 46.565011:24.552915
8969,46.565011:24.552915 46.564996:24.552891
8970,46.564996:24.552891 46.565598:24.552034 46.566360:24.551025
8971,46.565436:24.554523 46.565385:24.554585 46.564619:24.553479 46.564689:24.553379 46.565011:24.552915
8972,46.552236:24.556584 46.552261:24.556565 46.552688:24.557520
8973,46.539398:24.600694 46.539442:24.600720 46.539524:24.600769
8974,46.539524:24.600769 46.539559:24.600790 46.540144:24.601222
8975,46.540144:24.601222 46.540384:24.601429 46.540519:24.601605 46.540588:24.601696
8976,46.539524:24.600769 46.539508:24.600807 46.539473:24.600887 46.539384:24.601009 46.539379:24.601059 46.539409:24.601110 46.539457:24.601143 46.539498:24.601152
8977,46.538956:24.595918 46.538860:24.595920 46.538858:24.596127 46.538671:24.596141
8978,46.538474:24.598699 46.538472:24.597766
8979,46.537151:24.600426 46.537164:24.600421 46.537393:24.600338 46.537462:24.600361 46.537506:24.600450 46.537597:24.600703 46.537629:24.600750 46.537664:24.600773 46.537705:24.600781 46.537927:24.600708 46.538292:24.600580
8980,46.537020:24.600018 46.537037:24.600017 46.537097:24.600010 46.537248:24.600001 46.537375:24.599998 46.537404:24.600022 46.537436:24.600045 46.537461:24.600070 46.537501:24.600133 46.537542:24.600192 46.537639:24.600198 46.537710:24.600168 46.537780:24.600151 46.537824:24.600139 46.537845:24.600090 46.537853:24.600032 46.537845:24.599959 46.537820:24.599901 46.537750:24.599906
8981,46.536907:24.599667 46.536926:24.599663 46.537282:24.599573 46.538079:24.599392
8982,46.539075:24.560236 46.539062:24.560304 46.538981:24.560727 46.538840:24.560694 46.538935:24.560185 46.538946:24.560125
8983,46.557058:24.575696 46.556528:24.576206
8984,46.556528:24.576206 46.556503:24.576231 46.556423:24.576310 46.556183:24.576556
8985,46.538519:24.571202 46.538619:24.571193 46.538657:24.571190
8986,46.538654:24.571120 46.538519:24.571202
8987,46.535173:24.572103 46.535158:24.572005 46.535149:24.571940
8988,46.535149:24.571940 46.535122:24.571759 46.535090:24.571392 46.535030:24.570663 46.535013:24.570437 46.534897:24.570456
8989,46.535149:24.571940 46.534807:24.571996 46.534500:24.572060 46.534485:24.572045
8990,46.534485:24.572045 46.534461:24.572020 46.534431:24.571923 46.534417:24.571872
8991,46.534161:24.570308 46.534202:24.570879
8992,46.534202:24.570879 46.534205:24.570910 46.534225:24.571200 46.534305:24.572197 46.534314:24.572309
8993,46.534417:24.571872 46.534346:24.571054 46.534341:24.570998 46.534300:24.570394 46.534292:24.570329 46.534276:24.570197 46.534243:24.570148 46.534209:24.570143 46.534174:24.570216 46.534158:24.570268 46.534161:24.570308
8994,46.534202:24.570879 46.534141:24.570894 46.534058:24.570938 46.534162:24.571963
8995,46.520136:24.526396 46.520100:24.526428 46.520071:24.526454
8996,46.520071:24.526454 46.519835:24.526668 46.519888:24.526784
8997,46.519888:24.526784 46.519917:24.526849
8998,46.519917:24.526849 46.519930:24.526875
8999,46.519930:24.526875 46.520160:24.526640 46.520071:24.526454
9000,46.519930:24.526875 46.519879:24.526916 46.519768:24.526680 46.519726:24.526659 46.519667:24.526660 46.519627:24.526682 46.519602:24.526695
9001,46.520030:24.526184 46.519995:24.526217 46.519764:24.526436 46.519641:24.526458
9002,46.532615:24.586011 46.532637:24.586029 46.533046:24.586360
9003,46.532993:24.585743 46.533091:24.585624 46.533301:24.584999 46.533282:24.584879 46.533210:24.584767 46.533158:24.584698 46.533122:24.584650
9004,46.533750:24.584453 46.533568:24.584285 46.533522:24.584242
9005,46.569774:24.547360 46.569798:24.547400
9006,46.535978:24.574845 46.535988:24.574904 46.536039:24.575234 46.535764:24.575343
9007,46.545595:24.549000 46.545601:24.548987 46.545632:24.548924 46.545774:24.549086 46.545962:24.548758 46.545889:24.548669
9008,46.540593:24.538489 46.540567:24.538466 46.540537:24.538479 46.540348:24.538671
9009,46.540843:24.538949 46.540889:24.538868 46.540935:24.538863
9010,46.540935:24.538863 46.541091:24.538992 46.541128:24.539016 46.541171:24.538776
9011,46.541171:24.538776 46.541032:24.538657
9012,46.541032:24.538657 46.540935:24.538863
9013,46.541237:24.538823 46.541296:24.538866 46.541329:24.538886
9014,46.541032:24.538657 46.540984:24.538602
9015,46.540984:24.538602 46.540893:24.538476 46.540977:24.537759
9016,46.521354:24.529455 46.521376:24.529498 46.521509:24.529755
9017,46.526305:24.538497 46.526459:24.538809 46.526481:24.538853
9018,46.548980:24.560653 46.549095:24.560684 46.549117:24.560561
9019,46.535049:24.591714 46.534968:24.591885
9020,46.534968:24.591885 46.534906:24.591982 46.534807:24.592047
9021,46.534968:24.591885 46.534796:24.591725 46.534886:24.591545
9022,46.535873:24.590831 46.535824:24.590783 46.535498:24.590467 46.535472:24.590512
9023,46.535911:24.590756 46.535974:24.590823 46.535986:24.590839 46.535453:24.591904 46.535369:24.591821
9024,46.523674:24.535079 46.523624:24.535119 46.523214:24.535444 46.523236:24.535743 46.523251:24.535951 46.523258:24.535978 46.523291:24.536118 46.523406:24.536350 46.523420:24.536378
9025,46.522741:24.534911 46.522468:24.535196
9026,46.521883:24.535320 46.521925:24.535397 46.522016:24.535565 46.522166:24.535396
9027,46.521608:24.535610 46.521647:24.535690 46.521728:24.535853
9028,46.521496:24.535728 46.521540:24.535798 46.521634:24.535951 46.521740:24.536014 46.521840:24.536233
9029,46.566249:24.536822 46.566222:24.536784 46.566105:24.536620 46.565930:24.536424 46.565579:24.536097 46.564908:24.535523 46.564812:24.535441 46.564690:24.535338
9030,46.533993:24.595236 46.533823:24.595721
9031,46.531900:24.594258 46.531944:24.594283
9032,46.531944:24.594283 46.532031:24.594347
9033,46.532031:24.594347 46.532504:24.594697 46.532923:24.594991
9034,46.532923:24.594991 46.532971:24.594837
9035,46.532971:24.594837 46.532168:24.594283
9036,46.532168:24.594283 46.532087:24.594321
9037,46.532087:24.594321 46.532031:24.594347
9038,46.532001:24.594144 46.532087:24.594321
9039,46.532971:24.594837 46.532980:24.594810 46.533023:24.594680 46.532722:24.594457
9040,46.532168:24.594283 46.532249:24.594071 46.532311:24.594122
9041,46.533823:24.595721 46.533537:24.595513 46.532967:24.595081 46.532908:24.595038 46.532923:24.594991
9042,46.533995:24.590999 46.533961:24.590976 46.533834:24.590890
9043,46.533834:24.590890 46.533718:24.591236
9044,46.533834:24.590890 46.533880:24.590726 46.533805:24.590528
9045,46.533805:24.590528 46.533775:24.590447
9046,46.533775:24.590447 46.533696:24.590239 46.533607:24.590512
9047,46.533607:24.590512 46.533669:24.590558 46.533805:24.590528
9048,46.533775:24.590447 46.533845:24.590398 46.533930:24.590337
9049,46.533607:24.590512 46.533429:24.591031
9050,46.533533:24.591942 46.533510:24.591928 46.533358:24.591829 46.533314:24.591965 46.532948:24.591709
9051,46.533235:24.592797 46.532948:24.592617
9052,46.532948:24.592617 46.532861:24.592868 46.532782:24.593098
9053,46.532948:24.592617 46.532991:24.592480
9054,46.532924:24.593751 46.533047:24.593366
9055,46.533041:24.593891 46.533017:24.593813 46.532924:24.593751
9056,46.533074:24.593291 46.533234:24.593544 46.533296:24.593724 46.533277:24.593836 46.533385:24.593961
9057,46.532133:24.593226 46.532176:24.593258 46.532554:24.593534
9058,46.517816:24.521821 46.517807:24.521760 46.517785:24.521613 46.517776:24.521554
9059,46.517804:24.521542 46.517848:24.521585 46.518208:24.521936
9060,46.519562:24.519934 46.519545:24.519901 46.519404:24.519669 46.519478:24.519598 46.519301:24.519268
9061,46.519301:24.519268 46.519552:24.519008
9062,46.519301:24.519268 46.518673:24.519787
9063,46.518186:24.521315 46.518164:24.521275 46.517852:24.520728
9064,46.517852:24.520728 46.517898:24.520686 46.518291:24.520272 46.518541:24.520018
9065,46.519924:24.519574 46.519909:24.519544 46.519892:24.519508 46.518844:24.517231
9066,46.518844:24.517231 46.519048:24.517021
9067,46.519048:24.517021 46.518586:24.516048 46.519719:24.514908 46.520572:24.516708
9068,46.520572:24.516708 46.520715:24.517003 46.521620:24.515998 46.521657:24.515952
9069,46.520295:24.526736 46.520333:24.526806 46.520684:24.527442
9070,46.520684:24.527442 46.520824:24.527694 46.520934:24.527712 46.521117:24.527507 46.520744:24.526797
9071,46.520232:24.526807 46.520270:24.526879 46.520412:24.527148 46.520278:24.527281 46.520142:24.527023 46.520105:24.526951
9072,46.520013:24.527055 46.520046:24.527122 46.520080:24.527190 46.520068:24.527358
9073,46.520684:24.527442 46.520325:24.527828 46.520142:24.527495
9074,46.526805:24.512890 46.526866:24.512927 46.527296:24.513184
9075,46.527296:24.513184 46.527479:24.513297 46.527942:24.513396
9076,46.527296:24.513184 46.527437:24.512786 46.527654:24.512907 46.527851:24.512303 46.527599:24.512126
9077,46.527747:24.511499 46.527768:24.511397 46.528013:24.511359
9078,46.527548:24.511515 46.527747:24.511499
9079,46.527561:24.511050 46.527533:24.511063 46.527506:24.511065 46.527456:24.511041
9080,46.527865:24.507876 46.527892:24.507436 46.527891:24.507407 46.527888:24.507251 46.527872:24.507181
9081,46.527872:24.507181 46.527817:24.506893 46.527733:24.506371 46.527561:24.505489 46.527410:24.504845 46.527334:24.504610 46.527235:24.504360 46.527116:24.504151 46.527015:24.504023 46.526921:24.503932 46.526833:24.503894 46.526729:24.503901 46.526539:24.503939 46.526445:24.503949 46.526361:24.503932 46.526233:24.503906 46.526103:24.503934
9082,46.527328:24.511478 46.527276:24.511450 46.527095:24.511372 46.526545:24.510898
9083,46.526292:24.507993 46.526235:24.508024 46.526227:24.508084 46.526224:24.508319 46.526239:24.508364 46.526301:24.508371
9084,46.526375:24.510469 46.526009:24.510314 46.525914:24.510683 46.525876:24.510846
9085,46.527632:24.510925 46.528234:24.510950
9086,46.536168:24.588587 46.536136:24.588638 46.536119:24.588659 46.535957:24.588851
9087,46.556020:24.543678 46.555954:24.543593
9088,46.555954:24.543593 46.555770:24.543354
9089,46.555770:24.543354 46.555615:24.543155
9090,46.555615:24.543155 46.555474:24.542973
9091,46.555770:24.543354 46.555777:24.543342 46.555846:24.543227 46.555691:24.543031 46.555623:24.543142 46.555615:24.543155
9092,46.556099:24.543779 46.556107:24.543766 46.556167:24.543666 46.556017:24.543488 46.555962:24.543580 46.555954:24.543593
9093,46.556416:24.544189 46.556424:24.544173 46.556486:24.544069 46.556353:24.543905 46.556292:24.544004 46.556283:24.544018
9094,46.556745:24.544614 46.556754:24.544598 46.556840:24.544450 46.556710:24.544278 46.556621:24.544426 46.556612:24.544442
9095,46.557152:24.541045 46.557350:24.541315
9096,46.557046:24.541216 46.557250:24.541461
9097,46.558470:24.542728 46.558264:24.542477
9098,46.558364:24.542877 46.558172:24.542644
9099,46.527974:24.572769 46.528033:24.572893 46.528108:24.573113 46.528160:24.573283 46.528199:24.573446 46.528227:24.573630
9100,46.526695:24.514567 46.526532:24.513673 46.526522:24.513618
9101,46.545032:24.559089 46.545011:24.559125 46.544996:24.559151 46.544875:24.559371
9102,46.544875:24.559371 46.544977:24.559528 46.544841:24.559700
9103,46.544875:24.559371 46.544852:24.559392 46.544747:24.559493 46.544718:24.559448
9104,46.544473:24.558513 46.544458:24.558539 46.544452:24.558549
9105,46.544593:24.558630 46.544604:24.558607
9106,46.564710:24.552392 46.564911:24.552428 46.565037:24.552259
9107,46.565037:24.552259 46.565116:24.552139
9108,46.565116:24.552139 46.565171:24.552055 46.564983:24.551757 46.564895:24.551620 46.564612:24.551156
9109,46.565116:24.552139 46.564647:24.551456
9110,46.565037:24.552259 46.564665:24.551775
9111,46.564872:24.552746 46.564996:24.552891
9112,46.564989:24.551494 46.565332:24.551018 46.565309:24.550911 46.565269:24.550842 46.565378:24.550699 46.565111:24.550274
9113,46.538504:24.569075 46.538504:24.568902 46.538504:24.568624
9114,46.564055:24.570869 46.563445:24.570687
9115,46.564537:24.571213 46.564055:24.570869
9116,46.571350:24.576462 46.571599:24.576690
9117,46.571599:24.576690 46.571865:24.576899 46.572388:24.577406
9118,46.572388:24.577406 46.572462:24.577478 46.573569:24.578653 46.574590:24.579724
9119,46.586794:24.604203 46.586983:24.604012 46.587034:24.603911 46.587050:24.603824
9120,46.583574:24.603163 46.583596:24.603331 46.584170:24.603772 46.584322:24.603993 46.584370:24.604121
9121,46.582234:24.610500 46.582786:24.611190
9122,46.586340:24.607261 46.585824:24.608103
9123,46.585824:24.608103 46.585787:24.608160
9124,46.585787:24.608160 46.585209:24.609068 46.585069:24.609286
9125,46.585069:24.609286 46.584125:24.610791 46.583358:24.611986
9126,46.583849:24.609790 46.583984:24.609997
9127,46.583406:24.609542 46.583433:24.609526 46.583544:24.609527 46.583603:24.609526
9128,46.583886:24.609576 46.584068:24.609835
9129,46.583889:24.609296 46.584163:24.609670
9130,46.583893:24.609016 46.584263:24.609539
9131,46.584088:24.608968 46.584383:24.609386
9132,46.584242:24.608930 46.584615:24.609437
9133,46.584330:24.608753 46.584427:24.608885
9134,46.584427:24.608885 46.584774:24.609358
9135,46.584375:24.608530 46.584596:24.608844
9136,46.584596:24.608844 46.584856:24.609213
9137,46.583618:24.608646 46.582994:24.608616 46.583010:24.607985 46.583018:24.607506
9138,46.583792:24.608654 46.583618:24.608646
9139,46.528897:24.556199 46.528907:24.556246 46.529243:24.556664 46.529388:24.556839 46.529395:24.556848
9140,46.529395:24.556848 46.529487:24.556965 46.529499:24.556981
9141,46.529499:24.556981 46.529520:24.557009
9142,46.527321:24.555206 46.527336:24.555225 46.527537:24.555480 46.527676:24.555655 46.527731:24.555724 46.527813:24.555781 46.527887:24.555758 46.527956:24.555680 46.527975:24.555581
9143,46.527975:24.555581 46.528258:24.555085
9144,46.528258:24.555085 46.528342:24.554996
9145,46.528342:24.554996 46.528368:24.554955
9146,46.552407:24.560008 46.552417:24.560014 46.552454:24.560035 46.552556:24.560081
9147,46.552556:24.560081 46.552601:24.560098
9148,46.552601:24.560098 46.552610:24.560101 46.552726:24.560164 46.552688:24.560314
9149,46.552539:24.559843 46.552649:24.559907 46.552601:24.560098
9150,46.552509:24.559415 46.552524:24.559425 46.552585:24.559467 46.552625:24.559495 46.552704:24.559550
9151,46.552704:24.559550 46.552720:24.559495 46.552766:24.559523 46.552843:24.559425 46.552860:24.559172
9152,46.552704:24.559550 46.552703:24.559818
9153,46.551509:24.561285 46.551358:24.561166
9154,46.551358:24.561166 46.551190:24.561625
9155,46.551358:24.561166 46.551119:24.560991 46.551211:24.560750
9156,46.533968:24.565023 46.533965:24.565077 46.533955:24.565243
9157,46.534872:24.564737 46.534867:24.564805 46.534830:24.565244 46.534734:24.565227
9158,46.547830:24.574232 46.547850:24.574242 46.548047:24.574336 46.548158:24.574217 46.548242:24.574252 46.548428:24.574324
9159,46.548212:24.578045 46.548243:24.578112 46.548271:24.578280 46.548308:24.578439 46.548349:24.578499 46.548419:24.578566
9160,46.549431:24.580358 46.549339:24.580378 46.549237:24.580426 46.549176:24.580525 46.549147:24.580630 46.549147:24.580764 46.549163:24.580818 46.549199:24.580884 46.549332:24.581023
9161,46.549898:24.581455 46.549717:24.581709 46.549646:24.581602
9162,46.550421:24.585289 46.550440:24.585307 46.550463:24.585274 46.550495:24.585269 46.550569:24.585279 46.550669:24.585323 46.550719:24.585366
9163,46.547150:24.568660 46.547141:24.568579 46.547138:24.568551 46.547132:24.568273
9164,46.547132:24.568273 46.547129:24.568111
9165,46.547129:24.568111 46.547328:24.568106 46.547329:24.568179 46.547536:24.568177
9166,46.547129:24.568111 46.547129:24.567989 46.546677:24.567998
9167,46.546677:24.567998 46.546721:24.568176 46.546750:24.568292
9168,46.546750:24.568292 46.547132:24.568273
9169,46.546677:24.567998 46.546521:24.568031
9170,46.538293:24.543855 46.538406:24.543713 46.538542:24.543541
9171,46.538804:24.544312 46.538932:24.544505
9172,46.538932:24.544505 46.538997:24.544605
9173,46.538920:24.544700 46.538859:24.544602
9174,46.539416:24.545371 46.539257:24.545113
9175,46.537764:24.545564 46.537864:24.545628
9176,46.540506:24.583157 46.540549:24.583145 46.540574:24.583138 46.540673:24.583051
9177,46.540673:24.583051 46.540720:24.582849
9178,46.540720:24.582849 46.540754:24.582703
9179,46.540673:24.583051 46.540653:24.583118
9180,46.540653:24.583118 46.540552:24.583452
9181,46.540552:24.583452 46.540475:24.583707 46.540422:24.583831
9182,46.540422:24.583831 46.540343:24.584013 46.540292:24.584129 46.540284:24.584143 46.540236:24.584237
9183,46.540754:24.582703 46.540779:24.582602 46.540845:24.582543 46.540946:24.582566
9184,46.540720:24.582849 46.540779:24.582873
9185,46.540779:24.582873 46.540878:24.582913
9186,46.540779:24.582873 46.540803:24.582709
9187,46.540653:24.583118 46.540805:24.583217 46.540868:24.583207
9188,46.540552:24.583452 46.540810:24.583612 46.540774:24.583845 46.540728:24.584106 46.540782:24.584230 46.540850:24.584249 46.540916:24.584144 46.541029:24.583736
9189,46.540422:24.583831 46.540317:24.584253
9190,46.540672:24.581607 46.540701:24.581613 46.541035:24.581682 46.541042:24.581602
9191,46.544967:24.576590 46.545750:24.576682 46.545738:24.576530 46.545748:24.576442 46.545773:24.576324
9192,46.545145:24.577147 46.545122:24.577148 46.545040:24.577150 46.544928:24.577164 46.544858:24.577223 46.544814:24.577311 46.544779:24.577359 46.544708:24.577368 46.544673:24.577375
9193,46.555231:24.552912 46.555144:24.553034 46.555113:24.553120 46.555140:24.553237 46.555200:24.553425
9194,46.555870:24.554158 46.555825:24.554210 46.555713:24.554337 46.556182:24.555223
9195,46.556528:24.555461 46.556428:24.555540
9196,46.556428:24.555540 46.556407:24.555556 46.556364:24.555538 46.556182:24.555223
9197,46.556428:24.555540 46.556597:24.555915
9198,46.557851:24.557413 46.557911:24.557612 46.558046:24.558017 46.558169:24.558289 46.558226:24.558249 46.558384:24.558587 46.558484:24.558517 46.558558:24.558742
9199,46.558558:24.558742 46.558578:24.558799
9200,46.558578:24.558799 46.558854:24.558559
9201,46.558578:24.558799 46.558571:24.558852 46.558303:24.559084
9202,46.557673:24.555650 46.557872:24.555645 46.558058:24.555378 46.558210:24.555275
9203,46.557105:24.553247 46.557229:24.554100
9204,46.554489:24.550220 46.554450:24.550232 46.554337:24.550268 46.554138:24.549593 46.554282:24.549370 46.554311:24.549349 46.554350:24.549321
9205,46.520724:24.510804 46.520682:24.510842 46.520546:24.510966 46.520530:24.511099 46.520620:24.511279
9206,46.554068:24.562877 46.554058:24.562925 46.554031:24.563050 46.553985:24.563110 46.553960:24.563140 46.553947:24.563156
9207,46.533705:24.589193 46.533657:24.589158 46.533392:24.588963 46.533569:24.588507 46.533601:24.588392 46.533635:24.588273
9208,46.535220:24.584496 46.535331:24.584588
9209,46.539009:24.587784 46.539037:24.587760 46.539103:24.587698 46.539137:24.587649 46.539240:24.587501 46.539298:24.587383
9210,46.539298:24.587383 46.539368:24.587164 46.539491:24.586800 46.539699:24.586334
9211,46.550247:24.555172 46.550220:24.555138 46.550105:24.554996 46.550061:24.555039
9212,46.549365:24.556144 46.549380:24.556171 46.549558:24.556472
9213,46.559173:24.584235 46.559252:24.584123 46.559540:24.583687 46.559789:24.583332
9214,46.559789:24.583332 46.560019:24.582995
9215,46.560019:24.582995 46.560055:24.582943
9216,46.560105:24.582869 46.560242:24.583050 46.560628:24.582455
9217,46.561183:24.582920 46.560936:24.582574 46.560833:24.582428 46.560814:24.582401
9218,46.560814:24.582401 46.560609:24.582118
9219,46.560609:24.582118 46.560489:24.581942
9220,46.560489:24.581942 46.560351:24.581748 46.560130:24.581436 46.559930:24.581153
9221,46.559930:24.581153 46.559750:24.580900 46.559700:24.580829
9222,46.560959:24.582028 46.560997:24.581974 46.561012:24.581941 46.561014:24.581925 46.561017:24.581907 46.561016:24.581882 46.561012:24.581862 46.560853:24.581626
9223,46.551064:24.572364 46.550886:24.572285 46.550790:24.572654
9224,46.546722:24.569673 46.546692:24.569694 46.546509:24.569822 46.546436:24.569858 46.546414:24.569922 46.546402:24.570018 46.546371:24.570106 46.546350:24.570149
9225,46.549596:24.561648 46.549633:24.561675 46.549706:24.561724 46.549847:24.561365
9226,46.550142:24.562256 46.550122:24.562312 46.550023:24.562625 46.550027:24.562937 46.550022:24.563128
9227,46.550022:24.563128 46.550013:24.563514
9228,46.550013:24.563514 46.550364:24.563629 46.550412:24.563730 46.550460:24.563760
9229,46.550460:24.563760 46.550468:24.563807 46.550440:24.563915 46.550379:24.564108 46.550294:24.564273 46.550246:24.564340 46.550218:24.564443
9230,46.550013:24.563514 46.549838:24.564044
9231,46.549838:24.564044 46.549777:24.564230
9232,46.549838:24.564044 46.549633:24.563899 46.549569:24.564082
9233,46.550022:24.563128 46.550158:24.563151 46.550406:24.563169
9234,46.550575:24.562379 46.550563:24.562431 46.550466:24.562870 46.550422:24.563070
9235,46.550422:24.563070 46.550542:24.563201
9236,46.550422:24.563070 46.550332:24.563014 46.550179:24.562939 46.550206:24.562742
9237,46.551240:24.562647 46.551224:24.562687 46.551092:24.563021
9238,46.551092:24.563021 46.551019:24.563197 46.550985:24.563318 46.550925:24.563406 46.550899:24.563437
9239,46.551314:24.565583 46.551303:24.565516 46.551289:24.565420 46.551314:24.565361 46.551413:24.565344
9240,46.551225:24.565156 46.551254:24.565305 46.551225:24.565374 46.551160:24.565401 46.551109:24.565421
9241,46.534039:24.564124 46.534006:24.564086 46.533895:24.563960 46.533879:24.563942
9242,46.533819:24.564127 46.533838:24.564151 46.533910:24.564243 46.533942:24.564284
9243,46.522873:24.516919 46.522892:24.516895 46.523180:24.516553 46.523498:24.516229 46.523619:24.516101 46.523630:24.516076
9244,46.523630:24.516076 46.523676:24.515973 46.523768:24.515795 46.523849:24.515702 46.523918:24.515642
9245,46.523918:24.515642 46.523933:24.515628 46.523973:24.515594 46.524193:24.515478 46.524269:24.515437
9246,46.523630:24.516076 46.523810:24.516165 46.523890:24.516231 46.523925:24.516254
9247,46.524269:24.515437 46.524250:24.515068 46.524245:24.514972
9248,46.523918:24.515642 46.523919:24.515532 46.523916:24.515345 46.523910:24.515293 46.523845:24.515183
9249,46.560642:24.577229 46.560818:24.577433
9250,46.559875:24.568403 46.559810:24.568173
9251,46.559810:24.568173 46.560010:24.568037 46.560078:24.567991
9252,46.559810:24.568173 46.559684:24.568256
9253,46.559810:24.568173 46.559757:24.568034
9254,46.559757:24.568034 46.559850:24.567954
9255,46.559757:24.568034 46.559657:24.568127
9256,46.527389:24.547207 46.527360:24.547236 46.527344:24.547252 46.527474:24.547491
9257,46.527474:24.547491 46.527558:24.547645 46.527772:24.547365
9258,46.527474:24.547491 46.527126:24.547960
9259,46.533923:24.550677 46.533972:24.550618 46.534106:24.550459 46.534491:24.551141
9260,46.557999:24.569208 46.557719:24.568855 46.557574:24.568640 46.557598:24.568517 46.557827:24.568128
9261,46.558572:24.569062 46.558428:24.569280
9262,46.558554:24.569034 46.558572:24.569062
9263,46.558572:24.569062 46.558732:24.569251
9264,46.558732:24.569251 46.559004:24.569615 46.559256:24.569879
9265,46.559256:24.569879 46.559273:24.570027 46.559259:24.570176 46.559226:24.570353 46.559023:24.570703
9266,46.559023:24.570703 46.558577:24.571440
9267,46.558577:24.571440 46.558409:24.571719
9268,46.558577:24.571440 46.557956:24.570711 46.557783:24.570492
9269,46.559256:24.569879 46.559300:24.569358 46.559345:24.568740 46.559298:24.568666 46.559289:24.568454
9270,46.559289:24.568454 46.559285:24.568368 46.559362:24.567980 46.559358:24.567830 46.558976:24.567507
9271,46.557780:24.568065 46.558162:24.567376
9272,46.558990:24.568239 46.559074:24.568208 46.559289:24.568454
9273,46.558728:24.567911 46.558939:24.567513 46.558976:24.567507
9274,46.533344:24.591032 46.533290:24.591187 46.533021:24.590986 46.533078:24.590816
9275,46.534636:24.592448 46.534533:24.592513 46.534444:24.592569 46.534594:24.593072
9276,46.534281:24.593751 46.534286:24.593769 46.534048:24.593921
9277,46.534756:24.594457 46.534829:24.594699
9278,46.534829:24.594699 46.534917:24.594988
9279,46.534917:24.594988 46.534952:24.595103 46.535082:24.595020 46.535047:24.594904
9280,46.535047:24.594904 46.534959:24.594615 46.534829:24.594699
9281,46.535433:24.595123 46.535412:24.595135
9282,46.535412:24.595135 46.535357:24.595164 46.535030:24.595372
9283,46.535030:24.595372 46.535116:24.595671
9284,46.535030:24.595372 46.534269:24.595817 46.534408:24.596244 46.535135:24.595727 46.535116:24.595671
9285,46.536007:24.597328 46.535845:24.597442 46.535710:24.597484
9286,46.535710:24.597484 46.535643:24.597504 46.534895:24.597990
9287,46.535710:24.597484 46.535699:24.597435 46.535565:24.597002
9288,46.536191:24.597410 46.536088:24.597466 46.535835:24.597638 46.535716:24.597613 46.535043:24.598071 46.535204:24.598601 46.535928:24.598107
9289,46.535928:24.598107 46.536045:24.598491 46.536260:24.598348 46.536406:24.598424
9290,46.536144:24.597893 46.535912:24.598056 46.535928:24.598107
9291,46.536491:24.598374 46.536415:24.598419 46.536406:24.598424
9292,46.536406:24.598424 46.536215:24.598574
9293,46.536215:24.598574 46.536241:24.598662 46.536277:24.598793
9294,46.535841:24.598831 46.535721:24.598453 46.535797:24.598409
9295,46.536360:24.599067 46.536595:24.599948
9296,46.537020:24.600018 46.536943:24.600069 46.536852:24.600130
9297,46.536852:24.600130 46.536690:24.600239 46.536622:24.600241 46.536490:24.600330 46.536482:24.600379 46.536583:24.600718
9298,46.536852:24.600130 46.536889:24.600239 46.536934:24.600322 46.536992:24.600320
9299,46.537278:24.600840 46.537202:24.600888 46.537151:24.600920
9300,46.537151:24.600920 46.536860:24.601102 46.536796:24.601056 46.536696:24.600813
9301,46.537151:24.600920 46.537035:24.600545
9302,46.536125:24.597202 46.536171:24.597171 46.536456:24.596980 46.536518:24.597186
9303,46.536518:24.597186 46.536232:24.597382 46.536191:24.597410
9304,46.536518:24.597186 46.536698:24.597754
9305,46.525508:24.570772 46.525448:24.570707 46.525369:24.570656 46.525239:24.570588 46.525153:24.570470
9306,46.544054:24.554003 46.544033:24.554003 46.543787:24.554004 46.543787:24.553871
9307,46.530386:24.531137 46.530312:24.531413 46.530180:24.531486 46.530093:24.531450 46.529921:24.530970
9308,46.530440:24.530150 46.530399:24.530192 46.530256:24.530339
9309,46.529864:24.530727 46.529833:24.530772 46.529845:24.530874 46.529829:24.530926 46.529662:24.531063
9310,46.530131:24.529521 46.530083:24.529571 46.529936:24.529719 46.529930:24.529899 46.529899:24.530081 46.529424:24.530464
9311,46.528848:24.526956 46.528800:24.526999 46.527855:24.527837
9312,46.528576:24.526415 46.528531:24.526457 46.527705:24.527230
9313,46.528340:24.525934 46.528295:24.525975 46.527423:24.526761
9314,46.527705:24.527230 46.527841:24.527536
9315,46.525795:24.520769 46.525749:24.520801 46.525446:24.521011 46.525148:24.521198 46.524720:24.521659 46.524177:24.522438 46.524151:24.522476
9316,46.525388:24.519955 46.525337:24.519981 46.525247:24.520028
9317,46.525247:24.520028 46.524890:24.520212 46.524930:24.520369
9318,46.525247:24.520028 46.525288:24.520174
9319,46.529049:24.527351 46.529072:24.527328 46.529133:24.527266
9320,46.529133:24.527266 46.528591:24.526173
9321,46.529133:24.527266 46.529154:24.527379 46.529461:24.527993
9322,46.529837:24.528929 46.529862:24.528906 46.529898:24.528873
9323,46.529898:24.528873 46.530083:24.529234
9324,46.529898:24.528873 46.529819:24.528715 46.529931:24.528602
9325,46.532475:24.532216 46.532370:24.532471 46.532465:24.532646 46.532214:24.532943 46.532173:24.532909 46.532120:24.532823
9326,46.532475:24.532216 46.532415:24.532083 46.532347:24.531997 46.532256:24.531889 46.532137:24.531772 46.531938:24.531571 46.531846:24.531500 46.531706:24.531419 46.531666:24.531383 46.531631:24.531342 46.531586:24.531271 46.531297:24.530526 46.531266:24.530447 46.531202:24.530235 46.531100:24.529905 46.530972:24.529539 46.530876:24.529270 46.530843:24.529158 46.530849:24.529080 46.530863:24.529031 46.530904:24.528964 46.530954:24.528901 46.530984:24.528852 46.531001:24.528802 46.531005:24.528778 46.531004:24.528753 46.531000:24.528730 46.530988:24.528699 46.530848:24.528309 46.530404:24.526988 46.530033:24.525941 46.529711:24.524997 46.529454:24.524283
9327,46.529454:24.524283 46.528556:24.524946
9328,46.529454:24.524283 46.529193:24.523598 46.528997:24.523037 46.528907:24.522767 46.528861:24.522700 46.528812:24.522681 46.528463:24.522936 46.527951:24.523303 46.527898:24.523285 46.527853:24.523232 46.527823:24.523146 46.527709:24.522427
9329,46.532271:24.533254 46.532299:24.533220 46.532749:24.532684 46.532905:24.532943 46.532659:24.533262
9330,46.532659:24.533262 46.532478:24.533498 46.532451:24.533534
9331,46.532659:24.533262 46.533010:24.533799
9332,46.533010:24.533799 46.533301:24.533420
9333,46.533010:24.533799 46.533064:24.534085 46.533330:24.534506
9334,46.533464:24.535148 46.533510:24.535093 46.533714:24.534839
9335,46.533714:24.534839 46.533915:24.534587 46.534336:24.535268 46.534389:24.535186 46.534604:24.535529
9336,46.535436:24.536802 46.535708:24.536394
9337,46.535692:24.538262 46.535912:24.537981 46.536118:24.538379 46.536201:24.538540
9338,46.535822:24.538841 46.535883:24.538825 46.536439:24.538640
9339,46.536439:24.538640 46.536539:24.538635
9340,46.536539:24.538635 46.536586:24.538695 46.536622:24.538757 46.536645:24.538853
9341,46.536645:24.538853 46.536695:24.539057 46.536779:24.539357 46.536971:24.539852 46.537046:24.540004 46.537136:24.540053 46.537181:24.540078
9342,46.536539:24.538635 46.536528:24.538544 46.536629:24.538479 46.536654:24.538463
9343,46.536654:24.538463 46.536831:24.538354
9344,46.536831:24.538354 46.536867:24.538332 46.536900:24.538277
9345,46.536900:24.538277 46.536949:24.538199 46.537045:24.538132
9346,46.536900:24.538277 46.537037:24.538587 46.536952:24.538664
9347,46.536952:24.538664 46.536789:24.538812
9348,46.536789:24.538812 46.536754:24.538844
9349,46.536754:24.538844 46.536686:24.538841 46.536645:24.538853
9350,46.536831:24.538354 46.536952:24.538664
9351,46.536654:24.538463 46.536789:24.538812
9352,46.536754:24.538844 46.536768:24.538971 46.536793:24.539018
9353,46.536793:24.539018 46.536855:24.539089 46.536918:24.539189 46.536986:24.539348
9354,46.536041:24.539183 46.536104:24.539174 46.536164:24.539146
9355,46.536327:24.539071 46.536335:24.539093 46.536369:24.539076 46.536426:24.539309 46.536649:24.539195 46.536541:24.538750
9356,46.537910:24.540816 46.537620:24.540420 46.537615:24.540378 46.537626:24.540340 46.537799:24.540097
9357,46.537799:24.540097 46.537801:24.540015 46.537786:24.539910 46.537657:24.539704 46.537598:24.539601
9358,46.537832:24.540938 46.537910:24.540816
9359,46.537910:24.540816 46.538222:24.541219 46.538255:24.541217 46.538449:24.540920 46.538447:24.540860 46.538296:24.540668 46.538266:24.540654 46.538241:24.540657 46.538207:24.540642 46.538107:24.540512
9360,46.538107:24.540512 46.537799:24.540097
9361,46.537910:24.540816 46.538107:24.540512
9362,46.536443:24.555520 46.536461:24.555545 46.536482:24.555574 46.536510:24.555672 46.536585:24.555839 46.536605:24.555947 46.536600:24.556006 46.536579:24.556043
9363,46.539570:24.582283 46.539590:24.582284 46.539653:24.582285
9364,46.539653:24.582285 46.539652:24.582529
9365,46.539653:24.582285 46.539689:24.582241 46.539742:24.582238
9366,46.539126:24.578317 46.539147:24.578311 46.539307:24.578265 46.539302:24.578204
9367,46.539172:24.578738 46.539131:24.578744 46.538974:24.578769 46.538941:24.578833 46.538884:24.578845
9368,46.541029:24.558755 46.540970:24.558785 46.540920:24.558768 46.540825:24.558736
9369,46.541003:24.559441 46.540920:24.559343 46.540917:24.559264 46.540921:24.559131 46.540878:24.559061 46.540815:24.559010 46.540743:24.559018 46.540677:24.559036 46.540644:24.559107 46.540646:24.559217
9370,46.541421:24.559716 46.541396:24.559723 46.541348:24.559735 46.541266:24.559702 46.541224:24.559648
9371,46.541224:24.559648 46.541103:24.559491
9372,46.541103:24.559491 46.541077:24.559458
9373,46.541224:24.559648 46.541013:24.559954
9374,46.541103:24.559491 46.540903:24.559780
9375,46.543174:24.562462 46.543180:24.562453 46.543296:24.562293 46.543537:24.561962
9376,46.553086:24.559891 46.553216:24.559870 46.553259:24.560185
9377,46.553106:24.560262 46.553086:24.559891
9378,46.553086:24.559891 46.553112:24.559334 46.553170:24.559112 46.553284:24.559153 46.553446:24.559213
9379,46.553446:24.559213 46.553442:24.559406 46.553391:24.559805 46.553402:24.559949
9380,46.553446:24.559213 46.553435:24.559097 46.553299:24.558840
9381,46.553289:24.561323 46.553308:24.561312 46.553357:24.561287 46.553545:24.561236
9382,46.553545:24.561236 46.553564:24.561231
9383,46.553941:24.561719 46.554161:24.561503 46.553960:24.561133
9384,46.553960:24.561133 46.553767:24.561184
9385,46.553767:24.561184 46.553564:24.561231
9386,46.553960:24.561133 46.554193:24.560863
9387,46.553545:24.561236 46.553490:24.560875
9388,46.553490:24.560875 46.553470:24.560744 46.553417:24.560252 46.553598:24.560176 46.553945:24.560049 46.554071:24.560019 46.554153:24.560142 46.554235:24.560360 46.554235:24.560563 46.554233:24.560655
9389,46.554233:24.560655 46.554232:24.560796 46.554260:24.560850 46.554352:24.560817 46.554396:24.560759 46.554451:24.560817 46.554505:24.560867 46.554572:24.560845
9390,46.553490:24.560875 46.554233:24.560655
9391,46.545673:24.571323 46.545688:24.571303 46.545743:24.571227 46.545840:24.571068 46.545974:24.570906 46.546045:24.570851
9392,46.540609:24.563132 46.540617:24.563123 46.540744:24.563000
9393,46.540533:24.562956 46.540542:24.562948 46.540666:24.562829
9394,46.523472:24.532156 46.523484:24.532240 46.523479:24.532287 46.523531:24.532393
9395,46.536497:24.540642 46.536474:24.540595 46.536332:24.540327
9396,46.535543:24.541754 46.535521:24.541705 46.535375:24.541384
9397,46.535375:24.541384 46.535136:24.540855
9398,46.535136:24.540855 46.535069:24.540707 46.535021:24.540602
9399,46.535021:24.540602 46.534970:24.540488 46.534898:24.540330
9400,46.534898:24.540330 46.534854:24.540232 46.534777:24.540061
9401,46.534777:24.540061 46.534604:24.539640 46.534363:24.539056
9402,46.534363:24.539056 46.534101:24.538428
9403,46.534817:24.542599 46.534793:24.542543 46.534683:24.542283 46.534652:24.542212
9404,46.534652:24.542212 46.534255:24.541276
9405,46.534255:24.541276 46.534146:24.541020
9406,46.534146:24.541020 46.534032:24.540751
9407,46.534032:24.540751 46.534015:24.540711 46.533918:24.540483
9408,46.533918:24.540483 46.533676:24.539912
9409,46.533676:24.539912 46.533583:24.539693
9410,46.533583:24.539693 46.533509:24.539521
9411,46.533752:24.541374 46.533556:24.541552
9412,46.533556:24.541552 46.533375:24.541717
9413,46.532937:24.540582 46.532883:24.540485 46.532801:24.540396 46.532714:24.540384 46.532608:24.540436 46.531980:24.540986
9414,46.531980:24.540986 46.531863:24.541093 46.531826:24.541125
9415,46.557370:24.536033 46.556918:24.535601
9416,46.543368:24.539611 46.543375:24.539565 46.543418:24.539270
9417,46.544086:24.539828 46.544092:24.539788 46.544099:24.539743
9418,46.541171:24.538776 46.541237:24.538823
9419,46.539454:24.542680 46.539288:24.542431 46.539210:24.542532
9420,46.539710:24.542450 46.539692:24.542422 46.539681:24.542404 46.539642:24.542343
9421,46.550472:24.554345 46.550458:24.554378 46.550446:24.554400 46.550418:24.554458
9422,46.555709:24.553858 46.555774:24.553765
9423,46.555428:24.553320 46.555508:24.553252
9424,46.549016:24.560613 46.548980:24.560653
9425,46.548980:24.560653 46.548947:24.560692 46.548934:24.560706
9426,46.551837:24.574383 46.551863:24.574297 46.551870:24.574273
9427,46.551355:24.573973 46.551348:24.574000 46.551328:24.574079
9428,46.539317:24.598589 46.539322:24.598678 46.539350:24.598880
9429,46.539350:24.598880 46.539403:24.599268
9430,46.538072:24.598535 46.538111:24.598686
9431,46.531036:24.580061 46.530952:24.580053
9432,46.528897:24.556163 46.528831:24.556084
9433,46.565603:24.575042 46.564087:24.577187 46.564064:24.577221 46.564058:24.577248
9434,46.536624:24.608517 46.536572:24.608452 46.536541:24.608471 46.536505:24.608557 46.536525:24.608587 46.536572:24.608619 46.536620:24.608617 46.536665:24.608557
9435,46.537052:24.609043 46.536825:24.608804
9436,46.536825:24.608804 46.536754:24.608729 46.536689:24.608853
9437,46.536825:24.608804 46.536759:24.608919
9438,46.538236:24.610594 46.538120:24.610797
9439,46.538120:24.610797 46.537758:24.610381 46.537784:24.610314
9440,46.538120:24.610797 46.538105:24.610829 46.538512:24.611257
9441,46.538561:24.611183 46.538512:24.611257
9442,46.538512:24.611257 46.538500:24.611275 46.538492:24.611401 46.538489:24.611537 46.538502:24.611698 46.538482:24.611808 46.538412:24.611892
9443,46.550341:24.547600 46.550398:24.547648 46.550479:24.547717
9444,46.550744:24.547584 46.550825:24.547373
9445,46.550481:24.546499 46.550593:24.546503 46.550528:24.546701
9446,46.544095:24.534017 46.544203:24.533802
9447,46.543352:24.533155 46.543387:24.533237 46.543436:24.533352 46.543405:24.533401 46.543507:24.533560 46.543583:24.533562 46.543630:24.533651 46.543609:24.533724
9448,46.544949:24.535615 46.545083:24.535871 46.544887:24.536105
9449,46.544949:24.535615 46.544907:24.535566 46.544890:24.535572 46.544846:24.535586
9450,46.545737:24.537460 46.545571:24.537712 46.545515:24.537695 46.545481:24.537645
9451,46.546932:24.538987 46.546900:24.539027 46.546783:24.539176 46.546819:24.539496 46.546852:24.539793 46.546879:24.540163 46.546892:24.540339
9452,46.538111:24.586077 46.538120:24.586086 46.538319:24.586300
9453,46.539304:24.585181 46.539168:24.585813
9454,46.528174:24.551937 46.528205:24.552014 46.528241:24.552061 46.528272:24.552070 46.528311:24.552073
9455,46.522640:24.538057 46.522708:24.537990 46.522818:24.537866
9456,46.522818:24.537866 46.523031:24.537628 46.523326:24.537319 46.523419:24.537210
9457,46.523419:24.537210 46.523544:24.537065 46.523446:24.536875 46.523311:24.536612 46.523269:24.536530
9458,46.521596:24.536836 46.521634:24.536798 46.521713:24.536720
9459,46.521323:24.534921 46.521223:24.534852 46.521094:24.534715 46.520955:24.534730 46.520916:24.534546
9460,46.520474:24.532142 46.520586:24.532607
9461,46.520586:24.532607 46.520804:24.532401 46.520864:24.532533 46.520619:24.532800
9462,46.520619:24.532800 46.520603:24.532738 46.520586:24.532672 46.520586:24.532607
9463,46.520619:24.532800 46.520896:24.533337 46.520917:24.533376
9464,46.520080:24.532609 46.520254:24.532935 46.520377:24.533165 46.520212:24.533358
9465,46.521209:24.536064 46.521175:24.536099 46.521053:24.536221 46.521013:24.536261
9466,46.521295:24.536234 46.521257:24.536271 46.521066:24.536453
9467,46.521609:24.536863 46.521574:24.536897 46.521158:24.537302 46.521061:24.537308 46.521047:24.537264 46.521021:24.537180
9468,46.545995:24.554936 46.546013:24.554973 46.546036:24.555008 46.546074:24.555042 46.546319:24.555293 46.546012:24.555985
9469,46.546012:24.555985 46.546133:24.556105 46.546187:24.555976
9470,46.546187:24.555976 46.546408:24.555449 46.546456:24.555501 46.546511:24.555364
9471,46.546187:24.555976 46.546435:24.556203
9472,46.545689:24.555742 46.545717:24.555766 46.545790:24.555830
9473,46.534512:24.576293 46.534505:24.576191 46.534660:24.576180
9474,46.534523:24.576414 46.534514:24.576313 46.534512:24.576293
9475,46.566461:24.536385 46.566430:24.536358 46.566398:24.536330 46.566005:24.535986
9476,46.566005:24.535986 46.565637:24.535666
9477,46.565637:24.535666 46.565252:24.535333
9478,46.564974:24.535113 46.565110:24.534780 46.565211:24.534872
9479,46.537898:24.560696 46.537884:24.560699 46.537680:24.560524
9480,46.537680:24.560524 46.537520:24.560388
9481,46.537811:24.560222 46.537680:24.560524
9482,46.525301:24.553511 46.525301:24.553471 46.525302:24.553327 46.525337:24.553216 46.525439:24.553171 46.525505:24.553166
9483,46.539867:24.580091 46.539886:24.580087 46.540086:24.580046 46.540096:24.579876 46.540085:24.579635 46.540039:24.579390
9484,46.540014:24.579121 46.540012:24.579073 46.540012:24.578792 46.540130:24.578702
9485,46.540039:24.579390 46.540025:24.579313 46.540014:24.579121
9486,46.546261:24.549993 46.545792:24.550218
9487,46.557536:24.581396 46.557516:24.581367 46.557240:24.580946
9488,46.557564:24.581441 46.557818:24.581035
9489,46.554265:24.578122 46.554398:24.578027 46.554426:24.577864 46.553978:24.577365 46.553903:24.577386 46.553892:24.577458 46.553865:24.577635
9490,46.553917:24.576794 46.553736:24.576571
9491,46.553991:24.576657 46.554273:24.577029 46.554518:24.577337 46.554674:24.577560 46.554717:24.577669 46.554667:24.577790 46.554550:24.577896 46.554488:24.577997 46.554437:24.578093
9492,46.553022:24.577040 46.553066:24.576968 46.553476:24.576291 46.553583:24.576107
9493,46.554747:24.580376 46.555012:24.580785 46.555078:24.580852 46.555318:24.581101 46.555624:24.581266
9494,46.554780:24.581931 46.554631:24.582216
9495,46.554344:24.583209 46.554386:24.583083 46.554581:24.582504
9496,46.555557:24.582352 46.555600:24.582627 46.555639:24.582505
9497,46.511997:24.511353 46.512004:24.511226 46.512029:24.510905
9498,46.512029:24.510905 46.512071:24.510653 46.511888:24.510248 46.511818:24.510228 46.511662:24.510386
9499,46.511662:24.510386 46.511622:24.510417 46.511567:24.510408 46.511516:24.510389
9500,46.512029:24.510905 46.511888:24.510584 46.511781:24.510587 46.511662:24.510386
9501,46.514177:24.515748 46.514234:24.515694 46.514485:24.515402 46.514392:24.515232 46.514208:24.515431
9502,46.515075:24.517556 46.515092:24.517494 46.515121:24.517393
9503,46.515121:24.517393 46.515304:24.517102 46.515340:24.516990 46.515165:24.516657 46.514773:24.516747
9504,46.514773:24.516747 46.514735:24.516731 46.514656:24.516692
9505,46.515121:24.517393 46.515078:24.517302
9506,46.515078:24.517302 46.514840:24.516799
9507,46.514840:24.516799 46.514773:24.516747
9508,46.515078:24.517302 46.515096:24.517104 46.514984:24.516882 46.514840:24.516799
9509,46.515606:24.517338 46.515833:24.517744 46.516200:24.518490
9510,46.515988:24.519401 46.516022:24.519374 46.516463:24.519023
9511,46.516213:24.519835 46.516239:24.519810 46.516516:24.519539 46.516475:24.519452 46.516625:24.519342
9512,46.520633:24.528760 46.520654:24.528668 46.520701:24.528471
9513,46.520701:24.528471 46.520635:24.528329
9514,46.520635:24.528329 46.520480:24.528322 46.520416:24.528319
9515,46.520701:24.528471 46.520726:24.528424
9516,46.520726:24.528424 46.520761:24.528357 46.520718:24.528272 46.520635:24.528329
9517,46.520701:24.528471 46.520985:24.528550 46.521013:24.528497 46.520979:24.528438 46.520891:24.528463 46.520726:24.528424
9518,46.524340:24.536214 46.524387:24.536161 46.524427:24.536116
9519,46.524427:24.536116 46.524671:24.535841
9520,46.524427:24.536116 46.524357:24.535977
9521,46.527814:24.543752 46.527859:24.543708 46.528085:24.543492
9522,46.535641:24.554235 46.535793:24.554437 46.535925:24.554228 46.535858:24.554141
9523,46.535999:24.553971 46.536222:24.553619
9524,46.536115:24.554115 46.536324:24.553768
9525,46.536222:24.554246 46.536425:24.553939 46.536599:24.553911
9526,46.536118:24.554451 46.535988:24.554672 46.536153:24.554903
9527,46.538184:24.557977 46.538200:24.557927 46.538334:24.557519
9528,46.527667:24.543620 46.527608:24.543680 46.527495:24.543792 46.527760:24.544361
9529,46.527760:24.544361 46.527867:24.544247 46.527924:24.544190
9530,46.527760:24.544361 46.527728:24.544442 46.527632:24.544687
9531,46.543614:24.556729 46.543643:24.556755 46.543732:24.556832 46.543684:24.556958
9532,46.552256:24.578408 46.551936:24.579003
9533,46.551936:24.579003 46.551896:24.579080 46.552034:24.579223
9534,46.533486:24.550235 46.533510:24.550324 46.533518:24.550403 46.533499:24.550531
9535,46.540866:24.565095 46.540882:24.565085 46.541029:24.564991 46.541109:24.565003 46.541137:24.565048
9536,46.541137:24.565048 46.541332:24.565370 46.541393:24.565524 46.541449:24.565689
9537,46.532351:24.542350 46.532302:24.542392 46.532162:24.542513
9538,46.532123:24.542547 46.532194:24.542851 46.532265:24.543054
9539,46.532265:24.543054 46.532313:24.543194 46.532398:24.543384
9540,46.532398:24.543384 46.532639:24.543927 46.532534:24.544070 46.532429:24.543820
9541,46.532429:24.543820 46.532401:24.543753 46.532400:24.543722
9542,46.532400:24.543722 46.532398:24.543548 46.532398:24.543384
9543,46.532265:24.543054 46.532216:24.543160 46.532223:24.543274 46.532313:24.543504 46.532400:24.543722
9544,46.531825:24.542811 46.531838:24.543014 46.531911:24.543373 46.532008:24.543660 46.532245:24.543868 46.532429:24.543820
9545,46.528380:24.544013 46.528401:24.544057 46.528459:24.544179
9546,46.528459:24.544179 46.528502:24.544269 46.528606:24.544160 46.528629:24.544136
9547,46.528327:24.544068 46.528347:24.544110 46.528407:24.544235
9548,46.528407:24.544235 46.528362:24.544284
9549,46.528362:24.544284 46.528298:24.544159 46.528277:24.544118
9550,46.528362:24.544284 46.528314:24.544335 46.528249:24.544207 46.528229:24.544168
9551,46.528407:24.544235 46.528459:24.544179
9552,46.558445:24.534482 46.558282:24.534189 46.558198:24.534002 46.558114:24.533840 46.558019:24.533738 46.557851:24.533585 46.557707:24.533534 46.557578:24.533446 46.557467:24.533307 46.557467:24.533236 46.557590:24.532978
9553,46.559023:24.535786 46.559782:24.534295
9554,46.560365:24.536818 46.559849:24.538037
9555,46.513165:24.524820 46.512997:24.524548 46.512875:24.524556
9556,46.512875:24.524556 46.512726:24.524711 46.512679:24.524749
9557,46.512875:24.524556 46.512534:24.523883 46.512485:24.523728 46.512158:24.523077 46.512020:24.522941 46.511924:24.523009 46.511868:24.523104 46.511835:24.523226 46.511826:24.523308
9558,46.513054:24.524309 46.513195:24.524155 46.513198:24.523994 46.513202:24.523921 46.512931:24.523408 46.512836:24.523376 46.512793:24.523335 46.512675:24.523432
9559,46.512938:24.521640 46.513147:24.521330 46.513013:24.521143
9560,46.513013:24.521143 46.512965:24.521077 46.512909:24.521001
9561,46.512909:24.521001 46.512844:24.520912 46.512605:24.520660 46.512368:24.520700 46.512346:24.520723
9562,46.512346:24.520723 46.512234:24.520839 46.512076:24.521029 46.512073:24.521128 46.512116:24.521271 46.512133:24.521292
9563,46.512133:24.521292 46.512226:24.521407
9564,46.512226:24.521407 46.512250:24.521436
9565,46.512250:24.521436 46.512295:24.521491 46.512308:24.521530
9566,46.512308:24.521530 46.512349:24.521652
9567,46.512349:24.521652 46.512406:24.521820 46.512444:24.521936
9568,46.512444:24.521936 46.512547:24.522249 46.512624:24.522453
9569,46.512909:24.521001 46.512731:24.521176 46.512552:24.521304 46.512510:24.521328
9570,46.512510:24.521328 46.512360:24.521414 46.512250:24.521436
9571,46.512250:24.521436 46.512325:24.521271 46.512376:24.521029 46.512373:24.520927 46.512346:24.520723
9572,46.512510:24.521328 46.512592:24.521564 46.512711:24.521527 46.512895:24.521373 46.513013:24.521143
9573,46.512133:24.521292 46.512037:24.521439 46.511848:24.521545 46.511686:24.521708 46.511707:24.521847 46.511739:24.521907
9574,46.511739:24.521907 46.511749:24.521925 46.511753:24.521982 46.511809:24.522058
9575,46.511809:24.522058 46.511809:24.522127 46.511833:24.522203 46.511868:24.522234
9576,46.511868:24.522234 46.511872:24.522279 46.511894:24.522310 46.511937:24.522307 46.511983:24.522253 46.512137:24.522127 46.512256:24.522011 46.512350:24.521970 46.512444:24.521936
9577,46.511739:24.521907 46.511853:24.521799 46.512022:24.521635 46.512226:24.521407
9578,46.511809:24.522058 46.511903:24.521985 46.512055:24.521812 46.512308:24.521530
9579,46.511868:24.522234 46.511923:24.522171 46.512022:24.522043 46.512166:24.521883 46.512349:24.521652
9580,46.515213:24.522628 46.515235:24.522664 46.515726:24.522068 46.515580:24.521816 46.516303:24.520908 46.516497:24.520677 46.516536:24.520632
9581,46.541476:24.561012 46.541592:24.561192 46.541729:24.560987
9582,46.546287:24.568252 46.546324:24.568228 46.546500:24.568115 46.546510:24.568065 46.546521:24.568031
9583,46.532920:24.547049 46.532941:24.547210 46.533066:24.547468 46.533366:24.548036 46.533846:24.548939
9584,46.536046:24.552072 46.536024:24.552110 46.535816:24.552438 46.536155:24.552703
9585,46.550908:24.578001 46.550588:24.577706
9586,46.550991:24.577709 46.550841:24.577593 46.550814:24.577542 46.550661:24.577436 46.550644:24.577475
9587,46.523792:24.518407 46.523838:24.518480 46.524031:24.518789 46.524117:24.518921 46.524197:24.518891 46.524223:24.518872
9588,46.524223:24.518872 46.524340:24.518783 46.524583:24.518462 46.524614:24.518420
9589,46.524707:24.518605 46.524675:24.518644 46.524364:24.519020 46.524281:24.518988 46.524223:24.518872
9590,46.521496:24.524406 46.521533:24.524451 46.521720:24.524673
9591,46.520797:24.526158 46.520843:24.526193 46.520886:24.526227 46.520933:24.526208
9592,46.520933:24.526208 46.520949:24.526149 46.520938:24.526060 46.520931:24.526046
9593,46.520933:24.526208 46.521153:24.526524 46.521277:24.526680
9594,46.522946:24.520418 46.522911:24.520391 46.522820:24.520320 46.522651:24.520189 46.522675:24.520117 46.522727:24.519963 46.522820:24.520043
9595,46.525356:24.515654 46.525151:24.515672 46.525159:24.516072 46.525268:24.516062
9596,46.525917:24.511809 46.525964:24.511918 46.525964:24.512308 46.525972:24.512976 46.525974:24.513130 46.525889:24.513195 46.525685:24.513200
9597,46.547863:24.572116 46.547835:24.572088 46.547802:24.572050 46.547466:24.571434
9598,46.547466:24.571434 46.547382:24.571278 46.547233:24.571001 46.547212:24.570964 46.547006:24.570582 46.546930:24.570382 46.546867:24.570174
9599,46.548008:24.572213 46.547914:24.572154 46.547863:24.572116
9600,46.517195:24.521791 46.517152:24.521702
9601,46.517152:24.521702 46.516766:24.520905 46.516623:24.520628
9602,46.516623:24.520628 46.516534:24.520456
9603,46.516534:24.520456 46.516354:24.520109 46.516213:24.519835
9604,46.516213:24.519835 46.515988:24.519401
9605,46.515988:24.519401 46.515929:24.519286 46.515757:24.518937
9606,46.517097:24.521760 46.517262:24.522084 46.517577:24.522713 46.517762:24.523090
9607,46.533273:24.544236 46.533261:24.544199
9608,46.533261:24.544199 46.533239:24.544171
9609,46.533239:24.544171 46.533214:24.544158 46.533189:24.544159
9610,46.533189:24.544159 46.533168:24.544170
9611,46.533168:24.544170 46.533149:24.544192 46.533136:24.544222
9612,46.533136:24.544222 46.533130:24.544261 46.533135:24.544300 46.533150:24.544334 46.533172:24.544357 46.533198:24.544367
9613,46.533198:24.544367 46.533225:24.544362 46.533249:24.544343
9614,46.533249:24.544343 46.533266:24.544313 46.533275:24.544276
9615,46.533275:24.544276 46.533273:24.544236
9616,46.539768:24.556474 46.539690:24.556384
9617,46.536751:24.552976 46.536643:24.552835 46.536615:24.552799 46.536602:24.552782 46.536565:24.552730
9618,46.536565:24.552730 46.536046:24.552072
9619,46.536046:24.552072 46.535839:24.551801
9620,46.535839:24.551801 46.535291:24.551083 46.535265:24.551048 46.535251:24.551030
9621,46.535251:24.551030 46.535230:24.551003 46.534661:24.550281 46.534609:24.550189 46.534570:24.550080 46.534540:24.549965 46.534473:24.549608 46.534461:24.549482 46.534462:24.549344
9622,46.522368:24.523643 46.522307:24.523695 46.522005:24.523953 46.522083:24.524346
9623,46.556063:24.546952 46.556050:24.546932 46.555814:24.546589 46.555706:24.546725 46.555961:24.547079 46.555975:24.547098
9624,46.516873:24.526946 46.516879:24.526981 46.516991:24.527645 46.517079:24.528282 46.517116:24.528531
9625,46.516418:24.527585 46.516430:24.527610 46.516475:24.527708 46.516521:24.527924 46.516547:24.528108 46.516554:24.528507 46.516537:24.529100
9626,46.516455:24.527486 46.516265:24.527458 46.516108:24.527535 46.516016:24.527790 46.515882:24.528158
9627,46.515882:24.528158 46.515776:24.528094 46.515716:24.527974 46.515730:24.527773 46.515689:24.527646
9628,46.515882:24.528158 46.515806:24.528510
9629,46.515360:24.528547 46.515409:24.528755 46.515515:24.528864 46.515582:24.528983 46.515645:24.529116 46.515691:24.529272 46.515751:24.529470
9630,46.547088:24.554030 46.547092:24.553936 46.547106:24.553556
9631,46.546140:24.554693 46.546318:24.554548 46.546605:24.554343 46.546644:24.554315 46.546669:24.554297 46.546995:24.554085
9632,46.520528:24.530617 46.520698:24.530901
9633,46.520532:24.531226 46.520673:24.531482
9634,46.520398:24.531800 46.520673:24.531482
9635,46.520673:24.531482 46.520760:24.531381 46.520811:24.531321
9636,46.520811:24.531321 46.520988:24.531115 46.521214:24.530853 46.521076:24.530602
9637,46.545362:24.568821 46.545328:24.568841 46.545309:24.568852 46.545141:24.568957
9638,46.526661:24.521906 46.526694:24.521892 46.527059:24.521741 46.527047:24.521671 46.527278:24.521573 46.527225:24.521236 46.527078:24.521292 46.527056:24.521200 46.526877:24.521282
9639,46.526516:24.521355 46.526547:24.521338 46.526901:24.521177 46.526881:24.521096
9640,46.537365:24.558286 46.537398:24.558251 46.537470:24.558178 46.537464:24.558028 46.537414:24.558026
9641,46.552056:24.544365 46.552074:24.544386 46.552097:24.544377 46.552434:24.544170 46.552469:24.544183 46.552490:24.544241 46.552761:24.544967
9642,46.551559:24.541967 46.551305:24.542016 46.551055:24.542084 46.550992:24.542068 46.550948:24.541985
9643,46.551459:24.541466 46.551150:24.541440
9644,46.551655:24.542451 46.551330:24.542603 46.551317:24.542565
9645,46.565276:24.532742 46.564891:24.533648
9646,46.564891:24.533648 46.565064:24.533819 46.565201:24.533503
9647,46.564891:24.533648 46.564799:24.533734 46.564737:24.533950 46.564706:24.534100
9648,46.562968:24.531821 46.562711:24.532318 46.562659:24.532486 46.562597:24.532727
9649,46.552744:24.574682 46.552687:24.574839
9650,46.552548:24.574531 46.552560:24.574492 46.552587:24.574412 46.552632:24.574281 46.552739:24.574357
9651,46.554024:24.575796 46.553868:24.576164
9652,46.543980:24.581485 46.544017:24.581472 46.544056:24.581432 46.544150:24.581335 46.544153:24.581311
9653,46.544153:24.581311 46.544179:24.581138 46.544190:24.581066
9654,46.544153:24.581311 46.544239:24.581342 46.544290:24.581406
9655,46.543523:24.579146 46.543546:24.579168 46.543638:24.579261 46.543728:24.579353
9656,46.541823:24.575885 46.541836:24.575878 46.541875:24.575855 46.542079:24.575737
9657,46.542079:24.575737 46.542139:24.575707 46.542178:24.575860
9658,46.554843:24.569267 46.554748:24.569090 46.554637:24.569194 46.554782:24.569483
9659,46.522869:24.536935 46.522959:24.536979 46.523419:24.537210
9660,46.522268:24.537554 46.522356:24.537605 46.522818:24.537866
9661,46.522640:24.538057 46.522553:24.538071 46.522471:24.538142 46.522301:24.538332
9662,46.522658:24.537153 46.522645:24.537126 46.522423:24.536682
9663,46.522423:24.536682 46.522734:24.536348
9664,46.522734:24.536348 46.522492:24.535879 46.522188:24.536200 46.522423:24.536682
9665,46.522658:24.537153 46.522508:24.537307
9666,46.522508:24.537307 46.522396:24.537422
9667,46.522396:24.537422 46.522268:24.537554
9668,46.522268:24.537554 46.522198:24.537627
9669,46.523255:24.536501 46.523039:24.536069
9670,46.523039:24.536069 46.522648:24.535287
9671,46.522396:24.537422 46.522383:24.537397 46.522076:24.536786
9672,46.522734:24.536348 46.522747:24.536373 46.523039:24.536069
9673,46.530366:24.550345 46.530293:24.550455 46.530131:24.550664
9674,46.530888:24.553016 46.531047:24.552742 46.531244:24.552995
9675,46.541489:24.556466 46.541470:24.556509 46.541320:24.556863 46.541148:24.556739 46.541116:24.556822
9676,46.542992:24.547982 46.543007:24.548008 46.543056:24.548090
9677,46.543056:24.548090 46.542928:24.548245 46.543182:24.548729
9678,46.543056:24.548090 46.543076:24.548065 46.543210:24.548305
9679,46.543210:24.548305 46.543355:24.548119
9680,46.543355:24.548119 46.543382:24.548085 46.543243:24.547839
9681,46.542953:24.548033 46.542935:24.547997 46.542824:24.547780 46.542851:24.547748 46.542555:24.547254
9682,46.543210:24.548305 46.543697:24.549287
9683,46.543355:24.548119 46.543914:24.549149
9684,46.525978:24.519030 46.525519:24.519400 46.525573:24.519560 46.525356:24.519702 46.525336:24.519652 46.525301:24.519685 46.525267:24.519717
9685,46.540994:24.571636 46.540996:24.571677 46.541001:24.571788 46.541028:24.572309
9686,46.547113:24.560065 46.547185:24.560029 46.547250:24.560062
9687,46.523881:24.546318 46.524148:24.546870
9688,46.524277:24.548225 46.524310:24.548186 46.524551:24.547944 46.524510:24.547866 46.525080:24.547269
9689,46.524559:24.548649 46.524581:24.548624 46.524732:24.548453 46.524636:24.548274 46.524480:24.548450 46.524453:24.548480
9690,46.526796:24.551479 46.526781:24.551384 46.526755:24.551218
9691,46.526755:24.551218 46.526713:24.551220
9692,46.526713:24.551220 46.526711:24.551175
9693,46.526711:24.551175 46.526710:24.551121
9694,46.526713:24.551220 46.526714:24.551285
9695,46.526710:24.551121 46.526611:24.551127
9696,46.526711:24.551175 46.526610:24.551181
9697,46.526713:24.551220 46.526609:24.551227
9698,46.526714:24.551285 46.526609:24.551291
9699,46.526611:24.551127 46.526610:24.551181
9700,46.526610:24.551181 46.526609:24.551210
9701,46.526609:24.551210 46.526609:24.551227
9702,46.526609:24.551227 46.526609:24.551291
9703,46.526609:24.551210 46.526516:24.551327 46.526499:24.551338 46.526447:24.551374
9704,46.523699:24.548200 46.523590:24.547853 46.523629:24.547794 46.523245:24.547314 46.523119:24.547506
9705,46.520566:24.546109 46.520734:24.546536 46.520869:24.546322 46.520932:24.546143
9706,46.520566:24.546109 46.520691:24.546032 46.521111:24.545690
9707,46.520062:24.546325 46.520076:24.546435
9708,46.520076:24.546435 46.520099:24.546626 46.520113:24.546837 46.520114:24.547123 46.520136:24.547241
9709,46.520076:24.546435 46.519958:24.546547 46.519999:24.546820
9710,46.521946:24.544373 46.521724:24.544604 46.521571:24.544929 46.521546:24.545208 46.521625:24.545391
9711,46.521434:24.546666 46.521243:24.546495 46.521074:24.546848 46.520963:24.547047 46.521174:24.547276 46.521188:24.547243
9712,46.521731:24.546945 46.521721:24.546724
9713,46.538151:24.566036 46.538143:24.566088 46.538087:24.566453 46.538040:24.566490
9714,46.538425:24.566072 46.538432:24.565992 46.538487:24.565397
9715,46.525876:24.571334 46.525850:24.571365 46.525663:24.571668 46.525481:24.572081 46.525329:24.572569 46.525273:24.572837 46.525219:24.573090 46.525220:24.573361 46.525260:24.573517
9716,46.525876:24.571334 46.525524:24.570797 46.525508:24.570772
9717,46.536753:24.578657 46.536988:24.578471
9718,46.538663:24.576358 46.538730:24.576333 46.538629:24.575411
9719,46.548509:24.561147 46.548503:24.561183 46.548435:24.561567
9720,46.548263:24.561069 46.548256:24.561101 46.548161:24.561550 46.548112:24.561674
9721,46.548112:24.561674 46.548061:24.561805
9722,46.548061:24.561805 46.548281:24.562014
9723,46.548061:24.561805 46.547728:24.561515
9724,46.548112:24.561674 46.547762:24.561415
9725,46.547885:24.560945 46.547875:24.560978 46.547834:24.561120
9726,46.549998:24.628008 46.550650:24.627589
9727,46.550650:24.627589 46.551225:24.627250
9728,46.538277:24.542790 46.538342:24.542708
9729,46.538342:24.542708 46.538376:24.542663 46.538406:24.542624
9730,46.535537:24.538460 46.535592:24.538388 46.535692:24.538262
9731,46.535477:24.537948 46.535391:24.538080 46.535338:24.538175
9732,46.530430:24.530659 46.530264:24.530829
9733,46.530256:24.530339 46.530074:24.530529
9734,46.523627:24.526868 46.523537:24.526958
9735,46.541893:24.544887 46.541929:24.544898 46.542006:24.544960
9736,46.577767:24.537184 46.577815:24.537133 46.577842:24.537099
9737,46.577842:24.537099 46.577861:24.537070 46.577921:24.536991 46.578039:24.536865 46.578088:24.536813
9738,46.578088:24.536813 46.578169:24.536731 46.578413:24.536493
9739,46.578413:24.536493 46.578618:24.536300 46.578931:24.536097
9740,46.578931:24.536097 46.579006:24.536048
9741,46.558201:24.551485 46.558340:24.551600
9742,46.558340:24.551600 46.558636:24.551847 46.558947:24.551628 46.558988:24.551320
9743,46.558340:24.551600 46.558627:24.551169 46.558507:24.551012 46.558478:24.551053
9744,46.536088:24.586652 46.536060:24.586624 46.536049:24.586612
9745,46.536336:24.585976 46.536355:24.585995 46.536380:24.586020
9746,46.537137:24.586166 46.536934:24.585980 46.536828:24.586233
9747,46.542063:24.558052 46.542026:24.558222
9748,46.546628:24.586794 46.546610:24.586758 46.546578:24.586684 46.546482:24.586328 46.546386:24.585968 46.546325:24.585679
9749,46.546325:24.585679 46.546307:24.585881 46.546337:24.586090 46.546454:24.586466 46.546574:24.586802 46.546653:24.586973
9750,46.546858:24.576170 46.546804:24.576508 46.546681:24.577199 46.546468:24.578141 46.546372:24.578466 46.546250:24.578844
9751,46.546250:24.578844 46.546045:24.579386
9752,46.546045:24.579386 46.545825:24.579959
9753,46.545825:24.579959 46.545564:24.580658 46.545497:24.580838 46.545469:24.580963 46.545465:24.581023 46.545470:24.581089 46.545494:24.581325 46.545561:24.581908
9754,46.545561:24.581908 46.545654:24.582746 46.545757:24.583509 46.545816:24.583712 46.545855:24.583836 46.546039:24.584388
9755,46.546039:24.584388 46.546143:24.584718 46.546180:24.584843 46.546208:24.584968 46.546272:24.585257 46.546325:24.585679
9756,46.549147:24.551940 46.549182:24.551998
9757,46.550386:24.576375 46.550391:24.576357 46.550397:24.576337 46.550829:24.574974 46.550836:24.574954 46.550854:24.574896
9758,46.541706:24.556459 46.541733:24.556380 46.541884:24.555965 46.542063:24.555480 46.542094:24.555387 46.542096:24.555371 46.542098:24.555351
9759,46.556095:24.571819 46.555862:24.571371 46.555843:24.571334 46.555642:24.570938
9760,46.530558:24.556064 46.530567:24.556005 46.530566:24.555919 46.530271:24.555548 46.530107:24.555359 46.530093:24.555352
9761,46.536173:24.558381 46.536185:24.558507 46.536195:24.558598 46.536228:24.558898
9762,46.526237:24.599897 46.526103:24.599819
9763,46.526103:24.599819 46.526039:24.599782
9764,46.526039:24.599782 46.526020:24.599771
9765,46.525850:24.599842 46.525892:24.599928
9766,46.525892:24.599928 46.525927:24.599999
9767,46.525927:24.599999 46.525951:24.600048 46.526001:24.600146
9768,46.526020:24.599771 46.525955:24.599732 46.525850:24.599842
9769,46.526039:24.599782 46.525892:24.599928
9770,46.526103:24.599819 46.525927:24.599999
9771,46.560130:24.578704 46.560259:24.578924 46.560281:24.578963
9772,46.560281:24.578963 46.560373:24.579129
9773,46.508583:24.531305 46.508613:24.531325 46.508789:24.531455 46.508814:24.531485 46.508821:24.531530 46.508771:24.531715
9774,46.510007:24.526042 46.510028:24.526066 46.510179:24.526204
9775,46.510179:24.526204 46.510214:24.526243
9776,46.510179:24.526204 46.510244:24.526101
9777,46.509503:24.527295 46.509481:24.527280 46.509391:24.527216 46.509504:24.526872
9778,46.523277:24.533892 46.523256:24.533914 46.523212:24.533958
9779,46.531859:24.534965 46.532327:24.535721
9780,46.532327:24.535721 46.532532:24.535439 46.532065:24.534699
9781,46.532034:24.536124 46.532327:24.535721
9782,46.531724:24.535276 46.531359:24.534669 46.531341:24.534639
9783,46.532065:24.534699 46.531641:24.534002
9784,46.531641:24.534002 46.531443:24.534281
9785,46.531443:24.534281 46.531426:24.534307
9786,46.531426:24.534307 46.531852:24.534974
9787,46.531426:24.534307 46.531354:24.534438
9788,46.531641:24.534002 46.531746:24.533866
9789,46.561785:24.540663 46.561784:24.540731 46.561781:24.540831 46.561773:24.541349 46.561765:24.541751 46.561765:24.541906 46.561766:24.542072
9790,46.529340:24.545626 46.529333:24.545611 46.528629:24.544136
9791,46.528629:24.544136 46.528533:24.543935 46.528508:24.543883
9792,46.543381:24.574887 46.543399:24.574879 46.543410:24.574874 46.543421:24.574869 46.544092:24.574576 46.544114:24.574567 46.544149:24.574552
9793,46.543387:24.574914 46.543507:24.575445 46.543592:24.575816
9794,46.543778:24.576573 46.543839:24.576811
9795,46.527509:24.576263 46.527143:24.576288 46.526556:24.576222
9796,46.543381:24.574887 46.543387:24.574914
9797,46.553486:24.544741 46.553444:24.544736 46.553384:24.544730 46.552862:24.544911 46.552793:24.544943 46.552761:24.544967
9798,46.552761:24.544967 46.552725:24.544995
9799,46.552725:24.544995 46.552710:24.545007 46.552335:24.545285 46.552319:24.545321 46.552321:24.545342
9800,46.531775:24.588966 46.531827:24.588794 46.531853:24.588705 46.531894:24.588585 46.532040:24.588147 46.532120:24.587911
9801,46.532120:24.587911 46.532127:24.587888 46.532230:24.587584 46.532241:24.587553 46.531803:24.587261 46.531725:24.587241 46.531687:24.587270 46.531635:24.587381 46.531512:24.587729
9802,46.531512:24.587729 46.531441:24.587929 46.531396:24.588054
9803,46.531396:24.588054 46.531295:24.588337 46.531285:24.588365
9804,46.531285:24.588365 46.531273:24.588398 46.531254:24.588449 46.531214:24.588591
9805,46.532120:24.587911 46.531948:24.587795
9806,46.531948:24.587795 46.531807:24.588196
9807,46.531948:24.587795 46.531998:24.587653
9808,46.531512:24.587729 46.531239:24.587564 46.531324:24.587298
9809,46.531396:24.588054 46.531073:24.587815
9810,46.531285:24.588365 46.531017:24.588214 46.530982:24.588161 46.531000:24.588067 46.531048:24.587934
9811,46.530281:24.589515 46.530279:24.589564 46.530134:24.589983 46.530124:24.590070 46.530142:24.590145 46.530165:24.590190 46.530193:24.590224 46.530287:24.590285 46.530292:24.590289 46.530372:24.590335
9812,46.530431:24.589095 46.530502:24.589150 46.530658:24.589271 46.530737:24.589332
9813,46.530091:24.587654 46.530657:24.587978 46.530725:24.588170 46.530752:24.588255
9814,46.530638:24.589602 46.530649:24.589630 46.530684:24.589724 46.530761:24.589925
9815,46.531606:24.589454 46.531530:24.589661
9816,46.531784:24.588972 46.531752:24.589058 46.531683:24.589244
9817,46.531683:24.589244 46.531606:24.589454
9818,46.531530:24.589661 46.531465:24.589837
9819,46.531173:24.588674 46.531161:24.588752 46.531129:24.588942 46.531042:24.589186
9820,46.531042:24.589186 46.530967:24.589394
9821,46.531524:24.588778 46.531489:24.588873 46.531428:24.589040
9822,46.531352:24.589251 46.531288:24.589427
9823,46.531428:24.589040 46.531352:24.589251
9824,46.547321:24.559054 46.547292:24.559157 46.547287:24.559175 46.547278:24.559281 46.547279:24.559302 46.547280:24.559372
9825,46.547361:24.559320 46.547321:24.559054
9826,46.547766:24.556472 46.547815:24.556472 46.547869:24.556468 46.548230:24.556453 46.548228:24.556361 46.548226:24.556259
9827,46.548226:24.556259 46.547870:24.556274 46.547818:24.556280 46.547764:24.556278
9828,46.548226:24.556259 46.548269:24.556223 46.548573:24.556203
9829,46.537630:24.584435 46.537619:24.584252 46.537617:24.584221 46.537598:24.583872 46.537597:24.583849
9830,46.537597:24.583849 46.537573:24.583207
9831,46.537573:24.583207 46.537554:24.582990 46.537530:24.582898 46.537510:24.582864
9832,46.537510:24.582864 46.537345:24.582582 46.537328:24.582554
9833,46.537328:24.582554 46.537289:24.582487 46.537218:24.582454 46.537195:24.582439
9834,46.537195:24.582439 46.537145:24.582429 46.537076:24.582488 46.536927:24.582683
9835,46.536927:24.582683 46.536640:24.583056 46.536557:24.583166
9836,46.536070:24.583804 46.535955:24.583955 46.535922:24.583999 46.535842:24.584111
9837,46.536557:24.583166 46.536352:24.583435
9838,46.536352:24.583435 46.536070:24.583804
9839,46.536779:24.583889 46.537118:24.583856 46.537326:24.583839
9840,46.537326:24.583839 46.537345:24.583837 46.537347:24.583872 46.537532:24.583855 46.537597:24.583849
9841,46.536564:24.583824 46.536529:24.583980
9842,46.536529:24.583980 46.536531:24.584067 46.537330:24.583974 46.537326:24.583839
9843,46.536529:24.583980 46.536317:24.584037
9844,46.536352:24.583435 46.536395:24.583515 46.536564:24.583824
9845,46.536564:24.583824 46.536609:24.583905 46.536702:24.583896 46.536779:24.583889
9846,46.536927:24.582683 46.536976:24.582756 46.537168:24.583042
9847,46.537328:24.582554 46.537335:24.582545 46.537402:24.582467
9848,46.537402:24.582467 46.537550:24.582294 46.537651:24.582157
9849,46.537651:24.582157 46.537797:24.581959 46.538092:24.581558 46.538104:24.581542
9850,46.538104:24.581542 46.538104:24.581413 46.537995:24.581411
9851,46.538104:24.581542 46.538133:24.581808 46.538096:24.581910 46.537929:24.582118
9852,46.537543:24.581990 46.537651:24.582157
9853,46.537510:24.582864 46.537518:24.582854 46.537588:24.582763 46.537402:24.582467
9854,46.526970:24.571898 46.526963:24.571865 46.526960:24.571855 46.526795:24.571256
9855,46.526795:24.571256 46.527064:24.571116
9856,46.526795:24.571256 46.526559:24.571381 46.526518:24.571406
9857,46.547091:24.560043 46.547173:24.559877 46.546970:24.559707
9858,46.546620:24.559710 46.546793:24.559900
9859,46.547049:24.560233 46.547095:24.560470 46.546903:24.560795
9860,46.550328:24.570382 46.550320:24.570355 46.550310:24.570320 46.550135:24.569732 46.550129:24.569712 46.550123:24.569691
9861,46.541938:24.551638 46.541917:24.551593 46.541910:24.551577 46.541308:24.550268 46.541299:24.550250 46.541291:24.550232
9862,46.544996:24.566996 46.545012:24.566977 46.545339:24.566567 46.545684:24.566100 46.545702:24.566078 46.545714:24.566063 46.545768:24.565998
9863,46.544086:24.555632 46.544124:24.555675 46.544181:24.555741
9864,46.544181:24.555741 46.544163:24.555644 46.544150:24.555574
9865,46.544215:24.555778 46.544240:24.555772 46.544376:24.555750 46.544514:24.555710 46.544552:24.555717 46.544622:24.555729 46.544741:24.555816
9866,46.532183:24.580210 46.532218:24.580208 46.532441:24.580195 46.532444:24.580291 46.532446:24.580406
9867,46.532446:24.580406 46.532466:24.580496 46.532528:24.580552
9868,46.532528:24.580552 46.532549:24.580551
9869,46.532549:24.580551 46.532752:24.580538
9870,46.532549:24.580551 46.532525:24.580087
9871,46.531880:24.577414 46.531858:24.577434 46.531825:24.577464 46.531858:24.577882 46.531956:24.577847 46.531986:24.577836
9872,46.532182:24.580110 46.532143:24.580111 46.532080:24.580112 46.532063:24.579519
9873,46.532184:24.580502 46.532145:24.580503 46.532093:24.580504 46.532093:24.580922
9874,46.556965:24.547032 46.556889:24.546992
9875,46.556785:24.547380 46.556801:24.547325 46.556867:24.547072 46.556889:24.546992
9876,46.523285:24.546937 46.523317:24.546904 46.523743:24.546461 46.523881:24.546318
9877,46.523881:24.546318 46.524360:24.545823
9878,46.524360:24.545823 46.524368:24.545814 46.525171:24.544995 46.525204:24.545057
9879,46.522557:24.544888 46.522606:24.544856 46.522759:24.544756 46.522661:24.544447
9880,46.522173:24.543635 46.522214:24.543617 46.522305:24.543576 46.522365:24.543642 46.522619:24.544476 46.522661:24.544447
9881,46.526141:24.541103 46.526042:24.541255 46.525622:24.541813
9882,46.525638:24.539645 46.525539:24.539817 46.525344:24.540064 46.525379:24.540188 46.525400:24.540265 46.525459:24.540347 46.525490:24.540391
9883,46.526553:24.572330 46.526594:24.572280 46.526696:24.572140 46.526809:24.572029
9884,46.526809:24.572029 46.526855:24.571991 46.526900:24.571957 46.526970:24.571898
9885,46.526970:24.571898 46.527027:24.571865 46.527178:24.571815
9886,46.527178:24.571815 46.527264:24.571789 46.527357:24.571776 46.527382:24.571776 46.527422:24.571776 46.527437:24.571778
9887,46.527742:24.571839 46.527741:24.571882 46.527743:24.572313
9888,46.527178:24.571815 46.527179:24.571856 46.527185:24.572297
9889,46.527025:24.572371 46.526836:24.572071 46.526826:24.572056 46.526809:24.572029
9890,46.526636:24.572971 46.526404:24.572635
9891,46.541476:24.535269 46.541360:24.535031
9892,46.539152:24.531506 46.539963:24.533046 46.540173:24.533486 46.540540:24.534313 46.541028:24.535401 46.541147:24.535639
9893,46.530526:24.594220 46.530563:24.594218 46.530605:24.594229 46.530665:24.594254 46.530721:24.594293 46.530753:24.594323 46.530824:24.594427
9894,46.555843:24.516136 46.554330:24.517920
9895,46.554330:24.517920 46.553477:24.518927
9896,46.554462:24.517185 46.554134:24.517577
9897,46.554134:24.517577 46.553279:24.518604 46.553477:24.518927
9898,46.553477:24.518927 46.553776:24.519417
9899,46.555497:24.517414 46.554142:24.518970
9900,46.554635:24.519875 46.554142:24.518970
9901,46.552082:24.519532 46.551641:24.520169
9902,46.551182:24.524230 46.551049:24.523775 46.550866:24.523303 46.550645:24.522772 46.550577:24.522659
9903,46.541514:24.588623 46.541448:24.588701 46.541350:24.588845 46.541265:24.589017
9904,46.538923:24.591377 46.538949:24.591872
9905,46.538949:24.591872 46.539076:24.592353 46.539253:24.592747 46.539322:24.592865 46.539341:24.592897 46.539420:24.593030 46.539541:24.593190
9906,46.536267:24.594676 46.536361:24.594801 46.536379:24.594826 46.536483:24.594965 46.536602:24.595124
9907,46.536602:24.595124 46.536757:24.595199 46.536882:24.595206 46.536999:24.595173 46.537104:24.595075 46.537212:24.594904 46.537268:24.594726 46.537287:24.594550 46.537287:24.594261
9908,46.541209:24.592271 46.541603:24.592003 46.541744:24.591900 46.542454:24.591307
9909,46.539541:24.593190 46.539581:24.593025 46.539624:24.592845
9910,46.539624:24.592845 46.539677:24.592739 46.539744:24.592672 46.539839:24.592625 46.539956:24.592598
9911,46.544705:24.589258 46.544408:24.589583
9912,46.545025:24.589920 46.544705:24.589258
9913,46.544705:24.589258 46.544111:24.587818
9914,46.545467:24.589297 46.545273:24.589602 46.545172:24.589741 46.545025:24.589920
9915,46.545543:24.589492 46.545643:24.589397
9916,46.534868:24.593172 46.534899:24.593270 46.534917:24.593327
9917,46.534917:24.593327 46.535005:24.593602 46.535119:24.593949 46.535159:24.594070
9918,46.535159:24.594070 46.535178:24.594128
9919,46.535178:24.594128 46.535193:24.594177
9920,46.535193:24.594177 46.535342:24.594645
9921,46.535178:24.594128 46.535075:24.594194 46.534741:24.594408
9922,46.534756:24.594457 46.535091:24.594242 46.535193:24.594177
9923,46.534246:24.594466 46.534209:24.594346 46.534093:24.594421 46.534284:24.595049 46.534400:24.594974
9924,46.534400:24.594974 46.534530:24.594891
9925,46.534530:24.594891 46.534684:24.594792
9926,46.534684:24.594792 46.534829:24.594699
9927,46.534235:24.591198 46.534239:24.591211
9928,46.563747:24.585604 46.563898:24.585849
9929,46.563898:24.585849 46.564027:24.586060
9930,46.564438:24.585871 46.564401:24.585778 46.564193:24.585434 46.564080:24.585248 46.564060:24.585215
9931,46.564060:24.585215 46.563804:24.584792 46.563563:24.584393 46.563500:24.584318
9932,46.562942:24.583389 46.563500:24.584318
9933,46.563747:24.585604 46.563738:24.585754 46.563266:24.586367 46.563373:24.586531
9934,46.564027:24.586060 46.564169:24.585877 46.564039:24.585666 46.563898:24.585849
9935,46.563898:24.585849 46.563373:24.586531
9936,46.563373:24.586531 46.563183:24.586778 46.563311:24.586986
9937,46.530152:24.580263 46.530054:24.580260
9938,46.578931:24.536097 46.579442:24.538430
9939,46.537324:24.585021 46.537632:24.584995
9940,46.536912:24.584977 46.537322:24.584946
9941,46.537322:24.584946 46.537324:24.585021
9942,46.536916:24.585063 46.536912:24.584977
9943,46.538301:24.603240 46.538235:24.603281 46.537881:24.603502 46.537046:24.604018
9944,46.537046:24.604018 46.536896:24.604121 46.536844:24.604126 46.536779:24.604118 46.536702:24.604072 46.536270:24.603654
9945,46.536270:24.603654 46.535469:24.602777 46.535353:24.602627 46.535273:24.602495 46.535191:24.602319 46.535052:24.601896
9946,46.535052:24.601896 46.534778:24.601238
9947,46.533920:24.542985 46.534004:24.542907 46.534051:24.542863
9948,46.533962:24.541183 46.533983:24.541229 46.534036:24.541363
9949,46.534524:24.542323 46.534614:24.542245 46.534652:24.542212
9950,46.534652:24.542212 46.534681:24.542186 46.534777:24.542099
9951,46.534441:24.541112 46.534459:24.541155 46.534515:24.541290
9952,46.535241:24.541508 46.535337:24.541419 46.535375:24.541384
9953,46.535375:24.541384 46.535400:24.541359 46.535501:24.541260
9954,46.535004:24.540973 46.535097:24.540890 46.535136:24.540855
9955,46.535136:24.540855 46.535168:24.540824 46.535265:24.540734
9956,46.530603:24.539431 46.530571:24.539344 46.530405:24.538982 46.530184:24.539183
9957,46.568783:24.543104 46.568507:24.543623
9958,46.568507:24.543623 46.568392:24.543844
9959,46.568206:24.543342 46.568507:24.543623
9960,46.569898:24.539700 46.570115:24.539905
9961,46.570499:24.538347 46.570940:24.538739
9962,46.521745:24.531174 46.522083:24.531848 46.522139:24.531963
9963,46.522660:24.532821 46.522451:24.532379
9964,46.522451:24.532379 46.522255:24.531993 46.522207:24.531898
9965,46.522207:24.531898 46.522148:24.531780 46.521680:24.530850
9966,46.521680:24.530850 46.521300:24.530089
9967,46.521300:24.530089 46.521106:24.529701
9968,46.521106:24.529701 46.520633:24.528760
9969,46.520633:24.528760 46.520416:24.528319
9970,46.522850:24.531963 46.522837:24.531936 46.522709:24.531667
9971,46.522150:24.533709 46.522283:24.533576 46.522334:24.533525
9972,46.542759:24.558606 46.542623:24.558775
9973,46.542822:24.558528 46.542759:24.558606
9974,46.542914:24.558414 46.542844:24.558500 46.542822:24.558528
9975,46.544890:24.562483 46.544493:24.562984 46.544398:24.562826
9976,46.544967:24.562384 46.544890:24.562483
9977,46.545052:24.562277 46.544998:24.562345 46.544967:24.562384
9978,46.545113:24.562901 46.544765:24.563375
9979,46.545198:24.562792 46.545113:24.562901
9980,46.545287:24.562665 46.545227:24.562747 46.545198:24.562792
9981,46.545381:24.563506 46.545249:24.563677
9982,46.545510:24.563333 46.545381:24.563506
9983,46.545443:24.563222 46.545330:24.563383
9984,46.545477:24.563166 46.545443:24.563222
9985,46.545330:24.563383 46.545072:24.563739 46.545133:24.563827
9986,46.545605:24.563206 46.545551:24.563277 46.545510:24.563333
9987,46.545102:24.563354 46.545023:24.563456
9988,46.545193:24.563237 46.545102:24.563354
9989,46.545247:24.563168 46.545193:24.563237
9990,46.545436:24.562923 46.545375:24.563004 46.545339:24.563051
9991,46.545339:24.563051 46.545247:24.563168
9992,46.544954:24.562662 46.544766:24.562906
9993,46.545049:24.562538 46.544954:24.562662
9994,46.545140:24.562422 46.545083:24.562496 46.545049:24.562538
9995,46.544715:24.562226 46.544412:24.562592 46.544275:24.562780
9996,46.544806:24.562117 46.544715:24.562226
9997,46.544894:24.562012 46.544845:24.562071 46.544806:24.562117
9998,46.544337:24.561836 46.544389:24.561921
9999,46.544285:24.561764 46.544301:24.561787 46.544337:24.561836
10000,46.544389:24.561921 46.544406:24.561970 46.544406:24.562016 46.544390:24.562065 46.544094:24.562580
10001,46.543414:24.559980 46.543400:24.559995
10002,46.543400:24.559995 46.543357:24.560037
10003,46.543489:24.559901 46.543414:24.559980
10004,46.543588:24.559798 46.543524:24.559864 46.543489:24.559901
10005,46.543727:24.560669 46.543498:24.560957
10006,46.543847:24.560519 46.543727:24.560669
10007,46.543460:24.560139 46.543128:24.560459
10008,46.543933:24.560409 46.543882:24.560474 46.543847:24.560519
10009,46.543891:24.560927 46.543766:24.561099
10010,46.543989:24.560784 46.543891:24.560927
10011,46.544080:24.560655 46.544033:24.560721 46.543989:24.560784
10012,46.544173:24.561389 46.544130:24.561452
10013,46.544276:24.561239 46.544173:24.561389
10014,46.544354:24.561124 46.544315:24.561182 46.544276:24.561239
10015,46.542986:24.559015 46.542943:24.559059 46.542873:24.559126 46.542918:24.559235
10016,46.543040:24.558959 46.542986:24.559015
10017,46.543084:24.558924 46.543040:24.558959
10018,46.544604:24.558607 46.544705:24.558418 46.544978:24.558704
10019,46.544452:24.558549 46.544319:24.558784
10020,46.569524:24.545803 46.569177:24.545147 46.568798:24.545792
10021,46.573028:24.540281 46.572854:24.540135
10022,46.572854:24.540135 46.572670:24.539989
10023,46.577763:24.540254 46.577958:24.539664
10024,46.580038:24.542930 46.580010:24.542943 46.579819:24.543036
10025,46.554330:24.517920 46.554134:24.517577
10026,46.560419:24.525505 46.561903:24.527632
10027,46.564238:24.527316 46.564315:24.529188
10028,46.564651:24.527547 46.564624:24.526822
10029,46.565704:24.530465 46.565646:24.530006 46.565660:24.528783 46.565650:24.528342 46.565617:24.527761
10030,46.543567:24.536655 46.543594:24.536736 46.543763:24.536988
10031,46.567471:24.588038 46.567813:24.587651
10032,46.577842:24.537099 46.577502:24.536172 46.577311:24.535648
10033,46.576342:24.538006 46.576266:24.537927 46.576121:24.537797 46.575788:24.537479 46.575752:24.537368
10034,46.578413:24.536493 46.578402:24.536158 46.578385:24.535871 46.578368:24.535797 46.578343:24.535714 46.578318:24.535659 46.578276:24.535614 46.578236:24.535586 46.578201:24.535573 46.577904:24.535565 46.577805:24.535552 46.577623:24.535512 46.577506:24.535491 46.577445:24.535491 46.577387:24.535523 46.577357:24.535560 46.577311:24.535648
10035,46.577311:24.535648 46.577268:24.535726 46.577229:24.535760
10036,46.543256:24.567103 46.543252:24.567113 46.543124:24.567478 46.543044:24.567713 46.543040:24.567724
10037,46.543263:24.567084 46.543256:24.567103
10038,46.543263:24.567084 46.543355:24.567178 46.543469:24.567279
10039,46.543469:24.567279 46.543617:24.567053 46.543669:24.566999 46.543741:24.567000 46.543777:24.567026
10040,46.543777:24.567026 46.543791:24.566995
10041,46.543791:24.566995 46.543950:24.566641 46.544077:24.566370 46.544092:24.566339
10042,46.543791:24.566995 46.543597:24.566809 46.543422:24.567124
10043,46.543777:24.567026 46.543982:24.567311 46.544126:24.567507 46.544126:24.567591 46.544185:24.567662 46.543993:24.568030
10044,46.543993:24.568030 46.543874:24.568016 46.543766:24.568184 46.543724:24.568236 46.543578:24.568061
10045,46.543469:24.567279 46.543257:24.567625 46.543248:24.567661 46.543258:24.567698 46.543289:24.567746
10046,46.543040:24.567724 46.543106:24.567786 46.543121:24.567799 46.543210:24.567900 46.543307:24.568041 46.543393:24.568193 46.543399:24.568258
10047,46.573752:24.512889 46.573875:24.512635 46.573940:24.512679
10048,46.573515:24.512330 46.573459:24.512287 46.573341:24.512215 46.573195:24.512152 46.572984:24.511974 46.572887:24.511796 46.572808:24.511679 46.572837:24.511582 46.572918:24.511537 46.572984:24.511532 46.573020:24.511494 46.573090:24.511367 46.573110:24.511314 46.573082:24.511269
10049,46.531980:24.540986 46.532306:24.541630
10050,46.532306:24.541630 46.532463:24.542002 46.532514:24.542123
10051,46.532514:24.542123 46.532537:24.542177 46.532624:24.542384
10052,46.532624:24.542384 46.532732:24.542625
10053,46.532732:24.542625 46.532766:24.542703 46.532846:24.542752 46.532908:24.542862 46.533081:24.543305 46.533123:24.543492 46.533148:24.543618 46.533179:24.543753 46.533192:24.543809
10054,46.533192:24.543809 46.533207:24.543937 46.533212:24.544008 46.533216:24.544071
10055,46.533525:24.543274 46.533106:24.542282
10056,46.522967:24.567789 46.522995:24.567683 46.523545:24.567144 46.523918:24.566749 46.523969:24.566689 46.524002:24.566598 46.524112:24.566478
10057,46.522349:24.556108 46.522942:24.557925
10058,46.520960:24.568061 46.520961:24.568116 46.520992:24.568261 46.521184:24.568552
10059,46.521184:24.568552 46.521408:24.568929 46.521459:24.569016
10060,46.522884:24.566591 46.522670:24.566167
10061,46.523722:24.565722 46.523597:24.565852
10062,46.523597:24.565852 46.522884:24.566591
10063,46.522884:24.566591 46.522654:24.566830
10064,46.523399:24.565400 46.523597:24.565852
10065,46.524163:24.564655 46.524237:24.564830 46.524348:24.564951 46.524366:24.564968 46.524438:24.565093 46.524507:24.565183 46.524560:24.565242 46.524604:24.565245 46.524647:24.565207
10066,46.524423:24.565905 46.524683:24.566523
10067,46.523975:24.564838 46.524193:24.565357
10068,46.524451:24.564373 46.524908:24.564911 46.524938:24.564967 46.524956:24.565010 46.524972:24.565023 46.524997:24.565014 46.525036:24.564979 46.525135:24.564809
10069,46.525997:24.557370 46.526120:24.557198
10070,46.525688:24.573542 46.525718:24.573864
10071,46.525260:24.573517 46.525232:24.573594 46.525230:24.574170
10072,46.549465:24.623904 46.549546:24.624495 46.547688:24.625256
10073,46.549426:24.623424 46.549465:24.623904
10074,46.547516:24.624313 46.547998:24.624210 46.548714:24.624076 46.549465:24.623904
10075,46.525135:24.519455 46.525094:24.519492 46.524815:24.519737
10076,46.552556:24.560081 46.552450:24.560424
10077,46.527440:24.570377 46.527603:24.570380
10078,46.528933:24.571179 46.528884:24.571119 46.528857:24.571085
10079,46.575028:24.606841 46.574846:24.606593 46.574939:24.606451 46.575114:24.606691
10080,46.575304:24.607071 46.575626:24.607465
10081,46.575517:24.606616 46.575461:24.606706 46.575433:24.606856 46.575304:24.607071
10082,46.575304:24.607071 46.575199:24.607245 46.575209:24.607326 46.575303:24.607453
10083,46.575317:24.606341 46.575517:24.606616
10084,46.575517:24.606616 46.575744:24.606929
10085,46.575527:24.605978 46.575918:24.606514
10086,46.574782:24.607248 46.575028:24.606841
10087,46.575028:24.606841 46.575114:24.606691
10088,46.575114:24.606691 46.575317:24.606341
10089,46.575317:24.606341 46.575527:24.605978
10090,46.574430:24.602831 46.574368:24.602753 46.574315:24.602700 46.574248:24.602681 46.574189:24.602702 46.573969:24.602914
10091,46.573933:24.603357 46.573876:24.603363 46.573839:24.603375 46.573789:24.603455 46.573743:24.603520 46.573728:24.603573 46.573733:24.603635 46.573749:24.603694 46.574008:24.604189
10092,46.574090:24.603691 46.574432:24.603340
10093,46.574432:24.603340 46.574498:24.603475 46.574530:24.603488 46.574609:24.603447 46.574710:24.603343
10094,46.574432:24.603340 46.574357:24.603185 46.574016:24.603534
10095,46.577947:24.607347 46.577998:24.607546
10096,46.577459:24.607597 46.577553:24.607843
10097,46.576779:24.605892 46.576633:24.605721
10098,46.575999:24.604492 46.576076:24.604591 46.576223:24.604755 46.576368:24.604898 46.576481:24.604992
10099,46.577265:24.604716 46.577097:24.604945
10100,46.577278:24.603365 46.577438:24.603386 46.577559:24.603584
10101,46.577353:24.602693 46.577167:24.602936
10102,46.575566:24.603575 46.575623:24.603490
10103,46.575623:24.603490 46.575988:24.602957
10104,46.575988:24.602957 46.576668:24.601964
10105,46.575414:24.603445 46.575551:24.603713 46.575674:24.603957
10106,46.575674:24.603957 46.575727:24.604057 46.575928:24.604394 46.575999:24.604492
10107,46.563901:24.585325 46.563715:24.585554
10108,46.563715:24.585554 46.563176:24.586220
10109,46.563176:24.586220 46.563104:24.586309
10110,46.564004:24.585281 46.564137:24.585500 46.564360:24.585840 46.564438:24.585871
10111,46.563500:24.584318 46.563518:24.584457 46.563747:24.584861 46.563981:24.585245 46.564004:24.585281
10112,46.567116:24.598591 46.567189:24.598340
10113,46.566455:24.597738 46.567116:24.598591
10114,46.567116:24.598591 46.567277:24.598799
10115,46.563718:24.573558 46.563688:24.573620 46.563623:24.573804 46.563254:24.573624 46.562990:24.575424
10116,46.566034:24.579885 46.566682:24.579197
10117,46.564756:24.578183 46.563692:24.579873
10118,46.564297:24.577583 46.563392:24.579047
10119,46.563215:24.583021 46.563087:24.582795 46.563005:24.582651 46.563451:24.581965
10120,46.591026:24.570143 46.590899:24.570373 46.590311:24.571135 46.589910:24.571599 46.588995:24.572599 46.588304:24.573367
10121,46.583351:24.558350 46.582696:24.557254
10122,46.583331:24.553790 46.584255:24.554897
10123,46.583798:24.552611 46.586283:24.555778
10124,46.591419:24.560973 46.591380:24.560658 46.591314:24.560296 46.591110:24.559824 46.590925:24.559430
10125,46.592352:24.561669 46.592177:24.561205 46.592029:24.560725 46.591985:24.560494 46.591799:24.560044
10126,46.589475:24.558566 46.589531:24.558638 46.589540:24.558646 46.589552:24.558649 46.589559:24.558649 46.589578:24.558640 46.590074:24.558286
10127,46.590074:24.558286 46.590604:24.557898
10128,46.587381:24.562634 46.587918:24.563341
10129,46.587381:24.562634 46.586243:24.564199
10130,46.584768:24.557071 46.586416:24.559180
10131,46.581865:24.547829 46.581338:24.548352
10132,46.581338:24.548352 46.580972:24.548721
10133,46.580972:24.548721 46.580792:24.548910
10134,46.580792:24.548910 46.580223:24.549501
10135,46.580223:24.549501 46.580137:24.549591 46.579881:24.549825
10136,46.552765:24.558643 46.552780:24.558695
10137,46.552192:24.558491 46.552157:24.558487
10138,46.547244:24.576046 46.547236:24.576096
10139,46.546827:24.587034 46.546753:24.586945 46.546628:24.586794
10140,46.547640:24.588100 46.547667:24.588092 46.547690:24.588073 46.547708:24.588044 46.547718:24.588008 46.547721:24.587969 46.547715:24.587932 46.547701:24.587898
10141,46.547701:24.587898 46.547686:24.587878 46.547667:24.587864 46.547647:24.587856
10142,46.563161:24.547185 46.563190:24.547141 46.563200:24.547126
10143,46.544358:24.556085 46.544224:24.556359
10144,46.544390:24.556016 46.544358:24.556085
10145,46.544408:24.555981 46.544393:24.556010 46.544390:24.556016
10146,46.531388:24.585603 46.531237:24.585530 46.531161:24.585500
10147,46.557514:24.567707 46.557569:24.567793
10148,46.557449:24.567852 46.557393:24.567954
10149,46.557514:24.567707 46.557632:24.567497
10150,46.557449:24.567852 46.557514:24.567707
10151,46.542098:24.555351 46.542104:24.555272
10152,46.542104:24.555272 46.542157:24.555278
10153,46.560571:24.547471 46.560570:24.547573 46.560565:24.548074 46.560595:24.548139 46.560596:24.548223
10154,46.511209:24.512142 46.511638:24.511729
10155,46.568836:24.546869 46.568525:24.546210 46.568597:24.546100
10156,46.568772:24.546307 46.568740:24.546361
10157,46.568856:24.546173 46.568690:24.545956
10158,46.568996:24.546626 46.568772:24.546307
10159,46.568597:24.546100 46.568740:24.546361
10160,46.568740:24.546361 46.568919:24.546742
10161,46.568772:24.546307 46.568856:24.546173
10162,46.568856:24.546173 46.568953:24.546015 46.568798:24.545792
10163,46.568798:24.545792 46.568690:24.545956
10164,46.568690:24.545956 46.568597:24.546100
10165,46.569411:24.542216 46.569727:24.542695
10166,46.569727:24.542695 46.569892:24.542917 46.570020:24.543082
10167,46.572214:24.539553 46.572431:24.539759
10168,46.573060:24.537518 46.573046:24.537551 46.572214:24.539553
10169,46.572214:24.539553 46.572055:24.539963
10170,46.571864:24.540476 46.572055:24.539963
10171,46.563179:24.531088 46.563287:24.530537 46.563331:24.530195 46.563468:24.530203
10172,46.564210:24.534386 46.564627:24.533453
10173,46.564969:24.532638 46.564635:24.533345
10174,46.564238:24.527316 46.564651:24.527547
10175,46.564651:24.527547 46.564773:24.527616 46.565617:24.527761
10176,46.559704:24.527361 46.559820:24.527002 46.560151:24.526159 46.560419:24.525505
10177,46.555902:24.522668 46.555465:24.521557
10178,46.559336:24.522836 46.559994:24.521557
10179,46.558546:24.522067 46.558875:24.521847
10180,46.558589:24.522336 46.558594:24.522199 46.558546:24.522067
10181,46.558546:24.522067 46.557713:24.520054
10182,46.557355:24.522102 46.557222:24.521527
10183,46.556059:24.520240 46.556146:24.520732 46.556570:24.521758
10184,46.555503:24.523014 46.554874:24.521645
10185,46.558487:24.512072 46.557963:24.510036
10186,46.552315:24.512751 46.552817:24.512070 46.552850:24.512034 46.552895:24.512014 46.552941:24.512027 46.553141:24.512219
10187,46.553023:24.513946 46.551862:24.515399 46.551543:24.515797 46.551916:24.516427 46.553388:24.514586
10188,46.552433:24.512951 46.551564:24.514270
10189,46.560975:24.499299 46.560651:24.498828 46.560513:24.498898 46.560470:24.498747 46.560446:24.498593 46.560453:24.498430 46.560471:24.498220 46.560479:24.498000
10190,46.558969:24.501531 46.558138:24.500458
10191,46.557401:24.503994 46.557511:24.503985 46.557611:24.503942 46.557696:24.503845 46.557748:24.503710 46.557757:24.503569 46.557748:24.503353 46.557794:24.503163 46.557901:24.502981 46.558014:24.502694 46.558138:24.502490 46.558420:24.502036 46.558551:24.501876 46.558743:24.501704 46.558969:24.501531
10192,46.558969:24.501531 46.559028:24.501484 46.559079:24.501385 46.559103:24.501264 46.559101:24.501086 46.559126:24.500941 46.559369:24.500448
10193,46.559369:24.500448 46.559681:24.499921 46.559879:24.499704 46.559941:24.499595 46.559979:24.499311 46.560056:24.498769 46.560290:24.497143
10194,46.559755:24.501390 46.560072:24.501741
10195,46.553340:24.506923 46.554011:24.507592
10196,46.556177:24.504643 46.556573:24.505083
10197,46.556811:24.502693 46.556586:24.503054
10198,46.556586:24.503054 46.556261:24.503577
10199,46.557067:24.504903 46.555770:24.503477
10200,46.586657:24.538107 46.586712:24.538152 46.586756:24.538206 46.587134:24.539055
10201,46.587390:24.536822 46.587963:24.538442
10202,46.590366:24.535208 46.590361:24.535045 46.590384:24.534949 46.590449:24.534851 46.590500:24.534763
10203,46.589245:24.533278 46.588860:24.533435
10204,46.589412:24.533996 46.589373:24.533937 46.589245:24.533278
10205,46.589245:24.533278 46.589036:24.531919
10206,46.590543:24.535189 46.590680:24.536369
10207,46.590997:24.535200 46.591244:24.537038
10208,46.592312:24.534443 46.591701:24.533122
10209,46.591743:24.532830 46.591268:24.530562
10210,46.592216:24.532440 46.592403:24.532291 46.592421:24.532217 46.592295:24.531683 46.592055:24.530618
10211,46.594205:24.532543 46.594466:24.533586 46.594942:24.535653
10212,46.580543:24.541181 46.581297:24.541125
10213,46.586742:24.537831 46.586689:24.537806 46.586661:24.537797 46.586636:24.537796 46.586618:24.537804 46.586599:24.537831 46.586517:24.538042 46.586509:24.538079 46.586508:24.538124 46.586516:24.538156 46.586533:24.538184 46.586567:24.538227 46.586605:24.538277
10214,46.529249:24.534897 46.529415:24.535073 46.529784:24.534362
10215,46.529143:24.535037 46.529163:24.535010 46.529249:24.534897
10216,46.529249:24.534897 46.529616:24.534173
10217,46.526986:24.529565 46.527012:24.529543 46.527079:24.529481
10218,46.527079:24.529481 46.527225:24.529430
10219,46.527225:24.529430 46.527834:24.528910 46.527810:24.528852
10220,46.527810:24.528852 46.527726:24.528644
10221,46.529410:24.530790 46.529091:24.530003
10222,46.529242:24.530805 46.529125:24.530538
10223,46.527599:24.531148 46.527638:24.531115 46.527745:24.531027
10224,46.527745:24.531027 46.527960:24.530845 46.528259:24.530974 46.528413:24.530991 46.528883:24.530889 46.528965:24.530847 46.529024:24.530786 46.529080:24.530698 46.529102:24.530578 46.529125:24.530538
10225,46.529125:24.530538 46.528952:24.530128 46.529091:24.530003
10226,46.529778:24.532150 46.529878:24.532015 46.529927:24.531874 46.529936:24.531743
10227,46.529936:24.531743 46.529912:24.531682 46.529879:24.531600
10228,46.529879:24.531600 46.529662:24.531063
10229,46.529662:24.531063 46.529454:24.530530
10230,46.528449:24.533310 46.528483:24.533279 46.528791:24.532992
10231,46.528791:24.532992 46.529778:24.532150
10232,46.529248:24.529908 46.529201:24.529902 46.529091:24.530003
10233,46.529936:24.531743 46.530141:24.531597 46.530209:24.531611
10234,46.527855:24.527837 46.527422:24.528221
10235,46.526710:24.528869 46.526734:24.528847 46.527292:24.528358
10236,46.533556:24.541552 46.533576:24.541598 46.533631:24.541725
10237,46.533968:24.543098 46.533938:24.543125 46.533888:24.543172 46.533867:24.543191
10238,46.533192:24.543809 46.533234:24.543770 46.533309:24.543702
10239,46.556514:24.536473 46.556511:24.536425 46.556353:24.536254 46.556331:24.536210 46.556329:24.536159 46.556334:24.536106 46.556627:24.535456
10240,46.556335:24.538799 46.556716:24.539137
10241,46.562874:24.541248 46.562530:24.541625 46.561845:24.542381 46.561788:24.542432
10242,46.574960:24.537147 46.574948:24.537091 46.574942:24.536695 46.574804:24.536116
10243,46.535052:24.601896 46.535252:24.601750
10244,46.533007:24.551143 46.533039:24.551102 46.533085:24.551043
10245,46.530147:24.580760 46.530048:24.580759
10246,46.530150:24.580481 46.530051:24.580477
10247,46.530314:24.580490 46.530150:24.580481
10248,46.530316:24.580763 46.530147:24.580760
10249,46.530035:24.581607 46.530138:24.581609
10250,46.530043:24.581163 46.530143:24.581165
10251,46.529902:24.580612 46.529833:24.580612 46.529784:24.580584 46.529744:24.580451 46.529746:24.579946
10252,46.530047:24.580855 46.529899:24.580850
10253,46.529891:24.581599 46.529909:24.581586 46.529920:24.581564 46.529931:24.581520 46.529935:24.581399 46.529917:24.581288 46.529895:24.581146 46.529899:24.580850
10254,46.529899:24.580850 46.529902:24.580612
10255,46.529902:24.580612 46.529910:24.580004
10256,46.531601:24.564178 46.531553:24.564286 46.531714:24.564661 46.531802:24.564637
10257,46.520366:24.529243 46.520152:24.528828
10258,46.520639:24.528972 46.520607:24.529003 46.520366:24.529243
10259,46.520366:24.529243 46.519926:24.529720
10260,46.520152:24.528828 46.519005:24.530067 46.518913:24.530105 46.518824:24.530118 46.518309:24.530687
10261,46.520148:24.528009 46.520125:24.528034 46.519869:24.528304
10262,46.519906:24.527534 46.519886:24.527553 46.519445:24.528008
10263,46.513148:24.515952 46.513373:24.515710 46.513551:24.515542 46.513698:24.515458
10264,46.534777:24.540061 46.534701:24.540131 46.534395:24.540415
10265,46.534395:24.540415 46.534032:24.540751
10266,46.544989:24.620534 46.544890:24.620554 46.544737:24.620554 46.544460:24.620493 46.544183:24.620434
10267,46.541739:24.518091 46.542122:24.517574 46.542643:24.516866 46.542953:24.516463
10268,46.578293:24.617468 46.578051:24.617671 46.578049:24.617717 46.578078:24.617784
10269,46.503525:24.640078 46.503636:24.640143 46.503924:24.640601 46.504020:24.640839
10270,46.504020:24.640839 46.504081:24.640989 46.504115:24.641067
10271,46.504175:24.645174 46.504280:24.645279 46.504430:24.645301 46.504655:24.645314 46.504819:24.645309 46.504993:24.645400 46.505168:24.645571 46.505264:24.645743 46.505303:24.645845
10272,46.504335:24.645172 46.504455:24.645207 46.504775:24.645212 46.505109:24.645228 46.505205:24.645239 46.505334:24.645244 46.505410:24.645190 46.505467:24.645038 46.505519:24.644748 46.505550:24.644568 46.505574:24.644469
10273,46.506675:24.641123 46.506722:24.641273 46.506730:24.641454 46.506741:24.641688 46.506749:24.641914 46.506764:24.642172 46.506805:24.642327 46.506887:24.642621 46.507009:24.643187 46.507106:24.643656 46.507191:24.644144 46.507263:24.644493 46.507276:24.644595 46.507319:24.644812 46.507357:24.645070 46.507380:24.645338 46.507378:24.645684 46.507334:24.646003 46.507280:24.646167 46.507208:24.646379 46.507110:24.646660 46.507022:24.646963 46.506975:24.647165 46.506946:24.647545 46.506896:24.648028 46.506852:24.648522 46.506813:24.648938 46.506772:24.649316 46.506750:24.649683 46.506754:24.650107 46.506796:24.650491 46.506839:24.650869 46.506918:24.651333 46.506966:24.651467 46.507023:24.651515 46.507105:24.651534 46.507529:24.651582 46.507946:24.651649 46.508345:24.651708 46.508949:24.651770 46.509325:24.651802 46.509554:24.651834 46.509726:24.651869
10274,46.509740:24.629006 46.509796:24.628847
10275,46.509796:24.628847 46.509959:24.628407 46.510347:24.627181 46.510498:24.626610 46.510698:24.625822 46.510880:24.625031 46.511075:24.624251
10276,46.508483:24.633657 46.508385:24.633473 46.508317:24.633426 46.508237:24.633406 46.508092:24.633374 46.507939:24.633346 46.507691:24.633333 46.507581:24.633309 46.507502:24.633262 46.507439:24.633201 46.507357:24.633089 46.507172:24.632788 46.507061:24.632576 46.507027:24.632493 46.506847:24.631738 46.506792:24.631494 46.506706:24.631318 46.506560:24.631167 46.506384:24.631047 46.506194:24.630938 46.506052:24.630880 46.505473:24.630785 46.505299:24.630736 46.505202:24.630688
10277,46.544299:24.578498 46.544305:24.578517 46.544311:24.578538
10278,46.533165:24.549498 46.533108:24.549382
10279,46.533178:24.549323 46.533220:24.549406 46.533241:24.549491
10280,46.551121:24.555635 46.551210:24.555575 46.551147:24.555373
10281,46.551044:24.555685 46.551081:24.555658 46.551121:24.555635
10282,46.529280:24.591854 46.529279:24.591795 46.529265:24.591740 46.529240:24.591695
10283,46.529240:24.591695 46.529206:24.591663
10284,46.529206:24.591663 46.529167:24.591650 46.529126:24.591655 46.529090:24.591679
10285,46.529090:24.591679 46.529060:24.591718
10286,46.529060:24.591718 46.529041:24.591770 46.529034:24.591828 46.529040:24.591886 46.529059:24.591939
10287,46.529059:24.591939 46.529089:24.591980
10288,46.529089:24.591980 46.529127:24.592004 46.529169:24.592009 46.529209:24.591994
10289,46.529209:24.591994 46.529243:24.591960
10290,46.529243:24.591960 46.529268:24.591911 46.529280:24.591854
10291,46.530240:24.594859 46.530222:24.594834
10292,46.529789:24.595978 46.529759:24.595935 46.529751:24.595923 46.529456:24.595495 46.529447:24.595482 46.529430:24.595457
10293,46.529982:24.595665 46.530112:24.595487
10294,46.528371:24.596537 46.528269:24.596385 46.528262:24.596376 46.528256:24.596373 46.528245:24.596372 46.528240:24.596374 46.528084:24.596572 46.528082:24.596580 46.528082:24.596588 46.528084:24.596598 46.528203:24.596771
10295,46.528925:24.594412 46.528964:24.594363 46.529216:24.594046 46.529314:24.594188
10296,46.529314:24.594188 46.529411:24.594328
10297,46.529411:24.594328 46.529514:24.594477
10298,46.529514:24.594477 46.529558:24.594541 46.529577:24.594572 46.529585:24.594600 46.529591:24.594624 46.529593:24.594656 46.529592:24.594681 46.529587:24.594709 46.529573:24.594751 46.529393:24.595004 46.529375:24.595029 46.529349:24.595065
10299,46.529314:24.594188 46.529297:24.594212 46.529288:24.594224 46.529069:24.594526 46.529058:24.594543 46.529032:24.594577
10300,46.529411:24.594328 46.529390:24.594358 46.529383:24.594368 46.529165:24.594674 46.529153:24.594692 46.529128:24.594727
10301,46.529514:24.594477 46.529491:24.594510 46.529483:24.594523 46.529264:24.594840 46.529256:24.594851 46.529233:24.594884
10302,46.528696:24.594039 46.528659:24.594090 46.528586:24.594191 46.528582:24.594197 46.528582:24.594205 46.528583:24.594213 46.528668:24.594348 46.528674:24.594354 46.528680:24.594355 46.528689:24.594354 46.528695:24.594349 46.528750:24.594271 46.528764:24.594253 46.528797:24.594209
10303,46.529182:24.594806 46.529154:24.594843 46.529144:24.594856 46.529092:24.594924 46.529085:24.594935 46.529081:24.594949 46.529080:24.594963 46.529085:24.594981 46.529289:24.595299 46.529297:24.595310 46.529305:24.595314 46.529319:24.595313 46.529330:24.595305 46.529380:24.595229 46.529391:24.595212 46.529419:24.595169
10304,46.528992:24.595101 46.528966:24.595136 46.528954:24.595152 46.528820:24.595331
10305,46.529210:24.595429 46.529260:24.595357
10306,46.528218:24.595886 46.528234:24.595912 46.528245:24.595929 46.528314:24.596039 46.528337:24.596076
10307,46.528337:24.596076 46.528390:24.596161 46.528402:24.596177 46.528414:24.596190 46.528429:24.596195 46.528448:24.596195 46.528467:24.596179 46.528532:24.596092
10308,46.528021:24.596127 46.528120:24.596280 46.528131:24.596294 46.528141:24.596303 46.528151:24.596307 46.528159:24.596306 46.528170:24.596298 46.528261:24.596177
10309,46.528261:24.596177 46.528337:24.596076
10310,46.528141:24.595980 46.528159:24.596010 46.528166:24.596021 46.528238:24.596140 46.528248:24.596156 46.528261:24.596177
10311,46.528377:24.594951 46.528290:24.595066
10312,46.528290:24.595066 46.528172:24.595220
10313,46.528172:24.595220 46.528062:24.595363
10314,46.528062:24.595363 46.527995:24.595453 46.527985:24.595469 46.527976:24.595492 46.527970:24.595512 46.527972:24.595530 46.527978:24.595545 46.528126:24.595764 46.528140:24.595780 46.528155:24.595782 46.528173:24.595773 46.528231:24.595695 46.528246:24.595675 46.528255:24.595663
10315,46.531489:24.593526 46.531525:24.593531 46.531601:24.593536 46.531662:24.593542 46.531736:24.593549
10316,46.531736:24.593549 46.531565:24.593397 46.531532:24.593375
10317,46.544215:24.555778 46.544204:24.555766 46.544181:24.555741
10318,46.579859:24.607155 46.579922:24.607096
10319,46.579690:24.606965 46.579735:24.606890
10320,46.575606:24.603653 46.575566:24.603575
10321,46.559649:24.527694 46.559704:24.527361
10322,46.559704:24.527361 46.559286:24.527096 46.559177:24.527106 46.559094:24.527171 46.559005:24.527184 46.557938:24.526489
10323,46.560055:24.582943 46.560105:24.582869
10324,46.560105:24.582869 46.560369:24.582477 46.560434:24.582378
10325,46.560434:24.582378 46.560609:24.582118
10326,46.560693:24.581643 46.560589:24.581796
10327,46.560589:24.581796 46.560489:24.581942
10328,46.560814:24.582401 46.560910:24.582261
10329,46.560910:24.582261 46.561015:24.582109
10330,46.560473:24.581628 46.560526:24.581555 46.560837:24.581118
10331,46.533800:24.542707 46.534105:24.542433
10332,46.534146:24.541020 46.534100:24.541058 46.533962:24.541183
10333,46.533962:24.541183 46.533752:24.541374
10334,46.533752:24.541374 46.534059:24.542106
10335,46.534898:24.540330 46.534974:24.540261 46.535902:24.539378
10336,46.532900:24.541111 46.532917:24.541150 46.533040:24.541441
10337,46.532426:24.541533 46.532448:24.541586 46.532575:24.541886
10338,46.532306:24.541630 46.532384:24.541567 46.532426:24.541533
10339,46.532426:24.541533 46.532900:24.541111
10340,46.532900:24.541111 46.533032:24.540993 46.533079:24.540952
10341,46.515700:24.518997 46.515873:24.519354
10342,46.515873:24.519354 46.516290:24.520166
10343,46.516290:24.520166 46.516476:24.520518
10344,46.508048:24.532251 46.508017:24.532225 46.507784:24.531882 46.508278:24.531029
10345,46.534940:24.537889 46.535134:24.538013 46.535298:24.538117
10346,46.535298:24.538117 46.535171:24.537924 46.535012:24.537682
10347,46.534843:24.537896 46.534892:24.538151
10348,46.534892:24.538151 46.534918:24.537901
10349,46.534757:24.537724 46.534637:24.537936
10350,46.534637:24.537936 46.534799:24.537859
10351,46.534922:24.537540 46.534775:24.537182
10352,46.534775:24.537182 46.534811:24.537324 46.534815:24.537456 46.534773:24.537628
10353,46.534963:24.537570 46.534922:24.537540
10354,46.534922:24.537540 46.534864:24.537534 46.534811:24.537566 46.534773:24.537628
10355,46.534773:24.537628 46.534760:24.537675 46.534757:24.537724
10356,46.534757:24.537724 46.534769:24.537798 46.534799:24.537859
10357,46.534799:24.537859 46.534843:24.537896
10358,46.534843:24.537896 46.534880:24.537906 46.534918:24.537901
10359,46.534918:24.537901 46.534940:24.537889
10360,46.534940:24.537889 46.534985:24.537838 46.535010:24.537765 46.535012:24.537682
10361,46.535012:24.537682 46.534995:24.537620 46.534963:24.537570
10362,46.536271:24.539541 46.536041:24.539183
10363,46.536041:24.539183 46.535822:24.538841
10364,46.535822:24.538841 46.535537:24.538460
10365,46.535537:24.538460 46.535338:24.538175
10366,46.535338:24.538175 46.535298:24.538117
10367,46.534892:24.538151 46.534892:24.538403 46.534905:24.538553
10368,46.534637:24.537936 46.534463:24.538095 46.534101:24.538428
10369,46.536590:24.540045 46.536489:24.539884 46.536271:24.539541
10370,46.532624:24.542384 46.532650:24.542361
10371,46.536217:24.540487 46.536337:24.540705 46.536353:24.540734 46.536377:24.540778
10372,46.533198:24.544367 46.533256:24.544458
10373,46.533256:24.544458 46.533249:24.544343
10374,46.533168:24.544170 46.533096:24.544082
10375,46.533096:24.544082 46.533136:24.544222
10376,46.533239:24.544171 46.533216:24.544071
10377,46.533216:24.544071 46.533189:24.544159
10378,46.533275:24.544276 46.533335:24.544216
10379,46.533335:24.544216 46.533283:24.544204 46.533261:24.544199
10380,46.538355:24.542538 46.538905:24.541810
10381,46.538159:24.542219 46.538126:24.542263 46.538094:24.542305
10382,46.538094:24.542305 46.538030:24.542389
10383,46.509797:24.507026 46.510017:24.507447
10384,46.544789:24.581771 46.544499:24.581430
10385,46.530485:24.503847 46.530785:24.503823
10386,46.530785:24.503823 46.530793:24.503889 46.530817:24.503932 46.530871:24.503989 46.531566:24.504594 46.531860:24.504790 46.531913:24.504783 46.531940:24.504738
10387,46.532909:24.504844 46.533314:24.503540 46.533325:24.503428 46.533303:24.503363 46.533248:24.503331 46.532742:24.503503
10388,46.533765:24.505529 46.533042:24.505422 46.532991:24.505348 46.532958:24.504989 46.532909:24.504844
10389,46.530554:24.501306 46.530468:24.500916
10390,46.530468:24.500916 46.530306:24.500148
10391,46.530174:24.501067 46.530468:24.500916
10392,46.530389:24.502017 46.530174:24.501067
10393,46.530174:24.501067 46.529868:24.499714
10394,46.532909:24.504844 46.532837:24.504756 46.532002:24.504748 46.531940:24.504738
10395,46.531940:24.504738 46.531907:24.504670
10396,46.543040:24.567724 46.543033:24.567745
10397,46.547506:24.506567 46.548180:24.507379
10398,46.546779:24.510894 46.547254:24.510049
10399,46.550790:24.514161 46.549989:24.513105
10400,46.545931:24.555955 46.545984:24.556001 46.546012:24.555985
10401,46.545790:24.555830 46.545931:24.555955
10402,46.538462:24.571988 46.538492:24.571948 46.538506:24.571876 46.538493:24.571627 46.538478:24.571604 46.538356:24.571613
10403,46.538383:24.572000 46.538328:24.571896 46.538297:24.571790 46.538274:24.571759 46.538227:24.571722 46.538132:24.571744
10404,46.583104:24.604229 46.583072:24.604120 46.581773:24.602886
10405,46.582914:24.601737 46.583318:24.600829
10406,46.545651:24.634792 46.546187:24.634774
10407,46.545644:24.633850 46.545559:24.633845 46.545396:24.633826 46.545171:24.633794 46.544936:24.633771 46.544703:24.633744 46.544597:24.633731
10408,46.518802:24.607201 46.518696:24.607110 46.518622:24.607025 46.518556:24.606919 46.518481:24.606788 46.518395:24.606620 46.518266:24.606385 46.517946:24.605738
10409,46.517946:24.605738 46.517515:24.604916
10410,46.517515:24.604916 46.517276:24.604455
10411,46.517276:24.604455 46.516943:24.603820
10412,46.512144:24.614163 46.512228:24.614442 46.512369:24.614965 46.512524:24.615553 46.512612:24.615930 46.512660:24.616258 46.512636:24.616461 46.512605:24.616705 46.512599:24.616877 46.512631:24.617144 46.512643:24.617289
10413,46.538885:24.551045 46.538899:24.551027 46.539407:24.550399 46.539425:24.550378
10414,46.503498:24.491523 46.503494:24.491473 46.503484:24.491436 46.503468:24.491402 46.503190:24.490939 46.503163:24.490890 46.502774:24.490022
10415,46.538874:24.543511 46.538843:24.543485 46.538808:24.543491
10416,46.538808:24.543491 46.538781:24.543537
10417,46.538781:24.543537 46.538781:24.543587
10418,46.538781:24.543587 46.538809:24.543632
10419,46.538809:24.543632 46.538841:24.543639 46.538870:24.543617
10420,46.538870:24.543617 46.538886:24.543565 46.538874:24.543511
10421,46.541377:24.555211 46.541360:24.555175 46.541332:24.555158 46.541302:24.555165
10422,46.541302:24.555165 46.541280:24.555194 46.541272:24.555236 46.541280:24.555278
10423,46.541280:24.555278 46.541311:24.555311 46.541348:24.555307
10424,46.541348:24.555307 46.541375:24.555267 46.541377:24.555211
10425,46.539249:24.552834 46.539511:24.552763 46.539765:24.552674 46.540298:24.552426 46.540325:24.552413 46.540376:24.552389
10426,46.523824:24.518342 46.523792:24.518407
10427,46.523792:24.518407 46.523563:24.518869 46.523343:24.519350 46.523148:24.519853
10428,46.523148:24.519853 46.523128:24.519913
10429,46.525993:24.539676 46.526015:24.539722
10430,46.526069:24.539644 46.526047:24.539598
10431,46.523128:24.519913 46.523148:24.519960 46.523162:24.519994 46.523564:24.520975
10432,46.523564:24.520975 46.524151:24.522476
10433,46.524151:24.522476 46.524256:24.522737 46.525074:24.524759 46.525318:24.525372
10434,46.502225:24.492337 46.502068:24.492019
10435,46.536164:24.539146 46.536327:24.539071
10436,46.536327:24.539071 46.536274:24.538825
10437,46.535468:24.547919 46.535602:24.547737 46.535719:24.547577
10438,46.517946:24.605738 46.518471:24.605097
10439,46.517515:24.604916 46.518025:24.604493
10440,46.517276:24.604455 46.517748:24.604011
10441,46.518850:24.606989 46.518802:24.607201
10442,46.519229:24.606599 46.519073:24.606279 46.518694:24.606669 46.518850:24.606989
10443,46.518850:24.606989 46.519229:24.606599
10444,46.519062:24.607583 46.519096:24.607729
10445,46.519096:24.607729 46.519116:24.607636 46.519132:24.607562
10446,46.518974:24.607450 46.518873:24.607591
10447,46.518873:24.607591 46.518970:24.607565 46.519014:24.607553
10448,46.519022:24.607304 46.518904:24.607272
10449,46.518904:24.607272 46.518955:24.607333 46.518984:24.607367
10450,46.519181:24.607414 46.519271:24.607255
10451,46.519271:24.607255 46.519182:24.607292 46.519138:24.607310
10452,46.519138:24.607310 46.519111:24.607290 46.519081:24.607282 46.519050:24.607287 46.519022:24.607304
10453,46.519022:24.607304 46.519000:24.607332 46.518984:24.607367
10454,46.518984:24.607367 46.518975:24.607407 46.518974:24.607450
10455,46.518974:24.607450 46.518986:24.607507 46.519014:24.607553
10456,46.519014:24.607553 46.519036:24.607572 46.519062:24.607583
10457,46.519062:24.607583 46.519098:24.607582 46.519132:24.607562
10458,46.519132:24.607562 46.519161:24.607523 46.519178:24.607472 46.519181:24.607414
10459,46.519181:24.607414 46.519167:24.607356 46.519138:24.607310
10460,46.518577:24.607819 46.518337:24.607328
10461,46.518337:24.607328 46.517513:24.605646
10462,46.516343:24.604638 46.516198:24.604805 46.516033:24.604872 46.515821:24.604979 46.515221:24.605478
10463,46.515221:24.605478 46.514853:24.605761
10464,46.515221:24.605478 46.514507:24.603635
10465,46.518904:24.607272 46.518802:24.607201
10466,46.534322:24.559150 46.534333:24.559281 46.534334:24.559301 46.534337:24.559318
10467,46.534395:24.559261 46.534389:24.559256 46.534322:24.559150
10468,46.534524:24.559609 46.534498:24.559496 46.534471:24.559393
10469,46.534583:24.559217 46.534427:24.559267
10470,46.534471:24.559393 46.534583:24.559217
10471,46.534389:24.559469 46.534524:24.559609
10472,46.534455:24.556770 46.534393:24.557039
10473,46.534393:24.557039 46.534382:24.557098 46.534128:24.558544 46.534128:24.558554 46.534126:24.558594
10474,46.533548:24.558638 46.533541:24.558653 46.533537:24.558678 46.533567:24.559055
10475,46.533319:24.541026 46.533075:24.540457
10476,46.533719:24.540663 46.533475:24.540094
10477,46.532937:24.540582 46.533075:24.540457
10478,46.533075:24.540457 46.533475:24.540094
10479,46.533475:24.540094 46.533676:24.539912
10480,46.533163:24.541167 46.533319:24.541026
10481,46.533319:24.541026 46.533719:24.540663
10482,46.533719:24.540663 46.533918:24.540483
10483,46.599350:24.583585 46.599883:24.584408
10484,46.517097:24.521760 46.517152:24.521702
10485,46.534152:24.489190 46.534582:24.490569
10486,46.534631:24.489024 46.534921:24.489955
10487,46.536798:24.487450 46.537145:24.488488
10488,46.533514:24.484372 46.533502:24.484296 46.533480:24.482877
10489,46.530189:24.502141 46.530485:24.503847
10490,46.530485:24.503847 46.530640:24.504719 46.530661:24.504793 46.530680:24.504824 46.530715:24.504824 46.531658:24.504910
10491,46.528365:24.496380 46.528072:24.499142 46.528036:24.499278 46.527896:24.500281
10492,46.530715:24.499084 46.532353:24.498248
10493,46.545138:24.502146 46.545606:24.502730
10494,46.542554:24.508161 46.542962:24.507481 46.543777:24.505952 46.544102:24.505450 46.545109:24.503623
10495,46.542372:24.507195 46.541877:24.506394
10496,46.530434:24.546658 46.530424:24.546588 46.530434:24.546514 46.530943:24.546003
10497,46.529576:24.546472 46.529499:24.546317 46.530023:24.545763 46.530100:24.545918
10498,46.530520:24.548103 46.530578:24.548135 46.530662:24.548241
10499,46.539364:24.504499 46.539294:24.504668 46.539288:24.504689 46.539286:24.504713 46.539285:24.504768 46.539283:24.504802 46.539275:24.504834 46.539264:24.504857 46.539247:24.504879 46.539226:24.504893 46.539195:24.504906 46.539181:24.504916 46.539173:24.504928 46.539105:24.505075 46.539085:24.505121 46.538991:24.505376
10500,46.509655:24.510228 46.509735:24.510409
10501,46.509735:24.510409 46.509802:24.510565
10502,46.509802:24.510565 46.509880:24.510745
10503,46.509880:24.510745 46.509865:24.510826 46.509830:24.511030
10504,46.509410:24.509688 46.509528:24.509565
10505,46.509528:24.509565 46.509639:24.509448
10506,46.509639:24.509448 46.509759:24.509323
10507,46.509759:24.509323 46.509797:24.509284
10508,46.530764:24.577246 46.530740:24.577231 46.530674:24.577193 46.530589:24.577099 46.530550:24.576980 46.530545:24.576849 46.530547:24.576692 46.530588:24.575484 46.530597:24.575221
10509,46.536137:24.597241 46.536034:24.597309 46.536007:24.597328
10510,46.583463:24.553384 46.583417:24.553330 46.583373:24.553288 46.583337:24.553255 46.583297:24.553243 46.583269:24.553260 46.583206:24.553360 46.583177:24.553373 46.583145:24.553371 46.583112:24.553348 46.583039:24.553171 46.582894:24.552775
10511,46.549632:24.507840 46.550127:24.508465
10512,46.550054:24.506030 46.549608:24.506834 46.549435:24.507206
10513,46.550400:24.508170 46.549435:24.507206
10514,46.549435:24.507206 46.548961:24.506628 46.548957:24.506547 46.548989:24.506437 46.549588:24.505568 46.549640:24.505536 46.549680:24.505541 46.549813:24.505597
10515,46.546691:24.508119 46.546452:24.507815
10516,46.534947:24.572696 46.535181:24.572616 46.535198:24.572582 46.535206:24.572546 46.535185:24.572251 46.535181:24.572188 46.535173:24.572103
10517,46.554836:24.578755 46.554809:24.578717 46.554799:24.578703 46.554659:24.578507
10518,46.508988:24.612822 46.508740:24.613305
10519,46.510290:24.614803 46.510063:24.615094
10520,46.511302:24.610646 46.511431:24.610570 46.511751:24.610428 46.511935:24.610334 46.512050:24.610257 46.512098:24.610188 46.512159:24.610058 46.512220:24.609929 46.512298:24.609807 46.512434:24.609601
10521,46.508088:24.607784 46.509712:24.609540 46.511048:24.610971
10522,46.561812:24.578448 46.561800:24.578206
10523,46.561800:24.578206 46.561843:24.577998
10524,46.561800:24.578206 46.561464:24.578184
10525,46.561462:24.578411 46.561464:24.578184
10526,46.561464:24.578184 46.561464:24.578049
10527,46.561100:24.578486 46.561195:24.578725
10528,46.561195:24.578725 46.561268:24.578918 46.561589:24.578955 46.561613:24.578785
10529,46.561017:24.578199 46.561037:24.578318 46.561100:24.578486
10530,46.561100:24.578486 46.561637:24.578608
10531,46.561195:24.578725 46.561613:24.578785
10532,46.561613:24.578785 46.561637:24.578608
10533,46.561637:24.578608 46.561649:24.578431
10534,46.547715:24.556712 46.547757:24.556721
10535,46.547603:24.556684 46.547715:24.556712
10536,46.546591:24.556449 46.546723:24.556479
10537,46.546723:24.556479 46.547603:24.556684
10538,46.586496:24.607514 46.586111:24.608127 46.586314:24.608444
10539,46.586314:24.608444 46.586809:24.609158 46.587114:24.609565
10540,46.586143:24.608680 46.586190:24.608615 46.586314:24.608444
10541,46.587208:24.606287 46.587062:24.606572 46.587065:24.606778 46.587258:24.607002
10542,46.587510:24.605501 46.587538:24.605556 46.587687:24.605813 46.588158:24.606364 46.588296:24.606493
10543,46.588212:24.607151 46.588116:24.607359
10544,46.587892:24.607093 46.587728:24.607380 46.587671:24.607503
10545,46.587671:24.607503 46.587637:24.607562
10546,46.587090:24.606149 46.587152:24.606222 46.587208:24.606287
10547,46.587208:24.606287 46.587607:24.606754 46.587892:24.607093
10548,46.587892:24.607093 46.588116:24.607359
10549,46.588116:24.607359 46.588368:24.607659
10550,46.588929:24.609851 46.588031:24.611241
10551,46.539425:24.550378 46.539589:24.550177 46.539617:24.550143
10552,46.519922:24.532266 46.520369:24.531747
10553,46.519922:24.532266 46.520067:24.532530 46.520097:24.532584
10554,46.520811:24.531321 46.520960:24.531592
10555,46.519643:24.532505 46.519894:24.532214
10556,46.519997:24.532848 46.519966:24.532847 46.519850:24.532854 46.519780:24.532746 46.519693:24.532731 46.519603:24.532819
10557,46.532514:24.542123 46.532588:24.542057 46.533241:24.541485 46.533275:24.541456
10558,46.546591:24.556449 46.546625:24.556142
10559,46.546723:24.556479 46.546758:24.556167
10560,46.531050:24.594273 46.531008:24.594246
10561,46.531008:24.594246 46.530966:24.594238 46.530924:24.594245 46.530884:24.594273
10562,46.530884:24.594273 46.530868:24.594293
10563,46.528371:24.596537 46.528345:24.596571
10564,46.528345:24.596571 46.528239:24.596699
10565,46.528239:24.596699 46.528221:24.596719 46.528210:24.596739 46.528203:24.596771
10566,46.529890:24.595829 46.529982:24.595665
10567,46.530066:24.595485 46.530083:24.595492 46.530112:24.595487
10568,46.530824:24.594427 46.530825:24.594458 46.530826:24.594489 46.530842:24.594549
10569,46.587671:24.607503 46.587776:24.607630
10570,46.587005:24.609733 46.587114:24.609565
10571,46.587114:24.609565 46.587608:24.608873
10572,46.588124:24.604446 46.588196:24.604509 46.588697:24.605108 46.588762:24.605306 46.589171:24.605799 46.589181:24.605946
10573,46.554753:24.578906 46.554721:24.578965 46.554682:24.579036
10574,46.543053:24.571647 46.543076:24.571605 46.543107:24.571549 46.543141:24.571480 46.543144:24.571436 46.543135:24.571392 46.543126:24.571375
10575,46.504376:24.483262 46.504487:24.483453 46.504505:24.483466 46.504526:24.483466 46.504833:24.483151
10576,46.596671:24.572705 46.596493:24.572695 46.596343:24.572697 46.596310:24.572702 46.596145:24.572885
10577,46.597571:24.572389 46.597824:24.572836
10578,46.595051:24.573765 46.595319:24.573301 46.595369:24.573215
10579,46.558713:24.572632 46.558939:24.572815 46.559041:24.572921 46.559120:24.572978
10580,46.558923:24.574102 46.559024:24.574027 46.559150:24.574302
10581,46.558859:24.573946 46.558872:24.573973 46.558886:24.574014 46.558923:24.574102
10582,46.558923:24.574102 46.559111:24.574541 46.558993:24.574703 46.558807:24.574968
10583,46.507633:24.502644 46.507708:24.502567 46.507736:24.502542 46.508024:24.502239 46.508232:24.502022
10584,46.549842:24.524145 46.550058:24.523915 46.550101:24.523831 46.550250:24.523705
10585,46.552533:24.525303 46.552246:24.524708
10586,46.539385:24.557001 46.539393:24.557007 46.539400:24.557012
10587,46.539141:24.557668 46.539130:24.557658 46.539125:24.557654
10588,46.539125:24.557654 46.539037:24.557568 46.539024:24.557545 46.539020:24.557522 46.539021:24.557491 46.539238:24.556940 46.539256:24.556927 46.539276:24.556925 46.539297:24.556934 46.539385:24.557001
10589,46.560019:24.582995 46.560108:24.583115 46.560116:24.583168 46.560102:24.583218 46.559903:24.583489
10590,46.553963:24.568935 46.553944:24.568938
10591,46.553843:24.569137 46.553844:24.569159
10592,46.553967:24.569316 46.553982:24.569315
10593,46.554103:24.569143 46.554103:24.569111
10594,46.551657:24.575237 46.551647:24.575237
10595,46.576799:24.509048 46.577388:24.509755
10596,46.577523:24.508116 46.577077:24.507296
10597,46.539622:24.548071 46.540128:24.547401
10598,46.540026:24.547225 46.539749:24.547581 46.539526:24.547885
10599,46.553797:24.554566 46.553822:24.553858 46.553812:24.553464 46.553763:24.553133 46.553709:24.552870 46.553523:24.552293 46.553339:24.551889 46.553239:24.551743
10600,46.553633:24.554328 46.553797:24.554566
10601,46.522498:24.560000 46.521928:24.558740
10602,46.519818:24.573114 46.519762:24.573138 46.519697:24.573106 46.519579:24.572996 46.519398:24.572859 46.519178:24.572744 46.519012:24.572656
10603,46.545236:24.622839 46.545214:24.622249
10604,46.545394:24.622812 46.545236:24.622839
10605,46.545236:24.622839 46.544699:24.622928 46.544666:24.622956 46.544648:24.623005 46.544664:24.623229 46.544683:24.623280 46.544716:24.623301 46.545510:24.623190 46.545589:24.623179
10606,46.534905:24.538553 46.535045:24.538888
10607,46.535045:24.538888 46.535128:24.539087 46.535401:24.538840
10608,46.535401:24.538840 46.535618:24.539323 46.535773:24.539184 46.535540:24.538715
10609,46.535540:24.538715 46.535445:24.538524 46.535316:24.538642
10610,46.535316:24.538642 46.535045:24.538888
10611,46.535401:24.538840 46.535316:24.538642
10612,46.535401:24.538840 46.535540:24.538715
10613,46.511318:24.512368 46.511295:24.512320
10614,46.511295:24.512320 46.511209:24.512142
10615,46.509209:24.509286 46.509098:24.509397 46.509299:24.509799
10616,46.509299:24.509799 46.509310:24.509820 46.509392:24.509988
10617,46.509392:24.509988 46.509572:24.510043
10618,46.509572:24.510043 46.509655:24.510228
10619,46.509410:24.509688 46.509299:24.509799
10620,46.543491:24.555488 46.543835:24.555536
10621,46.531745:24.600792 46.531398:24.600221
10622,46.530157:24.601006 46.530084:24.600916 46.530018:24.600843 46.529951:24.600719 46.529468:24.599735 46.529232:24.599288 46.529183:24.599186 46.529155:24.599100 46.529133:24.599032 46.529108:24.598948 46.529092:24.598809 46.529074:24.598627 46.529047:24.598425 46.529017:24.598198 46.529013:24.598038 46.529030:24.597869 46.529046:24.597686 46.529060:24.597492 46.529074:24.597377 46.529093:24.597253
10623,46.532327:24.571188 46.532240:24.571124
10624,46.532240:24.571124 46.532161:24.571066
10625,46.532208:24.571281 46.532327:24.571188
10626,46.532161:24.571066 46.532177:24.571179 46.532189:24.571236 46.532208:24.571281
10627,46.576483:24.603779 46.575988:24.602957
10628,46.575988:24.602957 46.575832:24.602674
10629,46.575623:24.603490 46.575400:24.603055
10630,46.509115:24.524133 46.509017:24.524128
10631,46.509017:24.524128 46.508931:24.524079 46.508851:24.524075 46.508826:24.524074
10632,46.508826:24.524074 46.508729:24.524072 46.508693:24.524059
10633,46.508693:24.524059 46.508662:24.524048 46.508576:24.523916
10634,46.508826:24.524074 46.508833:24.524172 46.508859:24.524229
10635,46.508859:24.524229 46.508908:24.524239 46.508975:24.524178 46.509017:24.524128
10636,46.532280:24.533796 46.532531:24.534199 46.532633:24.534364 46.532485:24.534550
10637,46.532140:24.533989 46.531946:24.533685 46.532096:24.533482 46.532183:24.533619
10638,46.563797:24.541745 46.563717:24.541575
10639,46.560246:24.550238 46.560208:24.550289 46.560098:24.550436 46.560009:24.550550 46.559978:24.550652 46.559969:24.550737
10640,46.552725:24.544995 46.552847:24.545359
10641,46.531143:24.539534 46.531105:24.539564 46.530976:24.539664 46.530862:24.539789 46.530619:24.539977 46.530366:24.540231 46.530345:24.540332 46.530299:24.540396 46.530273:24.540423 46.530510:24.540977 46.530533:24.541025 46.530572:24.540985 46.530791:24.541363
10642,46.540706:24.571575 46.540717:24.571578 46.540740:24.571583 46.540994:24.571636
10643,46.540994:24.571636 46.541681:24.571784 46.541703:24.571789
10644,46.541703:24.571789 46.541749:24.571798
10645,46.541749:24.571798 46.541771:24.571803
10646,46.556865:24.564407 46.556834:24.564361
10647,46.555709:24.566419 46.555653:24.566531
10648,46.556010:24.565856 46.555812:24.566223 46.555709:24.566419
10649,46.556246:24.565409 46.556231:24.565436
10650,46.556231:24.565436 46.556010:24.565856
10651,46.543376:24.572063 46.543356:24.572035 46.543337:24.572009
10652,46.534896:24.581514 46.534795:24.581460 46.534724:24.581422
10653,46.534058:24.580017 46.534031:24.580017
10654,46.534031:24.580017 46.533780:24.580025
10655,46.533747:24.579502 46.533586:24.579516
10656,46.533584:24.580049 46.533655:24.580040 46.533761:24.580027 46.533780:24.580025
10657,46.522865:24.511522 46.523064:24.511663
10658,46.525120:24.512716 46.524999:24.512748
10659,46.552134:24.568335 46.552364:24.567950
10660,46.552577:24.568201 46.552608:24.568153
10661,46.538486:24.561934 46.538413:24.562079
10662,46.538236:24.562313 46.538224:24.562388 46.538213:24.562458
10663,46.538216:24.562304 46.538236:24.562313
10664,46.536507:24.585557 46.536514:24.585530 46.536516:24.585501
10665,46.536474:24.585343 46.536511:24.585344
10666,46.537632:24.585152 46.537632:24.585018 46.537632:24.584995
10667,46.537332:24.585272 46.537328:24.585196
10668,46.537328:24.585196 46.537324:24.585021
10669,46.537097:24.585753 46.537274:24.585390
10670,46.537274:24.585390 46.537332:24.585272
10671,46.536785:24.586234 46.536766:24.586217 46.536430:24.585910 46.536410:24.585891 46.536384:24.585867
10672,46.536938:24.586227 46.536828:24.586233
10673,46.536828:24.586233 46.536785:24.586234
10674,46.536380:24.586020 46.536546:24.586174
10675,46.536546:24.586174 46.536390:24.586543
10676,46.536390:24.586543 46.536401:24.586606
10677,46.536401:24.586606 46.536359:24.586683 46.536279:24.586830
10678,46.536267:24.586129 46.536234:24.586099 46.535708:24.585621
10679,46.535708:24.585621 46.535656:24.585573
10680,46.535719:24.585339 46.535978:24.584680
10681,46.535978:24.584680 46.536254:24.584940
10682,46.535656:24.585573 46.535636:24.585626
10683,46.535269:24.586541 46.535013:24.586308 46.534979:24.586278
10684,46.527437:24.569559 46.527390:24.569568 46.527206:24.569583
10685,46.540462:24.557881 46.540432:24.557905 46.540402:24.557930 46.540247:24.558059
10686,46.541489:24.557561 46.541349:24.557541
10687,46.542969:24.558251 46.542722:24.558056 46.542527:24.557914 46.542505:24.557903
10688,46.542245:24.557886 46.542527:24.558040
10689,46.542527:24.558040 46.542584:24.558071 46.542765:24.558218
10690,46.541349:24.557541 46.541484:24.557628
10691,46.539131:24.558263 46.539136:24.558167
10692,46.547263:24.572805 46.547164:24.573695 46.547113:24.574133
10693,46.547113:24.574133 46.547086:24.574361
10694,46.547086:24.574361 46.546978:24.575225 46.546924:24.575665 46.546858:24.576170
10695,46.547863:24.572116 46.547820:24.572152 46.547801:24.572171 46.547467:24.572523 46.547343:24.572660 46.547297:24.572715 46.547279:24.572759 46.547263:24.572805
10696,46.547113:24.574133 46.547084:24.574092 46.547073:24.574078 46.546993:24.573976 46.546960:24.573831 46.546970:24.573589 46.546977:24.573463 46.546924:24.573413
10697,46.545561:24.581908 46.545524:24.581917 46.545516:24.581921 46.545469:24.581934
10698,46.545469:24.581934 46.545414:24.581950 46.545279:24.581947 46.545215:24.581917 46.545139:24.582025
10699,46.545469:24.581934 46.545365:24.581772 46.545160:24.581493
10700,46.525218:24.513969 46.525162:24.513540 46.525160:24.513366
10701,46.563030:24.548579 46.563093:24.548578 46.563380:24.548581
10702,46.562367:24.548781 46.562571:24.548866 46.562689:24.548914
10703,46.562996:24.549029 46.563065:24.549032 46.563082:24.549032 46.563509:24.549048
10704,46.549907:24.552836 46.550083:24.552493 46.550218:24.552259 46.550252:24.552202
10705,46.550252:24.552202 46.550339:24.552053 46.550429:24.551811 46.550456:24.551715
10706,46.535522:24.556629 46.535424:24.556525
10707,46.542474:24.556080 46.542519:24.556111 46.542684:24.556234
10708,46.542684:24.556234 46.542755:24.556288
10709,46.542684:24.556234 46.542758:24.556006
10710,46.542811:24.556140 46.542755:24.556288
10711,46.542755:24.556288 46.542648:24.556583
10712,46.547660:24.549391 46.547746:24.549326 46.547871:24.549661 46.547900:24.549736 46.547837:24.549777
10713,46.532044:24.552527 46.532025:24.552486 46.532015:24.552447 46.531907:24.551836
10714,46.534159:24.560846 46.534103:24.560784 46.533908:24.560568 46.533745:24.560371 46.533635:24.560258 46.533456:24.560217 46.533393:24.560203 46.533365:24.560196
10715,46.537930:24.594638 46.537891:24.594639 46.537819:24.594619 46.537760:24.594593 46.537663:24.594562 46.537575:24.594507 46.537484:24.594416 46.537437:24.594352 46.537368:24.594274 46.537314:24.594262 46.537301:24.594262 46.537287:24.594261
10716,46.577271:24.539902 46.576930:24.540935
10717,46.559456:24.548616 46.559537:24.548658 46.559545:24.548663 46.559597:24.548690 46.559614:24.548698
10718,46.559614:24.548698 46.559621:24.548702 46.559677:24.548730
10719,46.559677:24.548730 46.559768:24.548774
10720,46.559768:24.548774 46.559814:24.548797
10721,46.566392:24.545120 46.566442:24.545189 46.566588:24.545393 46.566677:24.545461 46.566742:24.545468 46.566803:24.545427 46.566847:24.545304 46.566903:24.545164 46.566977:24.545061
10722,46.566977:24.545061 46.567002:24.545025 46.567284:24.544566
10723,46.555916:24.578090 46.555940:24.578124
10724,46.533803:24.595094 46.533993:24.595236
10725,46.533993:24.595236 46.534060:24.595286
10726,46.520931:24.526046 46.520903:24.525986
10727,46.547278:24.564388 46.547411:24.564347 46.547507:24.564332 46.547578:24.564331 46.547700:24.564335
10728,46.578413:24.536493 46.578580:24.536962 46.578678:24.537227 46.578767:24.537156
10729,46.540290:24.570081 46.540343:24.570136 46.540374:24.570149
10730,46.534205:24.580078 46.534197:24.580082
10731,46.534197:24.580082 46.534107:24.580121 46.534059:24.580142
10732,46.534336:24.580022 46.534205:24.580078
10733,46.534197:24.580082 46.534169:24.580193 46.534120:24.580267 46.534086:24.580319
10734,46.551951:24.568014 46.552025:24.567884 46.551945:24.567778
10735,46.536279:24.586830 46.536122:24.587191
10736,46.536122:24.587191 46.536123:24.587257 46.536031:24.587477 46.535992:24.587442
10737,46.535798:24.587846 46.535976:24.587426
10738,46.535798:24.587846 46.535876:24.587916
10739,46.535876:24.587916 46.536094:24.588101 46.536172:24.587918
10740,46.531441:24.591399 46.531398:24.591367
10741,46.531205:24.591354 46.531227:24.591276 46.531249:24.591175
10742,46.564085:24.549847 46.564094:24.550020
10743,46.564094:24.550020 46.564103:24.550190
10744,46.564094:24.550020 46.563800:24.550041
10745,46.538187:24.569075 46.538204:24.568639 46.538198:24.568586 46.538172:24.568563 46.538165:24.568557 46.537966:24.568548 46.537970:24.568189
10746,46.538460:24.570233 46.538359:24.570255 46.538237:24.570244 46.538231:24.570240 46.538180:24.570205 46.538151:24.570141 46.538159:24.569899
10747,46.533824:24.554172 46.534098:24.554504 46.534209:24.554641 46.534231:24.554605 46.534307:24.554713 46.534318:24.554729
10748,46.528897:24.556199 46.528808:24.556207 46.528556:24.556654 46.528540:24.556682
10749,46.528540:24.556682 46.528455:24.556832
10750,46.528455:24.556832 46.528354:24.557011 46.528271:24.557061 46.528000:24.557514 46.527877:24.557721
10751,46.527877:24.557721 46.527839:24.557759
10752,46.527839:24.557759 46.527810:24.557744
10753,46.527810:24.557744 46.527793:24.557735 46.527603:24.557509 46.527561:24.557402 46.527536:24.557266 46.527526:24.557138 46.527565:24.556973
10754,46.527810:24.557744 46.527698:24.557952
10755,46.526414:24.556710 46.526421:24.556850 46.526444:24.556912 46.526468:24.556976 46.526539:24.557101
10756,46.526539:24.557101 46.526563:24.557130 46.526713:24.557311 46.526899:24.557538
10757,46.526899:24.557538 46.526950:24.557634 46.526969:24.557739 46.526947:24.557816 46.526908:24.557891
10758,46.534730:24.560113 46.534686:24.560169 46.534644:24.560224
10759,46.534644:24.560224 46.534476:24.560450 46.534337:24.560637 46.534301:24.560685 46.534159:24.560846
10760,46.534159:24.560846 46.534148:24.560858 46.534140:24.560865 46.533959:24.561034
10761,46.533959:24.561034 46.533822:24.561162 46.533628:24.561342
10762,46.533628:24.561342 46.533350:24.561495 46.533337:24.561503
10763,46.532202:24.563100 46.532254:24.563157 46.532521:24.563458
10764,46.530966:24.562857 46.531104:24.563015 46.531139:24.563054 46.531154:24.563072 46.531249:24.563179 46.531462:24.563572 46.531523:24.563638
10765,46.531673:24.562240 46.531635:24.562304 46.531618:24.562331 46.531536:24.562468 46.531489:24.562549
10766,46.531489:24.562549 46.531481:24.562562
10767,46.531673:24.562240 46.531738:24.562320
10768,46.549621:24.585697 46.549430:24.585707 46.549354:24.585798 46.549295:24.585911 46.549304:24.586018 46.549325:24.586074 46.549363:24.586139 46.549472:24.586211 46.549614:24.586203 46.549668:24.586154
10769,46.549668:24.586154 46.549799:24.586034 46.549853:24.585982 46.549892:24.585947 46.549921:24.585882
10770,46.549921:24.585882 46.549941:24.585829 46.549908:24.585571 46.549875:24.585251 46.549840:24.584942
10771,46.549840:24.584942 46.549834:24.584885 46.549819:24.584576
10772,46.549819:24.584576 46.549803:24.584103 46.549790:24.583695
10773,46.548290:24.580126 46.548285:24.580048 46.548257:24.579685 46.548241:24.579192 46.548182:24.578397 46.548189:24.578184 46.548212:24.578045
10774,46.548212:24.578045 46.548219:24.578009 46.548232:24.577985 46.548257:24.577939
10775,46.543503:24.579079 46.543509:24.579075 46.543529:24.579062 46.543550:24.579048
10776,46.543550:24.579048 46.543670:24.578972
10777,46.543670:24.578972 46.543838:24.578864 46.544029:24.578735 46.544311:24.578538
10778,46.558462:24.557546 46.558734:24.558216 46.558854:24.558559
10779,46.558854:24.558559 46.559692:24.560954 46.559867:24.561337 46.559921:24.561445
10780,46.559921:24.561445 46.560056:24.561680 46.560301:24.562006
10781,46.531053:24.580288 46.531005:24.580333 46.531048:24.581360 46.531063:24.581626 46.531086:24.581681 46.531161:24.581754
10782,46.531098:24.582877 46.531131:24.582821 46.531153:24.582781 46.531181:24.582704 46.531194:24.582625 46.531161:24.581754
10783,46.531053:24.580288 46.531036:24.580061
10784,46.531036:24.580061 46.531021:24.579880 46.531009:24.579694 46.531002:24.579572 46.531025:24.579477 46.531092:24.579427 46.531180:24.579426
10785,46.530359:24.583414 46.530342:24.583426
10786,46.530342:24.583426 46.530289:24.583479 46.530246:24.583495 46.530182:24.583492 46.530108:24.583421 46.530084:24.583361 46.530060:24.583251 46.530032:24.582821 46.530032:24.582659 46.530038:24.582576
10787,46.535942:24.581252 46.536043:24.581578 46.536048:24.581595 46.536131:24.581858
10788,46.507228:24.618551 46.507054:24.618720 46.507034:24.618726 46.507021:24.618721 46.507012:24.618705 46.506947:24.618575 46.506943:24.618555 46.506951:24.618537 46.506967:24.618523
10789,46.507629:24.619196 46.507556:24.619079 46.507500:24.618982 46.507455:24.618910 46.507393:24.618808 46.507309:24.618685 46.507228:24.618551
10790,46.507228:24.618551 46.507173:24.618437 46.507137:24.618393 46.507126:24.618385 46.507115:24.618382 46.507106:24.618385 46.507096:24.618393 46.506967:24.618523
10791,46.540355:24.562134 46.540327:24.562128 46.540135:24.562057
10792,46.539732:24.566165 46.539503:24.566275
10793,46.580180:24.542645 46.580199:24.542575 46.580214:24.542507 46.580301:24.542138
10794,46.570584:24.535522 46.570564:24.535570 46.570015:24.536893
10795,46.550452:24.568369 46.550467:24.568372 46.550475:24.568373
10796,46.526738:24.555272 46.526737:24.555388 46.526644:24.555552 46.526628:24.555581
10797,46.526271:24.554782 46.525997:24.555257 46.525977:24.555291
10798,46.529499:24.556981 46.529312:24.557306 46.529207:24.557187 46.529384:24.556868 46.529395:24.556848
10799,46.531912:24.585906 46.531883:24.585889 46.531388:24.585603
10800,46.533593:24.574395 46.533628:24.574395 46.533725:24.574395
10801,46.533725:24.574395 46.533874:24.574381
10802,46.534128:24.573879 46.534109:24.573928 46.534057:24.574068 46.534030:24.574197 46.534017:24.574371
10803,46.534109:24.573324 46.534128:24.573879
10804,46.543460:24.568270 46.543441:24.568257 46.543420:24.568252 46.543399:24.568258
10805,46.543399:24.568258 46.543380:24.568274 46.543365:24.568298 46.543357:24.568328 46.543356:24.568360 46.543362:24.568391 46.543375:24.568417 46.543393:24.568435 46.543415:24.568444 46.543437:24.568441 46.543457:24.568428 46.543473:24.568407 46.543484:24.568380 46.543487:24.568350 46.543484:24.568319 46.543475:24.568292 46.543460:24.568270
10806,46.562746:24.548680 46.562650:24.548650
10807,46.524704:24.535299 46.524759:24.535239 46.525157:24.534804 46.525194:24.534765
10808,46.553728:24.573876 46.553775:24.573544 46.553858:24.573092 46.553942:24.572685
10809,46.568477:24.547616 46.568472:24.547588 46.568472:24.547563 46.568471:24.547503 46.568470:24.547481 46.568504:24.547386 46.568836:24.546869
10810,46.568836:24.546869 46.568895:24.546777 46.568919:24.546742
10811,46.568919:24.546742 46.568996:24.546626
10812,46.568996:24.546626 46.569150:24.546394 46.569400:24.545996 46.569524:24.545803
10813,46.569524:24.545803 46.569641:24.545624 46.569811:24.545330 46.569995:24.544964 46.570195:24.544526 46.570397:24.544069
10814,46.570397:24.544069 46.570491:24.543855 46.570508:24.543807 46.570517:24.543739
10815,46.570517:24.543739 46.570541:24.543633 46.570566:24.543534 46.570618:24.543378 46.570666:24.543250 46.571088:24.542279 46.571538:24.541241
10816,46.570517:24.543739 46.570234:24.543383
10817,46.570234:24.543383 46.570020:24.543082
10818,46.523269:24.536530 46.523255:24.536501
10819,46.527901:24.514655 46.527951:24.514739 46.528122:24.515007 46.528214:24.515125 46.528258:24.515361
10820,46.544108:24.546516 46.543677:24.547074 46.543660:24.547097 46.543642:24.547119
10821,46.543642:24.547119 46.543631:24.547098 46.543280:24.546402 46.542876:24.545622 46.542853:24.545585 46.542836:24.545556
10822,46.541722:24.552036 46.541838:24.552312
10823,46.556889:24.546992 46.556793:24.547066 46.556742:24.547101
10824,46.561208:24.523939 46.561369:24.524062 46.561837:24.524234
10825,46.560419:24.525505 46.560581:24.524708 46.560865:24.524444 46.561001:24.524123 46.561208:24.523939
10826,46.523756:24.533388 46.523717:24.533429
10827,46.595787:24.573807 46.595736:24.573898 46.595285:24.574627 46.594938:24.575190
10828,46.582256:24.632162 46.582773:24.631834
10829,46.550854:24.574896 46.550142:24.574438 46.550128:24.574429
10830,46.530604:24.557223 46.530552:24.557159 46.530376:24.556944 46.530446:24.556821
10831,46.529992:24.555598 46.530062:24.555590 46.530524:24.556147 46.530520:24.556246
10832,46.532446:24.580406 46.532450:24.580549
10833,46.532161:24.581477 46.532123:24.581488 46.532091:24.581498 46.532055:24.581603 46.532059:24.581781
10834,46.532134:24.579032 46.532038:24.579047 46.532016:24.578635
10835,46.530407:24.538909 46.530702:24.538634 46.530739:24.538601
10836,46.530217:24.537586 46.530188:24.537617 46.529860:24.537958 46.530328:24.538859 46.530656:24.538540 46.530692:24.538504
10837,46.531649:24.582781 46.531705:24.582818 46.531824:24.582944
10838,46.531824:24.582944 46.531919:24.583044
10839,46.562976:24.551497 46.562837:24.552153
10840,46.529141:24.546415 46.528945:24.546003
10841,46.530777:24.582944 46.530657:24.582888 46.530324:24.582907 46.530223:24.582950 46.530126:24.583019
10842,46.530497:24.583296 46.530450:24.583286 46.530326:24.583399 46.530342:24.583426
10843,46.531401:24.583079 46.531402:24.583260 46.531317:24.583483 46.531311:24.583505 46.531305:24.583529 46.531458:24.583625
10844,46.531458:24.583625 46.531518:24.583662
10845,46.531458:24.583625 46.531343:24.583900 46.531131:24.584305
10846,46.531131:24.584305 46.531056:24.584448
10847,46.531056:24.584448 46.530980:24.584592
10848,46.530980:24.584592 46.530942:24.584665 46.530881:24.584719 46.530807:24.584740 46.530746:24.584707 46.530726:24.584685
10849,46.530980:24.584592 46.531172:24.584773 46.531241:24.584627
10850,46.531241:24.584627 46.531308:24.584485 46.531131:24.584305
10851,46.531056:24.584448 46.531241:24.584627
10852,46.532448:24.573238 46.532469:24.573687
10853,46.559024:24.548471 46.559037:24.548417 46.559044:24.548385 46.559106:24.548193 46.559139:24.548149 46.559172:24.548128 46.559202:24.548123 46.559218:24.548119
10854,46.547869:24.550174 46.548093:24.550673 46.548012:24.550732 46.548036:24.550849 46.548045:24.550894
10855,46.547900:24.549914 46.547849:24.549945 46.547589:24.550101
10856,46.547589:24.550101 46.547567:24.550070 46.547516:24.549887
10857,46.547589:24.550101 46.547597:24.550157 46.547610:24.550264 46.547689:24.550596
10858,46.547883:24.549876 46.547832:24.549906 46.547707:24.549981 46.547641:24.550018 46.547611:24.550013 46.547603:24.549999 46.547589:24.549967 46.547545:24.549789 46.547489:24.549818
10859,46.547738:24.549561 46.547693:24.549583 46.547643:24.549608 46.547585:24.549618 46.547539:24.549579 46.547497:24.549542 46.547432:24.549556 46.547138:24.549696
10860,46.530647:24.559945 46.530485:24.560214 46.530471:24.560237
10861,46.529914:24.558435 46.529961:24.558491
10862,46.529961:24.558491 46.530032:24.558578 46.529682:24.559202 46.529656:24.559248
10863,46.529961:24.558491 46.529659:24.559023
10864,46.535758:24.573926 46.535743:24.573932 46.535723:24.573945
10865,46.539778:24.562712 46.539680:24.562679
10866,46.560784:24.549841 46.560874:24.549373 46.560891:24.549283
10867,46.559677:24.548730 46.559697:24.548699 46.559943:24.548320 46.559894:24.548260
10868,46.559894:24.548260 46.559635:24.548666 46.559614:24.548698
10869,46.559894:24.548260 46.559858:24.548211 46.559795:24.548128
10870,46.561539:24.549565 46.561590:24.549297 46.561607:24.549210
10871,46.540995:24.566392 46.540977:24.566432 46.540973:24.566458 46.540973:24.566483 46.540976:24.566509 46.540984:24.566537 46.540992:24.566554 46.541013:24.566577
10872,46.540844:24.575391 46.540821:24.575511 46.540771:24.575616 46.540735:24.575720 46.540629:24.575756
10873,46.511393:24.605076 46.511116:24.604794 46.510900:24.604519
10874,46.510880:24.606041 46.510974:24.606181 46.511007:24.606325 46.511009:24.606492 46.510978:24.606610 46.510664:24.607213 46.510654:24.607277 46.510666:24.607336 46.510815:24.607460 46.510861:24.607457 46.510896:24.607393 46.511051:24.607074
10875,46.581737:24.618153 46.582081:24.617594
10876,46.553452:24.535021 46.553212:24.533809
10877,46.545189:24.621434 46.543569:24.621477
10878,46.555750:24.541575 46.555818:24.541615
10879,46.555916:24.540906 46.555962:24.540979 46.555977:24.541121 46.555933:24.541292 46.555842:24.541521 46.555818:24.541615
10880,46.555818:24.541615 46.555696:24.541987
10881,46.555996:24.540607 46.555916:24.540906
10882,46.555916:24.540906 46.555839:24.541059 46.555808:24.541239 46.555788:24.541463 46.555750:24.541575
10883,46.555750:24.541575 46.555714:24.541660 46.555622:24.541821
10884,46.545122:24.567472 46.545127:24.567516
10885,46.544633:24.566762 46.544785:24.566850 46.544840:24.566887
10886,46.538069:24.576868 46.538204:24.577309
10887,46.530507:24.550908 46.530512:24.550836 46.530521:24.550704 46.530657:24.550556
10888,46.528621:24.595352 46.528695:24.595474 46.528801:24.595647
10889,46.529063:24.591294 46.529090:24.591679
10890,46.528051:24.592106 46.528098:24.592298
10891,46.527971:24.592741 46.528143:24.592577
10892,46.529076:24.592400 46.529115:24.592418 46.529147:24.592420 46.529174:24.592421 46.529190:24.592415 46.529214:24.592403 46.529310:24.592274 46.529381:24.592198 46.529401:24.592193 46.529428:24.592200 46.529466:24.592236 46.529501:24.592292 46.529501:24.592324 46.529491:24.592357 46.529466:24.592394 46.529350:24.592523
10893,46.528090:24.592482 46.527971:24.592741
10894,46.529063:24.591294 46.529033:24.591145
10895,46.529206:24.591663 46.529063:24.591294
10896,46.586435:24.607120 46.586340:24.607261
10897,46.581730:24.604894 46.581810:24.604812
10898,46.579922:24.607096 46.580123:24.606925 46.580295:24.606734 46.581022:24.605773
10899,46.581022:24.605773 46.581429:24.605255 46.581553:24.605097
10900,46.581553:24.605097 46.581730:24.604894
10901,46.550424:24.526188 46.550220:24.526944
10902,46.529711:24.543578 46.529960:24.543339
10903,46.511526:24.510814 46.511436:24.510639
10904,46.511439:24.510908 46.511526:24.510814
10905,46.511526:24.510814 46.511904:24.511558
10906,46.511904:24.511558 46.511939:24.511556 46.512015:24.511551
10907,46.511938:24.511398 46.511915:24.511506 46.511904:24.511558
10908,46.518455:24.524523 46.518409:24.524566 46.518366:24.524629 46.518353:24.524767 46.518166:24.524965
10909,46.539005:24.568701 46.539099:24.568695 46.539133:24.568660 46.539173:24.568640 46.539219:24.568655 46.539254:24.568682 46.539269:24.568730 46.539268:24.568804
10910,46.542517:24.557757 46.542494:24.557752 46.542469:24.557754 46.542445:24.557769 46.542409:24.557797 46.542359:24.557831
10911,46.542505:24.557903 46.542359:24.557831
10912,46.542359:24.557831 46.542265:24.557796
10913,46.542505:24.557903 46.542527:24.558040
10914,46.542517:24.557757 46.542505:24.557800 46.542499:24.557852 46.542505:24.557903
10915,46.530999:24.550814 46.531005:24.550898 46.531010:24.550974 46.531141:24.550949
10916,46.525075:24.549471 46.525009:24.549512 46.524642:24.549743 46.524626:24.549693
10917,46.524626:24.549693 46.524575:24.549537 46.524763:24.549409 46.524873:24.549284 46.524921:24.549229
10918,46.524626:24.549693 46.524546:24.549748 46.524534:24.549716
10919,46.524534:24.549716 46.524496:24.549611 46.524134:24.549840
10920,46.524534:24.549716 46.523990:24.550067 46.524150:24.550596
10921,46.516675:24.520896 46.516638:24.520940 46.516530:24.521065 46.516075:24.521604
10922,46.515309:24.610286 46.515145:24.609790
10923,46.514640:24.610048 46.514914:24.609849 46.514930:24.609846 46.514942:24.609850 46.514984:24.609934 46.515048:24.610145 46.515047:24.610170 46.515039:24.610197 46.514929:24.610300
10924,46.514929:24.610300 46.514771:24.610423
10925,46.515001:24.610520 46.514929:24.610300
10926,46.512394:24.613306 46.512337:24.613443
10927,46.512337:24.613443 46.512247:24.613612
10928,46.512450:24.613564 46.512337:24.613443
10929,46.511909:24.613388 46.511851:24.613457 46.511813:24.613474 46.511773:24.613468 46.511607:24.613282
10930,46.510489:24.616177 46.510363:24.615895
10931,46.510339:24.616336 46.510091:24.615851
10932,46.511024:24.614825 46.511182:24.615208
10933,46.510661:24.615998 46.510620:24.615897 46.510599:24.615847 46.510600:24.615806 46.510624:24.615763 46.511141:24.615217 46.511182:24.615208
10934,46.511182:24.615208 46.511217:24.615222 46.511241:24.615239 46.511323:24.615295
10935,46.511360:24.614518 46.511608:24.614993
10936,46.511608:24.614993 46.511863:24.615411
10937,46.513715:24.611216 46.513801:24.611440
10938,46.513860:24.611090 46.513715:24.611216
10939,46.513715:24.611216 46.513385:24.611503
10940,46.512174:24.612733 46.512430:24.613047 46.512506:24.613063 46.512548:24.613093 46.512638:24.613201
10941,46.592017:24.622803 46.591735:24.623266 46.591694:24.623330
10942,46.592175:24.622987 46.592081:24.623213 46.591991:24.623333 46.591902:24.623416 46.591854:24.623431 46.591814:24.623494
10943,46.591428:24.622968 46.591211:24.624189 46.591176:24.624333
10944,46.592208:24.622073 46.591561:24.623027 46.591525:24.623100
10945,46.545610:24.555921 46.545633:24.555950 46.545660:24.555986 46.545905:24.556228 46.545949:24.556297 46.545994:24.556393 46.546171:24.556584
10946,46.549926:24.632842 46.549962:24.632856 46.549997:24.632843 46.550179:24.632591
10947,46.552458:24.628631 46.552726:24.629435
10948,46.552454:24.629772 46.552661:24.630229
10949,46.549956:24.627614 46.549455:24.628019
10950,46.560276:24.576309 46.560337:24.576458 46.560480:24.576804
10951,46.532732:24.542625 46.533106:24.542282
10952,46.533106:24.542282 46.533444:24.541962 46.533470:24.541937
10953,46.534421:24.536970 46.534174:24.537197 46.533731:24.537603 46.534073:24.538366 46.534101:24.538428
10954,46.534395:24.540415 46.534379:24.540375 46.534176:24.539868
10955,46.534363:24.539056 46.534320:24.539092 46.533583:24.539693
10956,46.516152:24.614151 46.516063:24.616526
10957,46.515705:24.616628 46.515745:24.616574 46.515760:24.616488 46.515845:24.614342
10958,46.515269:24.614444 46.515243:24.614493 46.515236:24.614568 46.515155:24.616558 46.515177:24.616638
10959,46.516550:24.613758 46.516277:24.614047 46.516152:24.614151
10960,46.516152:24.614151 46.516096:24.614198 46.515845:24.614342
10961,46.515845:24.614342 46.515612:24.614396 46.515354:24.614428 46.515269:24.614444
10962,46.518671:24.613020 46.518528:24.612999 46.518381:24.612974 46.518279:24.612965
10963,46.518279:24.612965 46.518129:24.612943
10964,46.518129:24.612943 46.517986:24.612926 46.517844:24.612902 46.517683:24.612848
10965,46.517683:24.612848 46.517556:24.612800 46.517281:24.612771 46.517178:24.612800 46.517041:24.612881 46.516882:24.613071 46.516797:24.613205 46.516709:24.613366 46.516650:24.613581 46.516550:24.613758
10966,46.519429:24.629819 46.518769:24.629931
10967,46.519795:24.634413 46.519306:24.634587
10968,46.517527:24.627906 46.517541:24.627521 46.517570:24.627112 46.517615:24.626635 46.517659:24.626471
10969,46.517659:24.626471 46.517713:24.626432 46.517767:24.626417
10970,46.519872:24.633333 46.519120:24.633443
10971,46.519562:24.632447 46.519024:24.632529
10972,46.522560:24.628975 46.522353:24.628888 46.522289:24.628911
10973,46.552729:24.561674 46.552735:24.561572 46.552704:24.561289 46.552694:24.561171 46.552698:24.561140 46.552710:24.561118 46.552879:24.561035
10974,46.575238:24.573057 46.575132:24.574351 46.575103:24.574506 46.575029:24.574667 46.574926:24.574753 46.573757:24.575943 46.572388:24.577406
10975,46.571599:24.576690 46.573147:24.575065 46.574365:24.573712 46.575058:24.573026 46.575206:24.573026 46.575238:24.573057
10976,46.555758:24.566965 46.555699:24.567051 46.555665:24.567090 46.555602:24.567141
10977,46.555653:24.566531 46.555643:24.566553
10978,46.535886:24.553877 46.536073:24.553580
10979,46.537577:24.566514 46.537614:24.566515 46.537643:24.566516 46.537814:24.566520
10980,46.538373:24.579068 46.538338:24.578937 46.538328:24.578897 46.538263:24.578679 46.538236:24.578624 46.538189:24.578593 46.538140:24.578597 46.538086:24.578633 46.537991:24.578714
10981,46.534267:24.600077 46.535287:24.599352
10982,46.535287:24.599352 46.535324:24.599338 46.535348:24.599352 46.535375:24.599386 46.535385:24.599431 46.535378:24.599466 46.535341:24.599508 46.534333:24.600215
10983,46.534707:24.601072 46.534617:24.601160 46.534590:24.601179 46.534562:24.601181 46.534533:24.601155 46.534151:24.600307 46.534136:24.600241 46.534137:24.600180 46.534156:24.600141 46.534267:24.600077
10984,46.534267:24.600077 46.534333:24.600215
10985,46.534333:24.600215 46.534577:24.600774
10986,46.534577:24.600774 46.534707:24.601072
10987,46.534707:24.601072 46.534778:24.601238
10988,46.558753:24.545562 46.558772:24.545616 46.558782:24.545646 46.559038:24.546393
10989,46.555474:24.542973 46.555594:24.542772 46.556064:24.541851 46.556198:24.541597
10990,46.556198:24.541597 46.556480:24.541057
10991,46.527971:24.592741 46.527623:24.593259
10992,46.527623:24.593259 46.527142:24.593975
10993,46.525973:24.591689 46.526349:24.591215
10994,46.526066:24.591860 46.525973:24.591689
10995,46.525973:24.591689 46.525885:24.591526 46.526246:24.591060
10996,46.525965:24.591988 46.526066:24.591860
10997,46.526066:24.591860 46.526449:24.591373
10998,46.526754:24.593320 46.527162:24.592767 46.527177:24.592739 46.527180:24.592710
10999,46.527180:24.592710 46.527177:24.592680 46.526677:24.591862 46.526229:24.592433
11000,46.527623:24.593259 46.527302:24.592764 46.527249:24.592721 46.527214:24.592705 46.527180:24.592710
11001,46.528915:24.587546 46.528803:24.587680 46.528538:24.587946 46.528198:24.588314 46.528145:24.588369
11002,46.520960:24.568061 46.520786:24.568028
11003,46.547700:24.564335 46.547958:24.564344
11004,46.547612:24.564151 46.547958:24.564344
11005,46.515011:24.606333 46.515075:24.606286 46.515162:24.606224
11006,46.515162:24.606224 46.515249:24.606160 46.515276:24.606140 46.515358:24.606138 46.515413:24.606213 46.515489:24.606409
11007,46.515886:24.607623 46.515760:24.607404 46.515695:24.607310 46.515653:24.607302 46.515561:24.607371 46.515470:24.607110 46.515162:24.606224
11008,46.515162:24.606224 46.514998:24.605751
11009,46.516403:24.608427 46.516373:24.608388 46.516330:24.608396 46.516210:24.608476 46.515886:24.607623
11010,46.535678:24.591211 46.535631:24.591162 46.535499:24.591025 46.535295:24.590813 46.534976:24.590532
11011,46.560443:24.536875 46.560222:24.537441
11012,46.561057:24.537421 46.560575:24.538495
11013,46.544927:24.619291 46.544713:24.619385
11014,46.545540:24.620210 46.545499:24.619972 46.545482:24.619921 46.545451:24.619900 46.545404:24.619900 46.545191:24.619975
11015,46.545191:24.619975 46.545101:24.620000 46.545074:24.619998 46.545048:24.619960 46.544951:24.619409 46.544927:24.619291
11016,46.544927:24.619291 46.545008:24.619264 46.545051:24.619279 46.545076:24.619313 46.545095:24.619398 46.545191:24.619975
11017,46.569393:24.535121 46.569585:24.534468 46.569724:24.533995
11018,46.553504:24.541779 46.553541:24.541771 46.553893:24.541694
11019,46.553836:24.547168 46.553814:24.547195 46.553409:24.547678 46.553394:24.547718 46.553390:24.547768 46.553390:24.547821 46.553397:24.547864 46.553417:24.547946 46.553494:24.548119 46.553649:24.548350 46.553868:24.548081 46.553840:24.548007 46.553852:24.547933 46.554075:24.547663 46.554107:24.547624
11020,46.508866:24.530419 46.508897:24.530437 46.509167:24.530554 46.509384:24.530644 46.509412:24.530645 46.509425:24.530639 46.509432:24.530627 46.509441:24.530590 46.509469:24.530455
11021,46.512239:24.525546 46.512218:24.525620 46.512057:24.526207 46.511794:24.526098 46.511833:24.525553 46.511839:24.525477
11022,46.508693:24.524059 46.508692:24.524178 46.508714:24.524253 46.508733:24.524294 46.508778:24.524356 46.508806:24.524376 46.508829:24.524379 46.508842:24.524362 46.508846:24.524334 46.508849:24.524296 46.508857:24.524260 46.508859:24.524229
11023,46.556057:24.543725 46.555819:24.544089 46.555788:24.544130
11024,46.554586:24.545130 46.554903:24.545573 46.554945:24.545572 46.555035:24.545462 46.555728:24.544378 46.555784:24.544208
11025,46.555511:24.543837 46.554586:24.545130
11026,46.554586:24.545130 46.554177:24.545701
11027,46.551957:24.582776 46.552279:24.583097 46.552326:24.583014 46.552530:24.583318
11028,46.505878:24.641888 46.505870:24.641981 46.505849:24.642050 46.505803:24.642138 46.505609:24.642518 46.505750:24.642619
11029,46.541129:24.614113 46.540277:24.615165 46.540545:24.615633 46.541217:24.614744
11030,46.546356:24.527332 46.545436:24.528305
11031,46.544776:24.522504 46.544817:24.522670 46.545686:24.523899 46.545873:24.524119 46.546091:24.524457
11032,46.546091:24.524457 46.546253:24.524710 46.546475:24.525102
11033,46.542533:24.519687 46.542123:24.520149
11034,46.542123:24.520149 46.541436:24.520938
11035,46.542384:24.519341 46.541714:24.520072
11036,46.542030:24.518646 46.543266:24.516997
11037,46.541509:24.520992 46.541149:24.521760
11038,46.519048:24.517021 46.519452:24.517879 46.520572:24.516708
11039,46.518344:24.516164 46.518844:24.517231
11040,46.534577:24.600774 46.534750:24.600631
11041,46.533383:24.484534 46.533368:24.484161
11042,46.531213:24.501518 46.530817:24.499572
11043,46.530817:24.499572 46.530715:24.499084
11044,46.530715:24.499084 46.530702:24.499017
11045,46.530702:24.499017 46.530519:24.498200
11046,46.530519:24.498200 46.530497:24.498096
11047,46.530497:24.498096 46.530357:24.497401
11048,46.530357:24.497401 46.530227:24.496599
11049,46.530250:24.496587 46.530152:24.496065 46.530155:24.495947 46.529987:24.495046
11050,46.528963:24.496429 46.528958:24.496328
11051,46.527878:24.494930 46.527823:24.496326
11052,46.550329:24.532744 46.549004:24.530429
11053,46.546591:24.527681 46.546536:24.527585
11054,46.548386:24.527197 46.548131:24.526781 46.548126:24.526774 46.548120:24.526771 46.548110:24.526771 46.548102:24.526777
11055,46.548102:24.526777 46.547744:24.527264
11056,46.547744:24.527264 46.547605:24.527452
11057,46.547605:24.527452 46.546989:24.528288
11058,46.580125:24.602428 46.580505:24.602919
11059,46.578745:24.600393 46.578644:24.600166
11060,46.589571:24.615675 46.589201:24.616272
11061,46.588085:24.613594 46.587689:24.614205
11062,46.588214:24.613782 46.587821:24.614389
11063,46.587471:24.615423 46.587992:24.614625
11064,46.514427:24.560709 46.513355:24.560286
11065,46.513571:24.559629 46.513355:24.560286
11066,46.513355:24.560286 46.512966:24.561469
11067,46.512966:24.561469 46.512686:24.562320 46.512481:24.562178
11068,46.514571:24.560063 46.513571:24.559629
11069,46.513276:24.560882 46.514206:24.561613
11070,46.514249:24.562469 46.514320:24.562165 46.514279:24.561671 46.514206:24.561613
11071,46.514206:24.561613 46.514311:24.561267 46.514427:24.560709
11072,46.514427:24.560709 46.514571:24.560063
11073,46.513050:24.561534 46.513276:24.560882
11074,46.510660:24.571302 46.512080:24.572537
11075,46.504536:24.485062 46.504728:24.484793
11076,46.502850:24.482852 46.504425:24.485218 46.504536:24.485062
11077,46.505073:24.485869 46.505223:24.485443 46.505068:24.485208
11078,46.535741:24.498012 46.536207:24.497591
11079,46.536724:24.494571 46.536172:24.494873 46.535908:24.495062
11080,46.536889:24.495487 46.537361:24.494804 46.537141:24.494182 46.536774:24.494810
11081,46.537920:24.494324 46.538426:24.495584
11082,46.566294:24.588959 46.566492:24.589289
11083,46.545434:24.639788 46.544468:24.639269
11084,46.527810:24.528852 46.527993:24.528694
11085,46.527225:24.529430 46.527085:24.529064 46.526958:24.529167 46.527079:24.529481
11086,46.527849:24.524946 46.527809:24.524982 46.527612:24.525161 46.526915:24.525886 46.526651:24.525352 46.527372:24.524633 46.527420:24.524462 46.527503:24.524364 46.527537:24.524323
11087,46.543187:24.557737 46.543614:24.556729
11088,46.543614:24.556729 46.543779:24.556338
