id,osm_id,lat,lon
0,26003372,46.5323789,24.5669463
1,26003374,46.5271573,24.5467761
2,26003377,46.5332764,24.5676392
3,26003378,46.5266260,24.5514916
4,26003382,46.5318019,24.5646366
5,26003388,46.5249022,24.5491990
6,26003391,46.5322537,24.5661192
7,26003397,46.5284531,24.5453799
8,26003403,46.5221285,24.5433806
9,26003405,46.5282018,24.5511106
10,26003414,46.5247958,24.5412787
11,26003416,46.5253981,24.5405223
12,26003417,46.5259925,24.5396757
13,26003422,46.5276465,24.5435749
14,26003426,46.5312246,24.5498595
15,26003427,46.5332514,24.5521383
16,26003429,46.5361852,24.5558891
17,26003432,46.5382235,24.5581072
18,26003442,46.5330261,24.5757753
19,26003447,46.5336652,24.5819156
20,26003448,46.5343436,24.5827132
21,26003449,46.5348271,24.5831231
22,26003450,46.5351223,24.5834022
23,26003455,46.5317475,24.5723136
24,26003457,46.5315786,24.5741272
25,26003458,46.5316515,24.5759025
26,26003459,46.5316469,24.5769688
27,26003460,46.5315900,24.5773334
28,26003461,46.5314018,24.5791542
29,26003462,46.5314179,24.5795573
30,26003464,46.5315360,24.5818369
31,26003469,46.5321637,24.5820663
32,26003470,46.5328642,24.5827774
33,26003473,46.5329908,24.5829058
34,26003630,46.5060945,24.4994955
35,26003633,46.5113858,24.5101092
36,26003849,46.5354762,24.5646162
37,26003854,46.5371888,24.5608167
38,26003856,46.5373651,24.5582855
39,26003857,46.5371883,24.5578921
40,26003932,46.5398777,24.5589648
41,26003933,46.5396798,24.5598531
42,26003944,46.5388027,24.5661209
43,26003945,46.5387616,24.5673692
44,26003947,46.5387755,24.5711786
45,26003952,46.5390568,24.5776727
46,26003954,46.5383725,24.5790679
47,26003958,46.5361311,24.5818582
48,26003959,46.5357007,24.5824026
49,26003960,46.5349112,24.5838378
50,26003970,46.5318366,24.5923897
51,26021660,46.5434897,24.5516720
52,26021661,46.5429602,24.5520137
53,26021664,46.5407333,24.5534715
54,26021667,46.5386850,24.5553771
55,26022577,46.5395949,24.5758649
56,26022585,46.5404600,24.5816920
57,26022587,46.5396406,24.5852583
58,26022597,46.5362670,24.5946760
59,26022607,46.5335398,24.5896108
60,26022613,46.5337668,24.5899031
61,26022622,46.5351586,24.5940698
62,26022627,46.5363861,24.5980424
63,26022636,46.5375036,24.6015180
64,26292965,46.5526719,24.5674487
65,26293004,46.5375427,24.5540139
66,26293005,46.5367431,24.5531239
67,26293007,46.5358390,24.5518006
68,27510409,46.5462545,24.5641849
69,27510412,46.5462401,24.5651370
70,27510414,46.5460480,24.5672403
71,27510415,46.5461419,24.5677771
72,27510424,46.5711476,24.5965931
73,27510427,46.5734150,24.5991511
74,27510433,46.5765452,24.6049090
75,27510439,46.5814902,24.6093473
76,27510441,46.5846224,24.6137200
77,27510446,46.5933376,24.6255272
78,27510447,46.5935755,24.6251651
79,27510449,46.5939291,24.6243618
80,27510450,46.5937576,24.6240354
81,27510451,46.5929493,24.6229441
82,27510452,46.5926990,24.6233302
83,27510453,46.5935172,24.6244159
84,31059477,46.5414493,24.5597526
85,31059478,46.5417930,24.5602350
86,31059479,46.5418439,24.5603109
87,31059480,46.5435544,24.5630767
88,31059500,46.5415079,24.5664444
89,31059502,46.5427865,24.5649648
90,31059506,46.5451272,24.5675162
91,31059629,46.5455633,24.5693761
92,31059631,46.5416132,24.5731342
93,31059675,46.5359034,24.5841725
94,31059676,46.5364875,24.5845749
95,31059677,46.5376305,24.5844349
96,31059680,46.5388229,24.5844199
97,31059681,46.5396656,24.5846735
98,31059986,46.5340963,24.5832219
99,31059992,46.5333981,24.5876817
100,31060014,46.5426247,24.5650369
101,31060017,46.5420401,24.5625525
102,31060018,46.5412016,24.5610572
103,31060026,46.5460186,24.5649287
104,31060049,46.5197899,24.5273034
105,31060051,46.5220385,24.5229076
106,31060060,46.5311298,24.5395014
107,31060064,46.5357193,24.5475769
108,36152239,46.5977308,24.6315154
109,36709833,46.5355749,24.5720043
110,36709835,46.5342664,24.5722993
111,36709838,46.5358377,24.5809198
112,36709839,46.5354388,24.5795134
113,36709840,46.5350962,24.5782267
114,36709843,46.5357338,24.5775561
115,36709856,46.5434912,24.5554876
116,36709857,46.5421570,24.5552780
117,36709858,46.5427284,24.5553777
118,36709859,46.5420419,24.5573219
119,36709863,46.5413012,24.5474974
120,36709864,46.5440701,24.5529655
121,36709865,46.5440669,24.5551844
122,36709870,46.5413770,24.5552115
123,245801886,46.5207853,24.5261753
124,247957321,46.5352952,24.5656479
125,248205805,46.5364724,24.5624652
126,248205807,46.5371888,24.5628267
127,248205809,46.5367340,24.5626282
128,248205815,46.5384730,24.5596942
129,248205819,46.5378013,24.5613525
130,248205821,46.5395780,24.5604364
131,248205823,46.5393243,24.5620562
132,248205825,46.5337599,24.5651085
133,248205828,46.5351370,24.5672616
134,248205831,46.5356839,24.5671639
135,248205832,46.5353593,24.5697356
136,248205837,46.5354195,24.5703584
137,248205839,46.5350433,24.5703622
138,248205846,46.5354037,24.5752252
139,248205848,46.5357521,24.5749554
140,248205854,46.5346038,24.5871276
141,248205859,46.5374648,24.5899309
142,248495727,46.5401856,24.5667488
143,248495729,46.5446329,24.5667619
144,248495732,46.5456809,24.5671154
145,248495736,46.5458000,24.5660011
146,248495737,46.5460436,24.5661295
147,248495738,46.5461151,24.5656540
148,248495746,46.5426485,24.5652222
149,248495752,46.5413734,24.5632826
150,248495753,46.5417641,24.5673945
151,248495755,46.5423153,24.5671463
152,248495756,46.5429202,24.5666390
153,248495757,46.5434403,24.5657046
154,248495758,46.5426857,24.5662585
155,248495763,46.5483376,24.5654187
156,248495764,46.5485000,24.5655022
157,248495765,46.5484133,24.5685422
158,248495766,46.5483634,24.5706551
159,248495767,46.5483125,24.5723758
160,248495769,46.5482604,24.5685488
161,248495770,46.5482174,24.5706438
162,248495771,46.5480078,24.5722128
163,248495772,46.5496906,24.5665401
164,248495773,46.5496491,24.5707476
165,248495775,46.5513184,24.5714242
166,248495776,46.5527698,24.5722380
167,248495778,46.5519951,24.5744784
168,248495780,46.5506924,24.5737399
169,248495784,46.5503535,24.5703679
170,248495786,46.5501525,24.5696923
171,248583976,46.5366567,24.5658386
172,248583979,46.5390672,24.5591489
173,248583985,46.5366028,24.5625565
174,248583994,46.5358671,24.5657241
175,248583995,46.5356597,24.5656938
176,248584000,46.5360447,24.5645679
177,248584001,46.5368542,24.5647021
178,248584005,46.5365107,24.5717384
179,248584007,46.5367082,24.5716869
180,248584011,46.5367983,24.5676140
181,248584012,46.5361799,24.5687878
182,248584013,46.5369988,24.5684829
183,248584014,46.5363481,24.5696662
184,248584016,46.5371995,24.5693428
185,248584017,46.5364727,24.5703721
186,248584020,46.5373011,24.5741679
187,248584022,46.5371252,24.5742602
188,248584023,46.5369040,24.5733414
189,248584024,46.5357228,24.5739447
190,248584032,46.5381925,24.5768390
191,248584033,46.5351579,24.5784810
192,248584036,46.5385022,24.5789016
193,248584070,46.5386038,24.5816549
194,248584079,46.5379603,24.5843988
195,248584090,46.5364141,24.5888228
196,248584100,46.5361582,24.5885779
197,248584109,46.5339378,24.5903589
198,248584110,46.5343376,24.5900920
199,248743299,46.5483704,24.5703264
200,248743304,46.5504750,24.5683731
201,248743306,46.5515815,24.5753443
202,248743307,46.5511120,24.5721847
203,248743308,46.5524919,24.5730793
204,248743311,46.5536816,24.5696025
205,248743325,46.5528164,24.5733255
206,248743326,46.5521020,24.5741964
207,248743327,46.5531435,24.5749908
208,248743328,46.5354709,24.5879172
209,248743329,46.5365075,24.5855573
210,248743330,46.5367414,24.5891395
211,248743331,46.5352038,24.5921312
212,248743332,46.5380182,24.5866100
213,248743343,46.5341466,24.5909178
214,248743344,46.5393851,24.5584259
215,248743346,46.5397745,24.5590136
216,248743349,46.5413492,24.5575407
217,248743350,46.5400199,24.5582239
218,248743351,46.5398630,24.5584621
219,248743353,46.5401040,24.5582937
220,248829990,46.5445318,24.5607197
221,248829991,46.5450043,24.5601008
222,248829994,46.5396764,24.5669760
223,248830004,46.5459873,24.5626394
224,248830010,46.5436541,24.5599240
225,248830029,46.5439063,24.5596263
226,248830036,46.5464118,24.5635170
227,249334860,46.5366107,24.5668535
228,249334861,46.5358205,24.5667535
229,249334862,46.5375700,24.5714675
230,249334865,46.5375630,24.5669724
231,249334867,46.5378588,24.5736495
232,249334869,46.5381470,24.5755394
233,249334873,46.5388587,24.5783029
234,249334874,46.5352029,24.5786573
235,249334879,46.5376115,24.5772506
236,249334881,46.5379908,24.5787141
237,249334882,46.5340382,24.5790304
238,249334884,46.5346321,24.5792053
239,249334885,46.5331745,24.5791046
240,249334887,46.5344431,24.5773602
241,249334888,46.5326140,24.5837816
242,249334889,46.5316488,24.5827808
243,249334890,46.5319119,24.5859058
244,249334891,46.5325298,24.5862672
245,249334892,46.5329022,24.5874031
246,249334893,46.5321642,24.5892530
247,249528585,46.5388378,24.5583421
248,249528586,46.5396569,24.5563497
249,249528587,46.5397764,24.5564847
250,249528590,46.5386336,24.5588602
251,249528593,46.5390321,24.5602055
252,249528600,46.5373306,24.5581342
253,249528601,46.5373237,24.5576992
254,249528605,46.5355467,24.5585407
255,249528607,46.5344733,24.5593623
256,249528613,46.5308816,24.5567370
257,249528624,46.5285624,24.5510696
258,249528625,46.5279775,24.5506548
259,249528628,46.5270868,24.5518267
260,249528630,46.5270050,24.5514638
261,249528631,46.5272261,24.5517719
262,249528633,46.5273096,24.5514167
263,249528635,46.5276602,24.5513124
264,249528640,46.5231338,24.5466623
265,249528643,46.5221472,24.5435544
266,249528647,46.5151515,24.5179481
267,249528648,46.5108316,24.5091033
268,249528649,46.5113178,24.5097290
269,249528650,46.5111690,24.5094382
270,249528651,46.5109670,24.5096524
271,249528695,46.5295393,24.5591004
272,249528697,46.5383497,24.5595566
273,249528698,46.5373445,24.5586647
274,249528701,46.5507992,24.5674486
275,249528705,46.5409331,24.5637667
276,249528706,46.5405941,24.5642829
277,249528707,46.5402970,24.5625036
278,249528708,46.5407601,24.5634823
279,249528709,46.5399811,24.5641995
280,249528711,46.5412556,24.5662594
281,249528712,46.5397014,24.5621835
282,249528713,46.5400460,24.5600574
283,249528714,46.5399036,24.5622988
284,249528715,46.5395258,24.5643837
285,249528721,46.5426452,24.5553600
286,249528723,46.5411294,24.5546448
287,249764823,46.5387847,24.5634108
288,249764826,46.5381064,24.5631636
289,249764831,46.5382358,24.5623130
290,249764832,46.5380385,24.5622235
291,249764838,46.5389701,24.5596917
292,249764839,46.5379208,24.5645069
293,249764841,46.5379429,24.5660096
294,249764842,46.5385590,24.5647379
295,249764844,46.5375008,24.5690293
296,249764847,46.5351729,24.5721034
297,249764862,46.5340255,24.5708987
298,249764885,46.5338156,24.5733342
299,249820995,46.5366217,24.5745233
300,249820996,46.5371170,24.5769799
301,249820997,46.5361047,24.5747826
302,249820998,46.5364823,24.5772432
303,249821005,46.5355492,24.5761063
304,249821006,46.5351189,24.5770583
305,249821008,46.5377387,24.5767205
306,249821016,46.5345375,24.5766403
307,249821017,46.5336867,24.5766580
308,249821018,46.5343824,24.5772825
309,249821022,46.5339868,24.5753588
310,249821033,46.5351086,24.5747470
311,249821045,46.5340172,24.5743705
312,249821046,46.5341276,24.5738789
313,249821053,46.5343240,24.5732259
314,249821054,46.5338742,24.5743810
315,249821055,46.5335932,24.5743949
316,249821056,46.5341093,24.5733244
317,249821060,46.5342896,24.5728187
318,249821062,46.5337250,24.5743947
319,249821063,46.5338308,24.5753267
320,249821065,46.5335801,24.5734385
321,249821067,46.5335328,24.5757067
322,249821077,46.5350887,24.5799985
323,249821078,46.5355986,24.5800875
324,249821091,46.5354333,24.5837065
325,249821094,46.5353369,24.5829637
326,250418220,46.5259199,24.5441127
327,250418221,46.5273347,24.5438570
328,250418229,46.5267886,24.5459317
329,250418244,46.5266967,24.5457489
330,250418245,46.5273258,24.5450101
331,250418247,46.5272886,24.5444447
332,250418251,46.5340725,24.5857309
333,250418252,46.5344018,24.5860366
334,250418253,46.5342082,24.5864739
335,250418254,46.5344323,24.5866644
336,250418255,46.5346983,24.5869060
337,250418258,46.5342395,24.5862095
338,250418259,46.5341743,24.5880780
339,250418260,46.5338800,24.5878130
340,250418261,46.5343236,24.5865741
341,250418275,46.5365261,24.5778495
342,252153230,46.5378258,24.5608849
343,252153231,46.5373369,24.5604645
344,252153234,46.5321293,24.5699049
345,252153241,46.5299853,24.5825067
346,252153248,46.5347303,24.5601131
347,252153255,46.5356146,24.5601511
348,252153282,46.5353362,24.5619008
349,252153285,46.5348944,24.5617641
350,252153286,46.5341588,24.5608456
351,252153300,46.5336280,24.5613425
352,252153309,46.5346863,24.5630110
353,252153310,46.5337586,24.5645903
354,252153315,46.5333368,24.5615027
355,252153316,46.5322719,24.5629884
356,252153320,46.5328541,24.5603415
357,252153323,46.5316401,24.5584491
358,252153325,46.5307972,24.5606443
359,252153334,46.5346436,24.5602243
360,252153339,46.5332323,24.5654317
361,252153350,46.5320659,24.5627251
362,252153357,46.5317380,24.5623198
363,252153358,46.5322023,24.5630996
364,252153360,46.5319968,24.5628362
365,252668036,46.5343013,24.5779590
366,252668037,46.5341466,24.5785889
367,252668041,46.5340358,24.5785568
368,252668047,46.5340336,24.5782955
369,252668065,46.5326764,24.5789902
370,252668067,46.5326148,24.5777105
371,252668072,46.5323924,24.5758293
372,252668074,46.5321059,24.5767081
373,252668075,46.5323955,24.5790122
374,252668077,46.5320086,24.5758670
375,252668082,46.5344142,24.5835039
376,252668083,46.5345549,24.5836403
377,252668084,46.5343193,24.5841583
378,252668085,46.5346425,24.5844456
379,252668090,46.5344209,24.5833021
380,252828771,46.5403205,24.5587993
381,252828773,46.5408068,24.5602802
382,252828774,46.5403680,24.5607639
383,252828775,46.5403872,24.5619597
384,252828780,46.5410977,24.5593070
385,252828781,46.5407212,24.5598405
386,252828783,46.5410289,24.5587546
387,252828786,46.5415835,24.5586949
388,252828788,46.5439097,24.5640246
389,252828793,46.5450440,24.5645963
390,252828794,46.5454088,24.5639522
391,252828797,46.5495710,24.5617050
392,252828799,46.5518371,24.5688253
393,252828800,46.5491956,24.5674512
394,252828802,46.5478627,24.5721161
395,252828807,46.5409835,24.5734126
396,252828812,46.5387858,24.5872907
397,253105361,46.5346266,24.5698073
398,253105368,46.5344714,24.5693814
399,253105369,46.5344719,24.5687807
400,253105373,46.5335964,24.5702626
401,253105374,46.5348565,24.5687207
402,253105375,46.5348460,24.5681203
403,253105377,46.5348643,24.5675339
404,253105378,46.5347733,24.5668726
405,253105379,46.5347666,24.5659745
406,253105389,46.5343687,24.5663656
407,253105390,46.5340889,24.5663817
408,253105395,46.5331402,24.5712552
409,253105396,46.5338844,24.5720070
410,253105402,46.5344651,24.5673262
411,253105405,46.5340892,24.5667505
412,254167222,46.5431868,24.5577370
413,254167237,46.5427059,24.5573180
414,255161306,46.5353557,24.5623505
415,255161311,46.5338014,24.5641840
416,255161314,46.5343697,24.5628849
417,255161321,46.5336928,24.5655055
418,255161327,46.5336036,24.5671631
419,255161336,46.5327445,24.5680181
420,255161337,46.5327514,24.5677231
421,255161343,46.5329777,24.5673892
422,255161344,46.5321268,24.5723552
423,255161346,46.5315433,24.5735398
424,255161347,46.5314802,24.5735553
425,255161351,46.5314981,24.5741375
426,255161352,46.5323821,24.5740659
427,255161353,46.5316043,24.5747841
428,255161354,46.5316346,24.5754686
429,255161356,46.5312436,24.5755079
430,255161357,46.5315189,24.5751194
431,255161359,46.5323607,24.5772219
432,255161360,46.5323780,24.5777489
433,255161361,46.5321285,24.5772256
434,255161365,46.5313332,24.5830532
435,255161371,46.5311799,24.5794260
436,255161373,46.5313172,24.5785852
437,255161377,46.5315490,24.5768594
438,255161378,46.5315349,24.5764443
439,255161381,46.5322777,24.5848131
440,255161382,46.5325185,24.5849492
441,255161402,46.5327115,24.5896678
442,255161404,46.5309920,24.5911476
443,255161406,46.5329742,24.5697622
444,255161414,46.5320842,24.5669458
445,255326088,46.5400601,24.5454774
446,255326090,46.5482795,24.5507747
447,255326094,46.5518943,24.5616334
448,255326097,46.5535611,24.5698841
449,255463252,46.5346623,24.5925301
450,255463253,46.5342706,24.5913082
451,255463254,46.5343643,24.5916005
452,255463255,46.5349765,24.5905321
453,255463261,46.5362130,24.5901615
454,255463265,46.5376057,24.5888549
455,255463267,46.5375176,24.5875992
456,255463269,46.5379738,24.5880979
457,255463272,46.5378882,24.5868710
458,255463274,46.5383474,24.5873641
459,255463275,46.5385317,24.5870022
460,255463276,46.5371923,24.5896329
461,255463287,46.5386769,24.5894789
462,255463288,46.5375417,24.5915623
463,255463297,46.5366023,24.5951239
464,255463303,46.5381446,24.5904306
465,255463309,46.5352979,24.5919595
466,256503777,46.5468580,24.5761703
467,256503780,46.5476900,24.5736077
468,256503782,46.5546818,24.5790359
469,256503783,46.5550906,24.5782917
470,256503798,46.5544833,24.5755934
471,256503805,46.5543731,24.5729757
472,256503815,46.5546167,24.5762435
473,256503816,46.5542266,24.5759290
474,256503818,46.5546532,24.5724312
475,256503819,46.5542079,24.5721130
476,256503820,46.5539423,24.5726846
477,256506578,46.5521262,24.5718771
478,256506579,46.5524186,24.5708691
479,256620672,46.5304260,24.5926455
480,256620675,46.5316517,24.5901085
481,256620679,46.5312846,24.5886548
482,256620692,46.5311336,24.5901454
483,256620716,46.5315944,24.5901979
484,256620719,46.5310821,24.5925557
485,256620721,46.5311243,24.5910199
486,256620722,46.5312494,24.5911752
487,256620723,46.5310272,24.5918542
488,256620725,46.5321991,24.5912212
489,256620726,46.5316371,24.5915695
490,256620727,46.5313698,24.5917474
491,256620728,46.5319171,24.5921302
492,257998234,46.5384901,24.5639482
493,257998235,46.5382484,24.5646205
494,257998237,46.5382614,24.5649247
495,257998255,46.5387686,24.5670606
496,257998268,46.5387265,24.5690747
497,257998269,46.5381865,24.5690753
498,257998281,46.5384604,24.5702332
499,257998288,46.5385195,24.5712020
500,257998294,46.5377884,24.5731574
501,257998305,46.5380381,24.5748205
502,257998328,46.5386625,24.5763575
503,257998329,46.5387022,24.5766982
504,257998344,46.5392851,24.5797877
505,257998454,46.5394285,24.5810199
506,257998456,46.5395950,24.5826284
507,257998458,46.5396074,24.5829358
508,257998460,46.5395903,24.5838439
509,257998464,46.5388956,24.5837903
510,257998466,46.5388637,24.5800581
511,257998469,46.5399238,24.5840156
512,257998470,46.5393172,24.5800461
513,257998473,46.5398346,24.5797202
514,257998474,46.5390636,24.5800916
515,257998477,46.5390904,24.5809874
516,257998481,46.5392105,24.5826362
517,257998488,46.5397044,24.5834938
518,257998491,46.5396657,24.5835419
519,257998495,46.5375734,24.5832066
520,257998499,46.5371946,24.5824395
521,257998504,46.5379946,24.5814108
522,257998514,46.5361486,24.5825042
523,258199124,46.5369706,24.5532964
524,258199128,46.5352472,24.5524214
525,258199141,46.5367507,24.5529762
526,258199147,46.5392490,24.5528336
527,258199152,46.5431733,24.5510513
528,258199159,46.5475045,24.5490074
529,258199160,46.5461835,24.5496908
530,258199163,46.5344716,24.5515539
531,258199175,46.5326309,24.5514355
532,258199177,46.5330249,24.5517350
533,258199181,46.5330073,24.5511429
534,258199197,46.5519891,24.5630019
535,258199208,46.5522500,24.5633773
536,258199212,46.5512988,24.5656181
537,258199216,46.5484858,24.5583467
538,258199218,46.5478137,24.5588059
539,258199219,46.5475213,24.5591608
540,258199220,46.5473207,24.5590536
541,258199223,46.5474836,24.5608135
542,258199230,46.5522286,24.5586584
543,258199233,46.5513804,24.5654199
544,258199245,46.5588590,24.5739461
545,258199248,46.5575013,24.5752757
546,258199250,46.5561831,24.5765560
547,258199254,46.5556359,24.5766174
548,258199259,46.5554284,24.5766329
549,258199316,46.5583405,24.5825587
550,258199325,46.5596999,24.5808288
551,258199414,46.5493698,24.5536858
552,258199439,46.5473259,24.5597534
553,258199442,46.5464310,24.5589077
554,258668134,46.5148123,24.5172286
555,258668138,46.5145815,24.5177707
556,258668142,46.5148210,24.5177059
557,258668146,46.5148683,24.5178351
558,258668152,46.5147824,24.5181494
559,258668182,46.5129402,24.5177609
560,258668194,46.5131963,24.5182835
561,258668203,46.5138095,24.5195348
562,258668225,46.5241576,24.5178223
563,258668226,46.5247309,24.5172991
564,258668232,46.5307905,24.5308127
565,258668236,46.5368737,24.5405150
566,258668237,46.5308441,24.5388432
567,258668267,46.5268914,24.5379220
568,258668270,46.5261293,24.5365407
569,258668280,46.5216797,24.5292136
570,258668283,46.5256079,24.5370813
571,258668294,46.5316723,24.5466258
572,258668389,46.5460034,24.5519921
573,258668400,46.5534736,24.5580847
574,258668405,46.5541998,24.5565027
575,258668410,46.5550276,24.5581356
576,258668417,46.5550948,24.5587921
577,258668420,46.5553931,24.5588302
578,258668422,46.5557471,24.5594674
579,258668434,46.5562011,24.5603763
580,258668442,46.5566654,24.5611013
581,258668461,46.5556936,24.5618546
582,258668469,46.5548688,24.5610585
583,258668470,46.5574729,24.5648471
584,258668473,46.5582406,24.5658293
585,258668475,46.5600546,24.5674534
586,258668478,46.5584793,24.5660421
587,258668484,46.5574512,24.5640380
588,258668491,46.5576365,24.5646447
589,258668496,46.5602686,24.5681737
590,258668498,46.5606517,24.5684750
591,258668502,46.5551609,24.5688258
592,258668512,46.5564719,24.5700626
593,258668516,46.5589597,24.5737873
594,258668520,46.5590836,24.5732845
595,258668521,46.5596944,24.5746682
596,258668523,46.5602755,24.5763087
597,258668526,46.5603401,24.5761796
598,258668536,46.5580282,24.5660902
599,258668537,46.5574384,24.5672749
600,258668539,46.5576318,24.5674968
601,258668544,46.5574489,24.5678520
602,258668545,46.5560105,24.5658557
603,258668547,46.5536918,24.5623486
604,258668555,46.5534249,24.5617841
605,258668560,46.5531591,24.5606678
606,258668561,46.5531058,24.5602624
607,258668563,46.5529394,24.5606747
608,258668579,46.5521620,24.5607870
609,258668581,46.5530696,24.5606417
610,258668589,46.5507234,24.5556499
611,258668596,46.5510441,24.5556852
612,258668599,46.5394246,24.5503780
613,258668601,46.5396172,24.5501429
614,258668602,46.5395104,24.5497957
615,258668604,46.5383641,24.5477279
616,258668606,46.5403763,24.5523893
617,258668607,46.5374908,24.5528757
618,258668609,46.5368323,24.5462052
619,258668623,46.5439987,24.5526168
620,258668648,46.5405885,24.5548074
621,259069085,46.5369137,24.5461004
622,259069088,46.5410727,24.5544773
623,259069090,46.5274341,24.5550010
624,259069092,46.5264142,24.5567097
625,259069104,46.5252251,24.5536479
626,259069105,46.5253012,24.5535112
627,259069107,46.5254323,24.5541557
628,259069108,46.5266817,24.5562713
629,259069111,46.5263324,24.5566245
630,259069115,46.5269080,24.5578907
631,259069120,46.5280729,24.5587408
632,259069126,46.5277703,24.5588966
633,259069127,46.5292374,24.5599978
634,259069129,46.5291766,24.5597340
635,259069131,46.5299590,24.5605581
636,259069132,46.5302671,24.5600234
637,259069133,46.5313128,24.5587759
638,259069197,46.5417469,24.5756126
639,259069202,46.5390629,24.5768607
640,259846660,46.5464613,24.5517499
641,259846661,46.5457919,24.5502178
642,259846662,46.5462608,24.5499930
643,259846668,46.5455634,24.5522250
644,259846673,46.5482730,24.5579196
645,259846674,46.5474215,24.5585808
646,259846680,46.5516501,24.5572366
647,259846682,46.5491272,24.5613410
648,259846689,46.5533711,24.5645956
649,259846691,46.5535557,24.5644671
650,259846692,46.5537699,24.5656042
651,259846693,46.5537936,24.5640855
652,259846695,46.5541967,24.5648782
653,259846720,46.5474659,24.5714343
654,259846729,46.5403660,24.5701115
655,259846731,46.5407063,24.5715745
656,259846732,46.5433764,24.5720627
657,259846735,46.5405533,24.5807635
658,259846744,46.5441486,24.5745517
659,259846746,46.5449666,24.5765900
660,259846748,46.5451447,24.5771473
661,259846755,46.5435028,24.5790794
662,259846760,46.5405061,24.5831574
663,259846773,46.5363152,24.5965587
664,259846774,46.5362561,24.5954270
665,259846775,46.5363730,24.5958255
666,259846776,46.5361347,24.5959836
667,260695856,46.5479707,24.5586579
668,260695858,46.5486140,24.5596233
669,260695860,46.5494283,24.5620485
670,260695866,46.5540556,24.5590741
671,260695867,46.5565542,24.5616347
672,260695868,46.5566568,24.5617135
673,260695873,46.5570074,24.5621997
674,260695874,46.5572951,24.5615670
675,260695882,46.5578518,24.5630868
676,260695883,46.5574857,24.5624693
677,260695884,46.5530362,24.5572597
678,260695886,46.5532891,24.5569822
679,260695887,46.5530312,24.5564284
680,260695888,46.5435724,24.5508593
681,260695890,46.5445932,24.5490351
682,260695891,46.5428039,24.5455953
683,260695892,46.5408145,24.5423932
684,260695893,46.5412995,24.5389540
685,260695894,46.5429173,24.5394737
686,260695895,46.5431098,24.5380120
687,260695896,46.5425785,24.5418666
688,260695900,46.5422338,24.5427367
689,260695901,46.5408049,24.5445533
690,260695902,46.5405150,24.5445957
691,260695903,46.5399362,24.5452786
692,260695904,46.5415774,24.5436009
693,260695905,46.5344789,24.5536692
694,260695906,46.5261374,24.5509935
695,260695908,46.5273206,24.5552060
696,260695940,46.5302214,24.5578893
697,260695944,46.5288368,24.5606516
698,260695945,46.5287836,24.5606864
699,260695948,46.5279483,24.5601092
700,260695950,46.5278457,24.5602149
701,264766330,46.5554578,24.5724235
702,264766335,46.5557632,24.5718730
703,264766337,46.5553983,24.5730658
704,264766349,46.5562889,24.5697873
705,264766351,46.5565988,24.5691796
706,264766353,46.5551236,24.5677440
707,264766354,46.5301669,24.5958655
708,264766356,46.5306292,24.5965222
709,264977162,46.5449704,24.5571216
710,264977165,46.5506370,24.5581896
711,264977171,46.5548434,24.5692672
712,264977172,46.5556415,24.5709384
713,264977174,46.5560956,24.5704673
714,264977175,46.5560950,24.5718194
715,264977178,46.5559230,24.5701366
716,264977196,46.5555529,24.5762715
717,264977197,46.5448722,24.5552152
718,264977198,46.5449540,24.5525518
719,265127382,46.5606089,24.5821182
720,265127394,46.5597890,24.5833321
721,265127397,46.5591729,24.5842351
722,265127399,46.5600463,24.5837020
723,265127409,46.5609105,24.5822606
724,265127411,46.5600998,24.5810870
725,265127427,46.5608142,24.5824013
726,266019880,46.5289356,24.5510592
727,266019883,46.5292615,24.5508303
728,266019884,46.5306774,24.5491689
729,266019885,46.5258714,24.5481538
730,266019888,46.5266877,24.5498979
731,266019889,46.5273204,24.5492905
732,266019890,46.5258852,24.5506680
733,266019891,46.5272073,24.5490406
734,266019894,46.5382264,24.5549157
735,266019898,46.5404534,24.5526479
736,266019899,46.5414195,24.5530201
737,266019900,46.5416979,24.5542673
738,266019901,46.5445294,24.5507951
739,266019902,46.5435676,24.5518139
740,266019914,46.5558115,24.5626524
741,266019915,46.5547691,24.5648709
742,266019916,46.5541882,24.5661253
743,266019917,46.5537071,24.5668993
744,266019918,46.5533135,24.5664032
745,266019919,46.5578636,24.5715649
746,266019920,46.5564070,24.5731109
747,266019922,46.5531572,24.5666879
748,266019923,46.5472363,24.5760962
749,266019924,46.5479024,24.5746892
750,266019925,46.5480831,24.5758143
751,266019928,46.5482568,24.5779387
752,266019940,46.5498195,24.5845759
753,266019948,46.5533284,24.5795604
754,266019949,46.5539219,24.5781198
755,266019950,46.5538150,24.5801054
756,266192833,46.5393475,24.5656752
757,266192834,46.5395996,24.5656186
758,266192835,46.5399126,24.5668654
759,266192836,46.5388219,24.5656547
760,266192837,46.5395434,24.5649954
761,266192854,46.5459539,24.5582955
762,266192855,46.5454876,24.5606399
763,266192856,46.5456633,24.5588427
764,266192862,46.5468090,24.5592351
765,266192863,46.5466197,24.5597097
766,266192870,46.5296338,24.5427337
767,266192871,46.5290643,24.5433151
768,266192875,46.5280779,24.5402877
769,266192877,46.5246720,24.5352357
770,266192878,46.5242598,24.5343915
771,266192880,46.5221393,24.5319635
772,266192882,46.5205161,24.5339083
773,266192886,46.5221976,24.5376268
774,266192887,46.5240176,24.5357595
775,266192888,46.5228385,24.5465224
776,266192892,46.5213354,24.5456310
777,266192894,46.5212586,24.5456038
778,266192899,46.5211109,24.5456898
779,266192909,46.5200621,24.5463250
780,266192940,46.5149158,24.5597084
781,266192950,46.5144553,24.5625537
782,266192951,46.5143605,24.5628649
783,266937322,46.5517782,24.5537513
784,266937324,46.5549636,24.5488321
785,266937326,46.5557585,24.5477325
786,266937330,46.5583973,24.5458281
787,266937341,46.5775318,24.5437887
788,266937348,46.5870352,24.5372102
789,266937350,46.5895228,24.5354495
790,266937353,46.5927362,24.5340680
791,266937356,46.5951445,24.5319246
792,267248260,46.5434953,24.5530565
793,267248261,46.5423881,24.5523900
794,267248262,46.5427391,24.5536727
795,267248263,46.5493688,24.5684465
796,267590794,46.5393561,24.5766539
797,267590795,46.5355394,24.5938293
798,267590796,46.5357663,24.5945447
799,267590801,46.5356472,24.5946254
800,267590808,46.5402682,24.5602614
801,267590809,46.5394875,24.5531470
802,267590810,46.5401084,24.5539526
803,267590811,46.5354681,24.5479188
804,267590812,46.5383676,24.5516837
805,267590813,46.5436423,24.5471194
806,267590814,46.5401520,24.5517300
807,267590815,46.5421580,24.5490883
808,267590816,46.5441077,24.5465157
809,267590817,46.5434739,24.5446933
810,267590819,46.5410520,24.5407060
811,267590821,46.5430485,24.5335044
812,267590822,46.5432593,24.5332579
813,267590823,46.5435133,24.5329692
814,267590828,46.5503420,24.5448188
815,267590832,46.5504751,24.5473522
816,267590837,46.5476914,24.5489114
817,267590838,46.5479799,24.5487525
818,267590841,46.5496415,24.5528349
819,267590842,46.5495038,24.5530649
820,267590843,46.5496974,24.5527783
821,267590854,46.5507682,24.5527690
822,268143833,46.5250748,24.5360495
823,268143835,46.5237363,24.5333503
824,268143836,46.5241830,24.5328703
825,268143840,46.5229676,24.5318364
826,268143842,46.5233348,24.5314334
827,268143844,46.5177622,24.5230902
828,268143847,46.5144918,24.5264411
829,268143850,46.5182782,24.5241677
830,268143852,46.5156795,24.5268080
831,268143863,46.5215951,24.5308760
832,268143865,46.5290862,24.5545164
833,268143867,46.5295951,24.5537159
834,268143870,46.5297502,24.5534371
835,268143875,46.5306895,24.5530544
836,268143877,46.5313241,24.5530592
837,268143879,46.5310643,24.5524996
838,268143881,46.5307989,24.5521456
839,268143887,46.5335673,24.5590551
840,268143889,46.5335483,24.5586383
841,268143891,46.5341264,24.5585938
842,268143894,46.5344545,24.5567696
843,268143899,46.5319769,24.5539497
844,268143904,46.5326119,24.5535749
845,268372726,46.5357283,24.5568735
846,268372729,46.5357753,24.5564426
847,268372730,46.5222092,24.5302742
848,268372731,46.5231571,24.5340277
849,268372732,46.5211978,24.5360412
850,268372733,46.5279327,24.5481493
851,268372743,46.5280417,24.5526299
852,268372744,46.5293626,24.5510468
853,268372745,46.5342641,24.5561456
854,268372747,46.5351672,24.5562478
855,268372756,46.5493925,24.5676915
856,268372757,46.5510517,24.5771110
857,268372759,46.5536456,24.5788075
858,268372760,46.5514117,24.5760949
859,268372763,46.5477686,24.5732154
860,268372765,46.5504042,24.5763945
861,268372769,46.5417487,24.5717985
862,269004816,46.5554031,24.5475624
863,269004824,46.5543787,24.5484254
864,269004829,46.5545393,24.5506726
865,269447729,46.5472353,24.6352341
866,269447736,46.5442404,24.6176407
867,269447737,46.5438643,24.6164748
868,269447744,46.5393983,24.6006938
869,269447761,46.5393633,24.5992420
870,269613119,46.5298440,24.5451539
871,269613122,46.5285305,24.5473925
872,269613127,46.5299697,24.5500108
873,269613129,46.5278390,24.5460394
874,269613132,46.5274075,24.5451462
875,269613135,46.5309339,24.5555149
876,269613141,46.5320437,24.5525266
877,269613149,46.5319070,24.5518364
878,269613152,46.5319607,24.5516698
879,269613158,46.5322961,24.5510574
880,269613167,46.5381380,24.5483076
881,269613170,46.5375345,24.5490875
882,269613173,46.5393299,24.5516974
883,269613176,46.5361635,24.5470571
884,269613178,46.5388324,24.5522881
885,269613180,46.5399134,24.5510322
886,269613182,46.5388853,24.5510453
887,269613186,46.5369477,24.5498446
888,269613190,46.5382965,24.5501874
889,269613193,46.5377494,24.5508773
890,269613196,46.5388646,24.5494746
891,269613199,46.5390946,24.5811736
892,269613202,46.5388766,24.5811852
893,269613205,46.5391165,24.5821662
894,269613219,46.5377122,24.5811256
895,269613235,46.5375191,24.5814224
896,269613244,46.5371581,24.5818332
897,269613249,46.5370533,24.5819613
898,269613251,46.5365680,24.5825597
899,270180888,46.5417216,24.5520361
900,270180892,46.5389447,24.5486809
901,270180893,46.5400260,24.5472251
902,270180895,46.5401279,24.5474009
903,270180896,46.5394348,24.5462875
904,270180897,46.5395971,24.5465362
905,270180898,46.5402080,24.5457130
906,270180899,46.5407336,24.5449603
907,270180901,46.5420062,24.5449604
908,270180902,46.5435802,24.5430046
909,270180909,46.5442357,24.5376417
910,270180913,46.5432433,24.5476490
911,270180914,46.5423797,24.5461256
912,270180915,46.5360770,24.5487100
913,270180917,46.5367029,24.5478590
914,270180918,46.5373287,24.5470153
915,270180919,46.5374141,24.5469109
916,270180920,46.5365457,24.5493153
917,270180921,46.5352509,24.5510297
918,270180924,46.5370934,24.5500373
919,270180932,46.5378280,24.5509827
920,270180935,46.5365646,24.5527301
921,270180937,46.5344624,24.5493436
922,270180939,46.5338075,24.5480653
923,270180973,46.5289868,24.5433942
924,270180976,46.5361021,24.5469575
925,270180979,46.5369939,24.5404589
926,270180981,46.5388084,24.5434912
927,270180984,46.5349844,24.5513561
928,270353073,46.5302088,24.5978657
929,270353075,46.5307935,24.5969811
930,270353108,46.5315316,24.5933754
931,270353109,46.5340596,24.5952860
932,273539958,46.5346454,24.5533938
933,273539959,46.5354892,24.5544823
934,273539960,46.5353178,24.5547591
935,273539961,46.5358332,24.5539209
936,273539962,46.5358859,24.5538768
937,273539970,46.5350317,24.5527726
938,273539971,46.5346059,24.5522255
939,273539973,46.5342120,24.5528468
940,273539974,46.5347445,24.5540186
941,273539976,46.5343185,24.5547292
942,273539977,46.5341268,24.5550489
943,273539978,46.5339167,24.5522796
944,273539983,46.5334236,24.5515082
945,273539995,46.5365125,24.5492730
946,273539996,46.5371168,24.5484655
947,273539997,46.5377290,24.5476678
948,273539998,46.5378132,24.5475574
949,273540000,46.5401671,24.5489436
950,273540001,46.5396215,24.5480705
951,273540002,46.5407605,24.5466090
952,273540003,46.5395262,24.5478852
953,273540004,46.5422526,24.5446781
954,273540005,46.5428983,24.5438063
955,278543669,46.5565743,24.5647975
956,278543670,46.5547982,24.5629975
957,278543671,46.5538754,24.5628608
958,278543672,46.5555102,24.5621403
959,278543673,46.5553638,24.5636008
960,280786418,46.5602590,24.5475639
961,280787614,46.5564128,24.5472854
962,280788108,46.5594557,24.5486161
963,280788111,46.5587952,24.5495738
964,280789334,46.5511676,24.5739940
965,282323497,46.5394017,24.5444267
966,282323499,46.5407762,24.5426456
967,282323502,46.5409513,24.5413741
968,282323505,46.5411243,24.5401900
969,282323506,46.5427468,24.5406835
970,282323507,46.5441963,24.5410997
971,287360470,46.5539821,24.5693145
972,287360471,46.5541032,24.5691106
973,287360472,46.5539633,24.5689348
974,287660851,46.5612147,24.5494456
975,287660856,46.5592701,24.5449785
976,287660859,46.5619027,24.5401432
977,287660870,46.5664613,24.5363854
978,287660871,46.5612979,24.5490912
979,287660872,46.5609998,24.5489372
980,287660874,46.5609100,24.5492892
981,287660875,46.5628348,24.5497768
982,287660903,46.5609671,24.5505662
983,287660904,46.5629961,24.5490288
984,287660905,46.5625133,24.5512830
985,287660907,46.5630398,24.5478328
986,287660909,46.5644288,24.5479461
987,289818665,46.5630003,24.5515074
988,289818670,46.5307716,24.5491294
989,289818674,46.5288877,24.5460587
990,289818675,46.5280758,24.5443241
991,289818676,46.5276515,24.5433968
992,289818677,46.5273266,24.5426793
993,289818678,46.5270205,24.5420194
994,289818680,46.5267979,24.5415023
995,289818681,46.5262806,24.5401025
996,289818682,46.5260469,24.5395976
997,289818683,46.5249321,24.5373919
998,289818684,46.5245506,24.5366327
999,289818685,46.5241378,24.5358113
1000,289818686,46.5237251,24.5349744
1001,289818687,46.5232118,24.5339576
1002,289818688,46.5224510,24.5323786
1003,289818689,46.5216802,24.5308498
1004,289818690,46.5211061,24.5297006
1005,289818691,46.5198665,24.5272214
1006,289818693,46.5178270,24.5230255
1007,290168100,46.5285287,24.5453074
1008,299153845,46.5351276,24.5587955
1009,299153860,46.5355220,24.5566289
1010,299153863,46.5354236,24.5565250
1011,299153888,46.5310039,24.5566072
1012,299153891,46.5291700,24.5543720
1013,299153894,46.5318470,24.5578477
1014,299585553,46.5343925,24.5570386
1015,299585555,46.5334653,24.5575590
1016,299585556,46.5323209,24.5571602
1017,299585558,46.5304511,24.5602122
1018,299585560,46.5301268,24.5607629
1019,301459976,46.5316212,24.5771501
1020,301459982,46.5307639,24.5772455
1021,301459989,46.5311839,24.5769012
1022,301459998,46.5305969,24.5752211
1023,305742486,46.5645872,24.5508508
1024,305742489,46.5655498,24.5497126
1025,305742492,46.5662909,24.5509190
1026,305742495,46.5669121,24.5501118
1027,305742496,46.5655947,24.5479226
1028,305742500,46.5670334,24.5502903
1029,305748158,46.5696186,24.5471975
1030,305748170,46.5762134,24.5542588
1031,305748179,46.5791050,24.5538575
1032,305748181,46.5794599,24.5538608
1033,305748185,46.5797145,24.5539689
1034,305748246,46.5916071,24.5708394
1035,305748261,46.5960462,24.5741741
1036,305748309,46.5985758,24.5779670
1037,305748455,46.6026508,24.5874022
1038,305793221,46.5565322,24.5508554
1039,305793250,46.5532433,24.5370441
1040,305793269,46.5512554,24.5269290
1041,305793271,46.5510416,24.5265971
1042,305793273,46.5507797,24.5264101
1043,305793275,46.5506265,24.5261782
1044,305793279,46.5501096,24.5247862
1045,305793280,46.5498424,24.5241450
1046,305793281,46.5496050,24.5236361
1047,305793289,46.5470721,24.5189728
1048,305793301,46.5448767,24.5152656
1049,305793313,46.5428211,24.5100153
1050,305793331,46.5393636,24.5044991
1051,305793341,46.5376410,24.5034975
1052,305793348,46.5354237,24.5002082
1053,305793374,46.5327346,24.4895920
1054,305793388,46.5328392,24.4814884
1055,316495917,46.5519183,24.5823541
1056,316501282,46.5512445,24.5823500
1057,316501284,46.5514087,24.5823688
1058,316501539,46.5496319,24.5807347
1059,316507869,46.5468268,24.5870341
1060,316570081,46.5456279,24.6233382
1061,316570683,46.5538207,24.6247094
1062,316570685,46.5519471,24.6241502
1063,316570686,46.5498657,24.6236521
1064,316570689,46.5472030,24.6226201
1065,316570998,46.5465173,24.6293126
1066,316571018,46.5470778,24.6367115
1067,316571027,46.5473123,24.6365975
1068,316571033,46.5492404,24.6347844
1069,316571035,46.5493566,24.6346217
1070,316571037,46.5494982,24.6342063
1071,316571038,46.5493676,24.6334556
1072,316571040,46.5491192,24.6328264
1073,316571043,46.5481264,24.6319864
1074,316571172,46.5462101,24.6230678
1075,316571289,46.5500435,24.6284122
1076,316571324,46.5512620,24.6313800
1077,316574357,46.5310977,24.5828771
1078,316574363,46.5300377,24.5825765
1079,316576267,46.5300290,24.5819551
1080,316576269,46.5298906,24.5815990
1081,316576289,46.5260642,24.5687421
1082,316576293,46.5250321,24.5691712
1083,316576304,46.5216191,24.5779652
1084,316713903,46.5226544,24.6035662
1085,316713906,46.5197710,24.6145383
1086,316713922,46.5239142,24.6058928
1087,316714111,46.5187221,24.6137937
1088,316714155,46.5222422,24.6189938
1089,316714159,46.5211449,24.6177855
1090,316714163,46.5245082,24.6148764
1091,316714167,46.5246580,24.6200509
1092,316714194,46.5208168,24.6173118
1093,316714238,46.5257132,24.6155570
1094,316714575,46.5187466,24.6117957
1095,316714579,46.5190137,24.6075531
1096,316714941,46.5040199,24.6408389
1097,316714948,46.5031347,24.6425789
1098,316714964,46.5084831,24.6336574
1099,316714973,46.5052017,24.6306883
1100,316714992,46.5041447,24.6228822
1101,316715170,46.5081620,24.6187543
1102,316715171,46.5081316,24.6186654
1103,316756931,46.5838685,24.6377675
1104,316756934,46.5815306,24.6298895
1105,316756936,46.5777091,24.6132057
1106,316756937,46.5776732,24.6127133
1107,316756940,46.5779503,24.6114204
1108,316756946,46.5755666,24.6040860
1109,316756947,46.5755240,24.6034913
1110,316756965,46.5799220,24.6070964
1111,316756968,46.5817302,24.6048941
1112,316756969,46.5821924,24.6045620
1113,316756970,46.5831036,24.6042291
1114,316756971,46.5870496,24.6038244
1115,316756980,46.5915337,24.6022170
1116,316757020,46.5769616,24.6084427
1117,316757022,46.5775529,24.6078434
1118,316757024,46.5786545,24.6073861
1119,316757055,46.5776796,24.6128310
1120,316757056,46.5784150,24.6128372
1121,316757058,46.5799041,24.6156340
1122,316757060,46.5805985,24.6166215
1123,316757061,46.5819572,24.6143344
1124,316757069,46.5832402,24.6118157
1125,316757070,46.5828209,24.6120420
1126,316757075,46.5789446,24.6171054
1127,316757076,46.5764858,24.6108626
1128,316757077,46.5752281,24.6146009
1129,316757091,46.5767543,24.6154851
1130,316757123,46.5749734,24.6076399
1131,316757126,46.5735198,24.6117494
1132,316757149,46.5728668,24.6110427
1133,316757150,46.5743600,24.6067948
1134,316757161,46.5754697,24.6033873
1135,316757164,46.5737067,24.6061134
1136,316757166,46.5729758,24.6075842
1137,316757167,46.5722580,24.6104030
1138,316757188,46.5747824,24.6072479
1139,316757190,46.5754923,24.6089928
1140,316772188,46.5479552,24.5868361
1141,316775010,46.5474440,24.5191850
1142,316775028,46.5497007,24.5156663
1143,316775029,46.5519488,24.5125574
1144,316775032,46.5525977,24.5102724
1145,316775034,46.5520085,24.5092988
1146,316775040,46.5517035,24.5057415
1147,316775047,46.5538998,24.5036859
1148,316775050,46.5546429,24.5040083
1149,316775052,46.5534300,24.5067335
1150,316775245,46.5517050,24.5061503
1151,316775284,46.5518749,24.5073017
1152,316775295,46.5531550,24.5073135
1153,316775296,46.5528386,24.5080071
1154,316775299,46.5514534,24.5073353
1155,316775467,46.5522997,24.5110627
1156,316775472,46.5510821,24.5082711
1157,316775591,46.5526548,24.5083618
1158,316775651,46.5518965,24.5054520
1159,316775671,46.5528428,24.5054769
1160,316775854,46.5520933,24.5033414
1161,316775856,46.5526836,24.5022518
1162,316775866,46.5534905,24.5022458
1163,316775994,46.5539556,24.5093733
1164,316775996,46.5538973,24.5092256
1165,316775998,46.5536488,24.5093255
1166,316810272,46.5155164,24.6101287
1167,316815677,46.5503325,24.6347731
1168,316815682,46.5518696,24.6377880
1169,316815683,46.5519993,24.6378017
1170,316815694,46.5519122,24.6456692
1171,316815980,46.5517603,24.6521865
1172,316816058,46.5510546,24.6383294
1173,316816059,46.5514942,24.6380893
1174,316816066,46.5536877,24.6374443
1175,316816074,46.5515611,24.6343145
1176,316816100,46.5507430,24.6323510
1177,316816163,46.5512760,24.6343517
1178,316817821,46.5437681,24.5326683
1179,316817838,46.5478475,24.5321540
1180,316817840,46.5482134,24.5319103
1181,316817841,46.5484147,24.5316491
1182,316817844,46.5508055,24.5270445
1183,316923653,46.5267000,24.5226391
1184,316923655,46.5265116,24.5243666
1185,316923802,46.5231280,24.5199127
1186,316923835,46.5269856,24.5295650
1187,316924102,46.5231485,24.5198535
1188,316932527,46.5617656,24.5420723
1189,316932530,46.5624387,24.5453621
1190,316932531,46.5631609,24.5471850
1191,316932532,46.5634471,24.5478411
1192,316932746,46.5566816,24.5461807
1193,316932748,46.5576288,24.5448986
1194,316933219,46.5604407,24.5474937
1195,316933335,46.5801803,24.5426454
1196,316933336,46.5803009,24.5421382
1197,316933339,46.5730596,24.5375182
1198,316933341,46.5699739,24.5351965
1199,316933343,46.5552523,24.5437029
1200,316933344,46.5539169,24.5455393
1201,316933616,46.5535527,24.5440087
1202,316933618,46.5550277,24.5435704
1203,316933625,46.5568687,24.5415267
1204,316934174,46.5574051,24.5406806
1205,316935655,46.5473528,24.5875371
1206,316935656,46.5477008,24.5878983
1207,316935662,46.5518310,24.5896304
1208,316935669,46.5506320,24.5877378
1209,316935675,46.5474528,24.5870102
1210,316936983,46.5472011,24.5879129
1211,316937869,46.5455601,24.5601695
1212,316937870,46.5467562,24.5615092
1213,316938545,46.5467213,24.5723189
1214,316938547,46.5460873,24.5738810
1215,316938861,46.5505417,24.5650297
1216,316938868,46.5499427,24.5667425
1217,316939251,46.5444003,24.5584566
1218,316952899,46.5608035,24.5687003
1219,316952903,46.5604635,24.5696888
1220,316952929,46.5604801,24.5768042
1221,316956435,46.5603462,24.5762723
1222,316962315,46.5515498,24.5828906
1223,316962316,46.5516406,24.5824268
1224,317415166,46.5606217,24.5787957
1225,317415275,46.5594240,24.5754826
1226,317415277,46.5600143,24.5771459
1227,317415652,46.5588736,24.5761274
1228,318878355,46.5948622,24.5320656
1229,318878356,46.5948652,24.5315802
1230,318878364,46.5939185,24.5162219
1231,318878374,46.5946927,24.5110908
1232,318878381,46.5984764,24.5079862
1233,318878649,46.5942264,24.5207334
1234,318878652,46.5952179,24.5198697
1235,318878654,46.5941858,24.5156747
1236,318878768,46.5944024,24.5147856
1237,318878770,46.5943111,24.5146407
1238,318878797,46.5880728,24.4983892
1239,318878915,46.5945235,24.5114663
1240,318878916,46.5943056,24.5114127
1241,318878992,46.5920570,24.5183167
1242,318879058,46.5969965,24.5194700
1243,319681437,46.5449525,24.6203684
1244,319681445,46.5487868,24.6184579
1245,319681454,46.5510240,24.6196856
1246,319681457,46.5508209,24.6210851
1247,319681458,46.5504749,24.6216266
1248,319681469,46.5483290,24.6192743
1249,319681771,46.5458632,24.6201142
1250,319681776,46.5467030,24.6186858
1251,319681811,46.5452544,24.6217316
1252,319681813,46.5467992,24.6207904
1253,319681832,46.5460883,24.6201508
1254,319681983,46.5515490,24.6195309
1255,319681998,46.5505936,24.6199431
1256,319681999,46.5498591,24.6202058
1257,319682000,46.5509504,24.6218467
1258,319682020,46.5479010,24.6214091
1259,319682021,46.5485408,24.6212060
1260,319682082,46.5480283,24.6193187
1261,319682083,46.5478411,24.6179796
1262,319682133,46.5482720,24.6199518
1263,319682137,46.5480973,24.6198487
1264,319682140,46.5468314,24.6195516
1265,319682141,46.5462091,24.6197307
1266,319682245,46.5466650,24.6184398
1267,326909180,46.5372868,24.5942614
1268,326930529,46.5277625,24.5601376
1269,326930540,46.5207855,24.5680280
1270,326930821,46.5214590,24.5690162
1271,326930827,46.5229674,24.5677891
1272,343622159,46.5130363,24.5655906
1273,343622160,46.5129065,24.5660197
1274,343622161,46.5118695,24.5685501
1275,343622163,46.5090936,24.5753821
1276,343622384,46.5083447,24.5895799
1277,343656244,46.5289332,24.5711792
1278,343656245,46.5279743,24.5727689
1279,343656253,46.5267493,24.5742708
1280,343656257,46.5269222,24.5728157
1281,343656259,46.5274326,24.5724952
1282,343656260,46.5274332,24.5687515
1283,343656261,46.5284325,24.5689979
1284,343656267,46.5261867,24.5691146
1285,343656294,46.5252296,24.5741701
1286,343656314,46.5264063,24.5698696
1287,343656316,46.5255081,24.5707720
1288,343656317,46.5262187,24.5718247
1289,343656321,46.5257181,24.5738645
1290,343657236,46.5251528,24.5704697
1291,343657853,46.5275087,24.5762633
1292,343657870,46.5274781,24.5756282
1293,343658207,46.5262601,24.5761862
1294,343658571,46.5256876,24.5735417
1295,343658619,46.5252604,24.5735171
1296,343658908,46.5316548,24.5712390
1297,343658909,46.5319663,24.5704320
1298,344067072,46.5634115,24.5700714
1299,344068895,46.5607790,24.5685742
1300,344077764,46.5674714,24.5880383
1301,344077774,46.5632154,24.5830212
1302,344078981,46.5678130,24.5876510
1303,344078984,46.5694434,24.5855767
1304,344184594,46.5596504,24.5675199
1305,344203488,46.5254352,24.5962341
1306,344207493,46.5394172,24.5639438
1307,346143553,46.5504599,24.5461390
1308,346143558,46.5533458,24.5511140
1309,346146866,46.5485035,24.5484755
1310,346146872,46.5488154,24.5466190
1311,346146873,46.5490873,24.5466032
1312,346147647,46.5480155,24.5487340
1313,346147657,46.5452928,24.5421415
1314,346232508,46.5651157,24.5706485
1315,347284320,46.5516394,24.5546341
1316,347284404,46.5515916,24.5541847
1317,347284407,46.5530323,24.5520418
1318,347284408,46.5528922,24.5518473
1319,347284409,46.5515957,24.5537836
1320,347299940,46.5390034,24.5580074
1321,347299974,46.5391452,24.5580665
1322,347300418,46.5388521,24.5600386
1323,352851721,46.5474506,24.5639845
1324,352851729,46.5453580,24.5594301
1325,352851731,46.5452058,24.5597517
1326,352851733,46.5465806,24.5630956
1327,352851734,46.5470925,24.5618904
1328,352851736,46.5462432,24.5649036
1329,352868610,46.5418358,24.5568579
1330,352868627,46.5415752,24.5568508
1331,352868934,46.5419276,24.5571470
1332,352870741,46.5408928,24.5559584
1333,352871224,46.5417057,24.5564587
1334,352871225,46.5416587,24.5566022
1335,355214709,46.5478336,24.5611201
1336,358848211,46.5540747,24.5474381
1337,359104268,46.5646134,24.5479516
1338,359104270,46.5663915,24.5451196
1339,359145399,46.5382130,24.5624579
1340,366071473,46.5616098,24.5476711
1341,366073473,46.5664490,24.5422381
1342,366073474,46.5625323,24.5456000
1343,366073475,46.5654512,24.5412509
1344,366073476,46.5628545,24.5463991
1345,366073477,46.5650163,24.5432098
1346,366073478,46.5645742,24.5425960
1347,366073479,46.5654341,24.5437906
1348,366073481,46.5659882,24.5445564
1349,366073483,46.5635953,24.5440440
1350,366073484,46.5640258,24.5446687
1351,366073485,46.5644488,24.5452522
1352,366073486,46.5650046,24.5460379
1353,366073950,46.5673990,24.5344250
1354,366073981,46.5681093,24.5297874
1355,366730073,46.5554006,24.5356298
1356,366730074,46.5528671,24.5352884
1357,366730092,46.5523124,24.5299360
1358,366730094,46.5524497,24.5331493
1359,366730110,46.5547026,24.5311454
1360,368345137,46.5716359,24.5495145
1361,368352766,46.5458539,24.5648788
1362,369880167,46.5253178,24.5253716
1363,392086605,46.5379010,24.5591586
1364,392086614,46.5388832,24.5816378
1365,392086616,46.5386130,24.5828236
1366,392086617,46.5339321,24.5895379
1367,392086627,46.5348641,24.5873638
1368,392086628,46.5343406,24.5885757
1369,392086629,46.5340624,24.5883416
1370,392086635,46.5339543,24.5878741
1371,392086636,46.5337448,24.5881733
1372,392086637,46.5332837,24.5880154
1373,392086639,46.5338458,24.5882520
1374,392086642,46.5329241,24.5937509
1375,395030704,46.5482269,24.5703155
1376,412252061,46.5420628,24.5580523
1377,412252062,46.5411489,24.5587154
1378,415361836,46.5397368,24.5643430
1379,415361838,46.5396378,24.5641942
1380,415361839,46.5391773,24.5647214
1381,415361845,46.5393643,24.5617915
1382,415361854,46.5393068,24.5603429
1383,415366580,46.5369378,24.5862275
1384,415366581,46.5367850,24.5862345
1385,415366583,46.5363841,24.5858675
1386,420747144,46.5358199,24.5831149
1387,420747154,46.5364838,24.5888902
1388,420747155,46.5373343,24.5867842
1389,420747156,46.5377752,24.5870909
1390,420747157,46.5361720,24.5895209
1391,420747162,46.5360196,24.5905405
1392,420747164,46.5354723,24.5905116
1393,420747167,46.5356782,24.5912114
1394,425939173,46.5584620,24.5575461
1395,425939195,46.5569459,24.5565565
1396,427626668,46.5377246,24.5906287
1397,427626685,46.5371142,24.5895474
1398,427626687,46.5365481,24.5904996
1399,427626689,46.5364593,24.5906666
1400,428042557,46.5355233,24.5924711
1401,428042567,46.5354159,24.5928414
1402,428042571,46.5353422,24.5925933
1403,431533312,46.5483504,24.5713001
1404,431593347,46.5484383,24.5676679
1405,449089731,46.5415839,24.5745696
1406,449102581,46.5539259,24.5749335
1407,469422570,46.5451004,24.5569030
1408,473108250,46.5575359,24.5813962
1409,481346197,46.5526313,24.5054097
1410,481374336,46.5581478,24.5431793
1411,481384041,46.5598933,24.5773927
1412,481385642,46.5583116,24.5767971
1413,481386615,46.5580999,24.5746727
1414,481386620,46.5569965,24.5724980
1415,504314872,46.5406512,24.5495946
1416,504314881,46.5417187,24.5482726
1417,504320062,46.5536295,24.5467882
1418,504320065,46.5523212,24.5453418
1419,504320067,46.5534859,24.5447413
1420,504322010,46.5334462,24.5566130
1421,504322011,46.5329932,24.5590532
1422,504322018,46.5324907,24.5571308
1423,505377775,46.5256544,24.5503598
1424,505377779,46.5237950,24.5515717
1425,505377782,46.5248801,24.5516847
1426,505379368,46.5297096,24.5510348
1427,505379369,46.5297234,24.5517752
1428,505379370,46.5283798,24.5518254
1429,505379371,46.5302826,24.5517336
1430,505401999,46.5265395,24.5571010
1431,505402001,46.5259313,24.5568633
1432,505402002,46.5262274,24.5573140
1433,505402003,46.5268933,24.5559077
1434,505402005,46.5262705,24.5547816
1435,505402006,46.5268991,24.5575378
1436,505402007,46.5273387,24.5568029
1437,505402008,46.5275651,24.5569734
1438,505402009,46.5278297,24.5565253
1439,505402015,46.5278389,24.5577588
1440,505402016,46.5278771,24.5577210
1441,505402019,46.5288965,24.5561993
1442,505402026,46.5295203,24.5570087
1443,505402030,46.5303132,24.5577299
1444,505402032,46.5288346,24.5596540
1445,505402037,46.5287249,24.5595211
1446,505404316,46.5411607,24.5522973
1447,505404317,46.5413115,24.5529367
1448,505458909,46.5527291,24.5616740
1449,505458921,46.5539049,24.5639250
1450,505458924,46.5533498,24.5631139
1451,505458928,46.5531181,24.5627146
1452,505458934,46.5533889,24.5639950
1453,506228171,46.5583701,24.5776103
1454,506286380,46.5566511,24.5688049
1455,506298633,46.5738916,24.5940581
1456,506298639,46.5723553,24.5996600
1457,506298641,46.5744429,24.6044325
1458,506298642,46.5739328,24.6033568
1459,506298659,46.5715335,24.6096371
1460,506298662,46.5708531,24.6106251
1461,506298663,46.5702515,24.6111624
1462,506298666,46.5697706,24.6115562
1463,506298668,46.5730930,24.6130056
1464,506298686,46.5797200,24.6097900
1465,506298697,46.5779977,24.6075456
1466,506298702,46.5797348,24.6068899
1467,506298743,46.5796470,24.6006850
1468,506298747,46.5791465,24.6013037
1469,506312910,46.5854580,24.6040079
1470,506312911,46.5820249,24.6009607
1471,506312912,46.5828304,24.6016673
1472,506312913,46.5822422,24.6029847
1473,506312914,46.5834690,24.6022030
1474,506312915,46.5829527,24.6035302
1475,506312928,46.5823222,24.6121041
1476,506312929,46.5830487,24.6115465
1477,506312932,46.5837559,24.6097700
1478,506312935,46.5837924,24.6086544
1479,506312936,46.5836179,24.6086460
1480,506312938,46.5836031,24.6095256
1481,506312941,46.5836102,24.6090406
1482,506312942,46.5837844,24.6090307
1483,506312943,46.5838931,24.6090157
1484,506319128,46.5833584,24.6119858
1485,506319133,46.5880308,24.6112411
1486,506320885,46.5810127,24.6268970
1487,506320887,46.5827134,24.6262292
1488,506320888,46.5810705,24.6272508
1489,506320895,46.5835264,24.6267295
1490,506658187,46.5585262,24.5799936
1491,506658188,46.5588053,24.5807284
1492,506658189,46.5591298,24.5812021
1493,506658190,46.5588392,24.5816342
1494,506658191,46.5592617,24.5809843
1495,506658196,46.5586120,24.5819608
1496,506659266,46.5567500,24.5789022
1497,506668728,46.5565956,24.5774255
1498,506668730,46.5579181,24.5781974
1499,506668732,46.5566871,24.5781579
1500,506681353,46.5534978,24.5725096
1501,506681355,46.5537458,24.5722360
1502,506681367,46.5538109,24.5719013
1503,506681373,46.5534598,24.5720435
1504,506681375,46.5529341,24.5734079
1505,506681377,46.5532405,24.5736342
1506,506681378,46.5534334,24.5736925
1507,506681385,46.5532917,24.5724376
1508,506681387,46.5536423,24.5725665
1509,506686648,46.5528408,24.5684372
1510,506686651,46.5516751,24.5676580
1511,506690610,46.5497292,24.5757137
1512,506690612,46.5503678,24.5735554
1513,506690613,46.5501280,24.5744287
1514,506690621,46.5501384,24.5796324
1515,513556934,46.5498487,24.5828930
1516,513556937,46.5509146,24.5841313
1517,513566113,46.5475649,24.5879135
1518,513578883,46.5441654,24.5819659
1519,513578906,46.5441913,24.5860725
1520,513578912,46.5439923,24.5815645
1521,513613009,46.5389338,24.5611421
1522,513689228,46.5336108,24.5652037
1523,513689292,46.5384659,24.5696802
1524,513689301,46.5397673,24.5627707
1525,513737164,46.5335504,24.5710471
1526,513737168,46.5337199,24.5701580
1527,513737306,46.5339599,24.5841352
1528,513886235,46.5312435,24.5529945
1529,513912780,46.5459013,24.5552152
1530,513912782,46.5459036,24.5549200
1531,513912784,46.5444076,24.5559812
1532,514339312,46.5280195,24.5464221
1533,514344369,46.5274054,24.5472405
1534,517873549,46.5603728,24.5791288
1535,517873553,46.5549916,24.5606594
1536,517881584,46.5562497,24.5603798
1537,517881600,46.5492490,24.5536017
1538,517890781,46.5628368,24.5521529
1539,517890800,46.5573539,24.5460027
1540,517890801,46.5570953,24.5456426
1541,517890804,46.5574190,24.5459035
1542,517950550,46.5676300,24.5335514
1543,517950552,46.5681061,24.5314826
1544,517950597,46.5699262,24.5351942
1545,517950602,46.5632876,24.5394806
1546,517950643,46.5618848,24.5381017
1547,517950668,46.5595254,24.5361477
1548,518131793,46.5568886,24.5469915
1549,518131799,46.5589528,24.5480390
1550,518131814,46.5591247,24.5475662
1551,518131819,46.5592431,24.5473831
1552,518149077,46.5575509,24.5465120
1553,518149081,46.5583766,24.5466748
1554,518149083,46.5582259,24.5464565
1555,518149085,46.5582146,24.5469635
1556,518149087,46.5589843,24.5479843
1557,518149091,46.5583354,24.5471308
1558,518149093,46.5584558,24.5467788
1559,520307198,46.5708123,24.5441582
1560,520307206,46.5722741,24.5460640
1561,520307213,46.5718550,24.5498304
1562,520336671,46.5740213,24.5453525
1563,520336678,46.5751265,24.5481379
1564,520336681,46.5749859,24.5418252
1565,520336683,46.5761101,24.5406788
1566,520336684,46.5792092,24.5430489
1567,520336688,46.5805433,24.5411810
1568,520336692,46.5806577,24.5407496
1569,520336694,46.5757751,24.5388229
1570,520336697,46.5763316,24.5380201
1571,520336713,46.5866054,24.5382768
1572,520336733,46.5905433,24.5351888
1573,520336739,46.5918334,24.5348603
1574,520336745,46.5943683,24.5324134
1575,520336747,46.5827900,24.5417653
1576,520336749,46.5834101,24.5434746
1577,522961064,46.5617876,24.5424319
1578,523258334,46.5605094,24.5467629
1579,523258338,46.5600339,24.5461159
1580,523258340,46.5612696,24.5446534
1581,523258342,46.5602318,24.5431479
1582,523258343,46.5609469,24.5447550
1583,523258345,46.5618228,24.5460092
1584,523258347,46.5614926,24.5443091
1585,523258349,46.5604941,24.5435324
1586,523258351,46.5602966,24.5438031
1587,523258354,46.5596964,24.5450077
1588,523258357,46.5597232,24.5446495
1589,523258368,46.5599875,24.5454567
1590,523258371,46.5597875,24.5457561
1591,523258373,46.5607454,24.5443837
1592,523258375,46.5601473,24.5452959
1593,523258377,46.5603639,24.5456240
1594,523258379,46.5605778,24.5446569
1595,523258381,46.5607991,24.5449754
1596,523258382,46.5611401,24.5444705
1597,523258383,46.5610806,24.5449451
1598,523258386,46.5609033,24.5441354
1599,523258388,46.5598547,24.5458542
1600,523258391,46.5596595,24.5461262
1601,523258393,46.5599970,24.5470100
1602,523258394,46.5597560,24.5473242
1603,523258395,46.5601074,24.5468171
1604,523258396,46.5603014,24.5464792
1605,523258398,46.5602011,24.5466661
1606,523258411,46.5603488,24.5468789
1607,523258422,46.5608004,24.5439814
1608,523258423,46.5610121,24.5436791
1609,523258425,46.5607036,24.5432462
1610,523258427,46.5610651,24.5427141
1611,523258429,46.5605157,24.5425912
1612,523258435,46.5607525,24.5428643
1613,523258452,46.5612906,24.5440734
1614,523420757,46.5467925,24.5599003
1615,523420802,46.5440804,24.5606554
1616,523420849,46.5445076,24.5613763
1617,526170429,46.5363358,24.5859758
1618,526170430,46.5365456,24.5861742
1619,526170434,46.5358757,24.5879165
1620,526170436,46.5357512,24.5881892
1621,526170437,46.5362792,24.5868299
1622,526170438,46.5360492,24.5866124
1623,526170441,46.5357738,24.5872374
1624,526170447,46.5327636,24.5855644
1625,526170448,46.5333002,24.5859357
1626,526170452,46.5335982,24.5849903
1627,526170455,46.5338043,24.5851756
1628,526170456,46.5341685,24.5855021
1629,534154240,46.5387333,24.5686998
1630,534154273,46.5440716,24.5373683
1631,534170400,46.5365039,24.5850981
1632,534170406,46.5365113,24.5853436
1633,534170407,46.5365155,24.5855014
1634,535587346,46.5540541,24.5307503
1635,536546394,46.5264636,24.6007407
1636,537131067,46.5588692,24.5483951
1637,537968255,46.5914576,24.6230076
1638,537968258,46.5921577,24.6239418
1639,537968263,46.5938426,24.6246829
1640,537968264,46.5938663,24.6248069
1641,537968268,46.5935151,24.6250877
1642,537968269,46.5932893,24.6254612
1643,537968279,46.5931388,24.6252552
1644,537968280,46.5925325,24.6238010
1645,537968281,46.5932476,24.6247686
1646,537968282,46.5934366,24.6245434
1647,537968283,46.5926188,24.6234540
1648,537968284,46.5925570,24.6236022
1649,537968285,46.5933603,24.6246642
1650,537968286,46.5935947,24.6242932
1651,537968287,46.5927784,24.6232078
1652,537968288,46.5928626,24.6230779
1653,537968289,46.5936707,24.6241729
1654,537982464,46.5559374,24.5805436
1655,537982473,46.5542974,24.5810027
1656,538004736,46.5349789,24.5862780
1657,538004738,46.5352688,24.5865406
1658,538004742,46.5362674,24.5861294
1659,538004745,46.5357084,24.5856208
1660,539724870,46.5237863,24.5420169
1661,539724872,46.5241723,24.5432774
1662,539724873,46.5238484,24.5422479
1663,539724875,46.5239169,24.5424689
1664,539874309,46.5095757,24.5072724
1665,539874317,46.5103203,24.5087374
1666,539874324,46.5103621,24.5086974
1667,539874329,46.5096550,24.5102280
1668,539874334,46.5097968,24.5092839
1669,539874343,46.5105652,24.5099971
1670,539874345,46.5104821,24.5098534
1671,539874347,46.5104320,24.5096585
1672,539874350,46.5104141,24.5094407
1673,539874357,46.5103427,24.5103762
1674,539874360,46.5102171,24.5101253
1675,539874362,46.5100572,24.5098051
1676,539874367,46.5103271,24.5105258
1677,539874375,46.5104350,24.5105496
1678,539874377,46.5098297,24.5110304
1679,539874379,46.5099959,24.5113647
1680,539874381,46.5105496,24.5107856
1681,539874383,46.5102495,24.5118747
1682,539874388,46.5104205,24.5122186
1683,539874391,46.5105857,24.5125510
1684,539874393,46.5098021,24.5105654
1685,539874395,46.5107579,24.5128972
1686,539874397,46.5112946,24.5123196
1687,539874402,46.5107935,24.5112879
1688,539874404,46.5107971,24.5118540
1689,539874406,46.5109428,24.5121901
1690,539874438,46.5204158,24.5283187
1691,541996310,46.5246842,24.6014643
1692,546935419,46.5385413,24.5987304
1693,668188611,46.5800046,24.6212181
1694,668901190,46.5578137,24.5818120
1695,668901191,46.5581409,24.5813638
1696,668906490,46.5537277,24.5738763
1697,726840003,46.5365451,24.5405901
1698,845126471,46.5771213,24.6070834
1699,845126472,46.5770542,24.6060155
1700,845126475,46.5771740,24.6052632
1701,845126476,46.5767555,24.6066045
1702,845126477,46.5766641,24.6067583
1703,905723681,46.5394030,24.5992679
1704,905723682,46.5505386,24.5887074
1705,905726524,46.5395415,24.5931904
1706,905726527,46.5396242,24.5928451
1707,905726531,46.5399557,24.5925981
1708,905726538,46.5424541,24.5913067
1709,905731635,46.5798657,24.6204297
1710,910996217,46.5329519,24.5893141
1711,910996221,46.5328915,24.5890231
1712,910996223,46.5329106,24.5893198
1713,910996227,46.5330030,24.5890731
1714,910996229,46.5328216,24.5892125
1715,910996234,46.5330217,24.5891247
1716,914963305,46.5006967,24.6322497
1717,925402785,46.5638821,24.5892575
1718,925402790,46.5643565,24.5895231
1719,925402817,46.5616382,24.5873271
1720,925402840,46.5639416,24.5901008
1721,928486090,46.5999161,24.6308769
1722,928486092,46.5990471,24.6297754
1723,928486093,46.5984382,24.6319866
1724,928486095,46.5992336,24.6300454
1725,928486096,46.5989579,24.6283515
1726,928486097,46.5988029,24.6326773
1727,928486100,46.5984000,24.6305507
1728,928486101,46.5990045,24.6314001
1729,928486105,46.5993375,24.6292709
1730,928486113,46.5986823,24.6288234
1731,928486114,46.5982118,24.6316896
1732,928486116,46.5982184,24.6296176
1733,928486117,46.5986985,24.6328504
1734,928486118,46.5988905,24.6312011
1735,928486122,46.5994614,24.6290558
1736,928486131,46.5987264,24.6303024
1737,928486133,46.5986974,24.6309477
1738,928486135,46.5988338,24.6285639
1739,928486136,46.5992009,24.6295082
1740,928486138,46.5985371,24.6290720
1741,928486149,46.5994233,24.6306115
1742,948403298,46.5658948,24.5893463
1743,948403321,46.5607166,24.5831853
1744,948403375,46.5654727,24.5898275
1745,948403377,46.5652994,24.5923394
1746,948403407,46.5635197,24.5926998
1747,951446750,46.5605893,24.5817956
1748,951446951,46.5604888,24.5819422
1749,965152407,46.5455429,24.5894925
1750,966143959,46.5324367,24.5523097
1751,966143962,46.5338632,24.5554928
1752,966522397,46.5473216,24.5612992
1753,966522513,46.5472356,24.5609596
1754,966522516,46.5470780,24.5607812
1755,966522585,46.5469970,24.5615034
1756,966954789,46.5388897,24.5826388
1757,966954795,46.5397107,24.5809813
1758,966954806,46.5397094,24.5793066
1759,968071000,46.5371224,24.5812620
1760,968071005,46.5362414,24.5826574
1761,968071006,46.5369452,24.5814954
1762,968071009,46.5385934,24.5833722
1763,968071011,46.5371184,24.5817667
1764,968071016,46.5363778,24.5824823
1765,968071017,46.5386091,24.5826790
1766,968071020,46.5373734,24.5817303
1767,968071022,46.5381740,24.5800469
1768,968071029,46.5386306,24.5838590
1769,968071033,46.5372770,24.5811570
1770,968071035,46.5383520,24.5833736
1771,968071037,46.5388921,24.5829563
1772,968071038,46.5372931,24.5815437
1773,968071039,46.5372760,24.5823220
1774,972156222,46.5386203,24.5467855
1775,972156229,46.5377644,24.5455636
1776,972156281,46.5392131,24.5441238
1777,972156323,46.5388232,24.5471061
1778,972156330,46.5374920,24.5470371
1779,972156345,46.5385792,24.5447240
1780,972156367,46.5383099,24.5443037
1781,972156384,46.5382474,24.5472793
1782,972156391,46.5374562,24.5462870
1783,972156397,46.5372258,24.5466059
1784,972156422,46.5397365,24.5449678
1785,972156430,46.5386744,24.5448495
1786,972156436,46.5377540,24.5456735
1787,972156441,46.5375670,24.5452597
1788,972156477,46.5385070,24.5446120
1789,972156480,46.5378643,24.5456283
1790,972695982,46.5253806,24.6029263
1791,972695984,46.5258571,24.6019988
1792,972695986,46.5257704,24.6018159
1793,972695988,46.5251261,24.6023921
1794,972695990,46.5256729,24.6016102
1795,972696000,46.5252191,24.6025874
1796,972696009,46.5260135,24.6023288
1797,972696017,46.5248661,24.6018464
1798,972696019,46.5247802,24.6016661
1799,972696024,46.5254948,24.6012345
1800,972696028,46.5250373,24.6022059
1801,972696033,46.5260998,24.6025108
1802,981272676,46.5341100,24.5908123
1803,985575799,46.5284073,24.5591362
1804,985575808,46.5296006,24.5571125
1805,991555233,46.5351978,24.5857798
1806,991555317,46.5357164,24.5845757
1807,993738475,46.5354890,24.5851039
1808,993738478,46.5356556,24.5855727
1809,993738511,46.5350158,24.5852699
1810,993738512,46.5357381,24.5853871
1811,993738527,46.5347176,24.5842757
1812,993738558,46.5347329,24.5850274
1813,997052741,46.5844334,24.6134607
1814,1000101407,46.5235974,24.5436312
1815,1000101408,46.5239481,24.5434089
1816,1000101410,46.5233436,24.5428118
1817,1000101412,46.5236933,24.5425967
1818,1000101414,46.5231687,24.5429193
1819,1000101415,46.5234221,24.5437423
1820,1000101419,46.5237728,24.5435200
1821,1000101420,46.5235184,24.5427042
1822,1000207386,46.5772652,24.6047164
1823,1000207387,46.5770965,24.6049447
1824,1000207403,46.5773560,24.6037233
1825,1000207412,46.5767648,24.6045534
1826,1000207449,46.5764987,24.6064516
1827,1000207457,46.5774401,24.6049821
1828,1000207459,46.5774771,24.6065186
1829,1003977848,46.5337445,24.5866705
1830,1010740255,46.5462678,24.6214330
1831,1014039659,46.5454902,24.5488817
1832,1016184195,46.5374213,24.5574881
1833,1017311621,46.5280535,24.5548236
1834,1017311622,46.5323911,24.5674828
1835,1017311656,46.5341399,24.5831242
1836,1017311659,46.5288122,24.5461464
1837,1017311668,46.5300433,24.5811626
1838,1017311669,46.5390129,24.5939120
1839,1017311684,46.5327275,24.5671798
1840,1017311704,46.5345952,24.5845525
1841,1017311774,46.5363899,24.5865425
1842,1017311865,46.5316013,24.5641783
1843,1017311890,46.5387289,24.5887789
1844,1017311927,46.5378544,24.5856214
1845,1017311968,46.5343736,24.5594627
1846,1017312009,46.5295963,24.5799068
1847,1017312014,46.5306169,24.5951447
1848,1017312042,46.5364009,24.5866061
1849,1017312081,46.5283655,24.5606627
1850,1017312086,46.5332362,24.5803984
1851,1017312106,46.5220604,24.5377598
1852,1017312109,46.5353714,24.5863136
1853,1017312193,46.5359919,24.5874415
1854,1017312227,46.5325664,24.5670510
1855,1017748064,46.5449474,24.5502708
1856,1017767142,46.5574480,24.5720179
1857,1020310503,46.5156180,24.6103165
1858,1020310749,46.5290934,24.5972532
1859,1020310754,46.5324870,24.5764052
1860,1020310969,46.5372344,24.5796814
1861,1020310997,46.5131191,24.6122642
1862,1020311031,46.5222155,24.6095921
1863,1020311098,46.5077121,24.6211625
1864,1020311655,46.5116081,24.6149928
1865,1020312092,46.5296148,24.5967131
1866,1020312178,46.4978884,24.6222394
1867,1020312226,46.5288934,24.5973920
1868,1020312227,46.5223400,24.6190191
1869,1020312228,46.5341979,24.5779167
1870,1020312242,46.5239789,24.6060728
1871,1020312249,46.5289147,24.5875459
1872,1020312354,46.5261115,24.6000294
1873,1020312456,46.5199629,24.6149750
1874,1020658678,46.5483017,24.5644622
1875,1020661721,46.5460246,24.5664328
1876,1020856782,46.5570581,24.5756964
1877,1020856830,46.5558424,24.5759527
1878,1020856856,46.5567631,24.5750793
1879,1021000424,46.5571862,24.5746640
1880,1021151317,46.5581997,24.5778369
1881,1022544155,46.5475891,24.5741450
1882,1022544158,46.5477735,24.5740888
1883,1022951170,46.5371331,24.5690599
1884,1022951201,46.5344752,24.5682317
1885,1023402958,46.5391745,24.5845803
1886,1023406982,46.5384336,24.5847973
1887,1023409550,46.5390641,24.5850713
1888,1023409925,46.5393041,24.5851806
1889,1023730531,46.5337857,24.5883972
1890,1024741453,46.5477659,24.5564721
1891,1025456293,46.5343408,24.5932778
1892,1025456349,46.5359455,24.5991667
1893,1025456511,46.5381113,24.5986860
1894,1025456677,46.5365289,24.5984930
1895,1025456713,46.5363109,24.5989154
1896,1025456850,46.5366689,24.5989180
1897,1025457070,46.5332715,24.5895658
1898,1025457147,46.5343117,24.5946834
1899,1025457172,46.5363598,24.5990668
1900,1025457190,46.5333437,24.5910324
1901,1025457485,46.5359166,24.5965437
1902,1025457608,46.5340034,24.5939311
1903,1025457868,46.5338936,24.5935669
1904,1025457870,46.5348838,24.5964918
1905,1025457912,46.5362153,24.5985737
1906,1025457916,46.5336268,24.5901882
1907,1025458109,46.5344938,24.5920044
1908,1025511581,46.5353829,24.5917963
1909,1027799871,46.5575685,24.5677932
1910,1028825849,46.5251753,24.6220263
1911,1028825878,46.5191391,24.6350278
1912,1028825996,46.5302072,24.6011479
1913,1028826311,46.5176594,24.6264714
1914,1028826618,46.5322469,24.6484028
1915,1028826666,46.5187788,24.6355657
1916,1028826918,46.5189926,24.6351348
1917,1028826983,46.5301891,24.6010925
1918,1028827817,46.5301569,24.6010060
1919,1028827825,46.5191196,24.6334426
1920,1028827846,46.5281989,24.6059974
1921,1028827884,46.5236405,24.6146363
1922,1028828028,46.5185410,24.6262896
1923,1028828245,46.5207730,24.6178228
1924,1028828322,46.5217862,24.6215254
1925,1029713797,46.5152126,24.5226285
1926,1029713814,46.5187463,24.5256948
1927,1029713960,46.5057214,24.5342926
1928,1029713992,46.5160459,24.5206108
1929,1029713995,46.5138248,24.5256999
1930,1029714041,46.5145145,24.5233820
1931,1029714077,46.5177705,24.5313252
1932,1029714084,46.5164248,24.5275604
1933,1029714088,46.5153900,24.5193245
1934,1029714092,46.5152118,24.5329499
1935,1029714110,46.5093073,24.5286106
1936,1029714133,46.5176070,24.5264910
1937,1029714140,46.5100268,24.5259934
1938,1029714143,46.5149938,24.5243094
1939,1029714162,46.5152899,24.5313195
1940,1029714166,46.5155603,24.5196643
1941,1029714224,46.5126637,24.5256140
1942,1029714296,46.5199258,24.5297200
1943,1029714298,46.5189443,24.5255378
1944,1029714317,46.5105096,24.5253292
1945,1030133622,46.5233992,24.5654003
1946,1030134479,46.5209598,24.5680614
1947,1030134806,46.5282724,24.5671176
1948,1030134819,46.5264665,24.5668183
1949,1030134922,46.5364404,24.5583221
1950,1030135158,46.5285049,24.5671335
1951,1030135305,46.5250682,24.5672012
1952,1031255087,46.5013558,24.5344919
1953,1031255265,46.5062402,24.5368717
1954,1031255505,46.5003286,24.5431564
1955,1031256461,46.5012272,24.5328134
1956,1031256580,46.5080889,24.5321858
1957,1031256798,46.5024124,24.5430801
1958,1031256841,46.5029973,24.5338373
1959,1031257678,46.4971829,24.5492184
1960,1031258554,46.5013167,24.5342699
1961,1031259075,46.5004780,24.5421175
1962,1031259152,46.5093598,24.5335314
1963,1031259177,46.5022065,24.5358700
1964,1031299639,46.5022951,24.5434408
1965,1031300000,46.5037063,24.5440951
1966,1031303722,46.5007740,24.5344366
1967,1031464652,46.5198432,24.5196547
1968,1031464715,46.5186529,24.5208582
1969,1031464929,46.5201503,24.5199635
1970,1031465157,46.5200416,24.5200755
1971,1031465253,46.5166855,24.5027304
1972,1031465342,46.5238242,24.5183423
1973,1031465752,46.5188755,24.5212952
1974,1031466442,46.5228728,24.5169186
1975,1031466451,46.5176607,24.5046641
1976,1031466518,46.5205427,24.5136898
1977,1031466794,46.5185355,24.5217064
1978,1031467008,46.5195622,24.5199343
1979,1031467033,46.5172173,24.5037832
1980,1031467258,46.5216574,24.5159523
1981,1031467504,46.5173240,24.5039945
1982,1033876065,46.5321397,24.5339889
1983,1033876391,46.5319217,24.5327121
1984,1033876446,46.5317243,24.5352764
1985,1033876607,46.5307318,24.5393036
1986,1033876634,46.5317125,24.5328687
1987,1033876710,46.5321418,24.5363133
1988,1033876778,46.5324637,24.5335541
1989,1033876812,46.5321511,24.5345879
1990,1033876969,46.5338162,24.5356915
1991,1033877280,46.5291426,24.5350366
1992,1034264429,46.5299362,24.5317427
1993,1034265317,46.5302087,24.5316110
1994,1037589545,46.5347294,24.5641634
1995,1037589719,46.5341942,24.5638620
1996,1037635515,46.5332219,24.5838420
1997,1037635570,46.5324877,24.5823971
1998,1037635728,46.5329878,24.5843712
1999,1038541582,46.5303125,24.5887361
2000,1038542542,46.5305186,24.5888489
2001,1039502075,46.5300064,24.5606384
2002,1039502079,46.5333649,24.5601962
2003,1039734460,46.5280564,24.5587201
2004,1039736692,46.5261196,24.5571977
2005,1041365054,46.5327745,24.5873261
2006,1043509418,46.5234918,24.5447073
2007,1043509713,46.5260622,24.5428588
2008,1043510361,46.5247051,24.5437759
2009,1043510941,46.5269536,24.5420813
2010,1043511049,46.5229971,24.5453340
2011,1043511473,46.5256529,24.5421612
2012,1043511959,46.5252023,24.5446616
2013,1043512067,46.5271898,24.5425918
2014,1043512085,46.5240504,24.5516455
2015,1043512451,46.5238957,24.5516679
2016,1043512497,46.5263253,24.5428340
2017,1043512783,46.5262567,24.5431958
2018,1043512988,46.5258144,24.5424365
2019,1043513533,46.5269673,24.5428542
2020,1043513749,46.5225833,24.5432782
2021,1043514085,46.5227831,24.5443299
2022,1043514136,46.5235384,24.5516829
2023,1043634133,46.5280202,24.5408130
2024,1043635410,46.5273690,24.5411654
2025,1048852833,46.5278783,24.5440896
2026,1048853270,46.5276985,24.5436903
2027,1049046539,46.5306051,24.5469989
2028,1049046572,46.5304384,24.5479402
2029,1049046626,46.5300173,24.5470985
2030,1049046630,46.5301880,24.5474397
2031,1049046675,46.5304344,24.5466577
2032,1049046686,46.5303648,24.5485608
2033,1049046695,46.5298760,24.5478292
2034,1051478321,46.5313079,24.5498018
2035,1051478325,46.5309704,24.5493840
2036,1053672168,46.5353383,24.5381751
2037,1053672169,46.5354767,24.5379479
2038,1053672174,46.5355413,24.5377145
2039,1056210279,46.5287223,24.5609855
2040,1058786354,46.5374151,24.5538456
2041,1058794736,46.5385396,24.5535125
2042,1077115092,46.5368635,24.5450198
2043,1077115194,46.5364699,24.5455100
2044,1077115206,46.5355180,24.5427305
2045,1077115219,46.5355986,24.5464181
2046,1077115260,46.5350080,24.5430443
2047,1077115268,46.5362074,24.5430843
2048,1077115270,46.5364047,24.5423185
2049,1077115306,46.5354741,24.5418322
2050,1077115352,46.5360794,24.5469863
2051,1077115389,46.5364120,24.5454123
2052,1077115449,46.5360357,24.5427995
2053,1077115450,46.5338042,24.5441897
2054,1077115494,46.5350466,24.5431095
2055,1077115515,46.5357872,24.5423873
2056,1077115591,46.5365945,24.5439347
2057,1077115622,46.5354053,24.5425388
2058,1077115702,46.5370835,24.5447457
2059,1080919102,46.5264759,24.5383210
2060,1080920617,46.5257206,24.5389460
2061,1080921645,46.5263048,24.5384965
2062,1127230555,46.5218411,24.5521806
2063,1127230584,46.5228585,24.5596185
2064,1127230595,46.5229822,24.5554816
2065,1127230663,46.5243789,24.5616835
2066,1127230671,46.5253733,24.5609331
2067,1127230721,46.5248036,24.5579664
2068,1127230806,46.5229947,24.5516812
2069,1127230930,46.5239399,24.5587617
2070,1128224931,46.5216480,24.5083261
2071,1128224945,46.5123632,24.5118013
2072,1128224961,46.5213490,24.5095246
2073,1128224965,46.5147551,24.5026931
2074,1128224970,46.5134916,24.5032748
2075,1128225017,46.5142483,24.5080195
2076,1128225026,46.5125132,24.5070918
2077,1128225051,46.5189854,24.5056180
2078,1128225057,46.5136351,24.5067768
2079,1128225095,46.5128957,24.5112108
2080,1128225099,46.5187508,24.5124158
2081,1128225112,46.5203223,24.5054342
2082,1128225141,46.5128282,24.5112808
2083,1128225150,46.5170612,24.5115746
2084,1128225158,46.5167652,24.5045470
2085,1128225206,46.5164524,24.5066776
2086,1128225230,46.5199529,24.5089022
2087,1128225238,46.5163058,24.5100249
2088,1128225249,46.5204268,24.5102074
2089,1128225278,46.5135495,24.5101348
2090,1128225290,46.5127751,24.5050341
2091,1128225335,46.5092719,24.4911883
2092,1128225346,46.5179379,24.5048238
2093,1128225355,46.5183413,24.5077145
2094,1128225420,46.5176317,24.5062986
2095,1128225448,46.5181902,24.5057191
2096,1128225522,46.5141629,24.5039310
2097,1128225586,46.5170176,24.5009250
2098,1128225608,46.5183053,24.5029062
2099,1128225635,46.5152039,24.5013925
2100,1128225698,46.5192632,24.5095629
2101,1128225701,46.5163954,24.5029796
2102,1128225744,46.5179467,24.5107872
2103,1128225791,46.5179477,24.5069292
2104,1128225854,46.5164689,24.5146613
2105,1128225863,46.5158494,24.5054866
2106,1128225917,46.5099971,24.4978194
2107,1128225925,46.5146516,24.5067367
2108,1128225957,46.5182043,24.5015192
2109,1128225965,46.5130426,24.5110593
2110,1128225973,46.5129831,24.5089931
2111,1128225995,46.5110897,24.5039739
2112,1128226003,46.5154722,24.5019339
2113,1128226053,46.5210675,24.5100158
2114,1128226061,46.5143018,24.5089849
2115,1128226065,46.5165936,24.5042004
2116,1128226106,46.5196817,24.5107454
2117,1128226180,46.5182217,24.5067761
2118,1128226185,46.5104526,24.5053587
2119,1128226194,46.5118596,24.5032331
2120,1128226248,46.5144202,24.5101646
2121,1128226308,46.5111409,24.5067533
2122,1128226312,46.5131204,24.5092697
2123,1128226318,46.5141297,24.5013914
2124,1128226349,46.5125002,24.5095078
2125,1128226425,46.5184118,24.5093505
2126,1128226463,46.5177778,24.5034769
2127,1128226484,46.5180069,24.5063240
2128,1128226527,46.5120087,24.5085118
2129,1128226538,46.5137939,24.4986590
2130,1128226580,46.5189453,24.5069014
2131,1128226587,46.5123459,24.5102483
2132,1128226681,46.5197908,24.5043629
2133,1128226717,46.5148965,24.5114562
2134,1128226750,46.5142798,24.4995275
2135,1128226756,46.5135840,24.5002744
2136,1128226763,46.5148400,24.5006581
2137,1128226780,46.5148325,24.5092033
2138,1128226802,46.5188301,24.5026711
2139,1128226863,46.5135736,24.5125637
2140,1128226915,46.5180053,24.5049424
2141,1128226998,46.5174086,24.5137967
2142,1128227009,46.5127658,24.5026658
2143,1128227095,46.5127902,24.5113202
2144,1128227150,46.5195889,24.5115276
2145,1128227154,46.5107209,24.5032227
2146,1128227156,46.5149808,24.5016153
2147,1128227164,46.5187597,24.5085493
2148,1128227205,46.5140712,24.5096583
2149,1128227215,46.5096638,24.5007965
2150,1128227250,46.5170960,24.5011164
2151,1128227285,46.5116853,24.5028819
2152,1128227340,46.5136070,24.4985988
2153,1128227362,46.5155218,24.5084880
2154,1128227364,46.5163912,24.5049307
2155,1128227428,46.5215979,24.5092566
2156,1128227442,46.5140540,24.5037109
2157,1128227482,46.5171984,24.5018983
2158,1128227512,46.5126307,24.5097761
2159,1128227552,46.5114456,24.5024705
2160,1128227558,46.5139699,24.5083133
2161,1128227563,46.5146279,24.5008772
2162,1128227578,46.5191971,24.5033894
2163,1128227626,46.5167188,24.5040683
2164,1128227674,46.5122627,24.5016314
2165,1128227696,46.5137854,24.5126097
2166,1128227703,46.5159905,24.5136862
2167,1128227708,46.5096034,24.5039334
2168,1128227760,46.5199064,24.5074054
2169,1128227820,46.5150069,24.5113441
2170,1128227838,46.5198366,24.5090229
2171,1128227867,46.5154781,24.5058676
2172,1128227879,46.5157611,24.5105781
2173,1128227884,46.5142279,24.5040576
2174,1128227897,46.5184675,24.5030568
2175,1128227956,46.5198030,24.5106152
2176,1128227997,46.5171641,24.5053601
2177,1128228001,46.5188587,24.5037667
2178,1128228009,46.5180641,24.5054609
2179,1128228021,46.5182311,24.5046434
2180,1128228033,46.5187150,24.5048165
2181,1128228063,46.5166558,24.5107428
2182,1128228076,46.5139769,24.5124034
2183,1128228143,46.5185371,24.5060909
2184,1128228179,46.5170836,24.5122419
2185,1128228216,46.5194386,24.5078809
2186,1128228287,46.5156714,24.5130358
2187,1128228359,46.5218916,24.5089443
2188,1128228363,46.5147721,24.5018131
2189,1128228370,46.5131337,24.4993479
2190,1128228540,46.5195777,24.5077400
2191,1128228542,46.5134563,24.5036129
2192,1128228602,46.5120965,24.5030802
2193,1128228656,46.5101671,24.4979506
2194,1128228674,46.5181644,24.5053506
2195,1128228735,46.5193739,24.5110761
2196,1128228738,46.5145801,24.5096512
2197,1128228772,46.5187618,24.5100677
2198,1128228799,46.5092189,24.5012285
2199,1128228851,46.5129685,24.5111353
2200,1128228854,46.5177623,24.5109720
2201,1128228858,46.5185567,24.5074986
2202,1128228961,46.5179136,24.5132754
2203,1128228965,46.5210466,24.5077665
2204,1128229078,46.5116872,24.5042107
2205,1128229123,46.5201881,24.5097284
2206,1128229160,46.5203304,24.5107417
2207,1128229194,46.5174794,24.5098504
2208,1128229196,46.5137943,24.5039740
2209,1128229237,46.5116717,24.5022383
2210,1128229245,46.5160875,24.5043518
2211,1128229290,46.5153735,24.5045372
2212,1128229323,46.5173660,24.5137010
2213,1128229407,46.5126429,24.5083165
2214,1128229414,46.5186295,24.5023172
2215,1128229422,46.5148359,24.5026011
2216,1128229429,46.5183564,24.5028552
2217,1128229470,46.5168475,24.5039326
2218,1128229502,46.5191487,24.5096781
2219,1128229517,46.5129810,24.5074496
2220,1128229540,46.5183187,24.5052010
2221,1128229555,46.5131906,24.5109069
2222,1128229583,46.5172892,24.5120296
2223,1128229587,46.5185776,24.5075438
2224,1128229590,46.5098298,24.5041374
2225,1128229615,46.5134582,24.5043351
2226,1128313320,46.5377223,24.5416972
2227,1128313340,46.5376131,24.5415194
2228,1128313416,46.5381737,24.5413873
2229,1128313440,46.5376550,24.5407772
2230,1128313442,46.5378319,24.5409377
2231,1128313505,46.5380585,24.5412365
2232,1128313520,46.5368290,24.5403000
2233,1128313538,46.5370766,24.5402769
2234,1128313585,46.5368849,24.5403079
2235,1128313592,46.5378329,24.5418817
2236,1128313600,46.5373850,24.5411554
2237,1128313628,46.5368566,24.5405070
2238,1128313634,46.5367752,24.5404080
2239,1128313638,46.5367725,24.5403683
2240,1128313709,46.5375192,24.5413756
2241,1128313713,46.5379166,24.5410848
2242,1186139652,46.5087769,24.5902334
2243,1186139704,46.5093380,24.5818429
2244,1186139828,46.5085573,24.5889611
2245,1187730449,46.5035473,24.4914499
2246,1187730476,46.5025556,24.4968598
2247,1187730499,46.4980574,24.4887461
2248,1187730533,46.5020333,24.4938327
2249,1187730574,46.5059265,24.4850933
2250,1187730639,46.5063084,24.4858077
2251,1187730693,46.5000302,24.4873003
2252,1187730705,46.4997639,24.4904622
2253,1187730714,46.5027720,24.4928142
2254,1187730877,46.5064706,24.4984888
2255,1187730889,46.5032840,24.4961302
2256,1187730902,46.5012843,24.4948640
2257,1187730927,46.5006244,24.4953508
2258,1187730944,46.5006103,24.4921285
2259,1187730965,46.5062537,24.4959514
2260,1187730973,46.5014389,24.4926398
2261,1187730998,46.5028856,24.4996437
2262,1187731025,46.5033207,24.4918324
2263,1187731062,46.5045974,24.4896403
2264,1187731094,46.5009622,24.4916832
2265,1187731097,46.5079708,24.4763800
2266,1187731150,46.5064366,24.4963697
2267,1187731169,46.5021374,24.4971237
2268,1187731176,46.5057718,24.4869193
2269,1187731192,46.5024146,24.4977003
2270,1187731215,46.4987030,24.4882763
2271,1187731222,46.5039595,24.5017794
2272,1187731224,46.5008702,24.4889870
2273,1187731254,46.5014167,24.4774339
2274,1187731306,46.4994575,24.4935706
2275,1187731344,46.4982393,24.4951094
2276,1187731358,46.5021422,24.4936848
2277,1187731376,46.5053755,24.4957892
2278,1187731377,46.5001760,24.4926768
2279,1187731451,46.5017175,24.4906841
2280,1187731457,46.5076804,24.4809508
2281,1187731463,46.5022234,24.4961595
2282,1187731539,46.5053087,24.5003198
2283,1187731592,46.5042475,24.4981203
2284,1187731634,46.5007970,24.4953199
2285,1187731643,46.5039066,24.4815056
2286,1187731662,46.5036033,24.5022261
2287,1187731685,46.5058703,24.4950096
2288,1187731703,46.5009673,24.4931525
2289,1188252100,46.5284366,24.4856738
2290,1188252142,46.5326462,24.4949319
2291,1188252755,46.5337347,24.4822495
2292,1188252852,46.5349775,24.5027771
2293,1188252960,46.5279598,24.4861397
2294,1188253247,46.5287600,24.4964070
2295,1188253482,46.5001645,24.4805053
2296,1188253701,46.5278762,24.4861154
2297,1188253947,46.5302269,24.4965989
2298,1188253970,46.5274402,24.4962860
2299,1188254077,46.5041165,24.4743237
2300,1188254083,46.5349712,24.4830617
2301,1188254228,46.5318326,24.5011452
2302,1188254260,46.4998883,24.4813065
2303,1188254564,46.4999084,24.4818832
2304,1188254817,46.5372835,24.4975670
2305,1188254911,46.5295806,24.5025219
2306,1188255210,46.5352519,24.5026419
2307,1188255499,46.5333826,24.4845337
2308,1188255622,46.5280241,24.4855490
2309,1188255655,46.5291767,24.4964440
2310,1188255685,46.5327879,24.4834927
2311,1188256504,46.5367764,24.5024459
2312,1188256547,46.5328783,24.4868244
2313,1188256565,46.5327220,24.4851255
2314,1188256592,46.5294291,24.5019379
2315,1188256754,46.5283655,24.4963797
2316,1188256758,46.4988381,24.4788139
2317,1188256823,46.5278959,24.5002811
2318,1188257013,46.5299595,24.5042756
2319,1188257412,46.5344121,24.4980774
2320,1188257445,46.5345848,24.4833760
2321,1188257460,46.5003110,24.4806590
2322,1188257514,46.5362604,24.4990795
2323,1188257538,46.5332940,24.4754000
2324,1188257626,46.5319067,24.5046698
2325,1188257843,46.5371236,24.5047664
2326,1189224971,46.5325560,24.5110098
2327,1189224976,46.5211873,24.5221210
2328,1189225037,46.5265123,24.5135901
2329,1189225039,46.5302640,24.5308288
2330,1189225041,46.5261814,24.5192810
2331,1189225051,46.5267107,24.5075750
2332,1189225053,46.5285392,24.5215624
2333,1189225057,46.5266054,24.5083836
2334,1189225071,46.5256947,24.5263126
2335,1189225088,46.5276982,24.5107653
2336,1189225099,46.5231758,24.5254342
2337,1189225100,46.5280237,24.5118833
2338,1189225127,46.5214935,24.5224444
2339,1189225131,46.5252394,24.5118618
2340,1189225132,46.5237671,24.5240194
2341,1189225147,46.5216719,24.5239219
2342,1189225149,46.5277086,24.5224266
2343,1189225157,46.5267144,24.5073702
2344,1189225168,46.5275608,24.5110502
2345,1189225231,46.5233935,24.5211154
2346,1189225275,46.5266924,24.5085811
2347,1189225299,46.5237260,24.5241638
2348,1189225306,46.5275295,24.5093825
2349,1189225328,46.5225434,24.5215320
2350,1189225330,46.5277475,24.5104496
2351,1189225342,46.5302045,24.5306783
2352,1189225369,46.5275448,24.5088076
2353,1189225375,46.5263014,24.5083711
2354,1189225388,46.5212446,24.5235843
2355,1189225394,46.5254071,24.5137868
2356,1189225399,46.5225684,24.5227049
2357,1189225407,46.5282676,24.5336371
2358,1189225426,46.5269499,24.5302486
2359,1189225459,46.5260819,24.5284027
2360,1189225464,46.5263746,24.5104686
2361,1189225470,46.5298368,24.5289289
2362,1189225487,46.5252223,24.5116711
2363,1189225495,46.5236398,24.5264753
2364,1189225498,46.5298789,24.5315997
2365,1189225523,46.5266892,24.5087609
2366,1189225568,46.5290911,24.5300027
2367,1189225604,46.5289656,24.5206787
2368,1189225618,46.5272719,24.5345174
2369,1189225621,46.5235909,24.5226062
2370,1189225634,46.5232155,24.5206640
2371,1189225653,46.5266523,24.5324668
2372,1189225709,46.5273474,24.5114333
2373,1189225755,46.5232713,24.5228669
2374,1189225766,46.5207750,24.5232132
2375,1189225832,46.5263592,24.5136585
2376,1189225835,46.5306080,24.5304754
2377,1189225850,46.5248131,24.5269058
2378,1189225869,46.5269438,24.5231369
2379,1189225923,46.5273823,24.5344226
2380,1189225928,46.5253845,24.5148847
2381,1189225931,46.5230537,24.5227378
2382,1189225969,46.5274560,24.5110414
2383,1189226015,46.5262917,24.5079929
2384,1189226028,46.5289498,24.5315789
2385,1189226034,46.5216256,24.5225348
2386,1189226050,46.5253314,24.5265031
2387,1189226059,46.5230645,24.5116627
2388,1189226067,46.5260608,24.5310660
2389,1189226159,46.5240047,24.5238004
2390,1189226162,46.5244149,24.5257745
2391,1189226195,46.5294544,24.5305304
2392,1189226216,46.5235639,24.5209755
2393,1189226219,46.5279310,24.5106874
2394,1189226250,46.5279005,24.5146554
2395,1189226254,46.5243239,24.5251646
2396,1189226269,46.5281454,24.5190429
2397,1189226285,46.5264813,24.5080022
2398,1189226290,46.5211167,24.5234832
2399,1189226315,46.5257598,24.5311689
2400,1189226320,46.5253193,24.5161102
2401,1189226333,46.5264339,24.5326730
2402,1189226340,46.5204404,24.5233025
2403,1189226344,46.5303856,24.5311373
2404,1189226415,46.5208847,24.5232998
2405,1189226433,46.5267192,24.5145613
2406,1189226439,46.5254071,24.5139254
2407,1189250745,46.5590241,24.5773985
2408,1189340789,46.5559974,24.5600607
2409,1189340793,46.5550583,24.5585394
2410,1189340794,46.5547588,24.5602682
2411,1189519469,46.5248756,24.5414655
2412,1189519482,46.5153619,24.5601875
2413,1189519532,46.5218107,24.5442550
2414,1189519676,46.5221163,24.5443653
2415,1189519789,46.5162338,24.5639009
2416,1189519803,46.5153027,24.5601206
2417,1189519929,46.5290360,24.5347500
2418,1189519983,46.5249605,24.5415981
2419,1189520025,46.5223472,24.5441911
2420,1189520107,46.5217210,24.5467242
2421,1189520197,46.5261412,24.5411027
2422,1189520243,46.5217311,24.5469453
2423,1189520386,46.5215502,24.5436032
2424,1189520410,46.5289337,24.5344816
2425,1189520445,46.5274800,24.5226479
2426,1189520455,46.5211879,24.5472434
2427,1189520527,46.5207647,24.5447793
2428,1189520575,46.5215030,24.5465055
2429,1189520781,46.5256848,24.5413632
2430,1189520806,46.5280310,24.5361953
2431,1189520896,46.5217348,24.5459342
2432,1189520920,46.5211106,24.5452422
2433,1189521090,46.5217806,24.5435238
2434,1189521187,46.5169270,24.5612982
2435,1189521475,46.5215588,24.5440687
2436,1189521506,46.5251026,24.5418668
2437,1189521579,46.5215895,24.5440914
2438,1189521681,46.5212886,24.5460905
2439,1189521764,46.5249198,24.5415528
2440,1189522146,46.5178264,24.5552350
2441,1189522201,46.5215691,24.5463526
2442,1189522216,46.5214149,24.5439549
2443,1189522260,46.5223271,24.5449964
2444,1189522279,46.5217164,24.5441853
2445,1191694232,46.5050519,24.5107871
2446,1191695751,46.5053513,24.5333524
2447,1191695987,46.5060058,24.5107107
2448,1191696978,46.5011856,24.5273779
2449,1191697109,46.4996755,24.5278557
2450,1191697238,46.5085580,24.5282293
2451,1216527474,46.5304889,24.5801529
2452,1216527480,46.5300589,24.5798503
2453,1219278080,46.5102254,24.5049206
2454,1219278133,46.5100658,24.5046170
2455,1219511099,46.5243589,24.5364437
2456,1219511140,46.5247223,24.5375835
2457,1219511175,46.5242986,24.5379863
2458,1219511217,46.5248684,24.5374638
2459,1219627910,46.5093358,24.5011074
2460,1222338602,46.5606934,24.5816435
2461,1222338646,46.5610146,24.5821086
2462,1226103503,46.5024268,24.6250102
2463,1226103529,46.5007843,24.6330780
2464,1226103565,46.5193338,24.5248044
2465,1226103648,46.5011867,24.6301682
2466,1226103802,46.5178160,24.5218212
2467,1226103897,46.5002903,24.6317338
2468,1226103906,46.5202993,24.5267314
2469,1227209515,46.5387702,24.5716419
2470,1227209567,46.5392651,24.5713694
2471,1227209588,46.5380090,24.5746226
2472,1227209731,46.5385633,24.5744799
2473,1227209821,46.5374702,24.5810342
2474,1227209841,46.5371681,24.5806048
2475,1227209865,46.5389118,24.5647306
2476,1246290819,46.5236548,24.5990944
2477,1246290843,46.5234725,24.5990594
2478,1246290852,46.5236370,24.5988963
2479,1257067820,46.5222888,24.6289113
2480,1257067877,46.5137810,24.6061233
2481,1257067889,46.5053942,24.6162538
2482,1257067893,46.5134419,24.6074557
2483,1257067905,46.5195025,24.6052917
2484,1257067907,46.5147430,24.6057425
2485,1257067967,46.5146569,24.6065373
2486,1257068013,46.5097401,24.6290062
2487,1257068024,46.5066752,24.6411227
2488,1257068055,46.5073143,24.6195254
2489,1257068083,46.5227024,24.6035161
2490,1257068111,46.5149293,24.6084572
2491,1257068156,46.5206920,24.6057221
2492,1257068180,46.5042428,24.6246262
2493,1257068190,46.5216844,24.6046542
2494,1257068203,46.5208222,24.6055801
2495,1257068226,46.5141844,24.6070951
2496,1257068248,46.5285112,24.6134736
2497,1257068260,46.5145574,24.6090225
2498,1257068264,46.5214339,24.6049230
2499,1257068267,46.5269855,24.6219394
2500,1257068273,46.5145021,24.6076827
2501,1257068317,46.5030136,24.6415523
2502,1257068356,46.5145554,24.6077870
2503,1257068357,46.5241898,24.6019919
2504,1257068396,46.5142635,24.6086147
2505,1257068415,46.5045682,24.6241812
2506,1257068431,46.5204693,24.6050067
2507,1257068448,46.5150113,24.6063330
2508,1257068455,46.5102456,24.6367027
2509,1257068464,46.5229748,24.6098088
2510,1257068494,46.5253847,24.6220224
2511,1257068498,46.5202775,24.6061965
2512,1257068511,46.5147944,24.6073452
2513,1257068561,46.5170188,24.6070767
2514,1257068597,46.5219727,24.6023461
2515,1257068659,46.5209729,24.6054189
2516,1257068815,46.5143600,24.6080021
2517,1257068825,46.5259672,24.6112767
2518,1257068828,46.5155772,24.6100780
2519,1257068891,46.5225377,24.6301873
2520,1257068922,46.5245658,24.6015845
2521,1257068926,46.5186708,24.6130201
2522,1257068944,46.5201176,24.6063732
2523,1257069061,46.5052079,24.6165392
2524,1257069106,46.5139274,24.6066384
2525,1257069302,46.5143281,24.6073502
2526,1257069398,46.5151023,24.6087392
2527,1257069442,46.5147390,24.6088632
2528,1257069553,46.5056353,24.6161832
2529,1257069570,46.5139420,24.6077758
2530,1257069604,46.5143698,24.6049989
2531,1257069635,46.5221084,24.6021774
2532,1257069662,46.5205964,24.6047970
2533,1257069671,46.5142448,24.6042340
2534,1257069680,46.5092386,24.6370970
2535,1257069771,46.5097960,24.6288467
2536,1257069844,46.5168418,24.6091403
2537,1257069852,46.5057059,24.6168058
2538,1257069860,46.5253789,24.6225246
2539,1257069864,46.5248644,24.6021804
2540,1257069880,46.5184837,24.6021410
2541,1257069926,46.5198822,24.6026466
2542,1257069967,46.5137961,24.6074962
2543,1257069978,46.5175486,24.6086052
2544,1257070065,46.5146614,24.6058103
2545,1257070103,46.5211651,24.6052164
2546,1257070278,46.5185077,24.6033150
2547,1257070323,46.5243756,24.6023135
2548,1257070414,46.5149725,24.6070876
2549,1257070434,46.5166137,24.6093107
2550,1257070437,46.5204535,24.6059944
2551,1257070439,46.5139944,24.6084578
2552,1257070455,46.5167272,24.6088532
2553,1257070469,46.5176832,24.6128484
2554,1257070503,46.5098318,24.6328238
2555,1257070525,46.5147108,24.6080914
2556,1257070539,46.5124055,24.6136501
2557,1257070555,46.5186799,24.6031078
2558,1257070667,46.5163082,24.6085637
2559,1257070723,46.5041326,24.6235074
2560,1257070823,46.5139209,24.6077353
2561,1257070835,46.5206757,24.6027951
2562,1257070868,46.5145755,24.6049686
2563,1257070876,46.5262758,24.6421996
2564,1257070920,46.5187228,24.6244434
2565,1257070941,46.5116825,24.6242753
2566,1259665544,46.5534854,24.5775972
2567,1260283699,46.5331441,24.5578614
2568,1260283703,46.5329780,24.5581575
2569,1260283707,46.5540671,24.5778909
2570,1260283710,46.5544373,24.5787458
2571,1260283716,46.5514682,24.5735355
2572,1260283728,46.5414646,24.5610273
2573,1260283735,46.5532655,24.5773340
2574,1260283736,46.5374218,24.5650087
2575,1260283748,46.5413844,24.5608194
2576,1260283778,46.5513279,24.5740789
2577,1260283780,46.5414909,24.5609924
2578,1260283790,46.5541107,24.5778144
2579,1260283811,46.5533982,24.5771028
2580,1260283833,46.5514779,24.5734421
2581,1260283848,46.5283589,24.5467329
2582,1260283863,46.5516389,24.5736407
2583,1260283884,46.5418474,24.5609007
2584,1342207369,46.5317624,24.5604816
2585,1342307700,46.5211196,24.5299162
2586,1342307707,46.5210019,24.5300553
2587,1342307717,46.5212062,24.5304512
2588,1350053482,46.5353967,24.5828555
2589,1366543270,46.5506639,24.5606374
2590,1366543276,46.5515093,24.5612853
2591,1366543302,46.5519824,24.5551117
2592,1366543303,46.5520525,24.5550022
2593,1366803610,46.5352403,24.5774573
2594,1381977931,46.5363704,24.6086050
2595,1381977960,46.5369810,24.6095143
2596,1381977986,46.5370520,24.6090435
2597,1381978003,46.5371273,24.6088864
2598,1381978045,46.5373966,24.6082594
2599,1381978063,46.5377843,24.6103139
2600,1381978071,46.5378604,24.6101633
2601,1381978137,46.5385611,24.6111827
2602,1381978180,46.5387746,24.6061407
2603,1381978183,46.5388345,24.6060687
2604,1381978217,46.5389708,24.6059212
2605,1381978247,46.5391871,24.6074178
2606,1381978250,46.5393921,24.6055231
2607,1487296585,46.5507326,24.6187704
2608,1515341707,46.5431684,24.5738821
2609,1515341720,46.5441108,24.5739228
2610,1515341722,46.5505939,24.5546108
2611,1515341724,46.5506516,24.5546664
2612,1515341749,46.5514209,24.5544832
2613,1515341786,46.5542200,24.5687763
2614,1515341789,46.5544799,24.5686290
2615,1515341792,46.5547533,24.5684414
2616,1515341795,46.5550745,24.5608028
2617,1515341819,46.5556427,24.5665531
2618,1515341822,46.5557090,24.5664188
2619,1515341825,46.5557577,24.5669651
2620,1515341829,46.5568337,24.5643610
2621,1515341833,46.5570098,24.5640742
2622,1515341864,46.5599297,24.5811531
2623,1515341869,46.5604341,24.5823777
2624,1528675438,46.5402470,24.5580589
2625,1528703636,46.5195129,24.5322735
2626,1528703637,46.5197742,24.5319972
2627,1528703639,46.5200968,24.5325840
2628,1528703640,46.5202569,24.5315425
2629,1528703641,46.5205425,24.5320623
2630,1528703642,46.5209584,24.5333259
2631,1528703643,46.5213228,24.5303241
2632,1528703644,46.5213231,24.5349206
2633,1528703645,46.5215907,24.5325738
2634,1528703647,46.5215793,24.5346520
2635,1528703648,46.5222736,24.5339605
2636,1528703649,46.5225806,24.5345860
2637,1529341602,46.5476121,24.5641514
2638,1529341608,46.5511001,24.5654415
2639,1529386962,46.5601296,24.5787038
2640,1529404744,46.5857873,24.6081597
2641,1529463663,46.5459115,24.5548097
2642,1529463665,46.5459302,24.5547916
2643,1529463668,46.5459855,24.5549467
2644,1529463678,46.5459527,24.5547847
2645,1529463682,46.5460101,24.5549006
2646,1529463686,46.5477269,24.5537406
2647,1529463687,46.5497006,24.5538861
2648,1529566388,46.5416182,24.5576736
2649,1529566410,46.5421078,24.5578398
2650,1529566423,46.5427651,24.5582178
2651,1529566426,46.5429144,24.5584143
2652,1529566428,46.5429690,24.5582511
2653,1529630007,46.5320564,24.5934543
2654,1529630013,46.5323073,24.5927355
2655,1529630021,46.5324543,24.5923087
2656,1529630023,46.5325863,24.5919362
2657,1529630025,46.5327271,24.5915227
2658,1529630027,46.5328482,24.5911933
2659,1529630049,46.5333145,24.5894449
2660,1529630059,46.5352140,24.5930517
2661,1529630061,46.5356422,24.5925975
2662,1534695351,46.5325212,24.5701475
2663,1534718619,46.5321175,24.5656603
2664,1534718637,46.5322229,24.5662382
2665,1543880508,46.5664917,24.5892890
2666,1578305417,46.5589589,24.5465691
2667,1578305418,46.5593735,24.5470325
2668,1578312558,46.5450338,24.5481450
2669,1580197680,46.5222070,24.5318976
2670,1728078394,46.5333470,24.5716812
2671,1728078402,46.5334960,24.5718122
2672,1761273521,46.5339689,24.5637172
2673,1761273566,46.5337115,24.5634383
2674,1761943503,46.5195181,24.5745605
2675,1761943505,46.5198181,24.5731141
2676,1763098186,46.5258757,24.5713341
2677,1763098187,46.5274368,24.5695586
2678,1763098188,46.5274404,24.5703770
2679,1763098189,46.5274375,24.5717783
2680,1763098190,46.5282960,24.5722221
2681,1763357636,46.5337109,24.5649482
2682,1763357651,46.5337335,24.5651259
2683,1784562358,46.5740027,24.6411610
2684,1784562359,46.5741917,24.6410948
2685,1784562372,46.5752399,24.6367884
2686,1784562373,46.5752556,24.6366175
2687,1784562388,46.5793854,24.6298349
2688,1784590326,46.5530519,24.6684978
2689,1784611932,46.5328634,24.6655641
2690,1784612243,46.5438259,24.6667807
2691,1787490923,46.5331726,24.5616782
2692,1787989472,46.5389136,24.5582488
2693,1787989485,46.5395141,24.5608256
2694,1787989516,46.5402124,24.5600519
2695,1787989523,46.5404967,24.5570183
2696,1787989645,46.5425174,24.5577574
2697,1787989652,46.5426782,24.5539760
2698,1787989748,46.5462544,24.5650255
2699,1787989750,46.5464734,24.5651866
2700,1787989807,46.5492376,24.5529035
2701,1787989815,46.5505729,24.5815674
2702,1787989822,46.5509205,24.5780898
2703,1787989834,46.5511514,24.5772200
2704,1787989842,46.5518166,24.5755815
2705,1787989852,46.5536333,24.5543277
2706,1787989857,46.5537970,24.5545665
2707,1787989861,46.5565240,24.5812775
2708,1787989896,46.5587180,24.5822808
2709,1787989902,46.5592599,24.5815251
2710,1787989906,46.5593413,24.5738447
2711,1787989917,46.5597877,24.5677025
2712,1787989919,46.5597089,24.5685547
2713,1787989922,46.5597411,24.5678132
2714,1787989924,46.5597774,24.5677683
2715,1787989946,46.5598663,24.5677711
2716,1787989966,46.5608322,24.5785247
2717,1787989977,46.5610169,24.5781991
2718,1787990058,46.5633151,24.5700415
2719,1787990073,46.5637484,24.5891965
2720,1787990074,46.5637663,24.5897199
2721,1787990077,46.5641254,24.5703047
2722,1787990166,46.5662937,24.5889589
2723,1787990186,46.5738803,24.6016898
2724,1787990192,46.5740435,24.6014472
2725,1789798078,46.5309831,24.5545229
2726,1789798083,46.5313140,24.5549406
2727,1789798085,46.5314008,24.5537802
2728,1789798086,46.5314959,24.5541062
2729,1789798088,46.5316325,24.5542779
2730,1789798090,46.5317587,24.5536640
2731,1789798093,46.5317875,24.5566029
2732,1789798096,46.5320217,24.5568989
2733,1789798129,46.5327400,24.5570153
2734,1789798131,46.5328183,24.5561928
2735,1789798133,46.5330296,24.5568554
2736,1789947288,46.5265534,24.5723301
2737,1789947292,46.5267827,24.5582887
2738,1789947296,46.5269702,24.5579637
2739,1789947303,46.5272523,24.5594258
2740,1789947305,46.5272877,24.5589086
2741,1789947312,46.5273310,24.5590505
2742,1789947313,46.5273496,24.5588579
2743,1789947320,46.5274996,24.5585852
2744,1789947382,46.5292718,24.5609504
2745,1789947419,46.5296018,24.5604303
2746,1789947425,46.5296882,24.5796794
2747,1789947434,46.5298035,24.5751641
2748,1789947457,46.5300353,24.5816068
2749,1789947458,46.5300540,24.5802602
2750,1789947459,46.5301744,24.5812279
2751,1789947468,46.5304961,24.5752091
2752,1789947477,46.5305179,24.5809332
2753,1789947484,46.5305450,24.5817629
2754,1789947501,46.5306151,24.5798964
2755,1789947720,46.5310361,24.5800611
2756,1789947721,46.5310527,24.5802882
2757,1789947736,46.5310856,24.5732673
2758,1789947754,46.5310803,24.5781257
2759,1789947850,46.5312271,24.5731498
2760,1789947869,46.5314755,24.5734253
2761,1789947966,46.5320784,24.5766552
2762,1789947974,46.5322078,24.5712812
2763,1789947987,46.5321336,24.5790324
2764,1789948021,46.5323765,24.5766289
2765,1789948022,46.5323934,24.5769863
2766,1789948103,46.5327353,24.5711090
2767,1789948127,46.5327691,24.5717044
2768,1789948152,46.5328910,24.5711504
2769,1789948235,46.5334322,24.5771201
2770,1789948308,46.5337796,24.5800250
2771,1789948334,46.5338589,24.5722940
2772,1789948415,46.5341942,24.5776401
2773,1789948532,46.5345784,24.5829128
2774,1789948775,46.5363306,24.5789854
2775,1790151944,46.5170771,24.6059782
2776,1790151963,46.5178224,24.6084023
2777,1790152004,46.5179455,24.6068870
2778,1790152032,46.5180807,24.6025840
2779,1790152077,46.5183366,24.6073280
2780,1790152081,46.5185767,24.6078186
2781,1790152091,46.5187950,24.6037905
2782,1790152104,46.5188660,24.6033973
2783,1790152125,46.5190905,24.6042543
2784,1790152135,46.5192402,24.6040231
2785,1790152186,46.5197439,24.6053240
2786,1790152212,46.5204291,24.6015245
2787,1790152224,46.5205475,24.6013471
2788,1790152225,46.5207976,24.6017269
2789,1790152227,46.5208550,24.6016309
2790,1790152228,46.5208670,24.6044310
2791,1790152255,46.5212039,24.6033440
2792,1790152259,46.5213622,24.6013752
2793,1790152264,46.5213947,24.6033713
2794,1790152326,46.5217832,24.6045443
2795,1790152328,46.5218151,24.6045101
2796,1790152335,46.5219388,24.6046246
2797,1790152339,46.5219934,24.6043185
2798,1790152353,46.5221169,24.6041857
2799,1790152354,46.5221139,24.6044246
2800,1790152358,46.5221556,24.6034140
2801,1790152366,46.5222699,24.6040190
2802,1790152368,46.5223134,24.6039744
2803,1790152374,46.5223367,24.5982787
2804,1790152375,46.5223611,24.6039232
2805,1790152380,46.5223813,24.6045564
2806,1790152388,46.5228577,24.6041495
2807,1790152390,46.5226581,24.6045189
2808,1790152395,46.5227095,24.5990228
2809,1790152414,46.5228811,24.6041925
2810,1790152416,46.5229440,24.6040720
2811,1790152418,46.5229975,24.6044198
2812,1790152431,46.5233333,24.5981278
2813,1790152461,46.5232301,24.6032740
2814,1790152485,46.5238698,24.6023218
2815,1790152494,46.5239804,24.6025688
2816,1790152535,46.5244011,24.6035084
2817,1790152553,46.5245425,24.6038455
2818,1790152563,46.5246500,24.6046951
2819,1790152586,46.5247550,24.6045866
2820,1790152589,46.5247738,24.6032765
2821,1790152592,46.5248071,24.6013342
2822,1790152608,46.5249327,24.6034872
2823,1790152614,46.5249627,24.6050452
2824,1790152620,46.5249548,24.6020325
2825,1790152633,46.5253012,24.6027597
2826,1790152658,46.5255803,24.6014147
2827,1790152750,46.5259345,24.6021622
2828,1790152832,46.5267236,24.6004617
2829,1790152878,46.5270816,24.6022300
2830,1790153063,46.5278133,24.5981453
2831,1790153160,46.5298399,24.5970295
2832,1790153196,46.5299900,24.5974750
2833,1790153240,46.5302264,24.5964755
2834,1790153284,46.5303369,24.5981019
2835,1790153288,46.5303964,24.5982410
2836,1790153306,46.5305224,24.5967094
2837,1790153351,46.5307546,24.5970968
2838,1790153383,46.5309232,24.5967738
2839,1790153407,46.5309467,24.5972211
2840,1790153441,46.5311288,24.5970486
2841,1790153470,46.5312274,24.5971989
2842,1790153486,46.5313260,24.5973487
2843,1790153510,46.5319004,24.5942578
2844,1790153539,46.5317363,24.5935493
2845,1790153613,46.5317676,24.5967048
2846,1790153625,46.5318302,24.5960259
2847,1790153686,46.5319671,24.5961205
2848,1790153709,46.5319916,24.5982537
2849,1790153729,46.5321548,24.5961404
2850,1790153736,46.5323437,24.5960847
2851,1790153869,46.5479025,24.6264292
2852,1790153870,46.5479083,24.6274972
2853,1790153872,46.5480115,24.6269537
2854,1790153895,46.5484578,24.6272354
2855,1790153906,46.5489762,24.6278300
2856,1790153908,46.5493825,24.6234011
2857,1790153912,46.5497234,24.6254035
2858,1790153914,46.5497783,24.6259396
2859,1790153920,46.5498240,24.6263583
2860,1790153936,46.5499047,24.6271245
2861,1790153939,46.5499324,24.6236728
2862,1790153941,46.5499977,24.6280082
2863,1790153942,46.5502773,24.6234845
2864,1790153951,46.5510717,24.6230446
2865,1790153955,46.5513772,24.6221919
2866,1790153958,46.5514055,24.6240133
2867,1790153960,46.5514533,24.6234471
2868,1790153978,46.5515779,24.6240575
2869,1790153979,46.5517477,24.6221306
2870,1790153982,46.5526059,24.6243230
2871,1790153983,46.5528732,24.6243954
2872,1790153984,46.5530070,24.6259644
2873,1790153985,46.5530541,24.6221879
2874,1790153986,46.5532871,24.6245017
2875,1790263833,46.5091067,24.5076901
2876,1790263835,46.5092089,24.5092859
2877,1790263843,46.5093261,24.5091609
2878,1790263847,46.5094101,24.5096877
2879,1790263849,46.5094396,24.5090400
2880,1790263851,46.5095278,24.5095647
2881,1790263854,46.5095569,24.5089149
2882,1790263855,46.5097351,24.5104090
2883,1790263859,46.5096395,24.5094481
2884,1790263862,46.5096720,24.5087922
2885,1790263865,46.5097594,24.5093230
2886,1790263866,46.5098796,24.5107454
2887,1790263868,46.5097872,24.5086693
2888,1790263873,46.5098765,24.5092007
2889,1790263875,46.5098880,24.5094666
2890,1790263879,46.5099040,24.5085448
2891,1790263880,46.5099124,24.5111966
2892,1790263882,46.5099725,24.5096357
2893,1790263883,46.5099957,24.5090763
2894,1790263886,46.5100219,24.5084191
2895,1790263888,46.5100835,24.5115408
2896,1790263889,46.5101239,24.5083103
2897,1790263890,46.5101097,24.5089573
2898,1790263894,46.5101372,24.5099650
2899,1790263897,46.5101623,24.5116994
2900,1790263907,46.5102255,24.5088365
2901,1790263910,46.5102982,24.5102874
2902,1790263913,46.5103378,24.5120523
2903,1790263916,46.5104327,24.5103736
2904,1790263919,46.5104168,24.5136597
2905,1790263920,46.5104560,24.5083363
2906,1790263922,46.5104682,24.5106181
2907,1790263923,46.5104769,24.5135919
2908,1790263924,46.5105040,24.5123866
2909,1790263936,46.5106112,24.5074880
2910,1790263938,46.5106045,24.5081838
2911,1790263945,46.5106343,24.5109599
2912,1790263946,46.5106723,24.5127251
2913,1790263949,46.5107167,24.5111296
2914,1790263952,46.5108057,24.5079359
2915,1790263959,46.5108428,24.5130697
2916,1790263962,46.5108880,24.5114821
2917,1790263975,46.5110958,24.5102060
2918,1790263976,46.5111835,24.5103867
2919,1790263982,46.5112095,24.5121421
2920,1790263983,46.5112678,24.5105583
2921,1790263985,46.5113177,24.5123684
2922,1790263986,46.5113496,24.5107252
2923,1790263988,46.5114392,24.5109077
2924,1790263994,46.5118125,24.5116817
2925,1805090769,46.5356199,24.5953150
2926,1805090770,46.5355249,24.5950392
2927,1805090771,46.5354191,24.5951855
2928,1805090772,46.5356421,24.5952582
2929,1805090776,46.5355691,24.5950472
2930,1805090777,46.5354763,24.5953508
2931,1805090778,46.5354333,24.5951233
2932,1805759003,46.5738211,24.5150524
2933,1805759284,46.5818558,24.5028135
2934,1805871372,46.5309640,24.5565478
2935,1805871373,46.5309150,24.5567613
2936,1805880606,46.5308621,24.5567003
2937,1813777524,46.5638028,24.5840458
2938,1813777527,46.5640579,24.5772483
2939,1813777529,46.5646077,24.5847646
2940,1813777530,46.5647638,24.5822876
2941,1813777532,46.5649653,24.5849556
2942,1813777533,46.5652346,24.5837882
2943,1813777535,46.5654985,24.5839886
2944,1813777537,46.5656026,24.5750415
2945,1813777565,46.5669393,24.6011520
2946,1813777568,46.5669682,24.5846281
2947,1813777574,46.5662361,24.5980533
2948,1813777581,46.5671516,24.5805331
2949,1813777596,46.5674152,24.5858630
2950,1813777604,46.5675952,24.5910352
2951,1813777605,46.5675708,24.5856719
2952,1813777608,46.5676119,24.5804756
2953,1813777616,46.5676814,24.5818277
2954,1813777641,46.5678631,24.5802825
2955,1813777643,46.5679034,24.5847547
2956,1813777644,46.5679028,24.5875426
2957,1813777657,46.5680531,24.5729079
2958,1813777664,46.5680879,24.5879906
2959,1813777667,46.5681339,24.5832819
2960,1813777672,46.5682614,24.5921408
2961,1813777687,46.5683278,24.5869895
2962,1813777690,46.5683386,24.5815131
2963,1813777692,46.5683422,24.5899369
2964,1813777694,46.5683598,24.5798410
2965,1813777698,46.5684113,24.5889373
2966,1813777704,46.5684514,24.5797597
2967,1813777725,46.5685962,24.5804000
2968,1813777736,46.5688125,24.5863782
2969,1813777739,46.5690717,24.5886366
2970,1813777749,46.5691993,24.5858943
2971,1813777752,46.5693173,24.5888926
2972,1813777757,46.5694643,24.5984982
2973,1813777758,46.5695476,24.5897086
2974,1813777760,46.5695825,24.5854118
2975,1813777763,46.5695947,24.6001052
2976,1813777773,46.5697850,24.5975856
2977,1813777790,46.5700004,24.5862668
2978,1813777791,46.5700528,24.5876753
2979,1813777798,46.5703080,24.5971744
2980,1813777799,46.5699865,24.5848950
2981,1813777800,46.5704075,24.5881558
2982,1813777810,46.5705858,24.5959771
2983,1813777831,46.5707872,24.5886699
2984,1813777836,46.5710388,24.6000329
2985,1813777849,46.5713224,24.5952253
2986,1813777894,46.5719584,24.5953988
2987,1813777902,46.5721238,24.5994614
2988,1813777945,46.5728903,24.5942195
2989,1813777948,46.5729849,24.6133424
2990,1813777959,46.5733622,24.6146034
2991,1813777967,46.5736713,24.5997716
2992,1813777969,46.5736556,24.6137076
2993,1813777987,46.5738416,24.6138209
2994,1813778004,46.5741296,24.5942055
2995,1813778008,46.5742150,24.5944797
2996,1813778014,46.5743505,24.5943619
2997,1813778015,46.5743659,24.5993791
2998,1813778016,46.5745712,24.6009782
2999,1813778017,46.5746587,24.6011159
3000,1813778020,46.5751695,24.6004229
3001,1813778021,46.5752253,24.6020077
3002,1813778024,46.5753368,24.6031260
3003,1813778027,46.5753325,24.6018642
3004,1813778039,46.5755655,24.6035752
3005,1813778041,46.5755762,24.6028577
3006,1813778058,46.5757820,24.6025366
3007,1813778071,46.5762524,24.6019265
3008,1813778074,46.5766064,24.6024636
3009,1813778077,46.5766676,24.6019640
3010,1813778078,46.5767472,24.6022004
3011,1813778089,46.5771122,24.6040697
3012,1813778092,46.5772696,24.6162348
3013,1813778094,46.5772837,24.6081144
3014,1813778095,46.5772775,24.6033648
3015,1813778099,46.5773880,24.6041806
3016,1813778112,46.5774589,24.6075966
3017,1813778116,46.5775594,24.6035843
3018,1813778128,46.5779474,24.6073473
3019,1813778138,46.5788600,24.6072426
3020,1813778153,46.5796097,24.6189595
3021,1813778166,46.5801750,24.6221749
3022,1813778178,46.5804533,24.6102718
3023,1813778186,46.5807098,24.6251914
3024,1813778195,46.5809613,24.6207110
3025,1813778197,46.5810310,24.6220599
3026,1813778198,46.5811304,24.6134846
3027,1813778203,46.5813732,24.6176580
3028,1813778207,46.5814570,24.6199013
3029,1813778209,46.5815890,24.6139523
3030,1813778213,46.5819313,24.6022964
3031,1813778215,46.5820471,24.6121340
3032,1813778216,46.5821223,24.6079675
3033,1813778217,46.5821986,24.6246227
3034,1813778219,46.5822240,24.6011325
3035,1813778220,46.5823826,24.6026702
3036,1813778239,46.5826499,24.6003650
3037,1813778357,46.5827570,24.6153972
3038,1813778478,46.5830177,24.6075061
3039,1813778489,46.5844272,24.6219043
3040,1813778509,46.5832809,24.6105994
3041,1813778511,46.5833225,24.6064869
3042,1813778514,46.5834058,24.6095424
3043,1813778517,46.5834363,24.6042009
3044,1813778526,46.5835408,24.6081543
3045,1813778538,46.5835737,24.6031626
3046,1813778570,46.5837191,24.6079927
3047,1813778589,46.5839525,24.6078590
3048,1813778596,46.5839649,24.6080557
3049,1813778597,46.5838486,24.6097903
3050,1813778618,46.5842423,24.6050819
3051,1813778634,46.5843697,24.6041207
3052,1813778647,46.5845840,24.6031383
3053,1813778682,46.5850206,24.6019992
3054,1813778684,46.5855540,24.6192436
3055,1813778687,46.5850689,24.6092861
3056,1813778706,46.5855683,24.6052176
3057,1813778707,46.5855661,24.6149980
3058,1813778712,46.5868490,24.6151833
3059,1813778714,46.5868737,24.6130549
3060,1813778722,46.5873675,24.6137636
3061,1813778726,46.5875407,24.6106493
3062,1813778727,46.5875767,24.6140497
3063,1813778734,46.5878984,24.6129440
3064,1813778740,46.5881545,24.6185299
3065,1813778747,46.5883410,24.6116549
3066,1813778750,46.5886315,24.6134556
3067,1813778753,46.5888625,24.6123872
3068,1813778755,46.5891047,24.6127170
3069,1813778765,46.5891231,24.6170469
3070,1813778766,46.5893240,24.6164386
3071,1813778767,46.5895243,24.6132970
3072,1813778768,46.5896874,24.6169355
3073,1813778769,46.5896916,24.6158805
3074,1813778770,46.5896973,24.6095064
3075,1813778771,46.5898147,24.6136984
3076,1813778774,46.5906810,24.6113038
3077,1813778775,46.5901016,24.6211629
3078,1813778776,46.5902068,24.6101903
3079,1813778778,46.5900484,24.6152898
3080,1813778780,46.5911756,24.6114765
3081,1813778781,46.5921951,24.6182760
3082,1813778790,46.5926751,24.6176678
3083,1813778797,46.5930047,24.6171957
3084,1813778799,46.5930298,24.6228223
3085,1813778805,46.5931169,24.6226907
3086,1813778815,46.5931299,24.6171922
3087,1813778816,46.5932788,24.6172683
3088,1813778830,46.5934432,24.6252066
3089,1813778844,46.5934973,24.6252841
3090,1813778846,46.5935038,24.6257633
3091,1813778866,46.5937154,24.6161192
3092,1813778874,46.5937704,24.6246012
3093,1813778881,46.5938299,24.6239054
3094,1813778901,46.5940051,24.6239362
3095,1813778921,46.5940287,24.6240934
3096,1813778951,46.5946332,24.6200543
3097,1813778970,46.5949278,24.6195698
3098,1813778994,46.5959144,24.6213051
3099,1813779004,46.5960160,24.6211382
3100,1813779008,46.5961741,24.6198650
3101,1831832044,46.5416618,24.5647639
3102,1831832052,46.5419810,24.5651980
3103,1831832058,46.5423451,24.5646266
3104,1834969383,46.5538435,24.5691369
3105,1835086800,46.5514987,24.5750898
3106,1835086805,46.5532651,24.5735690
3107,1835123758,46.5600391,24.5475044
3108,1835279578,46.5448583,24.5705654
3109,1835324960,46.5377196,24.6020161
3110,1835324972,46.5380715,24.6027354
3111,1835324975,46.5380923,24.6017752
3112,1835325107,46.5392454,24.6052170
3113,1835325139,46.5396989,24.6061790
3114,1835325159,46.5400456,24.6069443
3115,1835325172,46.5401443,24.6012218
3116,1835325177,46.5403075,24.6074919
3117,1835325193,46.5405884,24.6016960
3118,1835325204,46.5407989,24.6039662
3119,1835325217,46.5409102,24.6059761
3120,1835325220,46.5410006,24.6062042
3121,1835325228,46.5410398,24.6023507
3122,1835325235,46.5410812,24.6050306
3123,1835325242,46.5411659,24.6062011
3124,1835325260,46.5413846,24.6065261
3125,1835325270,46.5415150,24.6027297
3126,1835325281,46.5416558,24.6022291
3127,1835869403,46.5435501,24.5790481
3128,1835869405,46.5436696,24.5789722
3129,1835869417,46.5438936,24.5807177
3130,1835869547,46.5447886,24.5817712
3131,1835869557,46.5449750,24.5803400
3132,1835869671,46.5483276,24.5860405
3133,1835869682,46.5497898,24.5836947
3134,1835881272,46.5301029,24.5472696
3135,1835881274,46.5302616,24.5475868
3136,1835881283,46.5303547,24.5477730
3137,1835881285,46.5305199,24.5468287
3138,1835881287,46.5306963,24.5471813
3139,1835881288,46.5307718,24.5473322
3140,1835881292,46.5312926,24.5477129
3141,1838463189,46.5463335,24.5648567
3142,1838463336,46.5514601,24.5728239
3143,1838463471,46.5519714,24.5689394
3144,1838463475,46.5520493,24.5617726
3145,1838463576,46.5525202,24.5627633
3146,1838463584,46.5525329,24.5729551
3147,1838463641,46.5533489,24.5682926
3148,1838463651,46.5536582,24.5686973
3149,1838510646,46.5483510,24.5712374
3150,1838510691,46.5493729,24.5720532
3151,1838510692,46.5494068,24.5714571
3152,1838510693,46.5494148,24.5713169
3153,1838510694,46.5494402,24.5708621
3154,1838510743,46.5500679,24.5722079
3155,1838510762,46.5503339,24.5735363
3156,1838510773,46.5505156,24.5728942
3157,1838510774,46.5505164,24.5724528
3158,1838510775,46.5505235,24.5722208
3159,1838510777,46.5505501,24.5715634
3160,1838510816,46.5508800,24.5717944
3161,1838594676,46.5421801,24.5608548
3162,1838594718,46.5425626,24.5603513
3163,1838594787,46.5430599,24.5599637
3164,1838594903,46.5433571,24.5600375
3165,1838594914,46.5433996,24.5599950
3166,1838594922,46.5434599,24.5601392
3167,1838594943,46.5434906,24.5603771
3168,1838594959,46.5435877,24.5597982
3169,1838594985,46.5436392,24.5606285
3170,1839786425,46.5952332,24.6281253
3171,1839786428,46.5940209,24.6303965
3172,1841600225,46.5260666,24.5515500
3173,1841600230,46.5261969,24.5514071
3174,1841600232,46.5262169,24.5513021
3175,1841600237,46.5262670,24.5515263
3176,1841600239,46.5263179,24.5512520
3177,1841600240,46.5263413,24.5515139
3178,1841600241,46.5263796,24.5513216
3179,1841600265,46.5279752,24.5555812
3180,1841600269,46.5279688,24.5536428
3181,1841600272,46.5280123,24.5534927
3182,1841600274,46.5279990,24.5536792
3183,1841600277,46.5280378,24.5536849
3184,1841600282,46.5280812,24.5535351
3185,1841600296,46.5282577,24.5550854
3186,1841600303,46.5283420,24.5549957
3187,1841600306,46.5283679,24.5549551
3188,1841600308,46.5283777,24.5557319
3189,1841600330,46.5288313,24.5560844
3190,1841600332,46.5288973,24.5561633
3191,1841600373,46.5306514,24.5579717
3192,1841600396,46.5307533,24.5580966
3193,1842729931,46.5559331,24.5722056
3194,1842730094,46.5566288,24.5711284
3195,1842730124,46.5567727,24.5714086
3196,1842730155,46.5568171,24.5718284
3197,1842730215,46.5570628,24.5716668
3198,1842730335,46.5588394,24.5652578
3199,1842730385,46.5596653,24.5746042
3200,1842730630,46.5604958,24.5722721
3201,1842796815,46.5353421,24.5946448
3202,1842796824,46.5356723,24.5957628
3203,1842796828,46.5358308,24.5950175
3204,1842928046,46.5515866,24.5753864
3205,1842928063,46.5516266,24.5754471
3206,1842928065,46.5516567,24.5752366
3207,1842928067,46.5516555,24.5754563
3208,1842928076,46.5517274,24.5753068
3209,1842928080,46.5517325,24.5753484
3210,1842928082,46.5517686,24.5750988
3211,1842928123,46.5543302,24.5695661
3212,1843045667,46.5386666,24.5710887
3213,1843045673,46.5386537,24.5711205
3214,1843045680,46.5386573,24.5711902
3215,1843045684,46.5386727,24.5712201
3216,1843045721,46.5387390,24.5707680
3217,1843045732,46.5387718,24.5711075
3218,1843631911,46.5471368,24.5594124
3219,1843631930,46.5472710,24.5593961
3220,1843631931,46.5472758,24.5594820
3221,1843631932,46.5472859,24.5593574
3222,1843631933,46.5472949,24.5595168
3223,1843631939,46.5473383,24.5593180
3224,1843631943,46.5473688,24.5593200
3225,1843631944,46.5473804,24.5595307
3226,1843631950,46.5474222,24.5594214
3227,1846083179,46.5471616,24.5611363
3228,1846125035,46.5347523,24.5889600
3229,1846125184,46.5357794,24.5882165
3230,1847834075,46.5362571,24.5886733
3231,1847842370,46.5522878,24.5625436
3232,1873039285,46.5298144,24.4983835
3233,1873039292,46.5302909,24.4994117
3234,1873039298,46.5307018,24.4990171
3235,1873039325,46.5317729,24.4984588
3236,1873039326,46.5319002,24.4990140
3237,1873039330,46.5352488,24.4885411
3238,1873039331,46.5355610,24.4895609
3239,1873039332,46.5360000,24.4880030
3240,1873039333,46.5363093,24.4889784
3241,1873039368,46.5378628,24.4968808
3242,1873039372,46.5381788,24.5178413
3243,1873039376,46.5384255,24.4955843
3244,1873039395,46.5388565,24.4986746
3245,1873039415,46.5393532,24.5072004
3246,1873039447,46.5401764,24.5056743
3247,1873039448,46.5402406,24.5197389
3248,1873039453,46.5404035,24.5062127
3249,1873039454,46.5404758,24.5204658
3250,1873039462,46.5405694,24.5048665
3251,1873039468,46.5406161,24.5207890
3252,1873039472,46.5406621,24.5009729
3253,1873039480,46.5407299,24.5045221
3254,1873039482,46.5407435,24.5120238
3255,1873039485,46.5407380,24.5215486
3256,1873039517,46.5410863,24.5207420
3257,1873039521,46.5411470,24.5111938
3258,1873039527,46.5412061,24.5121716
3259,1873039530,46.5412190,24.5060200
3260,1873039538,46.5414161,24.5108074
3261,1873039544,46.5414686,24.5114132
3262,1873039563,46.5416089,24.5220000
3263,1873039569,46.5416070,24.5239436
3264,1873039583,46.5418145,24.5023474
3265,1873039589,46.5418820,24.5116422
3266,1873039591,46.5419449,24.5213086
3267,1873039597,46.5420646,24.5018970
3268,1873039605,46.5420660,24.5187157
3269,1873039606,46.5420863,24.5132158
3270,1873039623,46.5421495,24.5087310
3271,1873039626,46.5421697,24.5075628
3272,1873039629,46.5421728,24.5123896
3273,1873039632,46.5421244,24.5252927
3274,1873039649,46.5422546,24.5139378
3275,1873039652,46.5423059,24.5141565
3276,1873039654,46.5423225,24.5119469
3277,1873039663,46.5423808,24.5125894
3278,1873039680,46.5424554,24.5012896
3279,1873039705,46.5425406,24.5221417
3280,1873039707,46.5425541,24.5081614
3281,1873039709,46.5425547,24.5127565
3282,1873039718,46.5426148,24.5228568
3283,1873039722,46.5426620,24.5128596
3284,1873039724,46.5427227,24.5007961
3285,1873039731,46.5430665,24.5246441
3286,1873039738,46.5428256,24.5132189
3287,1873039742,46.5428559,24.5225646
3288,1873039744,46.5429190,24.5028818
3289,1873039746,46.5429045,24.5145613
3290,1873039764,46.5429787,24.5134752
3291,1873039770,46.5429639,24.5224150
3292,1873039804,46.5434022,24.5227159
3293,1873039808,46.5433595,24.5229175
3294,1873039815,46.5434613,24.5075272
3295,1873039817,46.5434957,24.5025199
3296,1873039820,46.5435134,24.5227701
3297,1873039822,46.5436520,24.5097047
3298,1873039823,46.5436782,24.5155462
3299,1873039826,46.5437467,24.5229023
3300,1873039827,46.5438961,24.5067499
3301,1873039853,46.5443035,24.5087515
3302,1873039855,46.5443312,24.5098766
3303,1873039860,46.5445886,24.5178826
3304,1873039864,46.5447029,24.5093322
3305,1873039880,46.5448764,24.5115954
3306,1873039886,46.5449946,24.5168505
3307,1873039888,46.5451989,24.5111396
3308,1873039890,46.5452080,24.5173868
3309,1873039894,46.5452989,24.5086925
3310,1873039897,46.5453242,24.5092035
3311,1873039898,46.5454408,24.5112245
3312,1873039900,46.5455284,24.5094396
3313,1873039901,46.5455363,24.5171046
3314,1873039905,46.5459105,24.5188115
3315,1873039906,46.5465806,24.5141261
3316,1873039925,46.5460485,24.5101024
3317,1873039935,46.5462777,24.5097366
3318,1873039939,46.5464302,24.5133601
3319,1873039940,46.5465630,24.5186209
3320,1873039942,46.5466194,24.5186679
3321,1873039961,46.5467387,24.5128913
3322,1873039963,46.5467474,24.5216763
3323,1873039965,46.5467704,24.5138026
3324,1873039971,46.5470275,24.5179787
3325,1873039973,46.5471018,24.5180440
3326,1873039976,46.5471350,24.5177705
3327,1873039977,46.5474540,24.5091493
3328,1873039983,46.5472940,24.5182416
3329,1873040000,46.5473773,24.5229788
3330,1873040011,46.5478386,24.5167247
3331,1873040021,46.5478802,24.5250070
3332,1873040032,46.5483489,24.5242945
3333,1873040053,46.5485547,24.5245691
3334,1873040064,46.5486033,24.5108146
3335,1873040070,46.5486506,24.5107351
3336,1873040077,46.5487056,24.5247647
3337,1873040081,46.5487727,24.5248497
3338,1873040083,46.5483754,24.5073131
3339,1873040085,46.5488942,24.5217296
3340,1873040106,46.5490300,24.5101002
3341,1873040109,46.5488720,24.5144507
3342,1873040133,46.5492468,24.5150660
3343,1873040141,46.5493539,24.5161924
3344,1873040144,46.5494576,24.5093797
3345,1873040147,46.5496760,24.5090344
3346,1873040148,46.5496578,24.5237557
3347,1873040171,46.5501915,24.5069844
3348,1873040173,46.5497842,24.5286786
3349,1873040197,46.5499875,24.5085800
3350,1873040226,46.5504003,24.5081702
3351,1873040234,46.5503518,24.5180243
3352,1873040251,46.5504739,24.5119422
3353,1873040260,46.5505054,24.5047826
3354,1873040261,46.5505178,24.5182523
3355,1873040286,46.5505873,24.5078605
3356,1873040299,46.5506156,24.5184025
3357,1873040303,46.5507154,24.5073628
3358,1873040345,46.5509640,24.5060517
3359,1873040396,46.5515390,24.5050092
3360,1873040404,46.5516411,24.5201690
3361,1873040426,46.5518959,24.5223140
3362,1873040445,46.5520929,24.5123771
3363,1873040449,46.5521494,24.5114516
3364,1873040457,46.5523105,24.5212858
3365,1873040461,46.5523850,24.5171141
3366,1873040469,46.5525557,24.5336136
3367,1873040475,46.5526004,24.5337907
3368,1873040477,46.5519570,24.5258185
3369,1873040486,46.5527613,24.5449670
3370,1873040496,46.5529459,24.5227210
3371,1873040501,46.5530334,24.5278269
3372,1873040505,46.5528832,24.5180719
3373,1873040521,46.5533952,24.5285622
3374,1873040535,46.5535445,24.5303858
3375,1873040542,46.5535501,24.5299163
3376,1873040544,46.5536203,24.5035808
3377,1873040551,46.5536601,24.5021234
3378,1873040554,46.5536740,24.5318145
3379,1873040566,46.5538153,24.5153469
3380,1873040573,46.5538527,24.5145872
3381,1873040580,46.5539347,24.5091546
3382,1873040603,46.5541054,24.5091442
3383,1873040606,46.5540939,24.5150169
3384,1873040612,46.5541804,24.5081982
3385,1873040618,46.5541419,24.5189704
3386,1873040638,46.5542951,24.5083468
3387,1873040644,46.5543784,24.5084492
3388,1873040649,46.5543783,24.5237116
3389,1873040655,46.5544259,24.5161942
3390,1873040656,46.5545038,24.5044769
3391,1873040664,46.5545679,24.5164331
3392,1873040680,46.5546891,24.5084006
3393,1873040681,46.5547005,24.5158913
3394,1873040684,46.5547546,24.5086829
3395,1873040685,46.5548358,24.5085494
3396,1873040686,46.5548360,24.5161281
3397,1873040687,46.5548945,24.5088565
3398,1873040690,46.5549688,24.5087363
3399,1873040692,46.5550255,24.5090192
3400,1873040694,46.5551762,24.5051719
3401,1873040696,46.5552554,24.5255707
3402,1873040703,46.5554288,24.5045878
3403,1873040711,46.5556380,24.5259880
3404,1873040717,46.5557897,24.5212546
3405,1873040728,46.5559023,24.5226678
3406,1873040740,46.5557699,24.5034767
3407,1873040748,46.5561186,24.5225746
3408,1873040756,46.5564802,24.5410570
3409,1873040758,46.5563106,24.5224926
3410,1873040760,46.5563524,24.5265574
3411,1873040763,46.5558838,24.5202414
3412,1873040784,46.5568519,24.5238012
3413,1873040791,46.5569181,24.5059672
3414,1873040793,46.5570674,24.5049027
3415,1873040806,46.5572982,24.5270902
3416,1873040818,46.5575223,24.5207956
3417,1873040819,46.5576554,24.5204932
3418,1873040823,46.5577621,24.5221255
3419,1873040825,46.5578054,24.5045327
3420,1873040830,46.5580361,24.5221744
3421,1873040834,46.5585487,24.5285268
3422,1873040835,46.5585893,24.5223361
3423,1873040836,46.5586605,24.5283382
3424,1873040838,46.5588196,24.5280511
3425,1873040839,46.5597734,24.5069550
3426,1873040843,46.5593694,24.5004482
3427,1873040847,46.5598765,24.5011935
3428,1873040857,46.5609379,24.4993803
3429,1873040866,46.5614649,24.4983413
3430,1873040870,46.5614158,24.4997220
3431,1873040878,46.5625167,24.5314558
3432,1873040898,46.5631792,24.5310875
3433,1873040910,46.5635972,24.5312965
3434,1873040921,46.5657036,24.5304649
3435,1873040936,46.5676572,24.5333718
3436,1913964913,46.5477295,24.5507872
3437,1915699754,46.5130377,24.5176582
3438,1915699783,46.5132985,24.5181912
3439,1915699784,46.5133573,24.5183115
3440,1915699790,46.5134260,24.5180672
3441,1915699810,46.5135462,24.5179485
3442,1915699811,46.5135719,24.5171642
3443,1915699814,46.5136565,24.5178404
3444,1915699816,46.5137679,24.5177312
3445,1915699823,46.5139064,24.5194339
3446,1915699827,46.5140309,24.5193036
3447,1915699833,46.5141486,24.5191805
3448,1915699835,46.5142540,24.5190702
3449,1915699837,46.5143594,24.5189599
3450,1915699839,46.5144443,24.5188710
3451,1915700183,46.5397645,24.5505889
3452,1915700203,46.5402221,24.5488721
3453,1915700239,46.5428364,24.5455564
3454,1926122438,46.5109899,24.5095610
3455,1926122442,46.5110501,24.5099104
3456,1926122465,46.5120150,24.5115506
3457,1926122468,46.5122790,24.5118909
3458,1926122469,46.5143069,24.5162319
3459,1926122470,46.5146555,24.5166915
3460,1926122473,46.5149997,24.5176323
3461,1926122478,46.5150747,24.5175555
3462,1926122481,46.5154523,24.5192587
3463,1926122485,46.5155586,24.5191462
3464,1926122487,46.5155967,24.5195311
3465,1926122489,46.5156093,24.5196166
3466,1926122503,46.5156597,24.5196640
3467,1926122505,46.5157001,24.5189968
3468,1926122508,46.5157391,24.5194881
3469,1926122509,46.5157454,24.5195993
3470,1926122510,46.5158733,24.5193536
3471,1926122512,46.5159839,24.5204900
3472,1926122513,46.5160453,24.5204242
3473,1926122514,46.5161535,24.5203083
3474,1926122516,46.5162903,24.5201664
3475,1926122517,46.5170975,24.5217602
3476,1926122523,46.5176336,24.5226649
3477,1928952858,46.5006416,24.4885280
3478,1928952919,46.5007297,24.4923902
3479,1928953069,46.5009067,24.4922048
3480,1928953239,46.5010634,24.4930481
3481,1928953269,46.5010803,24.4961110
3482,1928953308,46.5011986,24.4913626
3483,1928953320,46.5012249,24.4928727
3484,1928953345,46.5012698,24.4923005
3485,1928953481,46.5016616,24.4922172
3486,1928953503,46.5017135,24.4921548
3487,1928953508,46.5016252,24.4869918
3488,1928953593,46.5017309,24.4932258
3489,1928953621,46.5017978,24.4933600
3490,1928953657,46.5018096,24.4926701
3491,1928953697,46.5019645,24.4925109
3492,1928953726,46.5020410,24.4982320
3493,1928953774,46.5022929,24.4853559
3494,1928953781,46.5022740,24.4918009
3495,1928953854,46.5031412,24.4824792
3496,1928953915,46.5043583,24.4843262
3497,1928953937,46.5045815,24.5040603
3498,1928953949,46.5047674,24.5009096
3499,1928953968,46.5048468,24.5017677
3500,1928953987,46.5050389,24.5025706
3501,1928953990,46.5050629,24.5015156
3502,1928954023,46.5051235,24.5016399
3503,1928954079,46.5052581,24.5027316
3504,1928954111,46.5053930,24.5011851
3505,1928954115,46.5053902,24.5021877
3506,1928954132,46.5054521,24.5001694
3507,1928954141,46.5055321,24.5003106
3508,1928954143,46.5055355,24.5024847
3509,1928954145,46.5055769,24.5025681
3510,1928954151,46.5056148,24.5026458
3511,1928954157,46.5056649,24.5006355
3512,1928954190,46.5057842,24.5029928
3513,1928954194,46.5057935,24.5022687
3514,1928954213,46.5058492,24.4997528
3515,1928954230,46.5058677,24.5024149
3516,1928954274,46.5059322,24.4999118
3517,1928954321,46.5060397,24.5028381
3518,1928954445,46.5062498,24.5001337
3519,1928954449,46.5062598,24.5029296
3520,1928954490,46.5065233,24.5033687
3521,1928954526,46.5068648,24.5034107
3522,1928954563,46.5071492,24.5037826
3523,1928954646,46.5074832,24.5041678
3524,1928954656,46.5075125,24.5023754
3525,1928954685,46.5077390,24.5028746
3526,1928954700,46.5077721,24.5038937
3527,1928954730,46.5079448,24.5084078
3528,1928954748,46.5080301,24.5017964
3529,1928954764,46.5080509,24.5086292
3530,1928954770,46.5080795,24.5025003
3531,1928954780,46.5080969,24.5035873
3532,1928954832,46.5084078,24.5071014
3533,1928954856,46.5085704,24.5045167
3534,1928954889,46.5087008,24.5077123
3535,1928954891,46.5087786,24.5032324
3536,1928954892,46.5087704,24.5042979
3537,1928954897,46.5088236,24.5075997
3538,1928954901,46.5088883,24.5068286
3539,1928954907,46.5089348,24.5078415
3540,1928954914,46.5090189,24.5054260
3541,1928954936,46.5091721,24.5057505
3542,1928954940,46.5092205,24.5052178
3543,1928954948,46.5093364,24.5060724
3544,1928954993,46.5095484,24.5051112
3545,1928955009,46.5096096,24.5066330
3546,1928955045,46.5097965,24.5070265
3547,1928955059,46.5098476,24.5059742
3548,1928955084,46.5100170,24.5074471
3549,1928955086,46.5100568,24.5061583
3550,1936413190,46.5324857,24.5500427
3551,1936413700,46.5349609,24.5498618
3552,1936413789,46.5350551,24.5539025
3553,1936413824,46.5351389,24.5483625
3554,1936413853,46.5353305,24.5486771
3555,1936413870,46.5353854,24.5540411
3556,1936413923,46.5354265,24.5532696
3557,1936413936,46.5354968,24.5499440
3558,1936413942,46.5355268,24.5484698
3559,1936413948,46.5355306,24.5490103
3560,1936414058,46.5356389,24.5491893
3561,1936414087,46.5356866,24.5482135
3562,1936414224,46.5358237,24.5554188
3563,1936414345,46.5361178,24.5544507
3564,1936414379,46.5361538,24.5558475
3565,1937029182,46.5525607,24.5817899
3566,1937029223,46.5529595,24.5813216
3567,1937029240,46.5531865,24.5816143
3568,1937029517,46.5587849,24.5806747
3569,1937029590,46.5591981,24.5805032
3570,1937029754,46.5600547,24.5829428
3571,1979289879,46.5809099,24.6263206
3572,1979290149,46.5816550,24.6302962
3573,1979290928,46.5839929,24.6286954
3574,1979291442,46.5782926,24.6174677
3575,1979291443,46.5789021,24.6169719
3576,1979318273,46.5454863,24.5039172
3577,1982760385,46.5556224,24.5418211
3578,1982783171,46.5513490,24.5832589
3579,1982837393,46.5520928,24.5819834
3580,1982837411,46.5530671,24.5830383
3581,1983132564,46.5519326,24.5831912
3582,1983132565,46.5519566,24.5827755
3583,1983212131,46.5504206,24.5852895
3584,1983328051,46.5527437,24.5746817
3585,1983328053,46.5526870,24.5748390
3586,1983328061,46.5530744,24.5751180
3587,1983947156,46.5543217,24.5813676
3588,1983953100,46.5560291,24.5827970
3589,1983953113,46.5562800,24.5817603
3590,1983953119,46.5559830,24.5825207
3591,1983953121,46.5557045,24.5832476
3592,1983953130,46.5536977,24.5806190
3593,1983953150,46.5559334,24.5826472
3594,1983953151,46.5548856,24.5828238
3595,1983953155,46.5564847,24.5842856
3596,1984034771,46.5427124,24.5883339
3597,1984055865,46.5481228,24.5762166
3598,1984055872,46.5490648,24.5767092
3599,1984095344,46.5457662,24.5881870
3600,1984095346,46.5458439,24.5879117
3601,1984095352,46.5459238,24.5880456
3602,1984095354,46.5457172,24.5880719
3603,1984095370,46.5458515,24.5882024
3604,1984095372,46.5450051,24.5881127
3605,1985361806,46.5108740,24.6112965
3606,1985361808,46.5125787,24.6133169
3607,1985385653,46.5320008,24.5941438
3608,1985385654,46.5313997,24.5938483
3609,1985397365,46.5480544,24.5719590
3610,1986464394,46.5539930,24.5780077
3611,1986831391,46.5546644,24.5750589
3612,1986831413,46.5552833,24.5750249
3613,1986831416,46.5554516,24.5724902
3614,1986849028,46.5569714,24.5748731
3615,1986856725,46.5565284,24.5762062
3616,1986862909,46.5528702,24.5758159
3617,1986862918,46.5527578,24.5756785
3618,1986862921,46.5530434,24.5760243
3619,1986862936,46.5569540,24.5782445
3620,1986891444,46.5569542,24.5720837
3621,1986891446,46.5564118,24.5726762
3622,1986891447,46.5566746,24.5723892
3623,1986891449,46.5568171,24.5726845
3624,1986983991,46.5521593,24.5628603
3625,1986986449,46.5525201,24.5620476
3626,1987125054,46.5431487,24.5588701
3627,1987125075,46.5404616,24.5578809
3628,1987125076,46.5455363,24.5630921
3629,1988062623,46.5379700,24.5681887
3630,1989535186,46.5391249,24.5576538
3631,1989855311,46.5607643,24.5775575
3632,1990924345,46.5314822,24.5672314
3633,1990944094,46.5256517,24.5390238
3634,1991100192,46.5504722,24.5543451
3635,1993329678,46.5221134,24.6041894
3636,1993357833,46.5317243,24.5826607
3637,2015616262,46.5527935,24.5616471
3638,2015655616,46.5394240,24.5809730
3639,2019848230,46.5948051,24.5300661
3640,2019892083,46.5797093,24.5458707
3641,2019892089,46.5770397,24.5470965
3642,2019892101,46.5779159,24.5436243
3643,2019892107,46.5795538,24.5472070
3644,2019892111,46.5813593,24.5472467
3645,2019892117,46.5795250,24.5471340
3646,2019892123,46.5791028,24.5461202
3647,2019892130,46.5811711,24.5452679
3648,2019892135,46.5784789,24.5433899
3649,2019892137,46.5802918,24.5479375
3650,2019892140,46.5776537,24.5483974
3651,2019892154,46.5814036,24.5449534
3652,2019892172,46.5798992,24.5480809
3653,2019940982,46.5740039,24.5494421
3654,2019940985,46.5726595,24.5482130
3655,2019940987,46.5732805,24.5511937
3656,2019948718,46.5684769,24.5476156
3657,2019948719,46.5736140,24.5430624
3658,2019948727,46.5725866,24.5371251
3659,2019948732,46.5700195,24.5430823
3660,2019948735,46.5715382,24.5412408
3661,2019948738,46.5705168,24.5437386
3662,2019948739,46.5739956,24.5453608
3663,2019948742,46.5737189,24.5409508
3664,2020035091,46.5446655,24.6244729
3665,2020035093,46.5457298,24.6295099
3666,2020035141,46.5465386,24.6294752
3667,2020042224,46.5475160,24.6243134
3668,2021366904,46.5303635,24.5547593
3669,2024530472,46.5263822,24.5539317
3670,2026579120,46.5525245,24.5561893
3671,2026579128,46.5533806,24.5564845
3672,2026579145,46.5534765,24.5560983
3673,2026579148,46.5531246,24.5558782
3674,2026579156,46.5527888,24.5550293
3675,2026579161,46.5535780,24.5553741
3676,2026579164,46.5529690,24.5552559
3677,2026579168,46.5528406,24.5557221
3678,2026712198,46.5788463,24.5396743
3679,2026723214,46.5800378,24.5429298
3680,2026723233,46.5799492,24.5427414
3681,2026729133,46.5847702,24.5330258
3682,2027507799,46.5931440,24.5305925
3683,2027512667,46.5956984,24.5316964
3684,2027512679,46.5956191,24.5317177
3685,2027528149,46.5912678,24.5305621
3686,2027528268,46.5922165,24.5324403
3687,2027577178,46.5818535,24.5500734
3688,2027577298,46.5764252,24.5544111
3689,2027577320,46.5845776,24.5455147
3690,2027577324,46.5807557,24.5521451
3691,2027577385,46.5865027,24.5465060
3692,2027632432,46.5822669,24.5558083
3693,2027632439,46.5855313,24.5564839
3694,2027632443,46.5834630,24.5533842
3695,2027632450,46.5847680,24.5570713
3696,2027632464,46.5914192,24.5609732
3697,2027632471,46.5817780,24.5622694
3698,2027632492,46.5830260,24.5668775
3699,2027632523,46.5858133,24.5562452
3700,2027632534,46.5829338,24.5712334
3701,2027632560,46.5838832,24.5578143
3702,2027632561,46.5825145,24.5592417
3703,2027632562,46.5817430,24.5621924
3704,2027632580,46.5889562,24.5576748
3705,2027632592,46.5825425,24.5592897
3706,2027632594,46.5873193,24.5500787
3707,2027632599,46.5866827,24.5552775
3708,2027632602,46.5862834,24.5557785
3709,2027632604,46.5839478,24.5631814
3710,2027632619,46.5894748,24.5585661
3711,2027632624,46.5806386,24.5637151
3712,2027632631,46.5868622,24.5549497
3713,2027632632,46.5775690,24.5565724
3714,2027632658,46.5833450,24.5650953
3715,2027632666,46.5829154,24.5655846
3716,2027632673,46.5814179,24.5569738
3717,2027632676,46.5827279,24.5551291
3718,2027632678,46.5778919,24.5570273
3719,2027632679,46.5842072,24.5574851
3720,2027632697,46.5844177,24.5572883
3721,2027632698,46.5852643,24.5628877
3722,2027632700,46.5837984,24.5526108
3723,2027632737,46.5773920,24.5562774
3724,2027632755,46.5833310,24.5537899
3725,2027632757,46.5803353,24.5548681
3726,2027632770,46.5814406,24.5616847
3727,2027632802,46.5824693,24.5611831
3728,2027632806,46.5841653,24.5515835
3729,2027632811,46.5818001,24.5601773
3730,2027635877,46.5800170,24.5543148
3731,2027637408,46.5791825,24.5538260
3732,2027639103,46.5764167,24.5570042
3733,2027639107,46.5770871,24.5557316
3734,2027639113,46.5744937,24.5569345
3735,2027639116,46.5758249,24.5564490
3736,2027639134,46.5780055,24.5543389
3737,2027639138,46.5771255,24.5557933
3738,2027641016,46.5707083,24.5572966
3739,2027641017,46.5739196,24.5517852
3740,2027641033,46.5716268,24.5556242
3741,2027642033,46.5738150,24.5516809
3742,2027649505,46.5754868,24.5516710
3743,2027652030,46.5797924,24.5527208
3744,2027652036,46.5808119,24.5511946
3745,2027652040,46.5771107,24.5544877
3746,2027661970,46.5814063,24.5543096
3747,2027661984,46.5849708,24.5591420
3748,2027661988,46.5855995,24.5592761
3749,2027661989,46.5839349,24.5577606
3750,2027661990,46.5834844,24.5533293
3751,2027661992,46.5853906,24.5566104
3752,2027661993,46.5846492,24.5556846
3753,2027661997,46.5831182,24.5566663
3754,2027663883,46.5881562,24.5568165
3755,2027668268,46.5859313,24.5603248
3756,2027668275,46.5871161,24.5612134
3757,2027668277,46.5879176,24.5633407
3758,2027668279,46.5868418,24.5614816
3759,2027668280,46.5859976,24.5597642
3760,2027683736,46.5874820,24.5658898
3761,2027683737,46.5937075,24.5680475
3762,2027683752,46.5888879,24.5639806
3763,2027683763,46.5880042,24.5666025
3764,2027683767,46.5896534,24.5650226
3765,2027683781,46.5931606,24.5671591
3766,2027683796,46.5881973,24.5668660
3767,2027683801,46.5926152,24.5695826
3768,2027683804,46.5868472,24.5681971
3769,2027683822,46.5909653,24.5700670
3770,2027683839,46.5863931,24.5675403
3771,2027684345,46.5862115,24.5715526
3772,2027684349,46.5888328,24.5739095
3773,2027684364,46.5883039,24.5733672
3774,2027687121,46.5940955,24.5730230
3775,2027687122,46.5928831,24.5742750
3776,2027687150,46.5946360,24.5721897
3777,2027687156,46.5911017,24.5793390
3778,2027687172,46.5921132,24.5702525
3779,2027725223,46.5835698,24.5387196
3780,2027729611,46.5689664,24.5496907
3781,2027729614,46.5668389,24.5478740
3782,2029987655,46.5531144,24.5617237
3783,2029987713,46.5540260,24.5641642
3784,2030058477,46.5543319,24.5572399
3785,2030058486,46.5544550,24.5569766
3786,2030058492,46.5545003,24.5570642
3787,2030058524,46.5548686,24.5558989
3788,2030058526,46.5549024,24.5578408
3789,2030058531,46.5549726,24.5561042
3790,2030058536,46.5552935,24.5570922
3791,2034871453,46.5440646,24.5574475
3792,2034871456,46.5439256,24.5589443
3793,2037110473,46.5549999,24.5580573
3794,2037110514,46.5554956,24.5578414
3795,2037110567,46.5557014,24.5576220
3796,2037110631,46.5559151,24.5578205
3797,2037110670,46.5561981,24.5587009
3798,2037110720,46.5566222,24.5595178
3799,2037110740,46.5570640,24.5604058
3800,2037940721,46.5573926,24.5679538
3801,2037996117,46.5464160,24.5740456
3802,2038156627,46.5286164,24.5523177
3803,2039132901,46.5271636,24.5547090
3804,2039132912,46.5549196,24.5609914
3805,2039132914,46.5550427,24.5608423
3806,2039132916,46.5568758,24.5642826
3807,2039132919,46.5569725,24.5641340
3808,2043757731,46.5469145,24.5597138
3809,2043757736,46.5466914,24.5595321
3810,2043757739,46.5470003,24.5595927
3811,2043757744,46.5471793,24.5597376
3812,2046224750,46.5542982,24.5648732
3813,2046422180,46.5260034,24.5442948
3814,2046422186,46.5263115,24.5436253
3815,2046422190,46.5264109,24.5437939
3816,2046422194,46.5267323,24.5431017
3817,2046422211,46.5267980,24.5430199
3818,2046422213,46.5268076,24.5433062
3819,2046422230,46.5269297,24.5430645
3820,2046422256,46.5276782,24.5417928
3821,2046422257,46.5277394,24.5419226
3822,2046422269,46.5280305,24.5416240
3823,2046422279,46.5280911,24.5414507
3824,2046422299,46.5282901,24.5436232
3825,2046422318,46.5290444,24.5433354
3826,2046494095,46.5261790,24.5424322
3827,2046494097,46.5261891,24.5427840
3828,2046494100,46.5263054,24.5426440
3829,2056014743,46.5284436,24.5439487
3830,2056024390,46.5317212,24.5843228
3831,2056024409,46.5325766,24.5837415
3832,2057586234,46.5391311,24.5582633
3833,2060220998,46.5611374,24.5570595
3834,2060221022,46.5614634,24.5570253
3835,2060221028,46.5615338,24.5571113
3836,2060221033,46.5615904,24.5575247
3837,2060221037,46.5616155,24.5577234
3838,2060221039,46.5616434,24.5579888
3839,2060221043,46.5617067,24.5579739
3840,2060221045,46.5617285,24.5587332
3841,2060221046,46.5617911,24.5587201
3842,2060221047,46.5617650,24.5590517
3843,2060221050,46.5618272,24.5590388
3844,2060221055,46.5622101,24.5569785
3845,2060221063,46.5623213,24.5573343
3846,2060221084,46.5626575,24.5643597
3847,2060221091,46.5630983,24.5646109
3848,2060221155,46.5717044,24.5530222
3849,2060221224,46.5730944,24.5530798
3850,2066456665,46.5612768,24.5806401
3851,2066456676,46.5615909,24.5811564
3852,2066456723,46.5628895,24.5833010
3853,2068508763,46.5223377,24.5268259
3854,2068508785,46.5224433,24.5270721
3855,2068508791,46.5225306,24.5281258
3856,2068508803,46.5226503,24.5284283
3857,2068508810,46.5227014,24.5243888
3858,2068508816,46.5227235,24.5272852
3859,2068508822,46.5227668,24.5245330
3860,2068508827,46.5227802,24.5286363
3861,2068508835,46.5228597,24.5259894
3862,2068508853,46.5229822,24.5258560
3863,2068508855,46.5229759,24.5262430
3864,2068508887,46.5231040,24.5261260
3865,2068508901,46.5231403,24.5257781
3866,2068508903,46.5231444,24.5260891
3867,2068508925,46.5231954,24.5241416
3868,2068508944,46.5232426,24.5259993
3869,2068508967,46.5233354,24.5295758
3870,2068508971,46.5233765,24.5258763
3871,2068509003,46.5235079,24.5293958
3872,2068509010,46.5235369,24.5269584
3873,2068509030,46.5236268,24.5268684
3874,2068509045,46.5237296,24.5269977
3875,2068509047,46.5237552,24.5267377
3876,2068509053,46.5237842,24.5291387
3877,2068509067,46.5238277,24.5269053
3878,2068509092,46.5239501,24.5276317
3879,2068509104,46.5239753,24.5303103
3880,2068509113,46.5239942,24.5272659
3881,2068509124,46.5240416,24.5278178
3882,2068509149,46.5242391,24.5300282
3883,2068509154,46.5242572,24.5311782
3884,2068509159,46.5242820,24.5309104
3885,2068509207,46.5244366,24.5286944
3886,2068509293,46.5247522,24.5317984
3887,2068509320,46.5248666,24.5320135
3888,2068509388,46.5249919,24.5294841
3889,2068509433,46.5250531,24.5300625
3890,2068509554,46.5252763,24.5329400
3891,2068509569,46.5253449,24.5291899
3892,2068509580,46.5253773,24.5330169
3893,2068509586,46.5254091,24.5318330
3894,2068509596,46.5254842,24.5310192
3895,2068509623,46.5256258,24.5308687
3896,2068509625,46.5255986,24.5312654
3897,2068509637,46.5257671,24.5332942
3898,2068509643,46.5258647,24.5314039
3899,2068509673,46.5260238,24.5337885
3900,2068509682,46.5260885,24.5331707
3901,2068509688,46.5261260,24.5339113
3902,2068509702,46.5263228,24.5324304
3903,2068509715,46.5265656,24.5329604
3904,2068509716,46.5265424,24.5341987
3905,2068509719,46.5266138,24.5341295
3906,2068509723,46.5266567,24.5337261
3907,2068509731,46.5268356,24.5335497
3908,2068509732,46.5268677,24.5338835
3909,2068509734,46.5269504,24.5338003
3910,2068509737,46.5270340,24.5335904
3911,2068509739,46.5270621,24.5363039
3912,2068509740,46.5271462,24.5334884
3913,2068509741,46.5271444,24.5338540
3914,2068509743,46.5272089,24.5346410
3915,2068509746,46.5272594,24.5337459
3916,2068509747,46.5272903,24.5345584
3917,2068509756,46.5274299,24.5355208
3918,2068509761,46.5275131,24.5343065
3919,2068509762,46.5274982,24.5350223
3920,2068509769,46.5276338,24.5353217
3921,2075865029,46.5492311,24.5534368
3922,2075865052,46.5494203,24.5533162
3923,2082402180,46.5478971,24.5407879
3924,2082610919,46.5345161,24.5439756
3925,2082610920,46.5346454,24.5361091
3926,2082610922,46.5347685,24.5443739
3927,2082610923,46.5348777,24.5433853
3928,2082610924,46.5349455,24.5368170
3929,2082610925,46.5349530,24.5466180
3930,2082610926,46.5349629,24.5353978
3931,2082610927,46.5350599,24.5355275
3932,2082610929,46.5351705,24.5438510
3933,2082610934,46.5354357,24.5368020
3934,2082610961,46.5358019,24.5373645
3935,2082610993,46.5363771,24.5407777
3936,2082611004,46.5364388,24.5386403
3937,2082611008,46.5364969,24.5406417
3938,2082611021,46.5367715,24.5461060
3939,2082611022,46.5367934,24.5390179
3940,2082611025,46.5368086,24.5460586
3941,2082611029,46.5368638,24.5412208
3942,2082611031,46.5368530,24.5460020
3943,2082611033,46.5368778,24.5394400
3944,2082611040,46.5370107,24.5446250
3945,2082611043,46.5370455,24.5381317
3946,2082611045,46.5370673,24.5453910
3947,2082611048,46.5371464,24.5392317
3948,2082611049,46.5371658,24.5400963
3949,2082611052,46.5372006,24.5449548
3950,2082611054,46.5372224,24.5410742
3951,2082611055,46.5372329,24.5418089
3952,2082611062,46.5372652,24.5409562
3953,2082611066,46.5372876,24.5451101
3954,2082611067,46.5372931,24.5378247
3955,2082611071,46.5373986,24.5453084
3956,2082611075,46.5374153,24.5424309
3957,2082611077,46.5374489,24.5376363
3958,2082611079,46.5374425,24.5391885
3959,2082611082,46.5374343,24.5440937
3960,2082611086,46.5374845,24.5445932
3961,2082611092,46.5375083,24.5406048
3962,2082611097,46.5375895,24.5335547
3963,2082611100,46.5375883,24.5416696
3964,2082611106,46.5376319,24.5395595
3965,2082611107,46.5376458,24.5443298
3966,2082611108,46.5376792,24.5386463
3967,2082611113,46.5376832,24.5385226
3968,2082611115,46.5376949,24.5449317
3969,2082611119,46.5377245,24.5431963
3970,2082611128,46.5378448,24.5382561
3971,2082611158,46.5379678,24.5391740
3972,2082611166,46.5379653,24.5422832
3973,2082611196,46.5380943,24.5423050
3974,2082611198,46.5381226,24.5385474
3975,2082611209,46.5381279,24.5443766
3976,2082611234,46.5382662,24.5388455
3977,2082611251,46.5382909,24.5426240
3978,2082611264,46.5383423,24.5427076
3979,2082611274,46.5383872,24.5414793
3980,2082611275,46.5383990,24.5440290
3981,2082611277,46.5384215,24.5391832
3982,2082611287,46.5384906,24.5413198
3983,2082611294,46.5385366,24.5402225
3984,2082611297,46.5385886,24.5371315
3985,2082611303,46.5386109,24.5406994
3986,2082611334,46.5388364,24.5368669
3987,2082611337,46.5388230,24.5398862
3988,2082611341,46.5388712,24.5376716
3989,2082611342,46.5388713,24.5381920
3990,2082611353,46.5389045,24.5418103
3991,2082611360,46.5389657,24.5413424
3992,2082611361,46.5390091,24.5380374
3993,2082611362,46.5389867,24.5384005
3994,2082611364,46.5390288,24.5366616
3995,2082611365,46.5390159,24.5385085
3996,2082611369,46.5390455,24.5402787
3997,2082611373,46.5390992,24.5355248
3998,2082611380,46.5391647,24.5365119
3999,2082611383,46.5391766,24.5409122
4000,2082611387,46.5392096,24.5425323
4001,2082611389,46.5392460,24.5422338
4002,2082611395,46.5393018,24.5411875
4003,2082611396,46.5393432,24.5386604
4004,2082611399,46.5393832,24.5355396
4005,2082611406,46.5394444,24.5354761
4006,2082611407,46.5394442,24.5380822
4007,2082611409,46.5394746,24.5375150
4008,2082611411,46.5394904,24.5427356
4009,2082611413,46.5395556,24.5358695
4010,2082611415,46.5396059,24.5373677
4011,2082611416,46.5395987,24.5383777
4012,2082611420,46.5397196,24.5356857
4013,2082611422,46.5397103,24.5424502
4014,2082611424,46.5397831,24.5381736
4015,2082611427,46.5398652,24.5356518
4016,2082611428,46.5398797,24.5387939
4017,2082611430,46.5399076,24.5412975
4018,2082611431,46.5399477,24.5393088
4019,2082611432,46.5400063,24.5395117
4020,2082611433,46.5399979,24.5417929
4021,2082611434,46.5400333,24.5368881
4022,2082611435,46.5400239,24.5386352
4023,2082611436,46.5401116,24.5401208
4024,2082611437,46.5401286,24.5396917
4025,2082611439,46.5401905,24.5396165
4026,2082611441,46.5402245,24.5395788
4027,2082611444,46.5402978,24.5383178
4028,2082611445,46.5403126,24.5394810
4029,2082611446,46.5403416,24.5400527
4030,2082611450,46.5403477,24.5386710
4031,2082611451,46.5403923,24.5405546
4032,2082611452,46.5404303,24.5399381
4033,2082611453,46.5404197,24.5397014
4034,2082611455,46.5404788,24.5388277
4035,2082611456,46.5405025,24.5398548
4036,2082611457,46.5405229,24.5392478
4037,2082611459,46.5405589,24.5390140
4038,2082611461,46.5405926,24.5391710
4039,2082611465,46.5406370,24.5394508
4040,2082611466,46.5406466,24.5409477
4041,2082611469,46.5406644,24.5386248
4042,2082611470,46.5406623,24.5392024
4043,2082611473,46.5407477,24.5411038
4044,2082611474,46.5407598,24.5387970
4045,2082611475,46.5407212,24.5402238
4046,2082611478,46.5408165,24.5374503
4047,2082611479,46.5408058,24.5407183
4048,2082611483,46.5408556,24.5389716
4049,2082611484,46.5408784,24.5359397
4050,2082611485,46.5408919,24.5366652
4051,2082611491,46.5409067,24.5405820
4052,2082611497,46.5409819,24.5403695
4053,2082611500,46.5409993,24.5378025
4054,2082611508,46.5411289,24.5364075
4055,2082611509,46.5411811,24.5365050
4056,2082611513,46.5412348,24.5355398
4057,2082611516,46.5412516,24.5366367
4058,2082611518,46.5412425,24.5393110
4059,2082611523,46.5413750,24.5317899
4060,2082611525,46.5413588,24.5354006
4061,2082611526,46.5413589,24.5368370
4062,2082611529,46.5413865,24.5388267
4063,2082611531,46.5414568,24.5367283
4064,2082611533,46.5414764,24.5352686
4065,2082611539,46.5416172,24.5358745
4066,2082611542,46.5416497,24.5370961
4067,2082611545,46.5416774,24.5350431
4068,2082611547,46.5416890,24.5364705
4069,2082611549,46.5417277,24.5374866
4070,2082611551,46.5417619,24.5361401
4071,2082611558,46.5418027,24.5386024
4072,2082611559,46.5418458,24.5376979
4073,2082611566,46.5420180,24.5354140
4074,2082611573,46.5421245,24.5352848
4075,2082611574,46.5421249,24.5370222
4076,2082611580,46.5422159,24.5300754
4077,2082611582,46.5421895,24.5372722
4078,2082611587,46.5422383,24.5372123
4079,2082611591,46.5423012,24.5343430
4080,2082611596,46.5423146,24.5383789
4081,2082611599,46.5422997,24.5374548
4082,2082611610,46.5424418,24.5341853
4083,2082611611,46.5425102,24.5341085
4084,2082611613,46.5425287,24.5368595
4085,2082611620,46.5426310,24.5367332
4086,2082611630,46.5427037,24.5346562
4087,2082611632,46.5426816,24.5369918
4088,2082611633,46.5427634,24.5345963
4089,2082611635,46.5431505,24.5365077
4090,2082611639,46.5428411,24.5381488
4091,2082611643,46.5428588,24.5373028
4092,2082611646,46.5428517,24.5345006
4093,2082611651,46.5429632,24.5364810
4094,2082611655,46.5430493,24.5314470
4095,2082611657,46.5431058,24.5381519
4096,2082611669,46.5433050,24.5367851
4097,2082611672,46.5433354,24.5387508
4098,2082611676,46.5433554,24.5381884
4099,2082611677,46.5433681,24.5396114
4100,2082611678,46.5433812,24.5327400
4101,2082611683,46.5435375,24.5322640
4102,2082611684,46.5436035,24.5328604
4103,2082611685,46.5436024,24.5376424
4104,2082611689,46.5437845,24.5337714
4105,2082611691,46.5437743,24.5388830
4106,2082611700,46.5439576,24.5332805
4107,2082611710,46.5439616,24.5389330
4108,2082611713,46.5440471,24.5384214
4109,2082611723,46.5440857,24.5398281
4110,2082611725,46.5440976,24.5341673
4111,2082611727,46.5441444,24.5340780
4112,2082611731,46.5441791,24.5392164
4113,2082611732,46.5442101,24.5390127
4114,2082611736,46.5442424,24.5371581
4115,2082611738,46.5442651,24.5344742
4116,2082611755,46.5444215,24.5374121
4117,2082611788,46.5449492,24.5356152
4118,2082611793,46.5450504,24.5355036
4119,2082611795,46.5450622,24.5364854
4120,2082611809,46.5451991,24.5360937
4121,2082611819,46.5453000,24.5359657
4122,2082611821,46.5455073,24.5373513
4123,2082611827,46.5456227,24.5372351
4124,2082611835,46.5457994,24.5375833
4125,2086453090,46.5315152,24.5503382
4126,2086453093,46.5315144,24.5503798
4127,2086453109,46.5316161,24.5505379
4128,2086453110,46.5316525,24.5501926
4129,2086453112,46.5316630,24.5505349
4130,2086453116,46.5316823,24.5502021
4131,2086453123,46.5317333,24.5502592
4132,2086453127,46.5317516,24.5503230
4133,2086453137,46.5320159,24.5507881
4134,2086453139,46.5324991,24.5511103
4135,2086453142,46.5327947,24.5514453
4136,2087307470,46.5319730,24.5577993
4137,2103008260,46.5225024,24.5388631
4138,2112552989,46.5525050,24.5593809
4139,2142726922,46.5259322,24.5575643
4140,2142726923,46.5259969,24.5573704
4141,2142726930,46.5311362,24.5507840
4142,2156348398,46.5489273,24.5515184
4143,2156348591,46.5505708,24.5481963
4144,2156348677,46.5512728,24.5533745
4145,2156348694,46.5514995,24.5485152
4146,2156348700,46.5515205,24.5531386
4147,2156348729,46.5517223,24.5529200
4148,2156348732,46.5516910,24.5528562
4149,2156348734,46.5517905,24.5530224
4150,2156348800,46.5531627,24.5513643
4151,2156467717,46.5540505,24.5586128
4152,2156467763,46.5547682,24.5558088
4153,2156467867,46.5553775,24.5601168
4154,2156467945,46.5562339,24.5616661
4155,2156467970,46.5563574,24.5618878
4156,2156467973,46.5564017,24.5616496
4157,2156467982,46.5565094,24.5621496
4158,2156468018,46.5568288,24.5625691
4159,2156468039,46.5570908,24.5625926
4160,2156468045,46.5571814,24.5624877
4161,2156468068,46.5575112,24.5613415
4162,2156468101,46.5579850,24.5622973
4163,2156474743,46.5544582,24.5585831
4164,2156474744,46.5544698,24.5588602
4165,2156474745,46.5553910,24.5604421
4166,2264482684,46.5343074,24.5364200
4167,2264482705,46.5347601,24.5371565
4168,2289069288,46.5380782,24.5463254
4169,2289069307,46.5383268,24.5467423
4170,2299809855,46.5394537,24.5426803
4171,2299809866,46.5396417,24.5423427
4172,2300004415,46.5434180,24.5392696
4173,2300004425,46.5438290,24.5374556
4174,2300004447,46.5440987,24.5397433
4175,2300101844,46.5279139,24.5566277
4176,2300101845,46.5280691,24.5563638
4177,2300101848,46.5284548,24.5568324
4178,2300101849,46.5285396,24.5566821
4179,2300149936,46.5339588,24.5610342
4180,2300149940,46.5341794,24.5612998
4181,2302730126,46.5345056,24.5624286
4182,2302730213,46.5359404,24.5601992
4183,2303437478,46.5442295,24.5301186
4184,2303437491,46.5423061,24.5266077
4185,2303437499,46.5441426,24.5297375
4186,2303437515,46.5452230,24.5311738
4187,2303437521,46.5451323,24.5309762
4188,2303437524,46.5421021,24.5262726
4189,2303437539,46.5421083,24.5254835
4190,2303437547,46.5449360,24.5313276
4191,2303437558,46.5448472,24.5311057
4192,2303677082,46.5514481,24.5414101
4193,2318450595,46.5569855,24.5688111
4194,2318450640,46.5575144,24.5677068
4195,2318450645,46.5578266,24.5681279
4196,2318450647,46.5579992,24.5692081
4197,2318450648,46.5582432,24.5673055
4198,2318450649,46.5582894,24.5687118
4199,2318450650,46.5585536,24.5690344
4200,2318450651,46.5589902,24.5682393
4201,2320116041,46.5345739,24.5755239
4202,2320116045,46.5346046,24.5750920
4203,2320116076,46.5354413,24.5755859
4204,2321086677,46.5316470,24.5542198
4205,2321086722,46.5320568,24.5561422
4206,2321086744,46.5322331,24.5551525
4207,2330728266,46.5324719,24.5659619
4208,2330728294,46.5326184,24.5658602
4209,2330783267,46.5396058,24.5582619
4210,2333194931,46.5315963,24.5745863
4211,2333194935,46.5316333,24.5754379
4212,2333194953,46.5317185,24.5708144
4213,2333194976,46.5318130,24.5723553
4214,2333194989,46.5318824,24.5735560
4215,2333194997,46.5321606,24.5710657
4216,2333195009,46.5319923,24.5747075
4217,2333195017,46.5320378,24.5715159
4218,2333195037,46.5323070,24.5755674
4219,2333195043,46.5324787,24.5754667
4220,2333195045,46.5324954,24.5758206
4221,2334507959,46.5311822,24.5773439
4222,2334507973,46.5314492,24.5801404
4223,2334507979,46.5314913,24.5779490
4224,2334508039,46.5317505,24.5789059
4225,2334696816,46.5307073,24.5933857
4226,2334696817,46.5308156,24.5932417
4227,2335411353,46.5284521,24.5526748
4228,2339298123,46.5314920,24.5562219
4229,2339635387,46.5504177,24.5544576
4230,2339635391,46.5505993,24.5536511
4231,2339635394,46.5507665,24.5544883
4232,2339635396,46.5508798,24.5539424
4233,2339635397,46.5509180,24.5529439
4234,2339635399,46.5510672,24.5541341
4235,2344714896,46.5330853,24.5510433
4236,2351270853,46.5368438,24.5668826
4237,2351270950,46.5373762,24.5701170
4238,2351270970,46.5374475,24.5704918
4239,2352244311,46.5599611,24.5112596
4240,2352244339,46.5541889,24.5103986
4241,2352244341,46.5563106,24.5109551
4242,2352244349,46.5570123,24.5125687
4243,2352244352,46.5572096,24.5125499
4244,2352244355,46.5573980,24.5134107
4245,2352244374,46.5588723,24.5118588
4246,2352244377,46.5593988,24.5143792
4247,2415993464,46.5446600,24.5512899
4248,2415993467,46.5447571,24.5513485
4249,2426815420,46.5474003,24.5512330
4250,2433030657,46.5464940,24.5526598
4251,2433030675,46.5466732,24.5519912
4252,2433030682,46.5466867,24.5516294
4253,2433030757,46.5474768,24.5525945
4254,2433030767,46.5475903,24.5536059
4255,2433030779,46.5477878,24.5524990
4256,2433030797,46.5483452,24.5522441
4257,2433030799,46.5484492,24.5526417
4258,2433030819,46.5487733,24.5518548
4259,2433030823,46.5488861,24.5532508
4260,2433030835,46.5492380,24.5532277
4261,2433700987,46.5434314,24.5447847
4262,2443258598,46.5379844,24.5545965
4263,2443438828,46.5443367,24.5618355
4264,2445011406,46.5327642,24.5895098
4265,2445011413,46.5330134,24.5887849
4266,2445011416,46.5331684,24.5893423
4267,2452273517,46.5457198,24.5549549
4268,2452273520,46.5459313,24.5549537
4269,2452273527,46.5461398,24.5546932
4270,2453507140,46.5321124,24.5451762
4271,2453507203,46.5333062,24.5450266
4272,2453507212,46.5333224,24.5454252
4273,2453507226,46.5334533,24.5447310
4274,2453507272,46.5336377,24.5454524
4275,2453530961,46.5514184,24.6381291
4276,2455736064,46.5414648,24.5472775
4277,2455736073,46.5417135,24.5482630
4278,2455736078,46.5418437,24.5475477
4279,2455736113,46.5424882,24.5477812
4280,2458613903,46.5314476,24.5936723
4281,2459772992,46.5343635,24.5886517
4282,2459773068,46.5356362,24.5856257
4283,2459773071,46.5357190,24.5853387
4284,2459773115,46.5361217,24.5871915
4285,2459773127,46.5362159,24.5826170
4286,2459773247,46.5370971,24.5857529
4287,2459773259,46.5371366,24.5861660
4288,2459773275,46.5372741,24.5853901
4289,2459773426,46.5391744,24.5834166
4290,2459773464,46.5393987,24.5846824
4291,2459882136,46.5397394,24.5796480
4292,2459882138,46.5396761,24.5805921
4293,2459882149,46.5398075,24.5793846
4294,2459882154,46.5399109,24.5805814
4295,2464588367,46.5241117,24.5480084
4296,2464588372,46.5236988,24.5481996
4297,2464588374,46.5233592,24.5484088
4298,2466641321,46.5375821,24.5868978
4299,2466641360,46.5382496,24.5866794
4300,2466641386,46.5384033,24.5863698
4301,2466666195,46.5398675,24.5800910
4302,2466671281,46.5394919,24.5774898
4303,2466671283,46.5396675,24.5774392
4304,2466671295,46.5399946,24.5812847
4305,2466671303,46.5402532,24.5801910
4306,2470406483,46.5345180,24.5891658
4307,2470406493,46.5349861,24.5882385
4308,2484346344,46.5452246,24.5683831
4309,2497875738,46.5464347,24.5687023
4310,2497875788,46.5477799,24.5680250
4311,2497875805,46.5480804,24.5685681
4312,2497875835,46.5482442,24.5693997
4313,2497875843,46.5482820,24.5676506
4314,2497875855,46.5483048,24.5667172
4315,2497875857,46.5482992,24.5669402
4316,2497875900,46.5483925,24.5694088
4317,2497875907,46.5484650,24.5667308
4318,2497875908,46.5484586,24.5669538
4319,2507690301,46.5046572,24.6405203
4320,2507690307,46.5054330,24.6385542
4321,2507690311,46.5062910,24.6366750
4322,2507690313,46.5074225,24.6372140
4323,2508768964,46.5238400,24.6026548
4324,2508768967,46.5241966,24.6047533
4325,2508768978,46.5244492,24.6045110
4326,2508768986,46.5246957,24.6050766
4327,2511920982,46.5489342,24.5607061
4328,2511921011,46.5490157,24.5606127
4329,2511921067,46.5492530,24.5604491
4330,2511921227,46.5496300,24.5604036
4331,2518878399,46.5493951,24.5751077
4332,2518878400,46.5494066,24.5745435
4333,2518878421,46.5499886,24.5748792
4334,2519145912,46.5588266,24.5771812
4335,2519145945,46.5591318,24.5768856
4336,2519145956,46.5591836,24.5767638
4337,2527652696,46.5490714,24.5752695
4338,2536585235,46.5477545,24.5552002
4339,2536585333,46.5483772,24.5543627
4340,2536585352,46.5485275,24.5535337
4341,2536585364,46.5487179,24.5548904
4342,2536585400,46.5490966,24.5535344
4343,2546166398,46.5471259,24.5618146
4344,2547555322,46.5519766,24.5357402
4345,2547555328,46.5528934,24.5354356
4346,2547555432,46.5580329,24.5476058
4347,2547555524,46.5590244,24.5484713
4348,2547555567,46.5590942,24.5491940
4349,2547555590,46.5591880,24.5468410
4350,2547555815,46.5602740,24.5464451
4351,2547555853,46.5605053,24.5461097
4352,2547555855,46.5605172,24.5453956
4353,2547555881,46.5607480,24.5457246
4354,2547555905,46.5609788,24.5454534
4355,2547555915,46.5611747,24.5422617
4356,2547555933,46.5611891,24.5460433
4357,2547555941,46.5612062,24.5451251
4358,2547555997,46.5615425,24.5456073
4359,2547556004,46.5616113,24.5447908
4360,2547556030,46.5626787,24.5478179
4361,2547556071,46.5630162,24.5468251
4362,2547556189,46.5638311,24.5478619
4363,2547556222,46.5644392,24.5482058
4364,2547556224,46.5644583,24.5486928
4365,2547556230,46.5662898,24.5467516
4366,2547556243,46.5666758,24.5478757
4367,2547556259,46.5669769,24.5450611
4368,2547556261,46.5672839,24.5445660
4369,2547556275,46.5677171,24.5465360
4370,2547556292,46.5677512,24.5454945
4371,2547556295,46.5683594,24.5456850
4372,2547556300,46.5715718,24.5513909
4373,2547556310,46.5718642,24.5404762
4374,2547622133,46.5615389,24.5495648
4375,2547622221,46.5619466,24.5497026
4376,2547622242,46.5620095,24.5493992
4377,2547622341,46.5624626,24.5502478
4378,2547622343,46.5624905,24.5499370
4379,2547622349,46.5625491,24.5496472
4380,2547622353,46.5626888,24.5489140
4381,2547622435,46.5648718,24.5527458
4382,2547856031,46.5550445,24.5483094
4383,2547856139,46.5554181,24.5480449
4384,2547856194,46.5557091,24.5538576
4385,2547856232,46.5557738,24.5537651
4386,2547856263,46.5558485,24.5478997
4387,2547856367,46.5561687,24.5479073
4388,2547856534,46.5565728,24.5531796
4389,2547856550,46.5566117,24.5556792
4390,2547856578,46.5567193,24.5555837
4391,2547856629,46.5568274,24.5507236
4392,2547856635,46.5568128,24.5497028
4393,2547856644,46.5568840,24.5489281
4394,2547856654,46.5569216,24.5487468
4395,2547856783,46.5574928,24.5482676
4396,2547856845,46.5576774,24.5555258
4397,2547857024,46.5583398,24.5486767
4398,2547857115,46.5585461,24.5488421
4399,2547857226,46.5589574,24.5493944
4400,2547857271,46.5597677,24.5487743
4401,2547857297,46.5602220,24.5485751
4402,2547857321,46.5606191,24.5487600
4403,2547857325,46.5606442,24.5491776
4404,2547857328,46.5606936,24.5487955
4405,2547857330,46.5606562,24.5485729
4406,2547857336,46.5608694,24.5486655
4407,2547857338,46.5608913,24.5492833
4408,2573648799,46.5331654,24.5494977
4409,2573648804,46.5330864,24.5498166
4410,2573648813,46.5332413,24.5494912
4411,2573648817,46.5334991,24.5505309
4412,2573648842,46.5336616,24.5503962
4413,2573648857,46.5338765,24.5505965
4414,2573666848,46.5325811,24.5587658
4415,2573666850,46.5326635,24.5588585
4416,2573666856,46.5330311,24.5593107
4417,2578516810,46.5345122,24.5762932
4418,2578516845,46.5346596,24.5761796
4419,2580272008,46.5352040,24.5809055
4420,2590191489,46.5259772,24.5552910
4421,2590191570,46.5265671,24.5550665
4422,2590191590,46.5266282,24.5555806
4423,2590191625,46.5267383,24.5552716
4424,2590191663,46.5270955,24.5546354
4425,2590191708,46.5301525,24.5616519
4426,2590191714,46.5302147,24.5612739
4427,2603948452,46.5269851,24.5990291
4428,2612897053,46.5311008,24.5970060
4429,2613259752,46.5256395,24.5546499
4430,2613484929,46.5314159,24.5962521
4431,2631441672,46.5264375,24.5996658
4432,2631441674,46.5265760,24.5994973
4433,2631441680,46.5269769,24.6001996
4434,2631441682,46.5269343,24.6007019
4435,2631441685,46.5270586,24.6003681
4436,2631441689,46.5271264,24.6005473
4437,2631441697,46.5281548,24.5990541
4438,2631441699,46.5282300,24.5992346
4439,2631441701,46.5283071,24.5993977
4440,2633065768,46.5280299,24.5979523
4441,2646445778,46.5255892,24.5375425
4442,2665089975,46.5376960,24.5723410
4443,2665089979,46.5371224,24.5724679
4444,2682003896,46.5265745,24.5244954
4445,2682003924,46.5280807,24.5220235
4446,2682003930,46.5283464,24.5225712
4447,2686911332,46.5470883,24.5540299
4448,2688744081,46.5310054,24.5392149
4449,2689077927,46.5366506,24.5988613
4450,2689077930,46.5367442,24.5991585
4451,2689077939,46.5369027,24.5986877
4452,2689077940,46.5369169,24.5990305
4453,2689077987,46.5377351,24.5927749
4454,2689078036,46.5379730,24.5907428
4455,2689078247,46.5386523,24.5912317
4456,2689078387,46.5389228,24.5913766
4457,2689078936,46.5412092,24.5922706
4458,2689078959,46.5412965,24.5894844
4459,2689079534,46.5456431,24.5893970
4460,2689079536,46.5461380,24.5888908
4461,2689079584,46.5466531,24.5869728
4462,2689079687,46.5476404,24.5881003
4463,2689079689,46.5476471,24.5878562
4464,2697786440,46.5237172,24.5334287
4465,2698095424,46.5384620,24.5719883
4466,2698095431,46.5376881,24.5722681
4467,2722994014,46.5379937,24.5736114
4468,2722994015,46.5379256,24.5731192
4469,2764081299,46.5396380,24.5763900
4470,2796353012,46.5070597,24.6197883
4471,2796353014,46.5075850,24.6195180
4472,2796353015,46.5073387,24.6197779
4473,2796353016,46.5074965,24.6200928
4474,2797141426,46.5302806,24.5895153
4475,2797162335,46.5312818,24.5924500
4476,2797162365,46.5314407,24.5913991
4477,2797162671,46.5315032,24.5918371
4478,2797162745,46.5319612,24.5904267
4479,2797162755,46.5320929,24.5893837
4480,2797162973,46.5325655,24.5901058
4481,2803560313,46.5239602,24.5419087
4482,2803560314,46.5240422,24.5421478
4483,2803560315,46.5240734,24.5422420
4484,2839220372,46.5495320,24.5776971
4485,2839220459,46.5506164,24.5787812
4486,2864825584,46.5225684,24.5449268
4487,2875396866,46.5135067,24.5150923
4488,2875396868,46.5135237,24.5152112
4489,2875396869,46.5135468,24.5148570
4490,2875396870,46.5136982,24.5154579
4491,2875396871,46.5136960,24.5146811
4492,2875396875,46.5138413,24.5154723
4493,2875396879,46.5140269,24.5152899
4494,2912869903,46.5308838,24.5942727
4495,2912928755,46.5446264,24.6363561
4496,2912928763,46.5454763,24.6364024
4497,2912928767,46.5455444,24.6294529
4498,2912928770,46.5456514,24.6347922
4499,2912928771,46.5456440,24.6338497
4500,2912928918,46.5506499,24.6275887
4501,2912928921,46.5512254,24.6272496
4502,2912928929,46.5532832,24.6288345
4503,2912928930,46.5535991,24.6286317
4504,2912928940,46.5554024,24.6374563
4505,2912928942,46.5561256,24.6373771
4506,2913341302,46.5102853,24.5186924
4507,2913341303,46.5103159,24.5184127
4508,2913341306,46.5104896,24.5182149
4509,2913341314,46.5108408,24.5185169
4510,2915771029,46.5308417,24.5945495
4511,2915771031,46.5309752,24.5946491
4512,2915771035,46.5311088,24.5944714
4513,2915771038,46.5310499,24.5942729
4514,2915771040,46.5310082,24.5942461
4515,2917427026,46.5307491,24.5935126
4516,2917789534,46.5391052,24.5597826
4517,2917852293,46.5491471,24.5519403
4518,2979699777,46.5295936,24.5844150
4519,2984894433,46.5429359,24.5645792
4520,2984894436,46.5430030,24.5647706
4521,2984894438,46.5431692,24.5640904
4522,3022258559,46.5513552,24.5739730
4523,3022258564,46.5517729,24.5733357
4524,3022258566,46.5518374,24.5743830
4525,3022258568,46.5518704,24.5742729
4526,3022545538,46.5510971,24.5729690
4527,3022545542,46.5512040,24.5730383
4528,3022545543,46.5512899,24.5727233
4529,3022545545,46.5521099,24.5732108
4530,3022547052,46.5544889,24.5764644
4531,3022547130,46.5564775,24.5776491
4532,3022547234,46.5565345,24.5745949
4533,3022547241,46.5566217,24.5774995
4534,3022547249,46.5568155,24.5763070
4535,3022547259,46.5570116,24.5767244
4536,3022702903,46.5594933,24.5669574
4537,3055774392,46.5528687,24.5764611
4538,3055774401,46.5533870,24.5755125
4539,3055774411,46.5537480,24.5763482
4540,3055774415,46.5539909,24.5766574
4541,3130397218,46.5074103,24.5812083
4542,3130397223,46.5095906,24.5809442
4543,3199865125,46.5437056,24.5592804
4544,3213149742,46.5431340,24.5588350
4545,3213149745,46.5432799,24.5591617
4546,3213149746,46.5432812,24.5586504
4547,3213149747,46.5434575,24.5595401
4548,3213149759,46.5436766,24.5598584
4549,3213149788,46.5448937,24.5620119
4550,3213149789,46.5450524,24.5622766
4551,3213149796,46.5456046,24.5632062
4552,3213149798,46.5456138,24.5621430
4553,3213149801,46.5457288,24.5622874
4554,3213149809,46.5459968,24.5637460
4555,3213149817,46.5463637,24.5631287
4556,3213149819,46.5464720,24.5633530
4557,3227289066,46.5459209,24.5880962
4558,3228792123,46.5084887,24.6157615
4559,3228799555,46.5081809,24.6144939
4560,3240254627,46.5999004,24.6343465
4561,3240254646,46.5998395,24.6343897
4562,3244683488,46.5301379,24.5816094
4563,3244683489,46.5301426,24.5811653
4564,3244683533,46.5318243,24.5829441
4565,3244683537,46.5322956,24.5827868
4566,3244683542,46.5323657,24.5783139
4567,3244683546,46.5326374,24.5867347
4568,3244687467,46.5329489,24.5866178
4569,3244687495,46.5331156,24.5861751
4570,3244687559,46.5337500,24.5844530
4571,3244773710,46.5361840,24.5902183
4572,3244773717,46.5364975,24.5889035
4573,3253956637,46.5342457,24.5944662
4574,3253956638,46.5342808,24.5937512
4575,3253956653,46.5343754,24.5943829
4576,3253958074,46.5344398,24.5946002
4577,3253958080,46.5345296,24.5942840
4578,3253958096,46.5345948,24.5945000
4579,3253958100,46.5346176,24.5951801
4580,3253958137,46.5347558,24.5944569
4581,3253958138,46.5347717,24.5950811
4582,3253958139,46.5348292,24.5946986
4583,3253958150,46.5348681,24.5931721
4584,3253958156,46.5349167,24.5933274
4585,3253958163,46.5349170,24.5949878
4586,3253958175,46.5350471,24.5949044
4587,3253958201,46.5351777,24.5941276
4588,3253958207,46.5351933,24.5941767
4589,3254250207,46.5359125,24.5934914
4590,3254250211,46.5359312,24.5935532
4591,3323997383,46.5796509,24.5053013
4592,3323997401,46.5806631,24.4997853
4593,3373023069,46.5448636,24.5314009
4594,3376868787,46.5110480,24.6109707
4595,3376868789,46.5067525,24.6184099
4596,3376868790,46.5071436,24.6146965
4597,3376869595,46.5113015,24.6106461
4598,3376869600,46.5088048,24.6078703
4599,3376869607,46.5105652,24.6119153
4600,3376869620,46.5075850,24.6082771
4601,3376869625,46.5083540,24.6164407
4602,3376869627,46.5117065,24.6148678
4603,3376869628,46.5080082,24.6158424
4604,3376869629,46.5085870,24.6191544
4605,3376869630,46.5070732,24.6171320
4606,3377493613,46.5218211,24.5330403
4607,3377517996,46.5474068,24.5289060
4608,3377517997,46.5462015,24.5306665
4609,3377517998,46.5465965,24.5307473
4610,3377517999,46.5470770,24.5284459
4611,3377518002,46.5488416,24.5307910
4612,3377518004,46.5476301,24.5292386
4613,3377518007,46.5479256,24.5283582
4614,3377518008,46.5469891,24.5282884
4615,3377518009,46.5458161,24.5302511
4616,3377518010,46.5474742,24.5290026
4617,3377518012,46.5481016,24.5267768
4618,3378750612,46.5138096,24.6139888
4619,3383929895,46.5301889,24.5021409
4620,3384040441,46.5353296,24.5000472
4621,3384065727,46.5524419,24.5331075
4622,3384065737,46.5512077,24.5326627
4623,3384065738,46.5522609,24.5372759
4624,3385617725,46.5727121,24.5197611
4625,3385617742,46.5702088,24.5193564
4626,3385619129,46.5962864,24.5745691
4627,3385619140,46.5991509,24.5702602
4628,3385619157,46.5932721,24.5801880
4629,3388986957,46.5949370,24.5726056
4630,3388986958,46.5935651,24.5770055
4631,3388986970,46.5960644,24.5795590
4632,3388986979,46.5946532,24.5771672
4633,3388986982,46.5956369,24.5735938
4634,3388986989,46.6028798,24.5760940
4635,3388987295,46.5941869,24.5779373
4636,3388987296,46.5985308,24.5746954
4637,3388987297,46.6008463,24.5814345
4638,3388987323,46.5967749,24.5733189
4639,3388987324,46.5952931,24.5720904
4640,3388987329,46.5967288,24.5712777
4641,3388987335,46.5973862,24.5733821
4642,3388987337,46.5993502,24.5835848
4643,3391318098,46.5333544,24.5717606
4644,3391318101,46.5335310,24.5716832
4645,3391318102,46.5335277,24.5716632
4646,3391318110,46.5333284,24.5723922
4647,3392191988,46.5633379,24.5832139
4648,3392191989,46.5637357,24.5825331
4649,3409717091,46.5334282,24.5715708
4650,3447973708,46.5394584,24.5572677
4651,3447973709,46.5395556,24.5573467
4652,3447973712,46.5399718,24.5573586
4653,3447973716,46.5394114,24.5577364
4654,3447973717,46.5394820,24.5572070
4655,3447973719,46.5396141,24.5572844
4656,3450281412,46.5198077,24.5624312
4657,3450281434,46.5195920,24.5548404
4658,3490111120,46.5705757,24.5332339
4659,3490111124,46.5718676,24.5315074
4660,3490111127,46.5727579,24.5324726
4661,3544520537,46.5081355,24.5785497
4662,3544520544,46.5094440,24.5799709
4663,3596034535,46.5490145,24.6316561
4664,3596034543,46.5515132,24.6256402
4665,3596034545,46.5515085,24.6252022
4666,3596034547,46.5515657,24.6270757
4667,3596034553,46.5523445,24.6242544
4668,3596034558,46.5525501,24.6262139
4669,3596034560,46.5526089,24.6596435
4670,3596034563,46.5528901,24.6277500
4671,3596034566,46.5534494,24.6597997
4672,3596034567,46.5534547,24.6312355
4673,3596034568,46.5535407,24.6598117
4674,3596034573,46.5537318,24.6599317
4675,3596034591,46.5544331,24.6685746
4676,3596034716,46.5563191,24.6634399
4677,3596035101,46.5685605,24.6142430
4678,3596130336,46.5440035,24.5554866
4679,3596130337,46.5440176,24.5554450
4680,3596130338,46.5441282,24.5554228
4681,3596130344,46.5440863,24.5556320
4682,3596130351,46.5441500,24.5555739
4683,3598250095,46.5303762,24.5576199
4684,3598509490,46.5807917,24.5489100
4685,3598509491,46.5818655,24.5478291
4686,3600823807,46.5281452,24.5883691
4687,3601047940,46.5578514,24.5479224
4688,3601047943,46.5579307,24.5475579
4689,3601047947,46.5580688,24.5472077
4690,3601047950,46.5581763,24.5473583
4691,3616033389,46.5387655,24.5589268
4692,3616100792,46.5587307,24.5770757
4693,3616102695,46.5586319,24.5770078
4694,3616102696,46.5585300,24.5772023
4695,3616102703,46.5585289,24.5771472
4696,3616102705,46.5586681,24.5773274
4697,3616102706,46.5587009,24.5773062
4698,3617134096,46.5597818,24.5676693
4699,3617134099,46.5597280,24.5676065
4700,3617134102,46.5596617,24.5676352
4701,3620518122,46.5496272,24.5647396
4702,3620518126,46.5575639,24.5814408
4703,3620518128,46.5580294,24.5821170
4704,3662335526,46.5482822,24.6364205
4705,3706593953,46.5366702,24.5565355
4706,3706594010,46.5372872,24.5556415
4707,3706594257,46.5374933,24.5550514
4708,3708643877,46.5290862,24.5467074
4709,3708643878,46.5290888,24.5468042
4710,3708643882,46.5291522,24.5466049
4711,3708643886,46.5291922,24.5469040
4712,3708643889,46.5292476,24.5466223
4713,3708643891,46.5292761,24.5468360
4714,3708643894,46.5292941,24.5467447
4715,3708669083,46.5468671,24.5701738
4716,3708669086,46.5481931,24.5713130
4717,3717552261,46.5536374,24.5314106
4718,3726022486,46.5508488,24.5551773
4719,3726022487,46.5509565,24.5552490
4720,3726022489,46.5509748,24.5548664
4721,3726022492,46.5508290,24.5549845
4722,3726022495,46.5510249,24.5552174
4723,3726022498,46.5510838,24.5550780
4724,3726022500,46.5509420,24.5548640
4725,3726022502,46.5509953,24.5554880
4726,3726022503,46.5508089,24.5554825
4727,3727991557,46.5303571,24.4974015
4728,3727991558,46.5304966,24.4980960
4729,3727991560,46.5305187,24.4981996
4730,3727991561,46.5307147,24.4990837
4731,3727991562,46.5308172,24.4995723
4732,3727991563,46.5312126,24.5015180
4733,3830123463,46.5661895,24.5394533
4734,3830123467,46.5684143,24.5349256
4735,3830134592,46.5628632,24.5417562
4736,3830135451,46.5618826,24.5429542
4737,3830135452,46.5639993,24.5414503
4738,3830135559,46.5620720,24.5439252
4739,3830138331,46.5704824,24.5335969
4740,3830139850,46.5604186,24.5255053
4741,3830139854,46.5612083,24.5239389
4742,3830139856,46.5618372,24.5242335
4743,3830139974,46.5590920,24.5226035
4744,3830141045,46.5645058,24.5192592
4745,3830150932,46.5642101,24.5343864
4746,3830150934,46.5646268,24.5334530
4747,3830150935,46.5652523,24.5353329
4748,3830150937,46.5660047,24.5359856
4749,3830150938,46.5665412,24.5347679
4750,3830150939,46.5637719,24.5340814
4751,3830151725,46.5613542,24.5376619
4752,3830151726,46.5626024,24.5351826
4753,3830151727,46.5609553,24.5373380
4754,3830151728,46.5617467,24.5358110
4755,3830151729,46.5605639,24.5369662
4756,3830151730,46.5617904,24.5345417
4757,3830169081,46.5566517,24.5462090
4758,3830169092,46.5569463,24.5448734
4759,3830169193,46.5586654,24.5386387
4760,3830169201,46.5616918,24.5404745
4761,3830169202,46.5618216,24.5403847
4762,3830169206,46.5617269,24.5405008
4763,3830169209,46.5618012,24.5404668
4764,3830169211,46.5617599,24.5402793
4765,3830169216,46.5616666,24.5403750
4766,3830180850,46.5526151,24.5592469
4767,3830180851,46.5526205,24.5589793
4768,3830180853,46.5526575,24.5588689
4769,3830180855,46.5524257,24.5587231
4770,3830191759,46.5487349,24.5450269
4771,3830191766,46.5077284,24.6153933
4772,3830191767,46.5066267,24.6169087
4773,3830193036,46.5630384,24.5480464
4774,3830193037,46.5632707,24.5478374
4775,3830193038,46.5628579,24.5478249
4776,3830196464,46.5615939,24.5482242
4777,3830196466,46.5616217,24.5487228
4778,3830196467,46.5603014,24.5620062
4779,3831756666,46.5712917,24.5572887
4780,3832032957,46.5590497,24.5425354
4781,3832032961,46.5598339,24.5439038
4782,3832032962,46.5592807,24.5431269
4783,3832032963,46.5593712,24.5429941
4784,3832032998,46.5595866,24.5443737
4785,3832032999,46.5587938,24.5432079
4786,3832033050,46.5593419,24.5448413
4787,3832033052,46.5586165,24.5437702
4788,3832033275,46.5612910,24.5452466
4789,3834457657,46.5617848,24.5406632
4790,3933142497,46.5681954,24.5459697
4791,4022222284,46.5382550,24.5442137
4792,4157506679,46.5297313,24.5468621
4793,4157506681,46.5295765,24.5464718
4794,4157506684,46.5296621,24.5466429
4795,4157506688,46.5298410,24.5467461
4796,4157507090,46.5299202,24.5469044
4797,4157507094,46.5301003,24.5459181
4798,4157507097,46.5301860,24.5460892
4799,4157507098,46.5301935,24.5479434
4800,4157507100,46.5302816,24.5462804
4801,4157507102,46.5302942,24.5480926
4802,4157507105,46.5305197,24.5481027
4803,4167927510,46.5294943,24.5466758
4804,4167927511,46.5296293,24.5469127
4805,4236388696,46.5508834,24.5266992
4806,4236388697,46.5509074,24.5266063
4807,4236388700,46.5509682,24.5265613
4808,4236388701,46.5510085,24.5268272
4809,4264649382,46.5492260,24.5535064
4810,4264650889,46.5494928,24.5534776
4811,4264662817,46.5508739,24.5476939
4812,4315480179,46.5366733,24.5734569
4813,4319808400,46.5383110,24.5581443
4814,4319808497,46.5387366,24.5583075
4815,4351335606,46.5343301,24.5593452
4816,4351335608,46.5343366,24.5593178
4817,4351335610,46.5343887,24.5594690
4818,4351335613,46.5344268,24.5592673
4819,4351335614,46.5344708,24.5593929
4820,4359652912,46.5211600,24.5337316
4821,4359652913,46.5205722,24.5343478
4822,4359661081,46.5219115,24.5352901
4823,4366214759,46.5421729,24.6116021
4824,4375833604,46.5576002,24.5736814
4825,4393810986,46.5577189,24.5750632
4826,4393810987,46.5566212,24.5728899
4827,4394643404,46.5316215,24.5498433
4828,4394643407,46.5324088,24.5490213
4829,4394643410,46.5317889,24.5495948
4830,4394643411,46.5318750,24.5497307
4831,4394643416,46.5319291,24.5498038
4832,4394643417,46.5319688,24.5498761
4833,4394643420,46.5321385,24.5501276
4834,4394643423,46.5323584,24.5488737
4835,4396149795,46.5676809,24.5871250
4836,4396149878,46.5682991,24.5883042
4837,4396149989,46.5683427,24.5887245
4838,4396150003,46.5684012,24.5889060
4839,4396150013,46.5684277,24.5886328
4840,4396150027,46.5685195,24.5887669
4841,4396150028,46.5685217,24.5849653
4842,4396150054,46.5686961,24.5865261
4843,4396150075,46.5688402,24.5845688
4844,4396150085,46.5687749,24.5892510
4845,4396150228,46.5693089,24.5878305
4846,4397170363,46.5260134,24.5427772
4847,4397170364,46.5249204,24.5441594
4848,4430602704,46.5580358,24.5378258
4849,4430602706,46.5570498,24.5369714
4850,4430602708,46.5565138,24.5364734
4851,4430602726,46.5542779,24.5365117
4852,4430615401,46.5572884,24.5443917
4853,4445555542,46.5104611,24.5104948
4854,4445555544,46.5104605,24.5104281
4855,4559258744,46.5768069,24.6338485
4856,4559258745,46.5767720,24.6339080
4857,4567026244,46.5390264,24.5708990
4858,4567026249,46.5387373,24.5705845
4859,4690230128,46.5455001,24.6227904
4860,4690230129,46.5453937,24.6228122
4861,4690230133,46.5452116,24.6229729
4862,4692752125,46.5133848,24.5212105
4863,4692752135,46.5164756,24.5205179
4864,4692752137,46.5153256,24.5193925
4865,4732141732,46.5497623,24.6257755
4866,4732141733,46.5506153,24.6255390
4867,4732141734,46.5505161,24.6245484
4868,4758234236,46.5135108,24.6082199
4869,4758234237,46.5139656,24.6077497
4870,4758312755,46.5357703,24.5988736
4871,4758312756,46.5360592,24.5986973
4872,4803078725,46.5724860,24.6157880
4873,4836413052,46.5230341,24.5355044
4874,4939275221,46.5560754,24.5474388
4875,4939275222,46.5559529,24.5471435
4876,4939275229,46.5545002,24.5503692
4877,4939275241,46.5556513,24.5478924
4878,4939275245,46.5556647,24.5475950
4879,4939275248,46.5557416,24.5478260
4880,4939275251,46.5555597,24.5477935
4881,4939275253,46.5555538,24.5477411
4882,4939275255,46.5556436,24.5475979
4883,4942584772,46.5512935,24.5546965
4884,4942584773,46.5512722,24.5547330
4885,4942584785,46.5549065,24.5610076
4886,4942584794,46.5567417,24.5471011
4887,5041665228,46.5196026,24.5328190
4888,5041665235,46.5205510,24.5342028
4889,5277415017,46.5554275,24.5533202
4890,5277415321,46.5563846,24.5526505
4891,5344944178,46.5094056,24.6129316
4892,5344944179,46.5099788,24.6118265
4893,5344944180,46.5096170,24.6125333
4894,5344944182,46.5102251,24.6133035
4895,5344944187,46.5052160,24.6174404
4896,5344944188,46.5072760,24.6113553
4897,5344944195,46.5086694,24.6101128
4898,5344944197,46.5091029,24.6105411
4899,5344944208,46.5064331,24.6164875
4900,5344944209,46.5075293,24.6150929
4901,5344944210,46.5095570,24.6113504
4902,5349004686,46.5561979,24.5415965
4903,5359686039,46.5694567,24.5351341
4904,5359686041,46.5688511,24.5369764
4905,5359686043,46.5676731,24.5404759
4906,5376613916,46.5737468,24.5454627
4907,5465132218,46.5578219,24.5436429
4908,5678499806,46.5079981,24.5033768
4909,5678499807,46.5083811,24.5029959
4910,5718182304,46.5707085,24.5860249
4911,5801570433,46.5520553,24.5666099
4912,5907053221,46.5458991,24.6133612
4913,5907086809,46.5443096,24.6178775
4914,5907086812,46.5467301,24.6164367
4915,5907105089,46.5469836,24.6134870
4916,5907105096,46.5433226,24.6147908
4917,6060924026,46.5520330,24.5581973
4918,6060924027,46.5525245,24.5577796
4919,6060924039,46.5526665,24.5585773
4920,6060924040,46.5521573,24.5584869
4921,6060924042,46.5516671,24.5572781
4922,6060924043,46.5519893,24.5570299
4923,6060924044,46.5521563,24.5574525
4924,6068409696,46.5501423,24.5622560
4925,6269996056,46.5398209,24.5844720
4926,6269996058,46.5396100,24.5846974
4927,6269996064,46.5397571,24.5848136
4928,6269996065,46.5397377,24.5848931
4929,6269996070,46.5396060,24.5849183
4930,6269996072,46.5395731,24.5848488
4931,6274481639,46.5310940,24.5486795
4932,6274481646,46.5334857,24.5502350
4933,6274481658,46.5326285,24.5483450
4934,6274481661,46.5331085,24.5493821
4935,6274481662,46.5331076,24.5497509
4936,6274481664,46.5331477,24.5496065
4937,6274481665,46.5322524,24.5508466
4938,6290769471,46.5754683,24.6037804
4939,6295285332,46.5177036,24.5471263
4940,6295285333,46.5134233,24.5647001
4941,6360202940,46.5626976,24.5642248
4942,6360202946,46.5541533,24.5787411
4943,6384957552,46.5813378,24.5483516
4944,6384957553,46.5817094,24.5489093
4945,6440175421,46.5955716,24.6285875
4946,6440175424,46.5960253,24.6292071
4947,6440195473,46.5957965,24.6288947
4948,6440195474,46.5960246,24.6285276
4949,6512107860,46.5742378,24.6410412
4950,6512158311,46.5750392,24.6052987
4951,6512158313,46.5755266,24.6059776
4952,6512158316,46.5726926,24.6062628
4953,6512158330,46.5741043,24.6048831
4954,6512211625,46.5954324,24.6321198
4955,6514109673,46.5829923,24.6109932
4956,6514109680,46.5827864,24.6111897
4957,6514145285,46.5828309,24.6110569
4958,6514145286,46.5828548,24.6110588
4959,6514145288,46.5829004,24.6111325
4960,6514145289,46.5828989,24.6111684
4961,6514145293,46.5828234,24.6112314
4962,6514145294,46.5828021,24.6112159
4963,6514159432,46.5999724,24.6348158
4964,6514159439,46.5997760,24.6345593
4965,6514159445,46.5993289,24.6337451
4966,6514248484,46.5522067,24.6455759
4967,6514259883,46.5565359,24.6572165
4968,6514279385,46.5521152,24.6456003
4969,6514279394,46.5555041,24.6364739
4970,6514279413,46.5527259,24.6294350
4971,6514279421,46.5458047,24.6295063
4972,6514279422,46.5458905,24.6295023
4973,6514279515,46.5432481,24.6468196
4974,6514279543,46.5446093,24.6324822
4975,6514279545,46.5441112,24.6363902
4976,6514279551,46.5534544,24.6256395
4977,6514279552,46.5533442,24.6245183
4978,6514279554,46.5518808,24.6268833
4979,6514279555,46.5509706,24.6254538
4980,6514279556,46.5489447,24.6255704
4981,6514279557,46.5496982,24.6251647
4982,6514279561,46.5429822,24.6242344
4983,6514279575,46.5409030,24.6168315
4984,6514279576,46.5406502,24.6160430
4985,6514279577,46.5412520,24.6152601
4986,6514279578,46.5399822,24.6149114
4987,6514279580,46.5410386,24.6135633
4988,6514279582,46.5412174,24.6147444
4989,6514279584,46.5413623,24.6162246
4990,6514279591,46.5434858,24.6216783
4991,6514279595,46.5417139,24.6173855
4992,6514279596,46.5416662,24.6174075
4993,6514279597,46.5417918,24.6173467
4994,6514279608,46.5417313,24.6169656
4995,6514279610,46.5416409,24.6162602
4996,6514279611,46.5436216,24.6156720
4997,6514279612,46.5415321,24.6157077
4998,6514279613,46.5433585,24.6148910
4999,6518810748,46.5839918,24.6170941
5000,6518810749,46.5826043,24.6193219
5001,6518839740,46.5847088,24.6135558
5002,6518839741,46.5845560,24.6133364
5003,6519200722,46.5084776,24.6129570
5004,6519200729,46.5093928,24.6229912
5005,6519200737,46.5075245,24.6229696
5006,6519200752,46.5081014,24.6213457
5007,6519200753,46.5110752,24.6242507
5008,6519200759,46.5094924,24.6382543
5009,6519200763,46.5090558,24.6380907
5010,6519200778,46.5046983,24.6420058
5011,6519211289,46.5043348,24.6451719
5012,6519211291,46.5041751,24.6451740
5013,6519211300,46.5041149,24.6410667
5014,6519211301,46.5035249,24.6400783
5015,6519275338,46.5177522,24.6329036
5016,6519275344,46.5180278,24.6317919
5017,6519275347,46.5181723,24.6327799
5018,6519275360,46.5208966,24.6321899
5019,6519275363,46.5225629,24.6323671
5020,6519275364,46.5225974,24.6308513
5021,6519275370,46.5199517,24.6301092
5022,6519275371,46.5186653,24.6291101
5023,6519275374,46.5198626,24.6288288
5024,6519275375,46.5199920,24.6307375
5025,6519275379,46.5198077,24.6277258
5026,6519275380,46.5207906,24.6257992
5027,6519275383,46.5204405,24.6281771
5028,6519287912,46.5255998,24.6141853
5029,6519287925,46.5251770,24.6150319
5030,6519287926,46.5270750,24.6133523
5031,6519287941,46.5264044,24.6115611
5032,6519287942,46.5265734,24.6100348
5033,6519287962,46.5248085,24.6096736
5034,6519287964,46.5242343,24.6098161
5035,6519287983,46.5214358,24.6126779
5036,6519287984,46.5214963,24.6161864
5037,6519287989,46.5203439,24.6143954
5038,6519287993,46.5201554,24.6144993
5039,6519288002,46.5181294,24.6129430
5040,6531855033,46.5510618,24.5266362
5041,6541038578,46.5765150,24.6049017
5042,6541038581,46.5765646,24.6049404
5043,6541038584,46.5765310,24.6050309
5044,6541064287,46.5764815,24.6049918
5045,6541064289,46.5764834,24.6049350
5046,6541064291,46.5771770,24.6053667
5047,6541064300,46.5796896,24.6069650
5048,6541064301,46.5814456,24.6094149
5049,6541064302,46.5804888,24.6080423
5050,6541064303,46.5795809,24.6068591
5051,6541064321,46.5754140,24.6034449
5052,6541064322,46.5753593,24.6035026
5053,6541064324,46.5752938,24.6032190
5054,6541064329,46.5711111,24.5966772
5055,6541064333,46.5673798,24.5908370
5056,6541064347,46.5705229,24.5960271
5057,6541064373,46.5734610,24.5994161
5058,6541064374,46.5741627,24.6012072
5059,6541064378,46.5665335,24.5893587
5060,6541111051,46.5818227,24.5439693
5061,6541111052,46.5811670,24.5422291
5062,6541111078,46.5782473,24.5510772
5063,6541118988,46.5859447,24.5454573
5064,6541118992,46.5850227,24.5448661
5065,6541118993,46.5853757,24.5445178
5066,6541119004,46.5842549,24.5548966
5067,6541128686,46.5718401,24.5428781
5068,6541128687,46.5722638,24.5418697
5069,6541128688,46.5723119,24.5432492
5070,6541128689,46.5727334,24.5422891
5071,6541128690,46.5727643,24.5436859
5072,6541128691,46.5731958,24.5426920
5073,6541128700,46.5753984,24.5447391
5074,6541128709,46.5758327,24.5438325
5075,6541128716,46.5784132,24.5364928
5076,6541128725,46.5769924,24.5375945
5077,6541128731,46.5764794,24.5360524
5078,6541128732,46.5766567,24.5366974
5079,6541128745,46.5749604,24.5371466
5080,6541128750,46.5747397,24.5381447
5081,6542996865,46.5669422,24.5327906
5082,6542996869,46.5657907,24.5316124
5083,6542996872,46.5689378,24.5417572
5084,6542996873,46.5677804,24.5442472
5085,6542996874,46.5698982,24.5397003
5086,6542996875,46.5714096,24.5360608
5087,6542996876,46.5680472,24.5448106
5088,6542996877,46.5694110,24.5422158
5089,6542996880,46.5719127,24.5365223
5090,6542996884,46.5690922,24.5372206
5091,6543014097,46.5674188,24.5401704
5092,6543085536,46.5590761,24.5126894
5093,6543085563,46.5515369,24.5051388
5094,6543085564,46.5514154,24.5051306
5095,6543085570,46.5517019,24.5056941
5096,6543085576,46.5519308,24.5123729
5097,6543128921,46.5417350,24.4989189
5098,6543128929,46.5410672,24.4988224
5099,6543128945,46.5415247,24.4997290
5100,6543128951,46.5421815,24.5004961
5101,6543128961,46.5421681,24.5017238
5102,6543128967,46.5425233,24.5056564
5103,6543128968,46.5428919,24.5062525
5104,6543128969,46.5426873,24.5053753
5105,6543128970,46.5430539,24.5059585
5106,6543128971,46.5428557,24.5050667
5107,6543128972,46.5432387,24.5056233
5108,6543128973,46.5430475,24.5046196
5109,6543128974,46.5434589,24.5052237
5110,6543128975,46.5460360,24.5027568
5111,6543129887,46.5425980,24.5082252
5112,6543129892,46.5466655,24.5157131
5113,6543129904,46.5454163,24.5167790
5114,6543129905,46.5456350,24.5132768
5115,6543129912,46.5478064,24.5060465
5116,6543129925,46.5466356,24.5074867
5117,6543129926,46.5480092,24.5090074
5118,6543129933,46.5494060,24.5094636
5119,6543172114,46.5313849,24.4830286
5120,6543172118,46.5353827,24.4848454
5121,6543172119,46.5348529,24.4831470
5122,6543172120,46.5353440,24.4857412
5123,6543172124,46.5334324,24.4937825
5124,6543172126,46.5324725,24.4946046
5125,6543172128,46.5309821,24.5030144
5126,6543172138,46.5307849,24.5038226
5127,6543172147,46.5316579,24.5049095
5128,6543172152,46.5304846,24.5038471
5129,6543172155,46.5377276,24.4959317
5130,6543172156,46.5371075,24.4967409
5131,6543172157,46.5378608,24.4962169
5132,6543172158,46.5371840,24.4970998
5133,6543172159,46.5367240,24.4945711
5134,6543172164,46.5445926,24.5203249
5135,6543172165,46.5434837,24.5216613
5136,6543172166,46.5441324,24.5198957
5137,6543172167,46.5431749,24.5210290
5138,6543172168,46.5437551,24.5192394
5139,6543172169,46.5428455,24.5203419
5140,6543172170,46.5435907,24.5188554
5141,6543172171,46.5426674,24.5199704
5142,6543172174,46.5417391,24.5180910
5143,6543196688,46.5344322,24.5041073
5144,6543196689,46.5339742,24.5038708
5145,6543196691,46.5337648,24.5055286
5146,6543196696,46.5342764,24.5058950
5147,6543196703,46.5373461,24.5076574
5148,6543196724,46.5380171,24.5070150
5149,6543212158,46.5502878,24.5063078
5150,6543212159,46.5500538,24.5060304
5151,6543212161,46.5498134,24.5055967
5152,6543212180,46.5555926,24.5080565
5153,6543215785,46.5538016,24.5059617
5154,6543215786,46.5565863,24.5030543
5155,6543215788,46.5574012,24.5039937
5156,6543215792,46.5565729,24.5050825
5157,6543315036,46.5280126,24.5145252
5158,6543315037,46.5278895,24.5146371
5159,6543440086,46.5271076,24.4993535
5160,6543440092,46.5287906,24.4938965
5161,6543440093,46.5289631,24.4964286
5162,6543440094,46.5292529,24.4991282
5163,6543440095,46.5199235,24.5143799
5164,6543521259,46.5289039,24.5000808
5165,6543593867,46.5276648,24.5348819
5166,6543593870,46.5266476,24.5225077
5167,6543613764,46.5247326,24.5338925
5168,6543621086,46.5153605,24.5285466
5169,6543636618,46.5205201,24.5473462
5170,6543636634,46.5184589,24.5487505
5171,6543636635,46.5187310,24.5482167
5172,6543636636,46.5186592,24.5481848
5173,6543636643,46.5191508,24.5460665
5174,6543636644,46.5193475,24.5465310
5175,6543636645,46.5183047,24.5465775
5176,6543636648,46.5182358,24.5469222
5177,6543642877,46.5197726,24.5591125
5178,6543647585,46.5228390,24.5622039
5179,6543647587,46.5223076,24.5602006
5180,6545397056,46.5242912,24.5395462
5181,6545397065,46.5245142,24.5384089
5182,6545397067,46.5241198,24.5405359
5183,6545397072,46.5235672,24.5376581
5184,6545397073,46.5231021,24.5403537
5185,6545397080,46.5232379,24.5391384
5186,6545397081,46.5229544,24.5394230
5187,6545397084,46.5239307,24.5383662
5188,6545605686,46.5292764,24.5597891
5189,6545605706,46.5291124,24.5599442
5190,6545631846,46.5246831,24.5665233
5191,6545631848,46.5244227,24.5659049
5192,6545631850,46.5239751,24.5648378
5193,6545658639,46.5217678,24.5680300
5194,6545658641,46.5211845,24.5685523
5195,6545719377,46.5199703,24.5675384
5196,6545825159,46.5091906,24.5686269
5197,6545825161,46.5107338,24.5700189
5198,6545825162,46.5108280,24.5701048
5199,6545825163,46.5111009,24.5703238
5200,6545825164,46.5123474,24.5710865
5201,6545825165,46.5112127,24.5700657
5202,6545825166,46.5170199,24.5660439
5203,6545851608,46.5118602,24.5685717
5204,6545851612,46.5095657,24.5677065
5205,6545851614,46.5115016,24.5693986
5206,6545851615,46.5093050,24.5666715
5207,6545851617,46.5111254,24.5682597
5208,6545851618,46.5108793,24.5688693
5209,6545851623,46.5114251,24.5681790
5210,6545851624,46.5114799,24.5682225
5211,6545851626,46.5107450,24.5670414
5212,6545851628,46.5115555,24.5677662
5213,6545851629,46.5116229,24.5678271
5214,6545851630,46.5120317,24.5681863
5215,6545851631,46.5100798,24.5655815
5216,6545851633,46.5116497,24.5669501
5217,6545851634,46.5117078,24.5669991
5218,6545851635,46.5123227,24.5675043
5219,6545851636,46.5097507,24.5647873
5220,6545851640,46.5118787,24.5666291
5221,6545851641,46.5119590,24.5667051
5222,6545851642,46.5124904,24.5671124
5223,6545851643,46.5127754,24.5664004
5224,6545851653,46.5131879,24.5652366
5225,6545857027,46.5099764,24.5819962
5226,6545857032,46.5096697,24.5798943
5227,6545857037,46.5095386,24.5804764
5228,6545998846,46.5401779,24.5915222
5229,6545998847,46.5408359,24.5915128
5230,6545998849,46.5406689,24.5921448
5231,6546265923,46.5641678,24.5807700
5232,6546265924,46.5653304,24.5789343
5233,6546269108,46.5852015,24.5705817
5234,6546302735,46.5496964,24.5805760
5235,6546302741,46.5472244,24.5879377
5236,6548033921,46.5593012,24.5751512
5237,6548194350,46.5547531,24.5789060
5238,6548194351,46.5559163,24.5780902
5239,6548520657,46.5338142,24.5719089
5240,6548520662,46.5335043,24.5718016
5241,6548520665,46.5334210,24.5715724
5242,6548520671,46.5302176,24.5787958
5243,6548520672,46.5306141,24.5788741
5244,6548542481,46.5336116,24.5678746
5245,6548542484,46.5322740,24.5664665
5246,6548546250,46.5395030,24.5766050
5247,6548556785,46.5318186,24.5690821
5248,6555701023,46.5561583,24.5112084
5249,6555701024,46.5564189,24.5107316
5250,6555701027,46.5584865,24.5120717
5251,6555726814,46.5395507,24.5143783
5252,6555726822,46.5400903,24.5152694
5253,6555726834,46.5414710,24.5175386
5254,6555851598,46.5331777,24.5493230
5255,6556060648,46.5414841,24.5576281
5256,6556060649,46.5414886,24.5575613
5257,6556060650,46.5411909,24.5575489
5258,6556184096,46.5442814,24.5554159
5259,6556184100,46.5441206,24.5554156
5260,6556184104,46.5438354,24.5555363
5261,6556184111,46.5440249,24.5555993
5262,6556184119,46.5442149,24.5557780
5263,6556226553,46.5366161,24.5404799
5264,6556226561,46.5366166,24.5400916
5265,6556226564,46.5365899,24.5400454
5266,6556226566,46.5369959,24.5404282
5267,6556329913,46.5407876,24.5230386
5268,6556329914,46.5400413,24.5225745
5269,6556329915,46.5406841,24.5218081
5270,6556329916,46.5405743,24.5220785
5271,6556329918,46.5411754,24.5225546
5272,6556329919,46.5419919,24.5237112
5273,6556329921,46.5449677,24.5294707
5274,6556329929,46.5468278,24.5280490
5275,6556329930,46.5447015,24.5297698
5276,6556329931,46.5460911,24.5244573
5277,6556329932,46.5466187,24.5277237
5278,6556329933,46.5465358,24.5275849
5279,6556329938,46.5449967,24.5255881
5280,6556358210,46.5428499,24.5337272
5281,6556366904,46.5508939,24.5267607
5282,6556366906,46.5510200,24.5268201
5283,6556366908,46.5506618,24.5300315
5284,6556366914,46.5488591,24.5294677
5285,6556366915,46.5485900,24.5300615
5286,6556366916,46.5492678,24.5298413
5287,6556366925,46.5490041,24.5304289
5288,6556366926,46.5485136,24.5276599
5289,6556366927,46.5487878,24.5279065
5290,6556366933,46.5481254,24.5282039
5291,6556366934,46.5476051,24.5274525
5292,6556366937,46.5479244,24.5264847
5293,6556366938,46.5483857,24.5271969
5294,6556366941,46.5478477,24.5274267
5295,6556366942,46.5474886,24.5268505
5296,6556366943,46.5477439,24.5272641
5297,6556397533,46.5525570,24.5271494
5298,6556397535,46.5523489,24.5306024
5299,6556397536,46.5527005,24.5306046
5300,6556397537,46.5526888,24.5311134
5301,6556397539,46.5523306,24.5311006
5302,6556397541,46.5523109,24.5320144
5303,6556397545,46.5560590,24.5202397
5304,6556397556,46.5578302,24.5196186
5305,6558060405,46.5492005,24.5528210
5306,6558060414,46.5494408,24.5533376
5307,6558094792,46.5471376,24.5409683
5308,6558094793,46.5487204,24.5422595
5309,6558138424,46.5520563,24.5443653
5310,6558138425,46.5519794,24.5410622
5311,6558138436,46.5535071,24.5406501
5312,6558162612,46.5876285,24.6029691
5313,6558162614,46.5878806,24.6032940
5314,6558162618,46.5871694,24.6037709
5315,6558162619,46.5851886,24.6057580
5316,6558162623,46.5867943,24.6042030
5317,6558162627,46.5807036,24.6051800
5318,6558162628,46.5810217,24.6057734
5319,6558162629,46.5808382,24.6038362
5320,6558162630,46.5815529,24.6050966
5321,6558162631,46.5809502,24.6020933
5322,6558162634,46.5805682,24.6017359
5323,6558162637,46.5799826,24.6026142
5324,6558162638,46.5792299,24.6018185
5325,6558162639,46.5798451,24.6009196
5326,6558163635,46.5901650,24.6235066
5327,6558163638,46.5908353,24.6221503
5328,6558163639,46.5898175,24.6234673
5329,6558163643,46.5902750,24.6213893
5330,6558163644,46.5877093,24.6160902
5331,6558163645,46.5883266,24.6150898
5332,6558163646,46.5899153,24.6150476
5333,6558163647,46.5888842,24.6136485
5334,6558163648,46.5893510,24.6142737
5335,6558163649,46.5897713,24.6136384
5336,6558163650,46.5915324,24.6121323
5337,6558163651,46.5902204,24.6142850
5338,6558163652,46.5903504,24.6108042
5339,6558163653,46.5891344,24.6127581
5340,6558179642,46.5696404,24.6113415
5341,6558179647,46.5830758,24.6314598
5342,6558179652,46.5820125,24.6314052
5343,6558179653,46.5816235,24.6235558
5344,6558179654,46.5805100,24.6240642
5345,6558179655,46.5781963,24.6181270
5346,6558179656,46.5790528,24.6174291
5347,6558179657,46.5779990,24.6160591
5348,6558179662,46.5784974,24.6157154
5349,6558179663,46.5767047,24.6136454
5350,6558179664,46.5760962,24.6151090
5351,6558206632,46.5467135,24.6176491
5352,6558206634,46.5464375,24.6165697
5353,6558206639,46.5443672,24.6108583
5354,6558206640,46.5424434,24.6123346
5355,6558206641,46.5440534,24.6101013
5356,6558206642,46.5431306,24.6104224
5357,6558206646,46.5419488,24.6110438
5358,6558206647,46.5427703,24.6101351
5359,6558206648,46.5418590,24.6108378
5360,6558206658,46.5403772,24.6125572
5361,6558206666,46.5407138,24.6121136
5362,6558206671,46.5421457,24.6115317
5363,6558206672,46.5388317,24.6097326
5364,6558206673,46.5396423,24.6086707
5365,6558232286,46.5389907,24.6076235
5366,6558232288,46.5362702,24.6036538
5367,6558232289,46.5370464,24.6040183
5368,6558232293,46.5383009,24.6032399
5369,6558263222,46.5138995,24.6057031
5370,6558263223,46.5062544,24.6245772
5371,6558263231,46.5031860,24.6227144
5372,6558263236,46.5039949,24.6230412
5373,6558263237,46.5156308,24.6117487
5374,6558263240,46.5207690,24.6072366
5375,6558263245,46.5214073,24.6074100
5376,6558263247,46.5211366,24.6068588
5377,6558263252,46.5190232,24.6086166
5378,6558263253,46.5255534,24.6070173
5379,6558263255,46.5252152,24.6052551
5380,6558263257,46.5248867,24.6067706
5381,6558284983,46.5235606,24.6329594
5382,6558284984,46.5225561,24.6325672
5383,6558288785,46.5220585,24.6300929
5384,6558288786,46.5214383,24.6239555
5385,6558288788,46.5216770,24.6236404
5386,6558288789,46.5228135,24.6157105
5387,6558288790,46.5223433,24.6159957
5388,6558288795,46.5225411,24.6154784
5389,6558288798,46.5223092,24.6149270
5390,6558351584,46.5421553,24.5597244
5391,6558486644,46.5525663,24.5588044
5392,6558486645,46.5526356,24.5588534
5393,6558486646,46.5525294,24.5589149
5394,6558486647,46.5525987,24.5589639
5395,6558666012,46.5423586,24.5578313
5396,6568788482,46.5390458,24.5379962
5397,6570141339,46.5111156,24.5099428
5398,6570158408,46.5136393,24.5191879
5399,6570158409,46.5132592,24.5184124
5400,6576383270,46.5260787,24.5398560
5401,6576383271,46.5261382,24.5397912
5402,6576538669,46.5274926,24.5984719
5403,6576538670,46.5274164,24.5985557
5404,6581444775,46.5759994,24.6044922
5405,6630393611,46.5949890,24.5220660
5406,6630393625,46.5922814,24.5365815
5407,6630403292,46.5950843,24.5206261
5408,6630403307,46.5917434,24.5328305
5409,6630403308,46.5901927,24.5352327
5410,6630403328,46.5894124,24.5339962
5411,6630403330,46.5900737,24.5582856
5412,6630502143,46.5936761,24.5357341
5413,6630502145,46.5931047,24.5336823
5414,6705126538,46.5710508,24.5925625
5415,6759605507,46.5294085,24.5615478
5416,6760086308,46.5798588,24.6071554
5417,6761811698,46.5124987,24.5119602
5418,6761811699,46.5126823,24.5123355
5419,6761811700,46.5123727,24.5120810
5420,6761811703,46.5125797,24.5124950
5421,6761811704,46.5122195,24.5119490
5422,6768621804,46.5494732,24.5535941
5423,6773129326,46.5601978,24.5681079
5424,6773129328,46.5596430,24.5677468
5425,6773129332,46.5596238,24.5680285
5426,6773494857,46.5964823,24.5074014
5427,6773494873,46.5927030,24.5063286
5428,6773501030,46.5943664,24.5147400
5429,6773501038,46.5960989,24.5098396
5430,6773507250,46.5981981,24.5109299
5431,6773507251,46.5975776,24.5089922
5432,6798145593,46.5961445,24.5728849
5433,6810242757,46.5767976,24.5533856
5434,6810242767,46.5731159,24.5443624
5435,6810242772,46.5736254,24.5432908
5436,6810242773,46.5731869,24.5550013
5437,6810242776,46.5726023,24.5541107
5438,6810242777,46.5724693,24.5543297
5439,6810242779,46.5720716,24.5539157
5440,6810242780,46.5737658,24.5377551
5441,6810242784,46.5728537,24.5401353
5442,6810286939,46.5725083,24.5524531
5443,6810286940,46.5724919,24.5524361
5444,6810286941,46.5726387,24.5525911
5445,6810286942,46.5726972,24.5526543
5446,6810286945,46.5624578,24.5586161
5447,6810286947,46.5624155,24.5582279
5448,6810286948,46.5587506,24.5387438
5449,6810286956,46.5590618,24.5373501
5450,6810286960,46.5622473,24.5372845
5451,6810286971,46.5584451,24.5344820
5452,6810286983,46.5578727,24.5384822
5453,6810291586,46.5753095,24.5384839
5454,6810291588,46.5743680,24.5411858
5455,6810291591,46.5802229,24.5495009
5456,6810291598,46.5809724,24.5487214
5457,6810291613,46.5798814,24.5498252
5458,6810291614,46.5789116,24.5491104
5459,6810291615,46.5817361,24.5456635
5460,6810291628,46.5405929,24.5384891
5461,6810313385,46.5584010,24.5390858
5462,6810313387,46.5588152,24.5395333
5463,6810313388,46.5597896,24.5397743
5464,6810313390,46.5602361,24.5387229
5465,6810313393,46.5718292,24.5553556
5466,6810313396,46.5722610,24.5560973
5467,6810313403,46.5716077,24.5502956
5468,6810313414,46.5680720,24.5477749
5469,6810313423,46.5686689,24.5486638
5470,6810313431,46.5702345,24.5433831
5471,6810313432,46.5700635,24.5436493
5472,6810313433,46.5697268,24.5426947
5473,6810313434,46.5695495,24.5429596
5474,6810313435,46.5694293,24.5428042
5475,6810313438,46.5703971,24.5440693
5476,6810313456,46.5682059,24.5433423
5477,6863721263,46.5827533,24.6337036
5478,6863721264,46.5828149,24.6338945
5479,6863721265,46.5860576,24.6460549
5480,6863721266,46.5861454,24.6464221
5481,6863721267,46.5912856,24.6023517
5482,6863721268,46.5914354,24.6022704
5483,6863721269,46.5924062,24.6242849
5484,6968320913,46.5554739,24.5429726
5485,6970867772,46.5563501,24.5457154
5486,6970904914,46.5563351,24.5387994
5487,7076366112,46.5104040,24.5091993
5488,7076366117,46.5103895,24.5089571
5489,7116882045,46.5914029,24.6193595
5490,7116945052,46.5807682,24.5501773
5491,7121654848,46.5506517,24.6258953
5492,7121654849,46.5508880,24.6244724
5493,7121654850,46.5510082,24.6258343
5494,7213957230,46.5290591,24.5919390
5495,7213957232,46.5290599,24.5917185
5496,7213957237,46.5292432,24.5919598
5497,7213957242,46.5292400,24.5916947
5498,7213957246,46.5290845,24.5923496
5499,7295019979,46.5228125,24.5981793
5500,7295019983,46.5222481,24.5980142
5501,7379604378,46.5301723,24.5447762
5502,7516041226,46.5368237,24.5535425
5503,7516041227,46.5368801,24.5534504
5504,7537007248,46.5295318,24.5952000
5505,7537007267,46.5305423,24.5940852
5506,7537007277,46.5301353,24.5952923
5507,7537007278,46.5296873,24.5961140
5508,7537007281,46.5286232,24.5969892
5509,7537007285,46.5283448,24.5965711
5510,7537007287,46.5286673,24.5961343
5511,7537007289,46.5295318,24.5952975
5512,7537007290,46.5297534,24.5947485
5513,7537007293,46.5298259,24.5942548
5514,7537007296,46.5301180,24.5917788
5515,7537007298,46.5300007,24.5920728
5516,7537007308,46.5298627,24.5917316
5517,7537007309,46.5298374,24.5917842
5518,7537007312,46.5298609,24.5920142
5519,7537007317,46.5299393,24.5912557
5520,7537007322,46.5302748,24.5922335
5521,7580488663,46.5588519,24.5495966
5522,7580520604,46.5535364,24.5811099
5523,7580520605,46.5530421,24.5805171
5524,7580520606,46.5532529,24.5807592
5525,7580520613,46.5535945,24.5807800
5526,7580520614,46.5544650,24.5811979
5527,7580520620,46.5539588,24.5802355
5528,7580520621,46.5546422,24.5801926
5529,7580520626,46.5542871,24.5806593
5530,7580520630,46.5540100,24.5809937
5531,7580520631,46.5541497,24.5807585
5532,7580571989,46.5478729,24.5879740
5533,7599904759,46.5096696,24.5063326
5534,7599904760,46.5094735,24.5059304
5535,7599906998,46.5099305,24.5068815
5536,7599906999,46.5098994,24.5068138
5537,7599907000,46.5096942,24.5063820
5538,7599907002,46.5095297,24.5064690
5539,7599907003,46.5089205,24.5052308
5540,7599907006,46.5085439,24.5050255
5541,7599907007,46.5083854,24.5047193
5542,7599907010,46.5083758,24.5041328
5543,7599907012,46.5107575,24.5105651
5544,7599907038,46.5101977,24.5078209
5545,7653340153,46.5517210,24.6184593
5546,7656243692,46.5067815,24.5101994
5547,7656243696,46.5077502,24.5089258
5548,7656243706,46.5121961,24.5166570
5549,7656243708,46.5129138,24.5158687
5550,7656243715,46.5132238,24.5139840
5551,7656243724,46.5131479,24.5159524
5552,7660483240,46.5357407,24.4980124
5553,7660483241,46.5344656,24.4952899
5554,7660483247,46.5352590,24.4861060
5555,7660483248,46.5358313,24.4881085
5556,7687399504,46.5504111,24.5561396
5557,7687484099,46.5512078,24.5546503
5558,7687484101,46.5513367,24.5544198
5559,7687484106,46.5515197,24.5541051
5560,7687484108,46.5511875,24.5548645
5561,7687484109,46.5514089,24.5545031
5562,7687484113,46.5512280,24.5546210
5563,7687594769,46.5577554,24.5670066
5564,7687594770,46.5575441,24.5673962
5565,7687594771,46.5578404,24.5671130
5566,7687629062,46.5697388,24.5899799
5567,7687629063,46.5705686,24.5883726
5568,7699342135,46.5172585,24.5052261
5569,7699342148,46.5138891,24.5124980
5570,7699342150,46.5177410,24.5061872
5571,7699398255,46.5087545,24.5069572
5572,7699398256,46.5088589,24.5071794
5573,7701841100,46.5157565,24.5189366
5574,7704855023,46.4997731,24.5273566
5575,7704855025,46.5091151,24.5241325
5576,7704910784,46.5020497,24.4905661
5577,7704932786,46.5021007,24.4914623
5578,7704932787,46.5047277,24.4847929
5579,7707636682,46.5253780,24.5368644
5580,7707679144,46.5240099,24.5514445
5581,7707726045,46.5154242,24.5182537
5582,7707807198,46.5165339,24.5204559
5583,7707831254,46.5359698,24.5529388
5584,7717730366,46.5391912,24.5671840
5585,7717730367,46.5387857,24.5665897
5586,7731307330,46.5372226,24.5603703
5587,7736995974,46.5283110,24.5934282
5588,7736995983,46.5305936,24.5941045
5589,7737006188,46.5282033,24.5967715
5590,7737006189,46.5289970,24.5966366
5591,7737006190,46.5292521,24.5957743
5592,7737006191,46.5295503,24.5962440
5593,7737006192,46.5293349,24.5956121
5594,7737006193,46.5298032,24.5939175
5595,7737006194,46.5302938,24.5946116
5596,7737006195,46.5300658,24.5933469
5597,7737006199,46.5298899,24.5958286
5598,7737006207,46.5303893,24.5941507
5599,7737006208,46.5283128,24.5957558
5600,7737006209,46.5289938,24.5945183
5601,7737006211,46.5280622,24.5953634
5602,7737006213,46.5286351,24.5939362
5603,7737006217,46.5285324,24.5960922
5604,7737006225,46.5289249,24.5944116
5605,7737006230,46.5284360,24.5936279
5606,7737006231,46.5283670,24.5923729
5607,7737006232,46.5283547,24.5924914
5608,7737006235,46.5280984,24.5922983
5609,7737006236,46.5281600,24.5922139
5610,7737006247,46.5282212,24.5926122
5611,7737006248,46.5283086,24.5929566
5612,7737006250,46.5284089,24.5935826
5613,7737094699,46.5305264,24.5942197
5614,7737094700,46.5308679,24.5942931
5615,7737126915,46.5313977,24.6002215
5616,7737126916,46.5317453,24.6007919
5617,7737472556,46.5280507,24.5921056
5618,7737472567,46.5290911,24.5946675
5619,7737472573,46.5282764,24.5977701
5620,7737488793,46.5280903,24.5924822
5621,7737488794,46.5281434,24.5925766
5622,7737488800,46.5282001,24.5921951
5623,7737488805,46.5282389,24.5966986
5624,7737488806,46.5284991,24.5970992
5625,7737488807,46.5285589,24.5962784
5626,7737488808,46.5288651,24.5967534
5627,7737488809,46.5289712,24.5959787
5628,7737488810,46.5292775,24.5964481
5629,7737488811,46.5296957,24.5949470
5630,7737488812,46.5300660,24.5954850
5631,7737488820,46.5302403,24.5948586
5632,7756829921,46.5293769,24.5470085
5633,7756829922,46.5295605,24.5467919
5634,7765136503,46.5317380,24.5495248
5635,7765136510,46.5315152,24.5496945
5636,7765136511,46.5316953,24.5494660
5637,7765136512,46.5322930,24.5499212
5638,7765136513,46.5318613,24.5500326
5639,7765136514,46.5321592,24.5485693
5640,7778789213,46.5285582,24.5948329
5641,7778789214,46.5282805,24.5943906
5642,7778789215,46.5288844,24.5949319
5643,7778789216,46.5290964,24.5952629
5644,7778789217,46.5288012,24.5956473
5645,7778789218,46.5286205,24.5953516
5646,7778789219,46.5284969,24.5951483
5647,7778789223,46.5285792,24.5940073
5648,7778789229,46.5303501,24.5943883
5649,7778789232,46.5298530,24.5936425
5650,7786852022,46.5468153,24.5636300
5651,7786913767,46.5474643,24.5608872
5652,7787024344,46.5401875,24.5596936
5653,7787024345,46.5402265,24.5592551
5654,7817502664,46.5129378,24.5216399
5655,7817502668,46.5126240,24.5224526
5656,7817502670,46.5126813,24.5233512
5657,7817502672,46.5130541,24.5243087
5658,7817502673,46.5132685,24.5246998
5659,7817512392,46.5209147,24.5354540
5660,7817512393,46.5203614,24.5349075
5661,7817512395,46.5206499,24.5347664
5662,7817512397,46.5219117,24.5361024
5663,7817512398,46.5225081,24.5373068
5664,7817512399,46.5198935,24.5322141
5665,7817512431,46.5228485,24.5333882
5666,7817512433,46.5225083,24.5330182
5667,7817512434,46.5226107,24.5329158
5668,7817512435,46.5222850,24.5332418
5669,7817512436,46.5224700,24.5330567
5670,7817512437,46.5220192,24.5320972
5671,7817512462,46.5210240,24.5323433
5672,7817512463,46.5207521,24.5318262
5673,7817512464,46.5206665,24.5310721
5674,7817512469,46.5196425,24.5325055
5675,7817512473,46.5203691,24.5317468
5676,7817512474,46.5199220,24.5322659
5677,7817512475,46.5214263,24.5320335
5678,7817512476,46.5211250,24.5314058
5679,7817557465,46.5193821,24.5268649
5680,7817557469,46.5195728,24.5272474
5681,7817557470,46.5187520,24.5267764
5682,7817557473,46.5197126,24.5271462
5683,7817557475,46.5189541,24.5262855
5684,7817557476,46.5187959,24.5259721
5685,7817557477,46.5184853,24.5262815
5686,7817568835,46.5546560,24.5653667
5687,7817671141,46.5513848,24.5647839
5688,7817671142,46.5515775,24.5649549
5689,7817698008,46.5064843,24.5061046
5690,7817698012,46.5072698,24.5061934
5691,7821112804,46.5107592,24.5100356
5692,7827675926,46.5416723,24.6104345
5693,7865469675,46.5509178,24.5552426
5694,7865484427,46.5350210,24.5406017
5695,7865484428,46.5348171,24.5425994
5696,7865484435,46.5342549,24.5412759
5697,7865484437,46.5360499,24.5411416
5698,7872287508,46.5216067,24.5462700
5699,7872287509,46.5216686,24.5461124
5700,7876599769,46.5308456,24.5973672
5701,7876599770,46.5307058,24.5971658
5702,7876599771,46.5304556,24.5968055
5703,7876599772,46.5307461,24.5975109
5704,7876599773,46.5306059,24.5973064
5705,7876599774,46.5303583,24.5969454
5706,7876599775,46.5301315,24.5966148
5707,7876599776,46.5306411,24.5976626
5708,7876599777,46.5305008,24.5974546
5709,7876599778,46.5302562,24.5970921
5710,7876599779,46.5300324,24.5967603
5711,7876599780,46.5299295,24.5969042
5712,7876599781,46.5301574,24.5972342
5713,7876599782,46.5304039,24.5975910
5714,7876599783,46.5305471,24.5977983
5715,7876599784,46.5304361,24.5979587
5716,7876639985,46.5302969,24.5977418
5717,7876639986,46.5300606,24.5973735
5718,7876639998,46.5299524,24.5934966
5719,7876640008,46.5280460,24.5983163
5720,7876691962,46.5238089,24.5991869
5721,7876729619,46.5364716,24.6031873
5722,7876729620,46.5366785,24.6030440
5723,7876729629,46.5364427,24.6023718
5724,7897115663,46.5345736,24.5623140
5725,7897153244,46.5350749,24.5598236
5726,7897153251,46.5347789,24.5600723
5727,7897153253,46.5350379,24.5607046
5728,7897234628,46.5329904,24.5622028
5729,7897251044,46.5337876,24.5711078
5730,7897432909,46.5231668,24.5971448
5731,7897432910,46.5226934,24.5972991
5732,7898454999,46.5596592,24.5747221
5733,7898455001,46.5590572,24.5734690
5734,7905917535,46.5326469,24.5461173
5735,7905917538,46.5322534,24.5455849
5736,7955030158,46.5457614,24.5879368
5737,7955030159,46.5452487,24.5867375
5738,7955030160,46.5452395,24.5863304
5739,7955030168,46.5446093,24.5872117
5740,7955030170,46.5471507,24.5879181
5741,7955030171,46.5459108,24.5871069
5742,7963169613,46.5301267,24.5782750
5743,7963169614,46.5295740,24.5781514
5744,7963169616,46.5265559,24.5762216
5745,7991418371,46.5216711,24.6121439
5746,7991418372,46.5202791,24.6110672
5747,7991977170,46.5122862,24.6113005
5748,7992279601,46.5198844,24.6145414
5749,7992279603,46.5200643,24.6138781
5750,7992395948,46.5182786,24.6129650
5751,7992395951,46.5181663,24.6154119
5752,7993225890,46.5239659,24.6060299
5753,7993256059,46.5175648,24.6318637
5754,7993281595,46.5178452,24.6263938
5755,7993281596,46.5177669,24.6264174
5756,7993471396,46.5087208,24.6322251
5757,7993471399,46.5091787,24.6324681
5758,7993471400,46.5093429,24.6317979
5759,7993471401,46.5095520,24.6326743
5760,7993471402,46.5097028,24.6319899
5761,7993495007,46.5189706,24.6091821
5762,7993495012,46.5208507,24.6088254
5763,7994285031,46.5190957,24.6140294
5764,7994285032,46.5190459,24.6140037
5765,7994494294,46.5102091,24.6038964
5766,7996013636,46.5245896,24.6056098
5767,7996945030,46.5088373,24.6134330
5768,7996945031,46.5095510,24.6143645
5769,7996945032,46.5097792,24.6146861
5770,7996945033,46.5100628,24.6150937
5771,7996945035,46.5105791,24.6160811
5772,7996945036,46.5083843,24.6128374
5773,7996945037,46.5080627,24.6123807
5774,7996945039,46.5076676,24.6118651
5775,7996962421,46.5074727,24.6099386
5776,7996962423,46.5080693,24.6096799
5777,7997019026,46.5037443,24.6270478
5778,7997019034,46.5049275,24.6273137
5779,7997425031,46.5119363,24.6027896
5780,7997425035,46.5109004,24.6045188
5781,7997427960,46.5122523,24.6034774
5782,8040020800,46.5663685,24.5439669
5783,8040034422,46.5665811,24.5443506
5784,8040143762,46.5280699,24.5431294
5785,8040143765,46.5281256,24.5432544
5786,8040143766,46.5284557,24.5434624
5787,8040143768,46.5289722,24.5459763
5788,8084902090,46.5517039,24.5701343
5789,8084902092,46.5524703,24.5701705
5790,8084902093,46.5523624,24.5705943
5791,8084902100,46.5531554,24.5703734
5792,8084902104,46.5527028,24.5722004
5793,8085187054,46.5496979,24.5863040
5794,8085187058,46.5499213,24.5858818
5795,8085187060,46.5496214,24.5856965
5796,8085301272,46.5315235,24.5636380
5797,8085711698,46.5304371,24.5200118
5798,8085722110,46.5279831,24.5104062
5799,8085722113,46.5276321,24.5109253
5800,8085722158,46.5268050,24.5128898
5801,8085722159,46.5282582,24.5153609
5802,8085722162,46.5280184,24.5164338
5803,8085749547,46.5458508,24.5369852
5804,8085749559,46.5434742,24.5330116
5805,8085749560,46.5428507,24.5321697
5806,8085749561,46.5429919,24.5319997
5807,8085749562,46.5432138,24.5317562
5808,8085749563,46.5430547,24.5321210
5809,8085749564,46.5432805,24.5318768
5810,8085749565,46.5433742,24.5320523
5811,8085749566,46.5431526,24.5323120
5812,8085766978,46.5281119,24.5363726
5813,8085766979,46.5280484,24.5362334
5814,8085767764,46.5306645,24.5339271
5815,8085767766,46.5312292,24.5332901
5816,8085767768,46.5328085,24.5349491
5817,8085767769,46.5331298,24.5346098
5818,8085767779,46.5327350,24.5356097
5819,8085767780,46.5329858,24.5361292
5820,8085767782,46.5333972,24.5360118
5821,8085767789,46.5305862,24.5329905
5822,8085789122,46.5376724,24.5376380
5823,8085789123,46.5383845,24.5367502
5824,8085789124,46.5381171,24.5370305
5825,8085789125,46.5376558,24.5353889
5826,8088275261,46.5408407,24.6122664
5827,8088275262,46.5409218,24.6122416
5828,8088275263,46.5469208,24.6320397
5829,8088275264,46.5468876,24.6318305
5830,8096230656,46.5079794,24.6087028
5831,8096440265,46.5097684,24.6061322
5832,8096440270,46.5105159,24.6067287
5833,8096440271,46.5099250,24.6061835
5834,8096440277,46.5113926,24.6050761
5835,8096440282,46.5105788,24.5805842
5836,8096749376,46.5148533,24.6057612
5837,8096749377,46.5152212,24.6054777
5838,8096749381,46.5163433,24.6046383
5839,8096749384,46.5169432,24.6038204
5840,8096749395,46.5185379,24.6007544
5841,8097096901,46.5141616,24.5575547
5842,8097096902,46.5217770,24.5568600
5843,8097096905,46.5223491,24.5561076
5844,8097189788,46.5086773,24.5310886
5845,8097189792,46.5082515,24.5306164
5846,8100270979,46.5370717,24.6089909
5847,8100270981,46.5366244,24.6085167
5848,8100323799,46.5415136,24.5886227
5849,8111489387,46.5605570,24.5025748
5850,8111489406,46.5593858,24.5019847
5851,8111489407,46.5799146,24.5064157
5852,8111509617,46.5796872,24.5052456
5853,8111509618,46.5743503,24.5154172
5854,8111509629,46.5735151,24.5123300
5855,8111509635,46.5745177,24.5133515
5856,8111666612,46.5657767,24.5341027
5857,8111862343,46.5694816,24.5268863
5858,8111862344,46.5694244,24.5268367
5859,8111862345,46.5704856,24.5261917
5860,8111862350,46.5695576,24.5287289
5861,8111862355,46.5698799,24.5271868
5862,8111862358,46.5692564,24.5267031
5863,8111862361,46.5706479,24.5546150
5864,8111862362,46.5715163,24.5557818
5865,8111862363,46.5886894,24.5779878
5866,8111862365,46.5801616,24.5608136
5867,8123761311,46.5919194,24.6236372
5868,8124247643,46.5893815,24.6235223
5869,8124247653,46.5894287,24.6228097
5870,8124247654,46.5885861,24.6228102
5871,8124247661,46.5896571,24.6205730
5872,8124247667,46.5929104,24.6212116
5873,8124247670,46.5939659,24.6192484
5874,8124247671,46.5935842,24.6187684
5875,8124247675,46.5929822,24.6200824
5876,8162975389,46.5427423,24.5764848
5877,8163018065,46.5386715,24.5961410
5878,8163018070,46.5380720,24.5985349
5879,8163018071,46.5389565,24.5959184
5880,8163018079,46.5393172,24.5985887
5881,8163038055,46.5849618,24.6089783
5882,8163038059,46.5852619,24.6082275
5883,8163038060,46.5849067,24.6090570
5884,8163038062,46.5853745,24.6083914
5885,8163038069,46.5852565,24.6081827
5886,8163038073,46.5852063,24.6079514
5887,8163038074,46.5851729,24.6081301
5888,8163038079,46.5847271,24.6088121
5889,8163038080,46.5839835,24.6099971
5890,8163044364,46.5830607,24.6005409
5891,8163044365,46.5825956,24.6014602
5892,8163044366,46.5812917,24.6021920
5893,8163044372,46.5790725,24.6000130
5894,8163044375,46.5786089,24.6005250
5895,8163044377,46.5813857,24.6036056
5896,8163051295,46.5805985,24.6202755
5897,8163051296,46.5811346,24.6194525
5898,8163051297,46.5836808,24.6166581
5899,8163051299,46.5822895,24.6189048
5900,8163051300,46.5863078,24.6115240
5901,8163051304,46.5883004,24.6213403
5902,8163051305,46.5892157,24.6199690
5903,8163051306,46.5873907,24.6196613
5904,8163051310,46.5880571,24.6183970
5905,8163051311,46.5880746,24.6172835
5906,8163061067,46.5585327,24.5756707
5907,8163061068,46.5573538,24.5758108
5908,8163061069,46.5577100,24.5765315
5909,8163061070,46.5574632,24.5760794
5910,8163061071,46.5575232,24.5767325
5911,8163061072,46.5580042,24.5762269
5912,8163061073,46.5580968,24.5772260
5913,8163061078,46.5574543,24.5774439
5914,8163099121,46.5877286,24.6179489
5915,8163099122,46.5794900,24.6142512
5916,8163099125,46.5786355,24.6126178
5917,8165836871,46.5440168,24.6199639
5918,8165836874,46.5448952,24.6201328
5919,8165836876,46.5437187,24.6122810
5920,8165836878,46.5426660,24.6129156
5921,8166001358,46.5230537,24.5445652
5922,8166001363,46.5268672,24.5461037
5923,8166001368,46.5258163,24.5471736
5924,8166001372,46.5250605,24.5472268
5925,8166001373,46.5252216,24.5475674
5926,8166001374,46.5244067,24.5484058
5927,8166001376,46.5248071,24.5467265
5928,8166001377,46.5256208,24.5459061
5929,8166001378,46.5255230,24.5456832
5930,8166001380,46.5261619,24.5468352
5931,8166001384,46.5252040,24.5450575
5932,8166001386,46.5243595,24.5458232
5933,8166056077,46.5315623,24.5405308
5934,8166056078,46.5307690,24.5413873
5935,8166076891,46.5511003,24.5574760
5936,8166076895,46.5506711,24.5570971
5937,8166076896,46.5508737,24.5576332
5938,8166076899,46.5502882,24.5563426
5939,8166126633,46.5580276,24.5537795
5940,8166126634,46.5576431,24.5539538
5941,8166126635,46.5575131,24.5531714
5942,8166126639,46.5571054,24.5532471
5943,8166126641,46.5569641,24.5522351
5944,8166126642,46.5565632,24.5523727
5945,8166126648,46.5569344,24.5516841
5946,8166126651,46.5565927,24.5512502
5947,8166126652,46.5564908,24.5508692
5948,8166126669,46.5614896,24.5586056
5949,8166128611,46.5475185,24.5305771
5950,8166128612,46.5531851,24.5310623
5951,8166128616,46.5527722,24.5314838
5952,8166137120,46.5532261,24.5317882
5953,8180195981,46.5249255,24.5469763
5954,8180207152,46.5213854,24.5262709
5955,8180207153,46.5217702,24.5258941
5956,8180207154,46.5226108,24.5251000
5957,8180207155,46.5229092,24.5248468
5958,8180338868,46.5095001,24.5258384
5959,8180338870,46.5116418,24.5246746
5960,8180338879,46.5112393,24.5253606
5961,8180494630,46.5286793,24.5107782
5962,8180495168,46.5336127,24.4872003
5963,8192318924,46.5528555,24.5821122
5964,8192318945,46.5543436,24.5832087
5965,8192318958,46.5550093,24.5822184
5966,8192318959,46.5552311,24.5820902
5967,8221961163,46.5410432,24.5178580
5968,8221961164,46.5413479,24.5174819
5969,8221961165,46.5427381,24.5221325
5970,8221961167,46.5421077,24.5206153
5971,8221961202,46.5377923,24.5172787
5972,8221978112,46.5467787,24.5108937
5973,8221978113,46.5460910,24.5100346
5974,8221978115,46.5484260,24.5163748
5975,8222002826,46.5468507,24.5235872
5976,8222002827,46.5469540,24.5248750
5977,8222002828,46.5454035,24.5222621
5978,8222023317,46.5491884,24.5164267
5979,8222023318,46.5472759,24.5194055
5980,8222023321,46.5465537,24.5160449
5981,8222023324,46.5455656,24.5171834
5982,8222023340,46.5487987,24.5133519
5983,8222023341,46.5478432,24.5120726
5984,8224051110,46.5565918,24.5838162
5985,8224072827,46.5527774,24.5810911
5986,8224083805,46.5838818,24.6274584
5987,8224083806,46.5833061,24.6268280
5988,8224083807,46.5834726,24.6282202
5989,8224083808,46.5827978,24.6293082
5990,8224083815,46.5797617,24.6299203
5991,8224185459,46.5335671,24.5943077
5992,8224185479,46.5321325,24.5932260
5993,8224204575,46.5398135,24.5790540
5994,8224204576,46.5393892,24.5775104
5995,8224204577,46.5390749,24.5775670
5996,8224219774,46.5396018,24.5783437
5997,8224219775,46.5398228,24.5795381
5998,8243084103,46.5321455,24.5570554
5999,8243084105,46.5308057,24.5557147
6000,8243084106,46.5304874,24.5553258
6001,8243084107,46.5306215,24.5551011
6002,8243084108,46.5298797,24.5541024
6003,8243130495,46.5299697,24.5553529
6004,8243130496,46.5300928,24.5553522
6005,8243130499,46.5292404,24.5543214
6006,8243130503,46.5305581,24.5560642
6007,8243130511,46.5330380,24.5589765
6008,8243138720,46.5309946,24.5568473
6009,8243138730,46.5299323,24.5555271
6010,8243152711,46.5317955,24.5568921
6011,8243152712,46.5318918,24.5567352
6012,8269701521,46.5151679,24.5521354
6013,8269701528,46.5148483,24.5538874
6014,8269701530,46.5147540,24.5538595
6015,8269701532,46.5149653,24.5529917
6016,8269701534,46.5147237,24.5546306
6017,8269701537,46.5145713,24.5545577
6018,8269701539,46.5144951,24.5549891
6019,8274377707,46.5580439,24.5643990
6020,8274377708,46.5577366,24.5648050
6021,8274377709,46.5580866,24.5644674
6022,8274377710,46.5577793,24.5648733
6023,8274377711,46.5581305,24.5645377
6024,8274377712,46.5578232,24.5649436
6025,8274390818,46.5581491,24.5654591
6026,8274791026,46.5310324,24.5415374
6027,8274791027,46.5309101,24.5413282
6028,8274791030,46.5318252,24.5428106
6029,8274791031,46.5323507,24.5423501
6030,8274791032,46.5318337,24.5417717
6031,8274791036,46.5321619,24.5425129
6032,8274791039,46.5313602,24.5421803
6033,8274791040,46.5312006,24.5418249
6034,8274791041,46.5308758,24.5412696
6035,8276505880,46.5299644,24.5608176
6036,8276505881,46.5299366,24.5617215
6037,8276505882,46.5303721,24.5619944
6038,8276505883,46.5301211,24.5618422
6039,8276512858,46.5349878,24.5952733
6040,8276512859,46.5353950,24.5950023
6041,8276513283,46.5356991,24.5656995
6042,8276513284,46.5358365,24.5657194
6043,8394589915,46.5221221,24.5471960
6044,8394611118,46.5220701,24.5460977
6045,8418366556,46.5303589,24.5834139
6046,8423676583,46.5656405,24.5691634
6047,8423676608,46.5658018,24.5680542
6048,8423676609,46.5660563,24.5695737
6049,8423676613,46.5667424,24.5701946
6050,8423676614,46.5668475,24.5702134
6051,8423708117,46.5679612,24.5700752
6052,8423751247,46.5590853,24.5530955
6053,8423751258,46.5565016,24.5553995
6054,8423751261,46.5542318,24.5514017
6055,8423751264,46.5539699,24.5505971
6056,8423751267,46.5541756,24.5508935
6057,8424888412,46.5584785,24.5510530
6058,8424888416,46.5572613,24.5514661
6059,8424895669,46.5559960,24.5543919
6060,8424962849,46.5695976,24.5468647
6061,8424962850,46.5693654,24.5469372
6062,8424962851,46.5695337,24.5466998
6063,8424962862,46.5696787,24.5472530
6064,8424962863,46.5696137,24.5470922
6065,8424962864,46.5697743,24.5473605
6066,8424962865,46.5694725,24.5472154
6067,8424962866,46.5698276,24.5470940
6068,8424962868,46.5697655,24.5471408
6069,8424962872,46.5696073,24.5471310
6070,8424962875,46.5697308,24.5470413
6071,8424962876,46.5697496,24.5470685
6072,8424962877,46.5697574,24.5471886
6073,8425211819,46.5598004,24.5481207
6074,8425252181,46.5595740,24.5493324
6075,8425252184,46.5591452,24.5491124
6076,8425259650,46.5589690,24.5484434
6077,8445420998,46.5342353,24.5911980
6078,8445436430,46.5330474,24.5933657
6079,8463723229,46.5836908,24.6232946
6080,8463723236,46.5822345,24.6105004
6081,8463723238,46.5756741,24.6039573
6082,8463723241,46.5756057,24.6036528
6083,8463723245,46.5742218,24.6039687
6084,8463723256,46.5738744,24.5940037
6085,8463938793,46.5565485,24.5658613
6086,8463938795,46.5567292,24.5653302
6087,8463938796,46.5570521,24.5656820
6088,8463938798,46.5574211,24.5653394
6089,8463949166,46.5790064,24.5360479
6090,8464010937,46.5560499,24.5588867
6091,8464010939,46.5561452,24.5583846
6092,8464010958,46.5556138,24.5580758
6093,8464099102,46.5519008,24.5555088
6094,8464128482,46.5535913,24.5618986
6095,8464128491,46.5539414,24.5617190
6096,8464128492,46.5537667,24.5611841
6097,8464128493,46.5539597,24.5611328
6098,8464128496,46.5535641,24.5612307
6099,8464128497,46.5532887,24.5613228
6100,8464445925,46.5364912,24.5983742
6101,8464540540,46.5313882,24.5856027
6102,8464540574,46.5327179,24.5874899
6103,8504260313,46.5613750,24.5481216
6104,8504260314,46.5614369,24.5476250
6105,8524261279,46.5584159,24.5781584
6106,8524261297,46.5591960,24.5793959
6107,8524261298,46.5592106,24.5782522
6108,8524261299,46.5592638,24.5781046
6109,8524261300,46.5593675,24.5783941
6110,8524261301,46.5588502,24.5779261
6111,8524261302,46.5593352,24.5781648
6112,8524261305,46.5583968,24.5781282
6113,8524261306,46.5575909,24.5792718
6114,8545054120,46.5382342,24.5897305
6115,8545078987,46.5381106,24.5860773
6116,8545101137,46.5373597,24.5885771
6117,8545169584,46.5345229,24.5904440
6118,8545169585,46.5344061,24.5900551
6119,8545169586,46.5346539,24.5903192
6120,8545169587,46.5345559,24.5899775
6121,8545169588,46.5349168,24.5900644
6122,8545169589,46.5348310,24.5898022
6123,8545169590,46.5347812,24.5901811
6124,8545169591,46.5346980,24.5898970
6125,8553826795,46.5713536,24.5313428
6126,8553834219,46.5721360,24.5314881
6127,8561860500,46.5518428,24.5752297
6128,8561944533,46.5347409,24.5944079
6129,8583371282,46.5277574,24.5957356
6130,8629169727,46.5546828,24.5057961
6131,8629169728,46.5541357,24.5052677
6132,8629169734,46.5561770,24.5046431
6133,8629169735,46.5555552,24.5039347
6134,8629169737,46.5552363,24.5043760
6135,8629169739,46.5560828,24.5053507
6136,8629169744,46.5555515,24.5055574
6137,8629272585,46.5519828,24.5125156
6138,8629288632,46.5546099,24.5078735
6139,8629288634,46.5543683,24.5078681
6140,8629288636,46.5544578,24.5081820
6141,8629288642,46.5547842,24.5092240
6142,8629288643,46.5545288,24.5089193
6143,8629288644,46.5548820,24.5090228
6144,8629288645,46.5546385,24.5087144
6145,8629305034,46.5460427,24.5067564
6146,8629305035,46.5447864,24.5050967
6147,8629305036,46.5451221,24.5071936
6148,8629305037,46.5442658,24.5060667
6149,8636553633,46.5527243,24.5589161
6150,8636601599,46.5599014,24.5678081
6151,8640867816,46.5716523,24.5344751
6152,8640870917,46.5712932,24.5337743
6153,8640870919,46.5705838,24.5355216
6154,8640870921,46.5671618,24.5399192
6155,8640870924,46.5676043,24.5403557
6156,8644072007,46.5603395,24.5482534
6157,8644072008,46.5613505,24.5483142
6158,8644072009,46.5587077,24.5455962
6159,8644072012,46.5586350,24.5456505
6160,8644072013,46.5587532,24.5455622
6161,8644072014,46.5581266,24.5445912
6162,8728820249,46.5570052,24.5787262
6163,8728849071,46.5540086,24.5561199
6164,8728849072,46.5546145,24.5559964
6165,8728978838,46.5530719,24.5515160
6166,8728978842,46.5516038,24.5486255
6167,8729013205,46.5616065,24.5492101
6168,8731040456,46.5366349,24.5597572
6169,8731040475,46.5372687,24.5597242
6170,8781411270,46.5418929,24.5448870
6171,8781411280,46.5373654,24.5700631
6172,8781449869,46.5337467,24.5795016
6173,8781449870,46.5335614,24.5795196
6174,8781449872,46.5335836,24.5800492
6175,8781641101,46.5384858,24.5619345
6176,8781641102,46.5382157,24.5623040
6177,8781642018,46.5384126,24.5620789
6178,8781642028,46.5369159,24.5850634
6179,8781642029,46.5369117,24.5849766
6180,8781642031,46.5373222,24.5849464
6181,8781642032,46.5373239,24.5850212
6182,8781642047,46.5363800,24.5860199
6183,8781642083,46.5454767,24.5631659
6184,8781642223,46.5430840,24.5589245
6185,8785033145,46.5362320,24.5806755
6186,8785033150,46.5358836,24.5781944
6187,8785033218,46.5630304,24.5485788
6188,8785033219,46.5633801,24.5485813
6189,8785033222,46.5639241,24.5484981
6190,8785033224,46.5637589,24.5484938
6191,8785033225,46.5637546,24.5486368
6192,8785033233,46.5644768,24.5490847
6193,8785033234,46.5635088,24.5490484
6194,8785033239,46.5629639,24.5514917
6195,8785033240,46.5633758,24.5496395
6196,8785033241,46.5631370,24.5495350
6197,8785033242,46.5632962,24.5500136
6198,8785033243,46.5630859,24.5499385
6199,8785033244,46.5632184,24.5503841
6200,8785033246,46.5629604,24.5502729
6201,8785033248,46.5631727,24.5505856
6202,8785033254,46.5626383,24.5506975
6203,8785033258,46.5621382,24.5497766
6204,8785033279,46.5507318,24.5527486
6205,8785033282,46.5504927,24.5529961
6206,8785256350,46.5350136,24.5560493
6207,8785256351,46.5351123,24.5558079
6208,8785256360,46.5414206,24.5597162
6209,8785260445,46.5421036,24.5552716
6210,8785260495,46.5379507,24.5609984
6211,8785260537,46.5360252,24.5679092
6212,8785260559,46.5373753,24.5741879
6213,8785260561,46.5374427,24.5746186
6214,8785260676,46.5472578,24.5760902
6215,8785260680,46.5472241,24.5761008
6216,8785387654,46.5323367,24.5736975
6217,8785387657,46.5326254,24.5728565
6218,8785387658,46.5323147,24.5732444
6219,8785387660,46.5331962,24.5732458
6220,8785387663,46.5328568,24.5731862
6221,8785387667,46.5327309,24.5743425
6222,8785456033,46.5250128,24.5118801
6223,8785456036,46.5248419,24.5126936
6224,8785456038,46.5251205,24.5127165
6225,8785456041,46.5645184,24.5498039
6226,8785456044,46.5641028,24.5501900
6227,8789435205,46.5121256,24.5247309
6228,8789435206,46.5118494,24.5250107
6229,8789435208,46.5126319,24.5256085
6230,8789435209,46.5120351,24.5252446
6231,8789435210,46.5123327,24.5249438
6232,8789435211,46.5116330,24.5254408
6233,8789435214,46.5115978,24.5260878
6234,8789439929,46.5434176,24.5377841
6235,8789439935,46.5440469,24.5366580
6236,8789439936,46.5435666,24.5366552
6237,8789439938,46.5437626,24.5369883
6238,8789439940,46.5438957,24.5368337
6239,8789439941,46.5419932,24.5466132
6240,8789439945,46.5424409,24.5472626
6241,8789479526,46.5256435,24.5250915
6242,8789479530,46.5260740,24.5261999
6243,8789776389,46.5628646,24.5545231
6244,8789806250,46.5310153,24.5900354
6245,8789806261,46.5308477,24.5910290
6246,8790037378,46.5371434,24.5609245
6247,8790037381,46.5367086,24.5608709
6248,8790037414,46.5325278,24.5805518
6249,8790042620,46.5328307,24.5821084
6250,8790042623,46.5331575,24.5826611
6251,8790042624,46.5327992,24.5814773
6252,8790042625,46.5329963,24.5814446
6253,8790309300,46.5777672,24.5371843
6254,8790309305,46.5780883,24.5368133
6255,8790315729,46.5411448,24.5700214
6256,8790315732,46.5411926,24.5685921
6257,8790315769,46.5342085,24.5807499
6258,8790315770,46.5344498,24.5806249
6259,8798295510,46.5279924,24.5534810
6260,8798295514,46.5275849,24.5530297
6261,8798312329,46.5316653,24.5574197
6262,8798312335,46.5311501,24.5567853
6263,8802010915,46.5412614,24.5700293
6264,8802126939,46.5748581,24.5449797
6265,8802126947,46.5744408,24.5438028
6266,8802126955,46.5755743,24.5439016
6267,8802126960,46.5752119,24.5428565
6268,8802126965,46.5765469,24.5440003
6269,8802126966,46.5759862,24.5444772
6270,8802126988,46.5796242,24.5428765
6271,8802126993,46.5787816,24.5421643
6272,8802126994,46.5801018,24.5426780
6273,8802126996,46.5795527,24.5422107
6274,8802126997,46.5769576,24.5440445
6275,8802126999,46.5774812,24.5452038
6276,8802127000,46.5746676,24.5450646
6277,8802127001,46.5748296,24.5454910
6278,8802127002,46.5733652,24.5456173
6279,8802127004,46.5735292,24.5461021
6280,8802127005,46.5736502,24.5461450
6281,8802127006,46.5735990,24.5462894
6282,8802127007,46.5729414,24.5457880
6283,8802127009,46.5733166,24.5463752
6284,8802127010,46.5728409,24.5458285
6285,8802127013,46.5732174,24.5456769
6286,8802127014,46.5688548,24.5474672
6287,8802127017,46.5693858,24.5481161
6288,8802127020,46.5693610,24.5477278
6289,8802127024,46.5691012,24.5473707
6290,8802127027,46.5696760,24.5485067
6291,8802127032,46.5386117,24.5615218
6292,8802127039,46.5387054,24.5622613
6293,8802127040,46.5386441,24.5626139
6294,8802127052,46.5359785,24.5846796
6295,8802127054,46.5362536,24.5849402
6296,8802127063,46.5373317,24.5852721
6297,8802127064,46.5373284,24.5851965
6298,8802127065,46.5376322,24.5851520
6299,8802127067,46.5376321,24.5849946
6300,8803556664,46.5451332,24.5783852
6301,8803556666,46.5447056,24.5781703
6302,8803556693,46.5450489,24.5800808
6303,8803557528,46.5620045,24.5503284
6304,8803557532,46.5617225,24.5496514
6305,8803557546,46.5627458,24.5486796
6306,8807198013,46.5511524,24.5532327
6307,8807229420,46.5516040,24.5525956
6308,8807229422,46.5499071,24.5528355
6309,8807229436,46.5506260,24.5533526
6310,8807229438,46.5349355,24.5559595
6311,8807229452,46.5374491,24.5738827
6312,8807229453,46.5372546,24.5739786
6313,8807229454,46.5379217,24.5854492
6314,8807229456,46.5379489,24.5857244
6315,8807229458,46.5379970,24.5857819
6316,8807229460,46.5383165,24.5851871
6317,8807229462,46.5381076,24.5859494
6318,8807229491,46.5381397,24.5843855
6319,8807229529,46.5360366,24.5679774
6320,8807229534,46.5358492,24.5657215
6321,8807229540,46.5367605,24.5626470
6322,8807342679,46.5364860,24.5877714
6323,8807342682,46.5365040,24.5875562
6324,8807342683,46.5364687,24.5878184
6325,8807342711,46.5327396,24.5704502
6326,8807359436,46.5316866,24.5793023
6327,8807359440,46.5317159,24.5799865
6328,8807359450,46.5321354,24.5733524
6329,8807359453,46.5323201,24.5740717
6330,8807359455,46.5324049,24.5748806
6331,8807359456,46.5322638,24.5737783
6332,8807359457,46.5323762,24.5737839
6333,8807359462,46.5333465,24.5719519
6334,8807359465,46.5331226,24.5714608
6335,8807399667,46.5557916,24.5482612
6336,8807399668,46.5557394,24.5486394
6337,8807399672,46.5555049,24.5490772
6338,8807399673,46.5557607,24.5484853
6339,8807399677,46.5552671,24.5487468
6340,8807399684,46.5459613,24.5642598
6341,8807399686,46.5571326,24.5727665
6342,8807399687,46.5573992,24.5724767
6343,8807399688,46.5574634,24.5726008
6344,8807399690,46.5576419,24.5725310
6345,8807399694,46.5584148,24.5743807
6346,8807399698,46.5581934,24.5739299
6347,8807399699,46.5579757,24.5741557
6348,8807399700,46.5580061,24.5735832
6349,8807399701,46.5582202,24.5733589
6350,8807414819,46.5482082,24.5520536
6351,8807414820,46.5481000,24.5513487
6352,8807414821,46.5481481,24.5516520
6353,8807414829,46.5483109,24.5520069
6354,8825362043,46.5071084,24.5099184
6355,8827045528,46.5331844,24.5839269
6356,8827045530,46.5335419,24.5842225
6357,8827045531,46.5328296,24.5843658
6358,8829074628,46.5318250,24.5586790
6359,8829074629,46.5317290,24.5588554
6360,8829074632,46.5315133,24.5594893
6361,8829074635,46.5306465,24.5599449
6362,8829074637,46.5621911,24.5494782
6363,8829074638,46.5623672,24.5487812
6364,8829074639,46.5622363,24.5492965
6365,8829074641,46.5620050,24.5489560
6366,8829074642,46.5622841,24.5490816
6367,8829074643,46.5617797,24.5488640
6368,8829074645,46.5623449,24.5487988
6369,8829074646,46.5619871,24.5486383
6370,8829074650,46.5615342,24.5491820
6371,8829074654,46.5611789,24.5488135
6372,8829074655,46.5598141,24.5487965
6373,8829074657,46.5600088,24.5492337
6374,8829074658,46.5603957,24.5490621
6375,8829074659,46.5602753,24.5496113
6376,8829074661,46.5605281,24.5497314
6377,8829074664,46.5616702,24.5498115
6378,8829074665,46.5614990,24.5497412
6379,8829074666,46.5664487,24.5507274
6380,8829074667,46.5665431,24.5508617
6381,8829074669,46.5668237,24.5508600
6382,8829074670,46.5660189,24.5504867
6383,8829074671,46.5659710,24.5505547
6384,8829074673,46.5657347,24.5512664
6385,8829074679,46.5335113,24.5790928
6386,8829074684,46.5334991,24.5787111
6387,8829074685,46.5336131,24.5780273
6388,8829074686,46.5338139,24.5779868
6389,8829074689,46.5344741,24.5788165
6390,8829074690,46.5345740,24.5792005
6391,8829074691,46.5345283,24.5790246
6392,8829074693,46.5328132,24.5599087
6393,8829074694,46.5328228,24.5600001
6394,8829074695,46.5330364,24.5603393
6395,8829074696,46.5328187,24.5599613
6396,8829074698,46.5329803,24.5597619
6397,8829074708,46.5309658,24.5628573
6398,8829074716,46.5299968,24.5606209
6399,8829080119,46.5296014,24.5613669
6400,8829149908,46.5386879,24.5934956
6401,8829149909,46.5379301,24.5946381
6402,8829149910,46.5379284,24.5956988
6403,8829186920,46.5468728,24.5493361
6404,8829186926,46.5475508,24.5489866
6405,8829186927,46.5502400,24.5446344
6406,8829186930,46.5501258,24.5444636
6407,8829186931,46.5499968,24.5442728
6408,8829186934,46.5498877,24.5441114
6409,8829186935,46.5497646,24.5439293
6410,8829186938,46.5496357,24.5437386
6411,8829186939,46.5488116,24.5450283
6412,8829186942,46.5489105,24.5450136
6413,8829655762,46.5342259,24.5588986
6414,8829655769,46.5522360,24.5565840
6415,8829655770,46.5521410,24.5580997
6416,8829655773,46.5522215,24.5580293
6417,8829655774,46.5522721,24.5579860
6418,8829655777,46.5521495,24.5580921
6419,8829655779,46.5527797,24.5586953
6420,8829655781,46.5512159,24.5561658
6421,8829655782,46.5510865,24.5562711
6422,8829655783,46.5508984,24.5564318
6423,8829655791,46.5260120,24.5553531
6424,8829655795,46.5255282,24.5553713
6425,8829655799,46.5255015,24.5553922
6426,8829655800,46.5305923,24.5626655
6427,8829655804,46.5310504,24.5610015
6428,8836082262,46.5387485,24.5679304
6429,8836082263,46.5390154,24.5679281
6430,8836082264,46.5390046,24.5687008
6431,8836082275,46.5393303,24.5701114
6432,8836082281,46.5379117,24.5796532
6433,8836082283,46.5383198,24.5802672
6434,8836082284,46.5371087,24.5806784
6435,8836082291,46.5319437,24.5942828
6436,8836082312,46.5319650,24.5959158
6437,8836084624,46.5282339,24.5977977
6438,8836084626,46.5277599,24.5978120
6439,8836084630,46.5316318,24.5930497
6440,8836084634,46.5311159,24.5934123
6441,8836084635,46.5312439,24.5934823
6442,8836084637,46.5314316,24.5937390
6443,8836084653,46.5383369,24.5683830
6444,8836084667,46.5607850,24.5798026
6445,8836084671,46.5610489,24.5796790
6446,8836084672,46.5650689,24.5869195
6447,8836084678,46.5640937,24.5878465
6448,8836084679,46.5646700,24.5862569
6449,8836084682,46.5640005,24.5871928
6450,8836084683,46.5640600,24.5852153
6451,8836084684,46.5637474,24.5856037
6452,8836647772,46.5602811,24.5789629
6453,8836647773,46.5602117,24.5790223
6454,8836647781,46.5599441,24.5790758
6455,8836647791,46.5293011,24.5355060
6456,8836647814,46.5409117,24.5734473
6457,8836655725,46.5407742,24.5754151
6458,8836655726,46.5439336,24.5771819
6459,8836655727,46.5439843,24.5771566
6460,8836655730,46.5445811,24.5769965
6461,8836655732,46.5435664,24.5758207
6462,8836655736,46.5426542,24.5762603
6463,8836655738,46.5437508,24.5765851
6464,8836655740,46.5432851,24.5768142
6465,8836655742,46.5635757,24.5548277
6466,8836655743,46.5594555,24.5498762
6467,8836655744,46.5594328,24.5500264
6468,8836655749,46.5588362,24.5503057
6469,8836655750,46.5589712,24.5500686
6470,8836655752,46.5594519,24.5510334
6471,8836655753,46.5596426,24.5499619
6472,8836655756,46.5598474,24.5496145
6473,8836655757,46.5309578,24.5911200
6474,8836655760,46.5303655,24.5922622
6475,8838992530,46.5477645,24.5562780
6476,8838992531,46.5474709,24.5583166
6477,8838992537,46.5469053,24.5579975
6478,8839354591,46.5408181,24.5318841
6479,8839354592,46.5407965,24.5330061
6480,8839354595,46.5411133,24.5325664
6481,8839354599,46.5407475,24.5335475
6482,8839354601,46.5409168,24.5349422
6483,8839354602,46.5410378,24.5351752
6484,8839354604,46.5406848,24.5342073
6485,8839689695,46.5284494,24.5333095
6486,8839689697,46.5297778,24.5321501
6487,8839689701,46.5292548,24.5287181
6488,8839689707,46.5298241,24.5289036
6489,8839689710,46.5293339,24.5296556
6490,8839689712,46.5292484,24.5299083
6491,8839689713,46.5280397,24.5311646
6492,8839689715,46.5287910,24.5329916
6493,8839705420,46.5277447,24.5310268
6494,8839705426,46.5237475,24.5219525
6495,8839705435,46.5244603,24.5429535
6496,8839705436,46.5248732,24.5421526
6497,8839705440,46.5251353,24.5408800
6498,8839705443,46.5251399,24.5400441
6499,8839705444,46.5249283,24.5404720
6500,8839705447,46.5239301,24.5415478
6501,8839705448,46.5238787,24.5414428
6502,8839705451,46.5234707,24.5418887
6503,8839705453,46.5231831,24.5420919
6504,8839705454,46.5232580,24.5423537
6505,8839705459,46.5226368,24.5421923
6506,8839705470,46.5230055,24.5462730
6507,8839705473,46.5232976,24.5463397
6508,8859462850,46.5473458,24.5512638
6509,8859462857,46.5469669,24.5498658
6510,8859462862,46.5466695,24.5521813
6511,8859462863,46.5389492,24.5918724
6512,8859462868,46.5383444,24.5924788
6513,8859462869,46.5508911,24.5586336
6514,8859462873,46.5499454,24.5568994
6515,8859462874,46.5387624,24.5634027
6516,8859462875,46.5387257,24.5636145
6517,8859462878,46.5371172,24.5631600
6518,8859462881,46.5374454,24.5633786
6519,8859462882,46.5319190,24.5830444
6520,8859462883,46.5317235,24.5834816
6521,8859462884,46.5320494,24.5831827
6522,8859462885,46.5320394,24.5832472
6523,8859462888,46.5320952,24.5834853
6524,8859462889,46.5324994,24.5839047
6525,8859462890,46.5321598,24.5836081
6526,8859462891,46.5320405,24.5838828
6527,8859462894,46.5323839,24.5840997
6528,8859462895,46.5314935,24.5838466
6529,8859462899,46.5322172,24.5844912
6530,8859462900,46.5421620,24.5655441
6531,8859462901,46.5421319,24.5654735
6532,8859462912,46.5262423,24.5470183
6533,8859462916,46.5264766,24.5475155
6534,8859470721,46.5257734,24.5462168
6535,8859470722,46.5260829,24.5461748
6536,8859470725,46.5265519,24.5457697
6537,8859470726,46.5382605,24.5775367
6538,8859470728,46.5387061,24.5774344
6539,8859470729,46.5384512,24.5767676
6540,8859470730,46.5384358,24.5766310
6541,8859470737,46.5387785,24.5774239
6542,8859470740,46.5385504,24.5758960
6543,8859470741,46.5381709,24.5757647
6544,8859470742,46.5384141,24.5756715
6545,8859470748,46.5380502,24.5735918
6546,8859470751,46.5385238,24.5737776
6547,8859470757,46.5383755,24.5725439
6548,8859470763,46.5383773,24.5729030
6549,8859470767,46.5363767,24.5806047
6550,8859470777,46.5384253,24.5660720
6551,8859470799,46.5236979,24.5474568
6552,8859470803,46.5242643,24.5467573
6553,8859470813,46.5247771,24.5489968
6554,8859470835,46.5226322,24.5481621
6555,8859470836,46.5222288,24.5473232
6556,8859470839,46.5220772,24.5466444
6557,8859470876,46.5412048,24.5562241
6558,8859470879,46.5409675,24.5564889
6559,8859761229,46.5523446,24.5539317
6560,8859761268,46.5467858,24.5614533
6561,8859761270,46.5575765,24.5663037
6562,8859761272,46.5577090,24.5667313
6563,8859761273,46.5570397,24.5662085
6564,8859761279,46.5577402,24.5657898
6565,8859761280,46.5576370,24.5660472
6566,8859761281,46.5577185,24.5661209
6567,8859761282,46.5573103,24.5666848
6568,8859761284,46.5576215,24.5669071
6569,8859764122,46.5510564,24.5699698
6570,8859764128,46.5510688,24.5712852
6571,8859764129,46.5303970,24.5495024
6572,8859764132,46.5305487,24.5495970
6573,8859764133,46.5304873,24.5496407
6574,8859764141,46.5305614,24.5498181
6575,8859764142,46.5302839,24.5502224
6576,8859764145,46.5299615,24.5502921
6577,8859764152,46.5220191,24.5363192
6578,8859764154,46.5224007,24.5356216
6579,8859764156,46.5469951,24.5540851
6580,8859764161,46.5477440,24.5546532
6581,8859764183,46.5553068,24.5743115
6582,8859764184,46.5555450,24.5748071
6583,8859764185,46.5557419,24.5741664
6584,8859764186,46.5553684,24.5734931
6585,8859764203,46.5557264,24.5757079
6586,8859764210,46.5552152,24.5701000
6587,8859764247,46.5545077,24.5723272
6588,8859764248,46.5542805,24.5729259
6589,8859764302,46.5418831,24.5527359
6590,8859764304,46.5421674,24.5541190
6591,8859764316,46.5368054,24.5912693
6592,8859764319,46.5371860,24.5915783
6593,8859764320,46.5372134,24.5904304
6594,8859764322,46.5374601,24.5902679
6595,8859764323,46.5377081,24.5894466
6596,8859764325,46.5376866,24.5901262
6597,8860023338,46.5394543,24.5859418
6598,8860023341,46.5390118,24.5856962
6599,8860023396,46.5432705,24.5554537
6600,8860023399,46.5433802,24.5548019
6601,8860029321,46.5590382,24.5463931
6602,8860029331,46.5581899,24.5455581
6603,8860029332,46.5583548,24.5453222
6604,8860029333,46.5233659,24.5252973
6605,8860029339,46.5241090,24.5275348
6606,8860029342,46.5247463,24.5267843
6607,8860029345,46.5252435,24.5264165
6608,8860029349,46.5253659,24.5264749
6609,8860029352,46.5253620,24.5268887
6610,8860029353,46.5257561,24.5275474
6611,8860029355,46.5252907,24.5280251
6612,8860029357,46.5244592,24.5272965
6613,8860029358,46.5254580,24.5284742
6614,8860029359,46.5252791,24.5286311
6615,8860029360,46.5256143,24.5287834
6616,8860029366,46.5251861,24.5293088
6617,8860029367,46.5255002,24.5285873
6618,8860029369,46.5259573,24.5281853
6619,8860029370,46.5255963,24.5308024
6620,8860029374,46.5257649,24.5301458
6621,8860029380,46.5257979,24.5306126
6622,8860029382,46.5258131,24.5309495
6623,8860029383,46.5278117,24.5357142
6624,8860029386,46.5284307,24.5352159
6625,8860029387,46.5280699,24.5354921
6626,8860029391,46.5283936,24.5346456
6627,8860029409,46.5285095,24.5372702
6628,8860029410,46.5283801,24.5373862
6629,8860029421,46.5280733,24.5376714
6630,8860029425,46.5256380,24.5320317
6631,8860029426,46.5218188,24.5258482
6632,8860029427,46.5215669,24.5253563
6633,8860029431,46.5258759,24.5108456
6634,8860029434,46.5256244,24.5102765
6635,8860029435,46.5256277,24.5109083
6636,8860029442,46.5248369,24.5102161
6637,8860029444,46.5259175,24.5118089
6638,8860029445,46.5254822,24.5113765
6639,8860029446,46.5255391,24.5121236
6640,8860029447,46.5255164,24.5118262
6641,8860029484,46.5515429,24.5792929
6642,8860029485,46.5513656,24.5796542
6643,8860029486,46.5336598,24.5830330
6644,8860029489,46.5335012,24.5837912
6645,8860029490,46.5324900,24.5841785
6646,8860029492,46.5321912,24.5860692
6647,8860029493,46.5319832,24.5866775
6648,8860029499,46.5309860,24.5849988
6649,8860029501,46.5311613,24.5854996
6650,8860029521,46.5576055,24.5776896
6651,8860029527,46.5576234,24.5786908
6652,8860029528,46.5573745,24.5784547
6653,8860029529,46.5571603,24.5787061
6654,8860636123,46.5408658,24.5650947
6655,8860636127,46.5540746,24.5619843
6656,8860636130,46.5542696,24.5624278
6657,8860636131,46.5541631,24.5621270
6658,8860636134,46.5546871,24.5621592
6659,8860636153,46.5550493,24.5687179
6660,8860636154,46.5552858,24.5684583
6661,8860636164,46.5555566,24.5693898
6662,8860636169,46.5562424,24.5698317
6663,8860636183,46.5151966,24.5177989
6664,8860636184,46.5156056,24.5173376
6665,8860636185,46.5153484,24.5176277
6666,8860636186,46.5158006,24.5185516
6667,8860636187,46.5166229,24.5206281
6668,8860636192,46.5169213,24.5201321
6669,8860636202,46.5179881,24.5233581
6670,8860636205,46.5186250,24.5229931
6671,8860636206,46.5213004,24.5300895
6672,8860636207,46.5214313,24.5299553
6673,8860636209,46.5217672,24.5300561
6674,8860636211,46.5216947,24.5295633
6675,8860636222,46.5591610,24.5789909
6676,8860636223,46.5562177,24.5819234
6677,8860636224,46.5562881,24.5821386
6678,8860636225,46.5561291,24.5821546
6679,8860636226,46.5567048,24.5826198
6680,8860636320,46.5395945,24.5782909
6681,8860636321,46.5398004,24.5782201
6682,8860636352,46.5395953,24.5796971
6683,8860636362,46.5399030,24.5825317
6684,8860636363,46.5271338,24.5546768
6685,8860636372,46.5263373,24.5539256
6686,8860636376,46.5266045,24.5535637
6687,8860636378,46.5264015,24.5532549
6688,8860636387,46.5259610,24.5532073
6689,8860636391,46.5255289,24.5537912
6690,8860636395,46.5262387,24.5557244
6691,8860636396,46.5260433,24.5560382
6692,8860636405,46.5338886,24.5756634
6693,8860636409,46.5342663,24.5760699
6694,8860636411,46.5338941,24.5759325
6695,8860636416,46.5336849,24.5762908
6696,8860636417,46.5343277,24.5762748
6697,8860636419,46.5345225,24.5764135
6698,8860691486,46.5596602,24.5780071
6699,8860691490,46.5223621,24.5384828
6700,8860691491,46.5225120,24.5384473
6701,8860691494,46.5231725,24.5390339
6702,8860691497,46.5234329,24.5387571
6703,8869353573,46.5612779,24.5458735
6704,8869353579,46.5232533,24.5315141
6705,8869353581,46.5234720,24.5321558
6706,8944400340,46.5249991,24.5127478
6707,8946194541,46.5443645,24.5405220
6708,8946194543,46.5442121,24.5398688
6709,8946194546,46.5444270,24.5389111
6710,8955227140,46.5365459,24.5582972
6711,8955227143,46.5368533,24.5574652
6712,8974474430,46.5107047,24.5182542
6713,8981412721,46.5486183,24.5484801
6714,8981412729,46.5504786,24.5477167
6715,8981412730,46.5506571,24.5478679
6716,8981412731,46.5503410,24.5476001
6717,8981412732,46.5485974,24.5484175
6718,8981443840,46.5621588,24.5698781
6719,8981443847,46.5607948,24.5687948
6720,9004858309,46.5345831,24.5592169
6721,9006888385,46.5373376,24.5581558
6722,9006888387,46.5371292,24.5580927
6723,9006888396,46.5626748,24.5829449
6724,9006888397,46.5623824,24.5833781
6725,9006888398,46.5624871,24.5835915
6726,9010434053,46.5142490,24.5624689
6727,9010434055,46.5132762,24.5608823
6728,9010434056,46.5130504,24.5615344
6729,9069418523,46.5604990,24.5694840
6730,9069418524,46.5607278,24.5695210
6731,9069418525,46.5605170,24.5692822
6732,9069418526,46.5607466,24.5693174
6733,9069418527,46.5605350,24.5690758
6734,9069418528,46.5607656,24.5691109
6735,9069418529,46.5605541,24.5688739
6736,9069418530,46.5607838,24.5689138
6737,9069418531,46.5606600,24.5686845
6738,9073263924,46.5391392,24.5637239
6739,9073263931,46.5167763,24.5210977
6740,9073263933,46.5156088,24.5226300
6741,9073263940,46.5432134,24.5368922
6742,9073263941,46.5433926,24.5370159
6743,9073263952,46.5279715,24.5469460
6744,9073263954,46.5278488,24.5249458
6745,9090474111,46.5402627,24.5004872
6746,9090881647,46.5656370,24.5356660
6747,9090881648,46.5661945,24.5343535
6748,9093534459,46.5689185,24.5467419
6749,9093534460,46.5693817,24.5464012
6750,9093534463,46.5696220,24.5468991
6751,9108558277,46.5308241,24.5944272
6752,9108558287,46.5312980,24.5939933
6753,9144231685,46.5471496,24.5686604
6754,9144758744,46.5386654,24.5607504
6755,9144758747,46.5387212,24.5604395
6756,9144887796,46.5522674,24.5755282
6757,9144887807,46.5517311,24.5753253
6758,9144896895,46.5531051,24.5760472
6759,9144896902,46.5531020,24.5760258
6760,9144896903,46.5530623,24.5760911
6761,9144907721,46.5525413,24.5752318
6762,9146827614,46.5310091,24.5968663
6763,9147722714,46.5504653,24.5280679
6764,9147722715,46.5501829,24.5277955
6765,9154250148,46.5025623,24.4910636
6766,9154250149,46.5022953,24.4905387
6767,9154250150,46.5024192,24.4907824
6768,9154250151,46.5022514,24.4909625
6769,9154250152,46.5019884,24.4906624
6770,9154250153,46.5022473,24.4902608
6771,9175297156,46.5479442,24.5255697
6772,9180992973,46.5912865,24.5351730
6773,9180992974,46.5917049,24.5367703
6774,9180995778,46.5866248,24.5684445
6775,9181021010,46.5898193,24.5376715
6776,9181025377,46.5887760,24.5676720
6777,9181060160,46.5363837,24.4877287
6778,9181060164,46.5358366,24.4859129
6779,9181105065,46.5065083,24.5025051
6780,9181105066,46.5072236,24.5017917
6781,9182252052,46.5158856,24.6076235
6782,9182252056,46.5164034,24.6084274
6783,9182252059,46.5179916,24.6035667
6784,9182252061,46.5184631,24.6032387
6785,9182252062,46.5194478,24.6030048
6786,9182252066,46.5207743,24.6050909
6787,9182252067,46.5216340,24.6031027
6788,9182252068,46.5222383,24.6040534
6789,9182295677,46.5053398,24.6173108
6790,9182295687,46.5067936,24.6184798
6791,9182295688,46.5063897,24.6179208
6792,9182295689,46.5067852,24.6174002
6793,9182299356,46.5072144,24.6145853
6794,9182299357,46.5074793,24.6104509
6795,9183620088,46.5219728,24.5321489
6796,9183620089,46.5213700,24.5319162
6797,9183620090,46.5216864,24.5315673
6798,9183620091,46.5214256,24.5310670
6799,9183631527,46.5144135,24.5234889
6800,9183643132,46.5213010,24.5216147
6801,9183643133,46.5222557,24.5223160
6802,9183664050,46.5221181,24.5226871
6803,9183669411,46.5408547,24.5289703
6804,9183678406,46.5384486,24.5368699
6805,9183680052,46.5417994,24.5312796
6806,9183685923,46.5406085,24.5276682
6807,9183685926,46.5410722,24.5295163
6808,9183685927,46.5415207,24.5293787
6809,9183694056,46.5431096,24.5354969
6810,9191132498,46.5897279,24.6206698
6811,9191132499,46.5906469,24.6191490
6812,9193527290,46.5980021,24.6313926
6813,9193527291,46.5978270,24.6316481
6814,9193527292,46.5984985,24.6306635
6815,9193527293,46.5979251,24.6312837
6816,9193527297,46.5981748,24.6283241
6817,9193527302,46.5961608,24.6293922
6818,9193527303,46.5876879,24.6178934
6819,9193527304,46.5866926,24.6194564
6820,9193527305,46.5847257,24.6161163
6821,9201272963,46.5362591,24.6018004
6822,9201272964,46.5350542,24.6003574
6823,9201272965,46.5359196,24.6026829
6824,9201272977,46.5377672,24.6021246
6825,9201272978,46.5367157,24.6037377
6826,9201272979,46.5368868,24.6035956
6827,9201272986,46.5393898,24.6024943
6828,9201272987,46.5383139,24.6032661
6829,9201280096,46.5441020,24.6128002
6830,9201280101,46.5428750,24.6134890
6831,9201292545,46.5321230,24.5707434
6832,9201296737,46.5369630,24.5982576
6833,9201296738,46.5370067,24.5981343
6834,9201296743,46.5368535,24.5985373
6835,9201296752,46.5366037,24.5987195
6836,9206301983,46.5098911,24.6178320
6837,9206301987,46.5096671,24.6170440
6838,9210437559,46.5212307,24.6067116
6839,9210548750,46.5748049,24.6063375
6840,9210548755,46.5745573,24.6053361
6841,9210548756,46.5751879,24.6061745
6842,9210548757,46.5741549,24.6047963
6843,9210579505,46.5384021,24.5003003
6844,9210588718,46.5343650,24.5023356
6845,9210588719,46.5343678,24.5019209
6846,9210588720,46.5342504,24.5011647
6847,9210588721,46.5343790,24.5007500
6848,9210588722,46.5334141,24.5028681
6849,9210588724,46.5335484,24.5024250
6850,9210588726,46.5335708,24.5021079
6851,9210588728,46.5335288,24.5013639
6852,9210588729,46.5334980,24.5009980
6853,9210588734,46.5343594,24.5003682
6854,9210588735,46.5334505,24.5006118
6855,9210588736,46.5333890,24.5003679
6856,9210588737,46.5333582,24.5002215
6857,9210865356,46.5120027,24.6153956
6858,9210865357,46.5117640,24.6147960
6859,9210865358,46.5122896,24.6138794
6860,9210865360,46.5112383,24.6125190
6861,9210883428,46.5196104,24.6078166
6862,9210883429,46.5193301,24.6072008
6863,9210894331,46.5052476,24.6408037
6864,9210895267,46.5015519,24.5247935
6865,9210895268,46.5018761,24.5271166
6866,9210895270,46.5013364,24.5271330
6867,9210895271,46.5011541,24.5259373
6868,9210895468,46.5221778,24.6057082
6869,9210895469,46.5219571,24.6059762
6870,9210895470,46.5215205,24.6051251
6871,9210895471,46.5216963,24.6049373
6872,9210895473,46.5215538,24.6064418
6873,9210895474,46.5218498,24.6069975
6874,9210895480,46.5212547,24.6054090
6875,9217756273,46.5112950,24.5177436
6876,9238745848,46.5381415,24.5480441
6877,9238745854,46.5380701,24.5481904
6878,9238745856,46.5381154,24.5480155
6879,9238745857,46.5380322,24.5481398
6880,9253531875,46.5492661,24.6347484
6881,9267344499,46.5387130,24.5988755
6882,9327861071,46.5505599,24.5314110
6883,9327861073,46.5494692,24.5293878
6884,9327861074,46.5489789,24.5301459
6885,9327861075,46.5486720,24.5298807
6886,9327861076,46.5487522,24.5297036
6887,9327861080,46.5488981,24.5303348
6888,9327861081,46.5445984,24.5281110
6889,9327861083,46.5459196,24.5267833
6890,9327861084,46.5454526,24.5268539
6891,9327861092,46.5448309,24.5274993
6892,9327861094,46.5457280,24.5265824
6893,9327861095,46.5421227,24.5201493
6894,9327861104,46.5400589,24.5230783
6895,9327891918,46.5423937,24.5245607
6896,9327891921,46.5420512,24.5236852
6897,9327898537,46.5296216,24.5951294
6898,9327898538,46.5298000,24.5945253
6899,9327898543,46.5277015,24.5941513
6900,9327898562,46.5300380,24.5920497
6901,9327898572,46.5293500,24.5925229
6902,9327898591,46.5282668,24.5935777
6903,9327910321,46.5371673,24.5408043
6904,9327910329,46.5338000,24.5427066
6905,9327910330,46.5340978,24.5434006
6906,9327910331,46.5341050,24.5424327
6907,9327910336,46.5341463,24.5410205
6908,9327910346,46.5348981,24.5403304
6909,9327910349,46.5355427,24.5417543
6910,9327910350,46.5359025,24.5393777
6911,9347716633,46.5045359,24.4850622
6912,9355238707,46.5570097,24.5369305
6913,9355238708,46.5574794,24.5357599
6914,9355238709,46.5577819,24.5367282
6915,9355238710,46.5572794,24.5362585
6916,9368234373,46.5394031,24.5620849
6917,9388914145,46.5471126,24.5600646
6918,9388914146,46.5470485,24.5602329
6919,9388914149,46.5468663,24.5598252
6920,9392291461,46.5393496,24.5988800
6921,9397375474,46.5275625,24.4854221
6922,9397463590,46.5430782,24.5327899
6923,9397463596,46.5433145,24.5327183
6924,9397463598,46.5424764,24.5315754
6925,9397515124,46.5425109,24.5310782
6926,9397515131,46.5427887,24.5317263
6927,9399510103,46.5397620,24.5591033
6928,9399510108,46.5395817,24.5604143
6929,9399675826,46.5562463,24.5654094
6930,9399675889,46.5445209,24.5399680
6931,9399675892,46.5438199,24.5422496
6932,9399708267,46.5631996,24.5471260
6933,9399814139,46.5628717,24.5514498
6934,9410315267,46.5272065,24.5695830
6935,9410315270,46.5343218,24.5591495
6936,9418026663,46.5391359,24.5581668
6937,9420191693,46.5611251,24.5444926
6938,9420284187,46.5601727,24.5768383
6939,9420394896,46.5472629,24.5728054
6940,9420394955,46.5556530,24.5665306
6941,9420539669,46.5363974,24.5530784
6942,9428202175,46.5417713,24.5718030
6943,9428202184,46.5417027,24.5717887
6944,9431850523,46.5278103,24.5577439
6945,9433451069,46.5357580,24.5739260
6946,9433451228,46.5472445,24.5760461
6947,9433748132,46.5559400,24.5781237
6948,9433863056,46.5521920,24.5584913
6949,9433863073,46.5527650,24.5586433
6950,9433989365,46.5569652,24.5470321
6951,9433989416,46.5322403,24.5711242
6952,9439482659,46.5360875,24.5866521
6953,9439482669,46.5364740,24.5853433
6954,9439605669,46.5697983,24.5473997
6955,9439605822,46.5340312,24.5800168
6956,9441880824,46.5419247,24.5700862
6957,9441880830,46.5427577,24.5712348
6958,9441880831,46.5428912,24.5710122
6959,9441880833,46.5425093,24.5708955
6960,9441880834,46.5427159,24.5706051
6961,9441880836,46.5422995,24.5706016
6962,9441880837,46.5421386,24.5708584
6963,9441880844,46.5340594,24.5801419
6964,9441880854,46.5346698,24.5814520
6965,9441880855,46.5340577,24.5800166
6966,9441880856,46.5349065,24.5815195
6967,9441880857,46.5347238,24.5814218
6968,9441880858,46.5345097,24.5817909
6969,9441880859,46.5348956,24.5815137
6970,9441880864,46.5252251,24.5117020
6971,9441880866,46.5244828,24.5117643
6972,9441880867,46.5249996,24.5117213
6973,9450872595,46.5521340,24.5683354
6974,9450872596,46.5523644,24.5679499
6975,9450872598,46.5526077,24.5681529
6976,9450872600,46.5525768,24.5682007
6977,9457810485,46.5629425,24.5833889
6978,9457810490,46.5550452,24.5642642
6979,9457810494,46.5562312,24.5654360
6980,9457810502,46.5552895,24.5674286
6981,9457810504,46.5427331,24.5728880
6982,9457810507,46.5431530,24.5738888
6983,9457810514,46.5443108,24.5785376
6984,9457810516,46.5433873,24.5749142
6985,9457845218,46.5433811,24.5748870
6986,9457845219,46.5435918,24.5758159
6987,9457845220,46.5436730,24.5761377
6988,9457845221,46.5437783,24.5765731
6989,9457845222,46.5442993,24.5784975
6990,9457845227,46.5307092,24.5882246
6991,9466099304,46.5401025,24.6052259
6992,9466099305,46.5399114,24.6047568
6993,9466153765,46.5297826,24.5943356
6994,9466153766,46.5301911,24.5950735
6995,9466153771,46.5308470,24.5948523
6996,9466153780,46.5299817,24.5956647
6997,9466153782,46.5294296,24.5954575
6998,9466153783,46.5297892,24.5959778
6999,9466153785,46.5291292,24.5959071
7000,9466153786,46.5294238,24.5963453
7001,9466153788,46.5287935,24.5959983
7002,9466153789,46.5291271,24.5965310
7003,9466153791,46.5284510,24.5964239
7004,9466153792,46.5287432,24.5968695
7005,9466153797,46.5284329,24.5972515
7006,9466153800,46.5281475,24.5933881
7007,9466170317,46.5274983,24.5947730
7008,9466194773,46.5285377,24.5935056
7009,9466194780,46.5281410,24.5959797
7010,9466194786,46.5282178,24.5958864
7011,9466194790,46.5284273,24.5956018
7012,9466194791,46.5286471,24.5959410
7013,9466194792,46.5281725,24.5952197
7014,9466194793,46.5285474,24.5954528
7015,9466194794,46.5282897,24.5950655
7016,9466194795,46.5289718,24.5954269
7017,9466194797,46.5292101,24.5954293
7018,9466194799,46.5289920,24.5951005
7019,9466194801,46.5284158,24.5950149
7020,9466194803,46.5287358,24.5957382
7021,9466194807,46.5281187,24.5941214
7022,9466194808,46.5284051,24.5942343
7023,9466198417,46.5281942,24.5945678
7024,9466198422,46.5285876,24.5952975
7025,9466198426,46.5287723,24.5937364
7026,9466231772,46.5289018,24.5943749
7027,9466237122,46.5291284,24.5947265
7028,9466237138,46.5302223,24.5948335
7029,9468030210,46.5300937,24.5917912
7030,9626236392,46.5820209,24.5461986
7031,9660252378,46.5366537,24.5723175
7032,9666666146,46.5141769,24.5157478
7033,9751771378,46.5256864,24.5915071
7034,9751771379,46.5271424,24.5939754
7035,9756913856,46.5444716,24.6581589
7036,9756918047,46.5464577,24.6365918
7037,9756918048,46.5465366,24.6366075
7038,9769582997,46.5557842,24.5442079
7039,9781409068,46.5438492,24.6277133
7040,9781409069,46.5445964,24.6274477
7041,9781409070,46.5440829,24.6279428
7042,9781416492,46.5395525,24.6200207
7043,9781438962,46.5367886,24.6206859
7044,9781438965,46.5376964,24.6175343
7045,9781438990,46.5432847,24.6227565
7046,9781438991,46.5436592,24.6236014
7047,9781438992,46.5434637,24.6231642
7048,9781438993,46.5439297,24.6227896
7049,9807158065,46.5813726,24.6213562
7050,9807158066,46.5819323,24.6205458
7051,9812783003,46.5638142,24.5484952
7052,9812783009,46.5618003,24.5488724
7053,9812783010,46.5618446,24.5485897
7054,9812788221,46.5626577,24.5513499
7055,9812788222,46.5627554,24.5509063
7056,9812788230,46.5361108,24.5807424
7057,9812788231,46.5359935,24.5802200
7058,9812788232,46.5360394,24.5802010
7059,9812788236,46.5317711,24.5665150
7060,9812788243,46.5310952,24.5661124
7061,9812788249,46.5309023,24.5665327
7062,9812788251,46.5311472,24.5664110
7063,9812788252,46.5310476,24.5664580
7064,9812788253,46.5311070,24.5668015
7065,9812788256,46.5306703,24.5665238
7066,9812788258,46.5306692,24.5669158
7067,9812788259,46.5304415,24.5665050
7068,9812788263,46.5313124,24.5661318
7069,9812788279,46.5303503,24.5658556
7070,9812788301,46.5309953,24.5679695
7071,9812788311,46.5497184,24.5527827
7072,9812788317,46.5491815,24.5519977
7073,9812788318,46.5491686,24.5520106
7074,9812788321,46.5496615,24.5528029
7075,9812788322,46.5494703,24.5520733
7076,9812788323,46.5492317,24.5521506
7077,9812788324,46.5493088,24.5523216
7078,9812788325,46.5494808,24.5522867
7079,9812788330,46.5495239,24.5522566
7080,9812788358,46.5347248,24.5557210
7081,9812788373,46.5298708,24.5451242
7082,9812788378,46.5292792,24.5456832
7083,9812788379,46.5301547,24.5448011
7084,9812788382,46.5308194,24.5458427
7085,9812788387,46.5294195,24.5429544
7086,9812788400,46.5304242,24.5450822
7087,9812788401,46.5301058,24.5448591
7088,9812788405,46.5299709,24.5441329
7089,9812788413,46.5408103,24.5550950
7090,9812788415,46.5387444,24.5589152
7091,9812788417,46.5392396,24.5585978
7092,9812788419,46.5390878,24.5585519
7093,9812788425,46.5393995,24.5587488
7094,9812788428,46.5390705,24.5597235
7095,9812788429,46.5391333,24.5593595
7096,9812788456,46.5363562,24.5887674
7097,9812788458,46.5342394,24.5912110
7098,9812788461,46.5348601,24.5904185
7099,9812788463,46.5378731,24.5782599
7100,9812788466,46.5377302,24.5777086
7101,9812788467,46.5378059,24.5780007
7102,9812788468,46.5376246,24.5781091
7103,9812839203,46.5466477,24.5838674
7104,9812839207,46.5470719,24.5839167
7105,9812839208,46.5466941,24.5851998
7106,9812839210,46.5470705,24.5853678
7107,9812839211,46.5468614,24.5780038
7108,9812839212,46.5470925,24.5780896
7109,9812839214,46.5472000,24.5782806
7110,9812846718,46.5471675,24.5779729
7111,9820561245,46.5331220,24.5712487
7112,9820561250,46.5328582,24.5711432
7113,9820561285,46.5327195,24.5707516
7114,9820561288,46.5326568,24.5703604
7115,9820561295,46.5314378,24.5763188
7116,9820561296,46.5316658,24.5762426
7117,9820561297,46.5315533,24.5762478
7118,9820561300,46.5174985,24.5233533
7119,9820561301,46.5173682,24.5230833
7120,9820561303,46.5589811,24.5484507
7121,9820561307,46.5587339,24.5491018
7122,9820561312,46.5424001,24.5562890
7123,9820561313,46.5421413,24.5560931
7124,9820561315,46.5422215,24.5561540
7125,9820561316,46.5421392,24.5563688
7126,9820612022,46.5490042,24.5529476
7127,9820612024,46.5491203,24.5529259
7128,9820612026,46.5489987,24.5528336
7129,9820612027,46.5484067,24.5526560
7130,9825840727,46.5718475,24.5314597
7131,9825840758,46.5709151,24.5323554
7132,9825840762,46.5724956,24.5341438
7133,9825840783,46.5178245,24.5293082
7134,9825840786,46.5182174,24.5279743
7135,9825840802,46.5206392,24.5289718
7136,9825840803,46.5203664,24.5292426
7137,9825840811,46.5180515,24.5297610
7138,9825906337,46.5389377,24.5932598
7139,9825906345,46.5395462,24.5639869
7140,9825906346,46.5397069,24.5640251
7141,9825906352,46.5635861,24.5926716
7142,9825906353,46.5633430,24.5919154
7143,9826025222,46.5616125,24.5487925
7144,9826025223,46.5612583,24.5486681
7145,9826025242,46.5392709,24.5671471
7146,9826025244,46.5393422,24.5676151
7147,9826025247,46.5393162,24.5675154
7148,9826025250,46.5392924,24.5680174
7149,9826025253,46.5243226,24.5345141
7150,9826025254,46.5247912,24.5340016
7151,9826025268,46.5238163,24.5344720
7152,9826025269,46.5239475,24.5347320
7153,9826025271,46.5237023,24.5346112
7154,9826025272,46.5238285,24.5348618
7155,9826025279,46.5654356,24.5545227
7156,9826025280,46.5657691,24.5540969
7157,9826025281,46.5650404,24.5529638
7158,9826025282,46.5649957,24.5528906
7159,9826025284,46.5663603,24.5510254
7160,9826025287,46.5650107,24.5529152
7161,9826025289,46.5526877,24.5575199
7162,9826025306,46.5395244,24.6007690
7163,9826025312,46.5394975,24.6011517
7164,9826025315,46.5384739,24.5986994
7165,9826025316,46.5384721,24.5977665
7166,9826033517,46.5371507,24.6004260
7167,9826033526,46.5382917,24.6005802
7168,9826033528,46.5370197,24.6000184
7169,9826033544,46.5377497,24.5999058
7170,9826033546,46.5369069,24.5996673
7171,9826033548,46.5380793,24.5993924
7172,9826033550,46.5390748,24.5602363
7173,9826033553,46.5389459,24.5601250
7174,9826074183,46.5348974,24.5704565
7175,9826074185,46.5351486,24.5719397
7176,9826074190,46.5344171,24.5718723
7177,9826074191,46.5344850,24.5720448
7178,9826074202,46.5343140,24.5723090
7179,9826074204,46.5341612,24.5703084
7180,9826074208,46.5341620,24.5719630
7181,9826083918,46.5201358,24.5263962
7182,9826083920,46.5198878,24.5267835
7183,9826083922,46.5199173,24.5268491
7184,9826083923,46.5199295,24.5268745
7185,9826083925,46.5200710,24.5264543
7186,9826083930,46.5196022,24.5266950
7187,9826083931,46.5200299,24.5261842
7188,9826083933,46.5196415,24.5264582
7189,9831367004,46.5326149,24.5860114
7190,9831367005,46.5330461,24.5863596
7191,9831367007,46.5329931,24.5857432
7192,9831367012,46.5331220,24.5846501
7193,9831368120,46.5335223,24.5842420
7194,9831368142,46.5359784,24.5748445
7195,9831368144,46.5357641,24.5753425
7196,9831368145,46.5455949,24.5490001
7197,9831368149,46.5458886,24.5486691
7198,9831368151,46.5408432,24.5389490
7199,9831368153,46.5409350,24.5388626
7200,9831368156,46.5411714,24.5387763
7201,9831368157,46.5410324,24.5386571
7202,9831368158,46.5413286,24.5388858
7203,9831368159,46.5409844,24.5386019
7204,9831368161,46.5409769,24.5377593
7205,9831368165,46.5213538,24.5294551
7206,9831368166,46.5215087,24.5297547
7207,9831368178,46.5264810,24.5388529
7208,9831368194,46.5489803,24.5606533
7209,9831368196,46.5491172,24.5605615
7210,9831418877,46.5350491,24.5917135
7211,9831418878,46.5349685,24.5918849
7212,9831418880,46.5348071,24.5920473
7213,9831418882,46.5348860,24.5915445
7214,9831418896,46.5358728,24.5908306
7215,9831418906,46.5359108,24.5907558
7216,9831418910,46.5353694,24.5918215
7217,9831452621,46.5236740,24.5350790
7218,9831452625,46.5234200,24.5363778
7219,9831452633,46.5227407,24.5349108
7220,9831452634,46.5224676,24.5351961
7221,9831452635,46.5218832,24.5353199
7222,9831452637,46.5221663,24.5353957
7223,9831452639,46.5216078,24.5356098
7224,9831452640,46.5217277,24.5358529
7225,9831452645,46.5214959,24.5357275
7226,9831452648,46.5218398,24.5362327
7227,9831452650,46.5662490,24.5368221
7228,9831452655,46.5646904,24.5353378
7229,9831452662,46.5339928,24.5952357
7230,9831452663,46.5338230,24.5957210
7231,9831452665,46.5329231,24.5949906
7232,9831452666,46.5329707,24.5948374
7233,9831452667,46.5321678,24.5942832
7234,9831452668,46.5320310,24.5943472
7235,9831452669,46.5320866,24.5943212
7236,9831452671,46.5327224,24.5944574
7237,9831452673,46.5323108,24.5941216
7238,9831452677,46.5339949,24.5909989
7239,9831452678,46.5338336,24.5908900
7240,9831452679,46.5337184,24.5912357
7241,9831452682,46.5336074,24.5905121
7242,9831452684,46.5338052,24.5905275
7243,9831452685,46.5337750,24.5904474
7244,9831452686,46.5339302,24.5903374
7245,9831452688,46.5334288,24.5910314
7246,9831452689,46.5335334,24.5919425
7247,9831452692,46.5329479,24.5917089
7248,9831452693,46.5332349,24.5927968
7249,9831452694,46.5329479,24.5926168
7250,9831452695,46.5327820,24.5930976
7251,9831452696,46.5329913,24.5924801
7252,9831452706,46.5330411,24.5938909
7253,9831452707,46.5330736,24.5932912
7254,9831452711,46.5333851,24.5939605
7255,9831452714,46.5325539,24.5935343
7256,9831452717,46.5177759,24.5215539
7257,9831452721,46.5178037,24.5215417
7258,9831452722,46.5182076,24.5219355
7259,9831452727,46.5193014,24.5192682
7260,9831452728,46.5195518,24.5190076
7261,9831452729,46.5186730,24.5197872
7262,9831452730,46.5181865,24.5213150
7263,9831452731,46.5178519,24.5207284
7264,9831452734,46.5185411,24.5200177
7265,9831452735,46.5199239,24.5195744
7266,9831452738,46.5188437,24.5172306
7267,9831452740,46.5190485,24.5170214
7268,9834002509,46.5202948,24.5267362
7269,9834002513,46.5207439,24.5267974
7270,9834002515,46.5202325,24.5268067
7271,9834007118,46.5201047,24.5269515
7272,9834007121,46.5200130,24.5270554
7273,9834007123,46.5200680,24.5273578
7274,9834007125,46.5206844,24.5274417
7275,9834007127,46.5201422,24.5274950
7276,9834007153,46.5279424,24.5133959
7277,9834007154,46.5272963,24.5131844
7278,9834007158,46.5275987,24.5121261
7279,9834007159,46.5275478,24.5115148
7280,9834007160,46.5277468,24.5114995
7281,9834007162,46.5280127,24.5113587
7282,9834007163,46.5278648,24.5078760
7283,9834007166,46.5278717,24.5071811
7284,9834007182,46.5261026,24.5039345
7285,9834007183,46.5273276,24.5114784
7286,9834007185,46.5265451,24.5108984
7287,9834007193,46.5282342,24.5109505
7288,9834007198,46.5361678,24.5885871
7289,9834007199,46.5359573,24.5888509
7290,9834007227,46.5560199,24.5436775
7291,9834007256,46.5557697,24.5433545
7292,9834007259,46.5556149,24.5431547
7293,9834007262,46.5560988,24.5437793
7294,9834007265,46.5559545,24.5435930
7295,9834007276,46.5564157,24.5441885
7296,9834007279,46.5562835,24.5440178
7297,9834007286,46.5567450,24.5446136
7298,9834007289,46.5566118,24.5444416
7299,9834007296,46.5571524,24.5410445
7300,9834007297,46.5573504,24.5413147
7301,9834007298,46.5570455,24.5412164
7302,9834007299,46.5572496,24.5414613
7303,9834007300,46.5584696,24.5427284
7304,9834007301,46.5582644,24.5424770
7305,9834007302,46.5583636,24.5428769
7306,9834007303,46.5581721,24.5426435
7307,9834114622,46.5271851,24.5722966
7308,9834114629,46.5282270,24.5736296
7309,9834114645,46.5266948,24.5145672
7310,9834114646,46.5265220,24.5136178
7311,9834145371,46.5450319,24.5590892
7312,9834145372,46.5448747,24.5593706
7313,9834145374,46.5448411,24.5596995
7314,9834145377,46.5444727,24.5585130
7315,9834145378,46.5443189,24.5587842
7316,9834145380,46.5445934,24.5586297
7317,9834145382,46.5449783,24.5587042
7318,9834145383,46.5446035,24.5586071
7319,9834145384,46.5646116,24.5511561
7320,9834145386,46.5647103,24.5523919
7321,9834145387,46.5646475,24.5514560
7322,9834145390,46.5650372,24.5522592
7323,9834145396,46.5651107,24.5502737
7324,9834145401,46.5385036,24.5690750
7325,9834145402,46.5385036,24.5686244
7326,9836052296,46.5645368,24.5712125
7327,9836052297,46.5634451,24.5706868
7328,9836052298,46.5640553,24.5708694
7329,9836062555,46.5840680,24.6098350
7330,9836062556,46.5838859,24.6095760
7331,9836062557,46.5841630,24.6096700
7332,9836062558,46.5838895,24.6092959
7333,9836062559,46.5842625,24.6095386
7334,9836062560,46.5843833,24.6093857
7335,9836062561,46.5840876,24.6089682
7336,9836062562,46.5846146,24.6094367
7337,9836062563,46.5842420,24.6089305
7338,9836062564,46.5844272,24.6088853
7339,9836062565,46.5847741,24.6093576
7340,9836062566,46.5843298,24.6087527
7341,9836062567,46.5845962,24.6088440
7342,9836062568,46.5848561,24.6092127
7343,9836062569,46.5843750,24.6085301
7344,9836066073,46.5745904,24.5797242
7345,9836066099,46.5718722,24.5750749
7346,9836066100,46.5713504,24.5764616
7347,9836092152,46.5858242,24.6081027
7348,9836092154,46.5863403,24.6072612
7349,9836700202,46.5524069,24.5600083
7350,9836700205,46.5526881,24.5603143
7351,9836700207,46.5525392,24.5598433
7352,9836700209,46.5526011,24.5600977
7353,9836700210,46.5525559,24.5600808
7354,9836700211,46.5524500,24.5604244
7355,9836700212,46.5525089,24.5594149
7356,9836700213,46.5527040,24.5595497
7357,9836709317,46.5528597,24.5591717
7358,9836709320,46.5527032,24.5598176
7359,9836709321,46.5513585,24.5611655
7360,9836709322,46.5511902,24.5616253
7361,9836709324,46.5512106,24.5607501
7362,9836709338,46.5339683,24.5650227
7363,9836709339,46.5339551,24.5652429
7364,9836709340,46.5348724,24.5647368
7365,9836709342,46.5347344,24.5652265
7366,9836709352,46.5478299,24.5742320
7367,9836709356,46.5484279,24.5743236
7368,9836709358,46.5482123,24.5780445
7369,9836709362,46.5484187,24.5785656
7370,9836709363,46.5494312,24.5803575
7371,9836709371,46.5493317,24.5810233
7372,9836709372,46.5498978,24.5814552
7373,9836709374,46.5496459,24.5816018
7374,9836709380,46.5507194,24.5853665
7375,9836709383,46.5471287,24.5681107
7376,9836709386,46.5475360,24.5681769
7377,9836709388,46.5466770,24.5679975
7378,9836709389,46.5467501,24.5682919
7379,9836709390,46.5471322,24.5682728
7380,9836709391,46.5465213,24.5680306
7381,9836818320,46.5382930,24.5438555
7382,9836818321,46.5385422,24.5435415
7383,9836818323,46.5388040,24.5443117
7384,9836818324,46.5389967,24.5446050
7385,9836818325,46.5389317,24.5445054
7386,9836818326,46.5389204,24.5446999
7387,9836818327,46.5388592,24.5446023
7388,9836818336,46.5394159,24.5453712
7389,9836818337,46.5392574,24.5451135
7390,9836818342,46.5406733,24.5830515
7391,9836818343,46.5407542,24.5827029
7392,9836818347,46.5402357,24.5842367
7393,9836818350,46.5409463,24.5825664
7394,9836818351,46.5407202,24.5828495
7395,9836818352,46.5408784,24.5829129
7396,9836818353,46.5407790,24.5828731
7397,9836818354,46.5408033,24.5827092
7398,9836818355,46.5406532,24.5831179
7399,9836818357,46.5408683,24.5832070
7400,9836818358,46.5405522,24.5834524
7401,9836818365,46.5410287,24.5837362
7402,9836818366,46.5404217,24.5838307
7403,9836818367,46.5403165,24.5842529
7404,9836818368,46.5406725,24.5816074
7405,9836818370,46.5410422,24.5816020
7406,9842101267,46.5457730,24.5763239
7407,9842101281,46.5446734,24.5773750
7408,9842101282,46.5552312,24.5529121
7409,9842101286,46.5552000,24.5534247
7410,9842101287,46.5558705,24.5541582
7411,9842101290,46.5561820,24.5552230
7412,9842101291,46.5565283,24.5554609
7413,9842101294,46.5564276,24.5555405
7414,9842101295,46.5565971,24.5559154
7415,9842101296,46.5578511,24.5574127
7416,9842101302,46.5585577,24.5587416
7417,9842101303,46.5585776,24.5587985
7418,9842101304,46.5588538,24.5585587
7419,9842101306,46.5583026,24.5590843
7420,9842101307,46.5576733,24.5556495
7421,9842101310,46.5582099,24.5552752
7422,9842101311,46.5572285,24.5541004
7423,9842101312,46.5544894,24.5502203
7424,9842101316,46.5543500,24.5493214
7425,9842113019,46.5207240,24.5108039
7426,9842113022,46.5206203,24.5112792
7427,9842113023,46.5540681,24.5628765
7428,9842113026,46.5539472,24.5631557
7429,9842113032,46.5337051,24.5891931
7430,9842113035,46.5336347,24.5882735
7431,9842113038,46.5352204,24.5844956
7432,9842113039,46.5353309,24.5845876
7433,9842113043,46.5392981,24.5873828
7434,9842113048,46.5396992,24.5863341
7435,9842113049,46.5502469,24.5551717
7436,9842113051,46.5500607,24.5550392
7437,9842113053,46.5493648,24.5561445
7438,9842113054,46.5495580,24.5564718
7439,9842113056,46.5601045,24.5828693
7440,9842113058,46.5606275,24.5824545
7441,9842113066,46.5609588,24.5820278
7442,9842113068,46.5608528,24.5816265
7443,9842200503,46.5510636,24.5723639
7444,9842200505,46.5507898,24.5726536
7445,9842200506,46.5467222,24.5696729
7446,9842200512,46.5463496,24.5701487
7447,9842200514,46.5495956,24.5616480
7448,9842200516,46.5498474,24.5613653
7449,9842219727,46.5500131,24.5635136
7450,9842219730,46.5504598,24.5637596
7451,9842219736,46.5502176,24.5644427
7452,9842219737,46.5497770,24.5642303
7453,9842219738,46.5498384,24.5640440
7454,9842219740,46.5495689,24.5640817
7455,9842219741,46.5500221,24.5631277
7456,9842219743,46.5504062,24.5631686
7457,9842219744,46.5505747,24.5623788
7458,9842219746,46.5504223,24.5630705
7459,9842219747,46.5505421,24.5632014
7460,9842219751,46.5502062,24.5627423
7461,9842219752,46.5512399,24.5626472
7462,9842219753,46.5510924,24.5630210
7463,9842219757,46.5508989,24.5634366
7464,9842219769,46.5513136,24.5655831
7465,9842219772,46.5514128,24.5653435
7466,9842219774,46.5512253,24.5651561
7467,9842219777,46.5511086,24.5654215
7468,9842219779,46.5340390,24.5641240
7469,9842219780,46.5338791,24.5639423
7470,9842219783,46.5338185,24.5641271
7471,9842219784,46.5339420,24.5642837
7472,9848101372,46.5242689,24.5154367
7473,9848101373,46.5236301,24.5160764
7474,9848101376,46.5239252,24.5162544
7475,9848101377,46.5242452,24.5149721
7476,9848101378,46.5239176,24.5156421
7477,9848101382,46.5238451,24.5151825
7478,9848112118,46.5606417,24.5772288
7479,9848112119,46.5608181,24.5774328
7480,9848112120,46.5598752,24.5684027
7481,9848112121,46.5598100,24.5681733
7482,9848112122,46.5600781,24.5679908
7483,9848112123,46.5596840,24.5682560
7484,9848112125,46.5597572,24.5680336
7485,9848112126,46.5598502,24.5679543
7486,9848112127,46.5596573,24.5681275
7487,9848112134,46.5273888,24.5472073
7488,9848112137,46.5277725,24.5473654
7489,9848112139,46.5274743,24.5474910
7490,9848112140,46.5271261,24.5479600
7491,9848112152,46.5339227,24.5506769
7492,9848112154,46.5344911,24.5511411
7493,9848112194,46.5584284,24.5692796
7494,9848112199,46.5587324,24.5692513
7495,9848112200,46.5592558,24.5698785
7496,9848112203,46.5590234,24.5707031
7497,9848112204,46.5584087,24.5717188
7498,9848112205,46.5585773,24.5714402
7499,9848112207,46.5577834,24.5704920
7500,9848112214,46.5589757,24.5675066
7501,9848112215,46.5577802,24.5680649
7502,9848112216,46.5581621,24.5673763
7503,9848112230,46.5592888,24.5684544
7504,9848112231,46.5587276,24.5679111
7505,9848112235,46.5330783,24.5908164
7506,9848112236,46.5346361,24.5924485
7507,9848112238,46.5345938,24.5930724
7508,9848112240,46.5340485,24.5939208
7509,9848112245,46.5350295,24.5953723
7510,9848112246,46.5351164,24.5956712
7511,9848112253,46.5361372,24.5972410
7512,9848112257,46.5348955,24.5979904
7513,9848112259,46.5357102,24.5974838
7514,9848112260,46.5355646,24.5970017
7515,9848112290,46.5361908,24.5974104
7516,9848112296,46.5359285,24.5981068
7517,9848112300,46.5364062,24.5984244
7518,9848112302,46.5361441,24.5978928
7519,9848112304,46.5362768,24.5987934
7520,9848112305,46.5358408,24.5988306
7521,9848112307,46.5357973,24.5984089
7522,9848112308,46.5365955,24.5999477
7523,9848112313,46.5365828,24.6007183
7524,9848112315,46.5368523,24.6001303
7525,9848112318,46.5369923,24.6003204
7526,9848112319,46.5372782,24.6008404
7527,9848112322,46.5366958,24.6008132
7528,9848112323,46.5371505,24.6009204
7529,9848112324,46.5370348,24.6005450
7530,9848112327,46.5361251,24.5972020
7531,9848112329,46.5365181,24.5971863
7532,9848112331,46.5366979,24.5977541
7533,9848287364,46.5440540,24.5540027
7534,9848287366,46.5437867,24.5538713
7535,9848287371,46.5299209,24.5309697
7536,9848287372,46.5304396,24.5301496
7537,9848287374,46.5298644,24.5307266
7538,9848287378,46.5296616,24.5310628
7539,9848287379,46.5301314,24.5295212
7540,9848287384,46.5294240,24.5304641
7541,9848287386,46.5288479,24.5269560
7542,9848287387,46.5278547,24.5278367
7543,9848287388,46.5274215,24.5282209
7544,9848287389,46.5285758,24.5264151
7545,9848287390,46.5277053,24.5272302
7546,9848287391,46.5283405,24.5259335
7547,9848287392,46.5274225,24.5267612
7548,9848287394,46.5278410,24.5275364
7549,9848287408,46.5257949,24.5207694
7550,9848287412,46.5241513,24.5224759
7551,9848287415,46.5253877,24.5199553
7552,9848317417,46.5249298,24.5203688
7553,9848317418,46.5252467,24.5200281
7554,9848317419,46.5252880,24.5201738
7555,9848317420,46.5290492,24.5273509
7556,9848317421,46.5291325,24.5272660
7557,9848317422,46.5285909,24.5261734
7558,9848317424,46.5294612,24.5279926
7559,9848317425,46.5298979,24.5288732
7560,9848317426,46.5300826,24.5292336
7561,9848317429,46.5299309,24.5286018
7562,9848317431,46.5324752,24.5322163
7563,9848317434,46.5321199,24.5328235
7564,9848317464,46.5294544,24.5242825
7565,9848317465,46.5285558,24.5249456
7566,9848317478,46.5322705,24.5332539
7567,9848317481,46.5324505,24.5335337
7568,9848317484,46.5326590,24.5332624
7569,9848317485,46.5330096,24.5337994
7570,9848317486,46.5333008,24.5334204
7571,9848317488,46.5333295,24.5345057
7572,9848317489,46.5334644,24.5351477
7573,9848317490,46.5337142,24.5348394
7574,9848317495,46.5346044,24.5355293
7575,9848317496,46.5357077,24.5363937
7576,9848317497,46.5355375,24.5384596
7577,9848317500,46.5362008,24.5385399
7578,9848317502,46.5358221,24.5388413
7579,9848317503,46.5365389,24.5386352
7580,9848317509,46.5371812,24.5400781
7581,9848317517,46.5369004,24.5382769
7582,9848317519,46.5367536,24.5388445
7583,9848317521,46.5366450,24.5388530
7584,9848317522,46.5368305,24.5383539
7585,9848317523,46.5369522,24.5386642
7586,9848317524,46.5366544,24.5384632
7587,9848317525,46.5367892,24.5388121
7588,9848317529,46.5369860,24.5393485
7589,9848317530,46.5360407,24.5391831
7590,9848317531,46.5363270,24.5390711
7591,9848317532,46.5362735,24.5388247
7592,9848317538,46.5365411,24.5387497
7593,9848317548,46.5375977,24.5396009
7594,9848317550,46.5379101,24.5408160
7595,9848317553,46.5377991,24.5400967
7596,9848317560,46.5381070,24.5405125
7597,9848317561,46.5364426,24.5555198
7598,9848317566,46.5365791,24.5560433
7599,9848317568,46.5395702,24.5822835
7600,9848317569,46.5396525,24.5822852
7601,9848317570,46.5396516,24.5825293
7602,9848317573,46.5397420,24.5822383
7603,9848317577,46.5391258,24.5783169
7604,9848317579,46.5393020,24.5782042
7605,9848317581,46.5391715,24.5787383
7606,9848317584,46.5388841,24.5788453
7607,9848480460,46.5408252,24.5587364
7608,9848480462,46.5410034,24.5594406
7609,9848480471,46.5406462,24.5592165
7610,9848480474,46.5410770,24.5594579
7611,9848480475,46.5412241,24.5596477
7612,9848480476,46.5410134,24.5599541
7613,9848480477,46.5411029,24.5594913
7614,9848480478,46.5409027,24.5597798
7615,9848480487,46.5431738,24.5624624
7616,9848480488,46.5435371,24.5619617
7617,9848480495,46.5530862,24.5598910
7618,9848480497,46.5532593,24.5601848
7619,9848480501,46.5534463,24.5592134
7620,9848480504,46.5534018,24.5599495
7621,9848480506,46.5532994,24.5588399
7622,9848480507,46.5541930,24.5608627
7623,9848480511,46.5535448,24.5612360
7624,9848493625,46.5545716,24.5608454
7625,9848493626,46.5534901,24.5608754
7626,9848493627,46.5542334,24.5606554
7627,9848493628,46.5456733,24.5713233
7628,9848493632,46.5460453,24.5708511
7629,9848493638,46.5406087,24.5631315
7630,9848493639,46.5407442,24.5629999
7631,9848493641,46.5405331,24.5629564
7632,9848493642,46.5406658,24.5628295
7633,9848493646,46.5235314,24.5323926
7634,9848493671,46.5363324,24.5403269
7635,9848493673,46.5362165,24.5404870
7636,9848493712,46.5337524,24.5413737
7637,9848493713,46.5340592,24.5421060
7638,9848493764,46.5318260,24.5411249
7639,9848493768,46.5573700,24.5360326
7640,9848493769,46.5569177,24.5356015
7641,9853870616,46.5412371,24.5388235
7642,9854000914,46.5555081,24.5532524
7643,9854049681,46.5309521,24.5800532
7644,9856286127,46.5366646,24.6085570
7645,9856286129,46.5366891,24.6088525
7646,9856286130,46.5368252,24.6088039
7647,9856286131,46.5367590,24.6089191
7648,9856286137,46.5382360,24.6105937
7649,9856286138,46.5381205,24.6107972
7650,9856286141,46.5385120,24.6112574
7651,9856286147,46.5384118,24.6118919
7652,9856286148,46.5507441,24.5475845
7653,9856286149,46.5508250,24.5473731
7654,9856286150,46.5504807,24.5464995
7655,9856286152,46.5505284,24.5467014
7656,9856286153,46.5440955,24.5340171
7657,9856286154,46.5442034,24.5338016
7658,9856286155,46.5433519,24.5331552
7659,9856286161,46.5436092,24.5337243
7660,9856286163,46.5448870,24.5361047
7661,9856286165,46.5448465,24.5355863
7662,9856286173,46.5457368,24.5374600
7663,9856286176,46.5454807,24.5376450
7664,9856286190,46.5469322,24.5389871
7665,9856286192,46.5468923,24.5403393
7666,9856291347,46.5383187,24.5862999
7667,9856291348,46.5391679,24.5858130
7668,9856291349,46.5281738,24.5519371
7669,9856291353,46.5283111,24.5520735
7670,9856291368,46.5232689,24.5365295
7671,9856291370,46.5215957,24.5368359
7672,9856291371,46.5217131,24.5367204
7673,9856291373,46.5209158,24.5345455
7674,9856291377,46.5204744,24.5321419
7675,9856291378,46.5205859,24.5326071
7676,9856291381,46.5206188,24.5328004
7677,9856291385,46.5209169,24.5333757
7678,9856291387,46.5200798,24.5326094
7679,9856291389,46.5202116,24.5333580
7680,9856291394,46.5207084,24.5360588
7681,9856291400,46.5212092,24.5360640
7682,9856291401,46.5210130,24.5362607
7683,9856291403,46.5212946,24.5362345
7684,9856291404,46.5210662,24.5364527
7685,9856291405,46.5216091,24.5368626
7686,9856291408,46.5210214,24.5371799
7687,9856291430,46.5460116,24.5559847
7688,9856291434,46.5465106,24.5553642
7689,9856291435,46.5461866,24.5559763
7690,9856291436,46.5464351,24.5562033
7691,9856291437,46.5456888,24.5557416
7692,9860998151,46.5390086,24.5877840
7693,9864202193,46.5649737,24.5351133
7694,9864202195,46.5652113,24.5348719
7695,9864202197,46.5378981,24.5606965
7696,9864202198,46.5375202,24.5603875
7697,9864202200,46.5378111,24.5602219
7698,9864202201,46.5376798,24.5605243
7699,9864202205,46.5255050,24.5531661
7700,9864210104,46.5522563,24.5784079
7701,9864210105,46.5519356,24.5790029
7702,9864210107,46.5520344,24.5792233
7703,9864222741,46.5401298,24.5787025
7704,9864222742,46.5400143,24.5791210
7705,9864222743,46.5400390,24.5793902
7706,9864222772,46.5572403,24.5809458
7707,9864222774,46.5578176,24.5810352
7708,9864222775,46.5542646,24.5781224
7709,9864222781,46.5538647,24.5776351
7710,9864222782,46.5539175,24.5767939
7711,9864222783,46.5537362,24.5765706
7712,9864222791,46.5544372,24.5780925
7713,9864222792,46.5530223,24.5770402
7714,9864222794,46.5535829,24.5761070
7715,9864222809,46.5547471,24.5803759
7716,9864222812,46.5556240,24.5812658
7717,9864222814,46.5547805,24.5819311
7718,9864222815,46.5546305,24.5822155
7719,9864222816,46.5545813,24.5825041
7720,9864222818,46.5555571,24.5823515
7721,9864222820,46.5556387,24.5825055
7722,9864222827,46.5119971,24.5113533
7723,9864222831,46.5115155,24.5103892
7724,9864222834,46.5120287,24.5109052
7725,9864222837,46.5116620,24.5103858
7726,9864222841,46.5142077,24.5154309
7727,9864222850,46.5151208,24.5173926
7728,9864222851,46.5148400,24.5167989
7729,9864222852,46.5147729,24.5167471
7730,9864222854,46.5150778,24.5173017
7731,9864222858,46.5161996,24.5184901
7732,9864222859,46.5159884,24.5194009
7733,9864222860,46.5164626,24.5190227
7734,9864222862,46.5162129,24.5198351
7735,9864222865,46.5166249,24.5193418
7736,9864222866,46.5206327,24.5287597
7737,9864222867,46.5207009,24.5284709
7738,9864222868,46.5206351,24.5283286
7739,9864222876,46.5207256,24.5284241
7740,9864222877,46.5243398,24.5362144
7741,9864222878,46.5246714,24.5358414
7742,9864222880,46.5244273,24.5361160
7743,9864222881,46.5243566,24.5359770
7744,9864222882,46.5278139,24.5437517
7745,9864222883,46.5280854,24.5434916
7746,9864222885,46.5356406,24.5542352
7747,9864222888,46.5358581,24.5541411
7748,9864222889,46.5359986,24.5539714
7749,9864222890,46.5362216,24.5536194
7750,9864222891,46.5361154,24.5541147
7751,9864222892,46.5363240,24.5537682
7752,9864222893,46.5362222,24.5542458
7753,9864222895,46.5365993,24.5539109
7754,9864222897,46.5361531,24.5549031
7755,9864222898,46.5381840,24.5579769
7756,9864222899,46.5383342,24.5575186
7757,9864222901,46.5276669,24.5436201
7758,9864222903,46.5277597,24.5443613
7759,9864222904,46.5279236,24.5441904
7760,9864222907,46.5276318,24.5446866
7761,9864222910,46.5436138,24.5567290
7762,9864222912,46.5436838,24.5569580
7763,9864330718,46.5411373,24.5650477
7764,9864330721,46.5414491,24.5656891
7765,9864330731,46.5321229,24.5425474
7766,9864330738,46.5323981,24.5433841
7767,9864330739,46.5322650,24.5430544
7768,9864330743,46.5324002,24.5437215
7769,9864330748,46.5324287,24.5438198
7770,9864330749,46.5283801,24.5440135
7771,9864330753,46.5286288,24.5441359
7772,9864330754,46.5283266,24.5440681
7773,9864330755,46.5284073,24.5442353
7774,9864330756,46.5283615,24.5442839
7775,9864330757,46.5282773,24.5441184
7776,9864330761,46.5282288,24.5441680
7777,9864330763,46.5284591,24.5441794
7778,9867440204,46.5517641,24.5805092
7779,9867440214,46.5575902,24.5329784
7780,9867440215,46.5590233,24.5357859
7781,9867444717,46.5597816,24.5342952
7782,9867444719,46.5603654,24.5368175
7783,9867444720,46.5598486,24.5380365
7784,9867444722,46.5593616,24.5367369
7785,9867444723,46.5131653,24.5248198
7786,9867444725,46.5128753,24.5245563
7787,9867444727,46.5126792,24.5247490
7788,9867444735,46.5118255,24.5233077
7789,9867444742,46.5126747,24.5234322
7790,9867444755,46.5129094,24.5210008
7791,9867444759,46.5122503,24.5214359
7792,9867444763,46.5123459,24.5207228
7793,9867444764,46.5125098,24.5213282
7794,9867444768,46.5130129,24.5211432
7795,9867444769,46.5121331,24.5212919
7796,9867444776,46.5118094,24.5220579
7797,9867444779,46.5118680,24.5222344
7798,9867444787,46.5124440,24.5219359
7799,9867444788,46.5117387,24.5219065
7800,9867444791,46.5122264,24.5214065
7801,9867444794,46.5123082,24.5215300
7802,9867444798,46.5123492,24.5216518
7803,9867444799,46.5138673,24.5213047
7804,9867444804,46.5165357,24.5206319
7805,9867444813,46.5414762,24.5610120
7806,9867444815,46.5417292,24.5609867
7807,9868759489,46.5462865,24.5682517
7808,9868759500,46.5329199,24.5470487
7809,9868759504,46.5338459,24.5489386
7810,9868759505,46.5360457,24.5520721
7811,9868759507,46.5361555,24.5527033
7812,9868759512,46.5509080,24.5780014
7813,9868759513,46.5505881,24.5777057
7814,9868759514,46.5509910,24.5777090
7815,9868778818,46.5506443,24.5774746
7816,9868778819,46.5237920,24.5184072
7817,9868778824,46.5246141,24.5184199
7818,9868778827,46.5247074,24.5186051
7819,9868778830,46.5242230,24.5188716
7820,9868778832,46.5214959,24.5244061
7821,9868778833,46.5217201,24.5246735
7822,9868778835,46.5207971,24.5261575
7823,9868778837,46.5209328,24.5262075
7824,9868778840,46.5209026,24.5259862
7825,9868778841,46.5209313,24.5260456
7826,9868778844,46.5212774,24.5266804
7827,9868778845,46.5229457,24.5204177
7828,9868778848,46.5228196,24.5200427
7829,9868778853,46.5253555,24.5156540
7830,9868778856,46.5252682,24.5160622
7831,9868778864,46.5256848,24.5132001
7832,9870067306,46.5331887,24.5441591
7833,9870067307,46.5332385,24.5441706
7834,9870067308,46.5332490,24.5443434
7835,9870067309,46.5331983,24.5443673
7836,9870067315,46.5332746,24.5442764
7837,9870067316,46.5331683,24.5441698
7838,9870132721,46.5331360,24.5442220
7839,9870132722,46.5332606,24.5441988
7840,9870132725,46.5332729,24.5442356
7841,9870168888,46.5450497,24.5502239
7842,9870168889,46.5440528,24.5528237
7843,9870168890,46.5440107,24.5526484
7844,9870168891,46.5396896,24.5563842
7845,9870168892,46.5397682,24.5564743
7846,9880665866,46.5223678,24.5236434
7847,9880665868,46.5220832,24.5243462
7848,9880947470,46.5560633,24.5469517
7849,9880947473,46.5559750,24.5470983
7850,9880947501,46.5168728,24.5269458
7851,9880947504,46.5171157,24.5285314
7852,9880947510,46.5164184,24.5275851
7853,9880947515,46.5165375,24.5290997
7854,9881015520,46.5164555,24.5274855
7855,9881015524,46.5158822,24.5281579
7856,9881015528,46.5156885,24.5276465
7857,9881015529,46.5158061,24.5285096
7858,9881015535,46.5157512,24.5294698
7859,9881015540,46.5471065,24.5535558
7860,9891161016,46.5205279,24.5306172
7861,9891177117,46.5206984,24.5309014
7862,9891177118,46.5208114,24.5313207
7863,9891177119,46.5209602,24.5315915
7864,9891177120,46.5205320,24.5312265
7865,9891177121,46.5206725,24.5314820
7866,9891177123,46.5453618,24.5688212
7867,9891177124,46.5451413,24.5689566
7868,9891177126,46.5266609,24.5219062
7869,9891177133,46.5268765,24.5212817
7870,9891177135,46.5265158,24.5213553
7871,9891177137,46.5268811,24.5210956
7872,9891177143,46.5374137,24.5580264
7873,9891177145,46.5515586,24.5419668
7874,9891177149,46.5509482,24.5419846
7875,9891177150,46.5514591,24.5414657
7876,9891177151,46.5511501,24.5414398
7877,9891177152,46.5516546,24.5424505
7878,9891177154,46.5513173,24.5425649
7879,9891177155,46.5652762,24.5327419
7880,9891177156,46.5648913,24.5336478
7881,9891177158,46.5652005,24.5335033
7882,9891177161,46.5647055,24.5341001
7883,9891177162,46.5629676,24.5318208
7884,9891177165,46.5625968,24.5327272
7885,9891177166,46.5525484,24.5745308
7886,9891177168,46.5527389,24.5743566
7887,9891177178,46.5540237,24.5757955
7888,9891177179,46.5538678,24.5761636
7889,9891177180,46.5439799,24.5814850
7890,9891177182,46.5441899,24.5810665
7891,9891177186,46.5441531,24.5813110
7892,9891177188,46.5442896,24.5814059
7893,9891177189,46.5435234,24.5791457
7894,9891177190,46.5437281,24.5793526
7895,9891177192,46.5418227,24.5758851
7896,9891177193,46.5420789,24.5757367
7897,9891177196,46.5421776,24.5758600
7898,9891238668,46.5547821,24.5694828
7899,9892964475,46.5228693,24.5369345
7900,9892964476,46.5234194,24.5372096
7901,9892964478,46.5222678,24.5375544
7902,9892964479,46.5228181,24.5378664
7903,9892964481,46.5226401,24.5380567
7904,9892964484,46.5223013,24.5383319
7905,9892964485,46.5224226,24.5366817
7906,9892964486,46.5227345,24.5363483
7907,9892964490,46.5226577,24.5371526
7908,9892964491,46.5226480,24.5352866
7909,9892964492,46.5232549,24.5365015
7910,9892964493,46.5223961,24.5374222
7911,9892964494,46.5220760,24.5367863
7912,9892964497,46.5230387,24.5360688
7913,9892964502,46.5303659,24.5503455
7914,9892964504,46.5301306,24.5506642
7915,9892964505,46.5308877,24.5530165
7916,9892976321,46.5414888,24.5564661
7917,9892976324,46.5411161,24.5568225
7918,9892976326,46.5429920,24.5479822
7919,9892976327,46.5430556,24.5480896
7920,9892976329,46.5431815,24.5487292
7921,9892976332,46.5432104,24.5483050
7922,9892976334,46.5432427,24.5478386
7923,9892976335,46.5429534,24.5480335
7924,9892976338,46.5425545,24.5472541
7925,9892976339,46.5436967,24.5492865
7926,9892976340,46.5433555,24.5481187
7927,9892976341,46.5439142,24.5491489
7928,9892976342,46.5259780,24.5190300
7929,9892976347,46.5252675,24.5197167
7930,9892976350,46.5409936,24.5716362
7931,9892976351,46.5410276,24.5723093
7932,9892976364,46.5472497,24.5600618
7933,9892976367,46.5471449,24.5605855
7934,9893166969,46.5238811,24.5463178
7935,9893166970,46.5241479,24.5468701
7936,9893166971,46.5242767,24.5482246
7937,9893166974,46.5250802,24.5472685
7938,9893166975,46.5245590,24.5486489
7939,9893166978,46.5244534,24.5484803
7940,9893166985,46.5267960,24.5514791
7941,9893166986,46.5267547,24.5512182
7942,9893166988,46.5267127,24.5512204
7943,9893166989,46.5267097,24.5511211
7944,9893166990,46.5267142,24.5512848
7945,9893166991,46.5266114,24.5511266
7946,9893166992,46.5267113,24.5511747
7947,9893166993,46.5266099,24.5511811
7948,9893166994,46.5266091,24.5512270
7949,9893166995,46.5266091,24.5512913
7950,9893166996,46.5266094,24.5512098
7951,9893166998,46.5264470,24.5513743
7952,9893167010,46.5231190,24.5475059
7953,9893167013,46.5209317,24.5461433
7954,9893167014,46.5205662,24.5461087
7955,9893182418,46.5201355,24.5472411
7956,9893182419,46.5200757,24.5464346
7957,9893182421,46.5199989,24.5468200
7958,9893182422,46.5219455,24.5443730
7959,9893182432,46.5216246,24.5453911
7960,9893182433,46.5214338,24.5466656
7961,9893182453,46.5381508,24.5660365
7962,9893182455,46.5380401,24.5664898
7963,9893182457,46.5384867,24.5653966
7964,9893182495,46.5367526,24.5786575
7965,9893182496,46.5369879,24.5784705
7966,9893182499,46.5386294,24.5754112
7967,9893182502,46.5485091,24.5611471
7968,9893182503,46.5484352,24.5615675
7969,9893182505,46.5482628,24.5610690
7970,9893182507,46.5480609,24.5618047
7971,9893182508,46.5482814,24.5620139
7972,9893182510,46.5477280,24.5615150
7973,9893182511,46.5481119,24.5616744
7974,9893182512,46.5477621,24.5614145
7975,9893182513,46.5478849,24.5609451
7976,9913191888,46.5384062,24.5426245
7977,9913444157,46.5304298,24.5306586
7978,9913449576,46.5356921,24.5382623
7979,9913482108,46.5302563,24.5303394
7980,9913482109,46.5300736,24.5305286
7981,9920536880,46.5582006,24.5514848
7982,9920536883,46.5589877,24.5513199
7983,9920536884,46.5583398,24.5516004
7984,9920578257,46.5388599,24.5622191
7985,9920578263,46.5368277,24.5862325
7986,9920578270,46.5371880,24.5850425
7987,9920935094,46.5420255,24.5582221
7988,9920935106,46.5458255,24.5799587
7989,9920935115,46.5463252,24.5856791
7990,9920971818,46.5470863,24.5743608
7991,9920971819,46.5462495,24.5788443
7992,9920971821,46.5460395,24.5843876
7993,9920971826,46.5466285,24.5867942
7994,9922021828,46.5628338,24.5504194
7995,9922021858,46.5503856,24.5763749
7996,9922021860,46.5508544,24.5748956
7997,9922021876,46.5420981,24.5553514
7998,9934221534,46.5262373,24.5998968
7999,9934221535,46.5260201,24.5997705
8000,9934221536,46.5258501,24.5998417
8001,9934221538,46.5260012,24.6001457
8002,9934221540,46.5260394,24.5997817
8003,9934221541,46.5258924,24.5999277
8004,9934221542,46.5261030,24.5998187
8005,9934221543,46.5259274,24.5999989
8006,9934224334,46.5361729,24.5583814
8007,9934224335,46.5362275,24.5588980
8008,9945369110,46.5085831,24.5313048
8009,9945369113,46.5087707,24.5317146
8010,9945369114,46.5100074,24.5260419
8011,9945369115,46.5102142,24.5262433
8012,9945406917,46.5101786,24.5262037
8013,9945406918,46.5102443,24.5261007
8014,9945406923,46.5095030,24.5272947
8015,9945406925,46.5095036,24.5268717
8016,9945406926,46.5232772,24.5338920
8017,9945406938,46.5318592,24.5349649
8018,9945406939,46.5323270,24.5357214
8019,9945406941,46.5320648,24.5346994
8020,9945406942,46.5320344,24.5361243
8021,9945406943,46.5313407,24.5346389
8022,9945406944,46.5316405,24.5340017
8023,9945406945,46.5314433,24.5342813
8024,9945406950,46.5314256,24.5343074
8025,9945406951,46.5318525,24.5349736
8026,9945406955,46.5313544,24.5344380
8027,9945406956,46.5317457,24.5338664
8028,9946831443,46.5285080,24.5438829
8029,9946831444,46.5293397,24.5456259
8030,9946831454,46.5438386,24.5768107
8031,9950714025,46.5267950,24.5712561
8032,9950714026,46.5270639,24.5711159
8033,9950714028,46.5265176,24.5714056
8034,9950714596,46.5317753,24.5889655
8035,9950714606,46.5315117,24.5877289
8036,9950714608,46.5312137,24.5885907
8037,9950714613,46.5321198,24.5879108
8038,9950714614,46.5319484,24.5877955
8039,9950714615,46.5318070,24.5881960
8040,9950714616,46.5319982,24.5876531
8041,9950715218,46.5313243,24.5872985
8042,9950715219,46.5313959,24.5880545
8043,9950715220,46.5310728,24.5878150
8044,9950715221,46.5312847,24.5883653
8045,9950715225,46.5310479,24.5879341
8046,9950715233,46.5304554,24.5888143
8047,9950715235,46.5304307,24.5890950
8048,9950715236,46.5307367,24.5893320
8049,9950715242,46.5303717,24.5903351
8050,9950715251,46.5307524,24.5882551
8051,9950715257,46.5306380,24.5896015
8052,9950715258,46.5307611,24.5899253
8053,9950715279,46.5317837,24.5889718
8054,9950715280,46.5314649,24.5898374
8055,9950715282,46.5316834,24.5892440
8056,9950715283,46.5316059,24.5894545
8057,9950715284,46.5315300,24.5896607
8058,9950715285,46.5311733,24.5886737
8059,9950715287,46.5309670,24.5893938
8060,9950715289,46.5310416,24.5891861
8061,9950715290,46.5315237,24.5887781
8062,9950715291,46.5312880,24.5894267
8063,9950715293,46.5314283,24.5890405
8064,9950715294,46.5313519,24.5892507
8065,9950715297,46.5472805,24.5593715
8066,9950715298,46.5473609,24.5593195
8067,9950715323,46.5477151,24.5567119
8068,9950715336,46.5482259,24.5562593
8069,9950715341,46.5485733,24.5562026
8070,9950715346,46.5358419,24.5841110
8071,9950715347,46.5365565,24.5831662
8072,9950715348,46.5360703,24.5838036
8073,9950715351,46.5363515,24.5834350
8074,9950715356,46.5375972,24.5838494
8075,9950715358,46.5367794,24.5838887
8076,9950715360,46.5365645,24.5838245
8077,9950715361,46.5365287,24.5839799
8078,9950715364,46.5373263,24.5838386
8079,9950715365,46.5363167,24.5840372
8080,9950715400,46.5369266,24.5826827
8081,9950715401,46.5371682,24.5830424
8082,9950715407,46.5373276,24.5825537
8083,9950715409,46.5381036,24.5815420
8084,9950715415,46.5379288,24.5821183
8085,9950715417,46.5375433,24.5819899
8086,9950715418,46.5376510,24.5821567
8087,9950715419,46.5375101,24.5828637
8088,9950715421,46.5374016,24.5824672
8089,9950715422,46.5378885,24.5839568
8090,9950916235,46.5470905,24.5600431
8091,9950916237,46.5469699,24.5597069
8092,9950916239,46.5469035,24.5607954
8093,9950916268,46.5503282,24.5703816
8094,9950916269,46.5501232,24.5696911
8095,9950916273,46.5419382,24.5516383
8096,9950916274,46.5412910,24.5502322
8097,9950916282,46.5449963,24.5669963
8098,9950916285,46.5457681,24.5659983
8099,9950916288,46.5441813,24.5557406
8100,9950916294,46.5447406,24.5558155
8101,9950916297,46.5321834,24.5802099
8102,9950916299,46.5324465,24.5804055
8103,9950916301,46.5327522,24.5805377
8104,9950916302,46.5325489,24.5805505
8105,9950916303,46.5325249,24.5800872
8106,9950933049,46.5318805,24.5774136
8107,9950933052,46.5319861,24.5778364
8108,9950933057,46.5321817,24.5801105
8109,9950933059,46.5320628,24.5795192
8110,9950933061,46.5321840,24.5805023
8111,9950933063,46.5320932,24.5809220
8112,9952187685,46.5567855,24.5473801
8113,9954155421,46.5232853,24.5469368
8114,9954155426,46.5225568,24.5448881
8115,9954155428,46.5226614,24.5444467
8116,9954155429,46.5221726,24.5436354
8117,9954155435,46.5256223,24.5418128
8118,9954155436,46.5256378,24.5396446
8119,9954155441,46.5254901,24.5403913
8120,9954155448,46.5271775,24.5718150
8121,9954155451,46.5269697,24.5718978
8122,9954155479,46.5277416,24.5718388
8123,9954155480,46.5277426,24.5723126
8124,9954155482,46.5270247,24.5723708
8125,9954155483,46.5268087,24.5720286
8126,9954155485,46.5266359,24.5729710
8127,9954155486,46.5264036,24.5726352
8128,9955305236,46.5413602,24.5350309
8129,9955305237,46.5411465,24.5356389
8130,9955305242,46.5391521,24.5315064
8131,9966315548,46.5534769,24.5189271
8132,9966315549,46.5558429,24.5161360
8133,9966315550,46.5537763,24.5194169
8134,9966315552,46.5544615,24.5171848
8135,9966315553,46.5554971,24.5174141
8136,9966315554,46.5546348,24.5198750
8137,9966315557,46.5520820,24.5195317
8138,9966315559,46.5505769,24.5226592
8139,9966315563,46.5511824,24.5242299
8140,9990312881,46.5412646,24.5890170
8141,9990312884,46.5416907,24.5880541
8142,9990326852,46.5444082,24.5895830
8143,9990326861,46.5441112,24.5878181
8144,9990326862,46.5447052,24.5892584
8145,9990326863,46.5450248,24.5899203
8146,9990326866,46.5454666,24.5892968
8147,9990350467,46.5354124,24.5951345
8148,9990461542,46.5460452,24.5793860
8149,10001340104,46.5411160,24.5546036
8150,10005263540,46.5644379,24.5858713
8151,10005263560,46.5638982,24.5858495
8152,10005263563,46.5640273,24.5860598
8153,10028089496,46.5301522,24.5802630
8154,10032064700,46.5789308,24.5360968
8155,10032064702,46.5794418,24.5384299
8156,10032142631,46.5228646,24.5115223
8157,10036170023,46.5347778,24.6012382
8158,10067501885,46.5340510,24.5428632
8159,10067501886,46.5339196,24.5429854
8160,10067501887,46.5340362,24.5413634
8161,10067501888,46.5339622,24.5411829
8162,10067501889,46.5345236,24.5423232
8163,10067501890,46.5347775,24.5420993
8164,10067501891,46.5346525,24.5422120
8165,10067501892,46.5345151,24.5412899
8166,10067501893,46.5344411,24.5411123
8167,10067501894,46.5350045,24.5409730
8168,10067501895,46.5352411,24.5415079
8169,10067501896,46.5355014,24.5412597
8170,10067501897,46.5353749,24.5413836
8171,10067501898,46.5352651,24.5407341
8172,10067501899,46.5351357,24.5408551
8173,10067538643,46.5301842,24.5391831
8174,10067538645,46.5306027,24.5394305
8175,10067589201,46.5683918,24.5438442
8176,10067589202,46.5687826,24.5431043
8177,10067589203,46.5685071,24.5436226
8178,10067589205,46.5701155,24.5399052
8179,10067589210,46.5709396,24.5387392
8180,10067589211,46.5704993,24.5383471
8181,10081630385,46.5217447,24.5311741
8182,10081630386,46.5226602,24.5328207
8183,10081672196,46.5227090,24.5316674
8184,10081672197,46.5228503,24.5319632
8185,10081691989,46.5223338,24.5335248
8186,10081691990,46.5221499,24.5337088
8187,10081762838,46.5277096,24.5392288
8188,10081781336,46.5427593,24.5586057
8189,10081781337,46.5428221,24.5585277
8190,10081781338,46.5426229,24.5587751
8191,10081830521,46.5448896,24.5624826
8192,10081830522,46.5449665,24.5623837
8193,10081830523,46.5443979,24.5628256
8194,10081830525,46.5452871,24.5626654
8195,10081830526,46.5451132,24.5629010
8196,10081830527,46.5451985,24.5627916
8197,10081830528,46.5447652,24.5633751
8198,10081873146,46.5452494,24.5636769
8199,10081873148,46.5453305,24.5633832
8200,10081873149,46.5454425,24.5632222
8201,10081873150,46.5451332,24.5638271
8202,10081873152,46.5453809,24.5635059
8203,10081873153,46.5455097,24.5633325
8204,10081873154,46.5451017,24.5633543
8205,10081873155,46.5451930,24.5632373
8206,10081873156,46.5452474,24.5631677
8207,10081873157,46.5453387,24.5630508
8208,10081873159,46.5450225,24.5634556
8209,10081873160,46.5454364,24.5629231
8210,10081873161,46.5449540,24.5626623
8211,10081873162,46.5450489,24.5625384
8212,10081873163,46.5447661,24.5629057
8213,10081873164,46.5451399,24.5624216
8214,10081873165,46.5442745,24.5627797
8215,10081873193,46.5447152,24.5622263
8216,10081873194,46.5448060,24.5621173
8217,10081873199,46.5440937,24.5625798
8218,10081873203,46.5443891,24.5619214
8219,10081873204,46.5442850,24.5617644
8220,10081909763,46.5429857,24.5590154
8221,10081909764,46.5430401,24.5589593
8222,10081941619,46.5434143,24.5599796
8223,10081941620,46.5434891,24.5599014
8224,10081941621,46.5431334,24.5606795
8225,10081941623,46.5437271,24.5606687
8226,10081941624,46.5438465,24.5605185
8227,10081941626,46.5431284,24.5604589
8228,10081941627,46.5434978,24.5609571
8229,10081941628,46.5439332,24.5604094
8230,10081941629,46.5437657,24.5610986
8231,10081941630,46.5438910,24.5609265
8232,10081941631,46.5439888,24.5607837
8233,10081941633,46.5441727,24.5613890
8234,10081941634,46.5442757,24.5612387
8235,10081941635,46.5441296,24.5614520
8236,10081941636,46.5443544,24.5611238
8237,10081988342,46.5384108,24.5712335
8238,10082060944,46.5444525,24.5585487
8239,10082146568,46.5798187,24.5430359
8240,10082155973,46.5687976,24.5457920
8241,10082155975,46.5695245,24.5458032
8242,10082156261,46.5726700,24.5399889
8243,10082156262,46.5730283,24.5402813
8244,10082157176,46.5779576,24.5396644
8245,10082157177,46.5777631,24.5402544
8246,10082204946,46.5541343,24.5175774
8247,10082204947,46.5543304,24.5179202
8248,10082204967,46.5619033,24.5276320
8249,10082204968,46.5643155,24.5291877
8250,10082204969,46.5646506,24.5275472
8251,10082204983,46.5656174,24.5277607
8252,10082204985,46.5642381,24.5273155
8253,10159036244,46.5785982,24.5373943
8254,10159036245,46.5778417,24.5370989
8255,10159036252,46.5757516,24.5373681
8256,10159036271,46.5773105,24.5356478
8257,10159036273,46.5772292,24.5357595
8258,10159038637,46.5430327,24.5677449
8259,10159038639,46.5432626,24.5670836
8260,10159038640,46.5432557,24.5671034
8261,10159038649,46.5430400,24.5677236
8262,10159038650,46.5434694,24.5672787
8263,10159038654,46.5437769,24.5670256
8264,10159038656,46.5440918,24.5663387
8265,10159038659,46.5437907,24.5669952
8266,10159038661,46.5434218,24.5671242
8267,10159038666,46.5439930,24.5680298
8268,10159038670,46.5435777,24.5680613
8269,10159038677,46.5432890,24.5677462
8270,10159038683,46.5433992,24.5682579
8271,10161198806,46.5737519,24.5128888
8272,10161198808,46.5739396,24.5126786
8273,10161399221,46.5730818,24.5112690
8274,10161429136,46.5333752,24.5417169
8275,10161429139,46.5335254,24.5432742
8276,10161429140,46.5331057,24.5422823
8277,10173936123,46.5241116,24.5664784
8278,10173936129,46.5229415,24.5579249
8279,10173936130,46.5234121,24.5622674
8280,10173936173,46.5226700,24.5661669
8281,10173936174,46.5228843,24.5665906
8282,10173936175,46.5226536,24.5668298
8283,10173936176,46.5237222,24.5657220
8284,10173936177,46.5235966,24.5658522
8285,10173936178,46.5246468,24.5652071
8286,10173936183,46.5241627,24.5646546
8287,10173936184,46.5241930,24.5653568
8288,10173936186,46.5255492,24.5656040
8289,10173936187,46.5251349,24.5648088
8290,10173936193,46.5249845,24.5628235
8291,10173936209,46.5244512,24.5643729
8292,10226558221,46.5523440,24.6219733
8293,10226571198,46.5476882,24.6252558
8294,10226571200,46.5494261,24.6234238
8295,10226571201,46.5494646,24.6239045
8296,10231002885,46.5251355,24.5194547
8297,10231002886,46.5248146,24.5197368
8298,10291055749,46.5276031,24.5703797
8299,10291055753,46.5288571,24.5710851
8300,10291122581,46.5751141,24.6066911
8301,10291122584,46.5750276,24.6068407
8302,10291122587,46.5757045,24.6056494
8303,10291122601,46.5756262,24.6074653
8304,10291122602,46.5753039,24.6070710
8305,10291122603,46.5753035,24.6074532
8306,10291128801,46.5747101,24.6033427
8307,10291128803,46.5740164,24.6035337
8308,10291128805,46.5744324,24.6033404
8309,10291128806,46.5740904,24.6036906
8310,10291129648,46.5755167,24.6066159
8311,10291129649,46.5757442,24.6069288
8312,10291129650,46.5753167,24.6063407
8313,10291129651,46.5759175,24.6065144
8314,10291129656,46.5739686,24.6029136
8315,10291129669,46.5740083,24.6041889
8316,10291129749,46.5744305,24.6028311
8317,10291193955,46.5766329,24.6057205
8318,10291193956,46.5767793,24.6058924
8319,10291193962,46.5771666,24.6029364
8320,10291193963,46.5773534,24.6026926
8321,10291234317,46.5854754,24.6148736
8322,10291241978,46.5639010,24.5853246
8323,10291241979,46.5631043,24.5863090
8324,10291241980,46.5637154,24.5855539
8325,10291241984,46.5635001,24.5843181
8326,10291241985,46.5633730,24.5865313
8327,10291241986,46.5633111,24.5869855
8328,10291253645,46.5631759,24.5862205
8329,10291253653,46.5640037,24.5852813
8330,10291258436,46.5629896,24.5754236
8331,10291258440,46.5637182,24.5735577
8332,10291265691,46.5671895,24.5983404
8333,10291265692,46.5671156,24.5985908
8334,10291265693,46.5672771,24.5987990
8335,10291265694,46.5664548,24.5977385
8336,10291353456,46.5666815,24.5791975
8337,10291353457,46.5660337,24.5798847
8338,10291353458,46.5636922,24.5798734
8339,10291353459,46.5647558,24.5781827
8340,10291353460,46.5642971,24.5775827
8341,10291353461,46.5633916,24.5790473
8342,10291353474,46.5634506,24.5819655
8343,10291407653,46.5910257,24.5701426
8344,10291411466,46.5826965,24.5572543
8345,10291411467,46.5833514,24.5583497
8346,10291411489,46.5917989,24.5600438
8347,10291411495,46.5917842,24.5623451
8348,10291411499,46.5909252,24.5594296
8349,10291411506,46.5923519,24.5616692
8350,10291428610,46.5906045,24.5578980
8351,10291428613,46.5862431,24.5641990
8352,10291428614,46.5873806,24.5626335
8353,10291428615,46.5864165,24.5591801
8354,10536948969,46.5441533,24.5555647
8355,10536974856,46.5443583,24.5560849
8356,10536974857,46.5443900,24.5560163
8357,10536974861,46.5442237,24.5563591
8358,10576820105,46.5585720,24.5690621
8359,10596167400,46.5605710,24.5474713
8360,10596167403,46.5605957,24.5482235
8361,10654184240,46.5116378,24.5117294
8362,10669815744,46.5686903,24.5459564
8363,10669815745,46.5688556,24.5461728
8364,10669815746,46.5685966,24.5460999
8365,10669815747,46.5687400,24.5463609
8366,10669815748,46.5688362,24.5468688
8367,10669815751,46.5687723,24.5463074
8368,10669815752,46.5689958,24.5466257
8369,10669815757,46.5724309,24.5397589
8370,10669815758,46.5722138,24.5395531
8371,10669815771,46.5720550,24.5399631
8372,10669920327,46.5634676,24.5302026
8373,10669920330,46.5646351,24.5333455
8374,10669920331,46.5649687,24.5326377
8375,10669920344,46.5646242,24.5268222
8376,10669920345,46.5554646,24.5215574
8377,10669920346,46.5599941,24.5215574
8378,10669920347,46.5593360,24.5228364
8379,10669920348,46.5588752,24.5218467
8380,10669920349,46.5577128,24.5200537
8381,10669920350,46.5585458,24.5220666
8382,10669920352,46.5572218,24.5215273
8383,10669920353,46.5573553,24.5221018
8384,10669920354,46.5565701,24.5217578
8385,10669920356,46.5548741,24.5216448
8386,10669920357,46.5555032,24.5230142
8387,10669928059,46.5579631,24.5100358
8388,10669942670,46.5531407,24.5122186
8389,10669942675,46.5523147,24.5127512
8390,10669942679,46.5533884,24.5145858
8391,10669942682,46.5530231,24.5139463
8392,10669942683,46.5515635,24.5142703
8393,10669942684,46.5524330,24.5129509
8394,10669945290,46.5604792,24.4980004
8395,10669945297,46.5609745,24.4992992
8396,10669945302,46.5581384,24.5004581
8397,10669945303,46.5602899,24.4971429
8398,10669955887,46.5540106,24.5075918
8399,10669955888,46.5533399,24.5069234
8400,10669955889,46.5562608,24.5035768
8401,10669955890,46.5568111,24.5026935
8402,10669973114,46.5589691,24.5015315
8403,10669973128,46.5600721,24.5017414
8404,10669973129,46.5597547,24.5013899
8405,10670074933,46.5890356,24.5319187
8406,10670074934,46.5892446,24.5332776
8407,10670074935,46.5906803,24.5363691
8408,10670074936,46.5912442,24.5370384
8409,10670074937,46.5909972,24.5351996
8410,10670074940,46.5917011,24.5331219
8411,10670074941,46.5923123,24.5344431
8412,10670074942,46.5920550,24.5306181
8413,10670074946,46.5949423,24.5356534
8414,10670074948,46.5942048,24.5325433
8415,10670074957,46.5812965,24.5411251
8416,10670074968,46.5867416,24.5378309
8417,10670088006,46.5871337,24.5390547
8418,10670088009,46.5866573,24.5381069
8419,10670088011,46.5879629,24.5384425
8420,10670088012,46.5873903,24.5368224
8421,10670088021,46.5904999,24.5347630
8422,10670088025,46.5903657,24.5352081
8423,10670088032,46.5888597,24.5334347
8424,10671268128,46.5336305,24.5417250
8425,10671268129,46.5335564,24.5415520
8426,10671268149,46.5338674,24.5431912
8427,10671268150,46.5339678,24.5430976
8428,10671268151,46.5327320,24.5426253
8429,10671268177,46.5333088,24.5437019
8430,10671268178,46.5331923,24.5438085
8431,10671272737,46.5297838,24.5343623
8432,10671272739,46.5296164,24.5341727
8433,10671272740,46.5292485,24.5348970
8434,10671272762,46.5277259,24.5286443
8435,10671272764,46.5272248,24.5294299
8436,10671272765,46.5270786,24.5294813
8437,10671272772,46.5294098,24.5307903
8438,10671272773,46.5292424,24.5308052
8439,10671272777,46.5291253,24.5305379
8440,10671272780,46.5275989,24.5311484
8441,10671273929,46.5272919,24.5283584
8442,10671273930,46.5267098,24.5288687
8443,10671343970,46.5566265,24.5354562
8444,10671343976,46.5567156,24.5391375
8445,10671372891,46.5628736,24.5412477
8446,10671393341,46.5748039,24.5361158
8447,10671464445,46.5352517,24.6017495
8448,10671464448,46.5350524,24.6018957
8449,10683770959,46.5301467,24.5807599
8450,10683770960,46.5301495,24.5804808
8451,10683770961,46.5300514,24.5804768
8452,10683770962,46.5303144,24.5804899
8453,10683770963,46.5300481,24.5807585
8454,10683770964,46.5303161,24.5807633
8455,10683770971,46.5297457,24.5799458
8456,10683770975,46.5299017,24.5806124
8457,10683770991,46.5298985,24.5808496
8458,10683770992,46.5300469,24.5808552
8459,10683770993,46.5299098,24.5800035
8460,10683857442,46.5183090,24.5306870
8461,10683857446,46.5201522,24.5288276
8462,10683857448,46.5198690,24.5283044
8463,10683857449,46.5201484,24.5280093
8464,10683857452,46.5194449,24.5280081
8465,10683857462,46.5199058,24.5275335
8466,10729356681,46.5341006,24.5384284
8467,10729356682,46.5347771,24.5400607
8468,10729356683,46.5340319,24.5407510
8469,10732112498,46.5477802,24.5121527
8470,10732139232,46.5441831,24.6204337
8471,10732139236,46.5449892,24.6205341
8472,10732150620,46.5429526,24.5164633
8473,10732470738,46.5780783,24.6177837
8474,10746875320,46.5053028,24.6458450
8475,10746875328,46.5055741,24.6444690
8476,10746875352,46.5097259,24.6518692
8477,10746875474,46.5067760,24.6298617
8478,10753808225,46.5511205,24.5556346
8479,10753808226,46.5511470,24.5553727
8480,10768530962,46.5292805,24.5918540
8481,10768530965,46.5292059,24.5916634
8482,10768530968,46.5290896,24.5916787
8483,10768530970,46.5290895,24.5919801
8484,10768530973,46.5292089,24.5919936
8485,10770409312,46.5301118,24.5954869
8486,10770727639,46.5283709,24.5965371
8487,10771798965,46.5293494,24.5950646
8488,10771798975,46.5293141,24.5941875
8489,10771798976,46.5290316,24.5945769
8490,10771798977,46.5294113,24.5943281
8491,10771798978,46.5295142,24.5944770
8492,10771798979,46.5292333,24.5948841
8493,10772789259,46.5286959,24.5940388
8494,10777823938,46.5287968,24.5942086
8495,10778290163,46.5291823,24.5948058
8496,10778290174,46.5294193,24.5951694
8497,10779694689,46.5288202,24.5953314
8498,10779694693,46.5292604,24.5953571
8499,10779982189,46.5280210,24.5961273
8500,10779982196,46.5283368,24.5960759
8501,10779982197,46.5282606,24.5961772
8502,10780040549,46.5283768,24.5949510
8503,10780040559,46.5282547,24.5956634
8504,10780194105,46.5314889,24.5935263
8505,10782808718,46.5756235,24.6034904
8506,10860709022,46.5596486,24.5276944
8507,10860709026,46.5579377,24.5264892
8508,10861784652,46.5608374,24.5811179
8509,10861784653,46.5604734,24.5816278
8510,10865044233,46.5330397,24.5414413
8511,10865044234,46.5329003,24.5411111
8512,10865044235,46.5325748,24.5418863
8513,10865044236,46.5324260,24.5415332
8514,10865044237,46.5330795,24.5409516
8515,10865044238,46.5323062,24.5416296
8516,10865044239,46.5319803,24.5409855
8517,10865108764,46.5082784,24.5310290
8518,10865108766,46.5080476,24.5322514
8519,10867283772,46.5349176,24.5379006
8520,10867283800,46.5348425,24.5378958
8521,10867283802,46.5347729,24.5376284
8522,10867313376,46.5326497,24.5423612
8523,10867313377,46.5326243,24.5423836
8524,10867314407,46.5349633,24.5375699
8525,10867314408,46.5352978,24.5381173
8526,10867314409,46.5348923,24.5381512
8527,10867314410,46.5346368,24.5379360
8528,10867314411,46.5347748,24.5371819
8529,10867314413,46.5349219,24.5375396
8530,10867314415,46.5350118,24.5376821
8531,10867314416,46.5347568,24.5377245
8532,10867314419,46.5349401,24.5378889
8533,10867314420,46.5349052,24.5385526
8534,10867314422,46.5347995,24.5378586
8535,10867314423,46.5362714,24.5395407
8536,10867400492,46.5332556,24.5444577
8537,10867400493,46.5330955,24.5440821
8538,10867400494,46.5332164,24.5440712
8539,10867400495,46.5333355,24.5442163
8540,10867943841,46.5383551,24.5425385
8541,10867943842,46.5381595,24.5422187
8542,10867943843,46.5382767,24.5427900
8543,10867943844,46.5382260,24.5427075
8544,10867943845,46.5380314,24.5422031
8545,10867943846,46.5380305,24.5423893
8546,10873065805,46.5597040,24.5273614
8547,10881608211,46.5444991,24.5814305
8548,10887401598,46.5327423,24.5035028
8549,10887413806,46.5303056,24.5001477
8550,10887413807,46.5305544,24.5013058
8551,10887413808,46.5304684,24.5009163
8552,10887413809,46.5301744,24.5010674
8553,10887413810,46.5298685,24.4997141
8554,10887413811,46.5303891,24.5020172
8555,10887413812,46.5319397,24.5047385
8556,10887413815,46.5329094,24.5048440
8557,10925092456,46.5568645,24.5644066
8558,11012857084,46.5452365,24.5100738
8559,11012857086,46.5481801,24.5073786
8560,11012857087,46.5475060,24.5065674
8561,11012857094,46.5472537,24.5100488
8562,11012857095,46.5503998,24.5128772
8563,11012857098,46.5499891,24.5131053
8564,11012857099,46.5507895,24.5141607
8565,11030639147,46.5457898,24.5558305
8566,11030639148,46.5459313,24.5559549
8567,11065538725,46.5383563,24.5716131
8568,11065538730,46.5381320,24.5717444
8569,11065538735,46.5383829,24.5719996
8570,11108708450,46.5817733,24.6028864
8571,11108708452,46.5833177,24.6008295
8572,11108708453,46.5829137,24.6017372
8573,11115086006,46.5461868,24.6347745
8574,11115086008,46.5445973,24.6337313
8575,11139861860,46.4957507,24.4952550
8576,11157742614,46.5179455,24.6057379
8577,11157742628,46.5188017,24.6072007
8578,11161929124,46.5126427,24.6172892
8579,11161929134,46.5121443,24.6141628
8580,11162085516,46.5503288,24.5327441
8581,11207897430,46.5027735,24.4900221
8582,11207897431,46.5034980,24.4915234
8583,11245505926,46.5599824,24.5478528
8584,11282211273,46.5388738,24.5435109
8585,11282211274,46.5387813,24.5435369
8586,11282211275,46.5388702,24.5436173
8587,11282211276,46.5388086,24.5436315
8588,11282211277,46.5387815,24.5435868
8589,11282211284,46.5413023,24.5551650
8590,11282211285,46.5412805,24.5552782
8591,11282211286,46.5413480,24.5553070
8592,11282226858,46.5171946,24.5217906
8593,11282238257,46.5260148,24.5397223
8594,11282238258,46.5260689,24.5396444
8595,11282239630,46.5410785,24.5544941
8596,11340369977,46.5020681,24.4920189
8597,11340369978,46.5022252,24.4923368
8598,11340369982,46.5016330,24.4921422
8599,11340414597,46.5048674,24.4972193
8600,11340430171,46.5361638,24.5391459
8601,11346960762,46.5184715,24.6050969
8602,11346960763,46.5180248,24.6044934
8603,11346960764,46.5175147,24.6049158
8604,11346960765,46.5177480,24.6040106
8605,11346960766,46.5172763,24.6044550
8606,11347020748,46.5175134,24.6056459
8607,11347028288,46.5188501,24.6069894
8608,11347028291,46.5192294,24.6065993
8609,11347028315,46.5190964,24.6077291
8610,11347028316,46.5188735,24.6075912
8611,11347028317,46.5189040,24.6072722
8612,11347028318,46.5192713,24.6072552
8613,11347028319,46.5191809,24.6074143
8614,11347028321,46.5190617,24.6075829
8615,11347028322,46.5189738,24.6074495
8616,11347028323,46.5190224,24.6073043
8617,11347028325,46.5191382,24.6073099
8618,11347028326,46.5189837,24.6073667
8619,11347028327,46.5191321,24.6075622
8620,11347052783,46.5145068,24.6036351
8621,11347056666,46.5343946,24.5592608
8622,11347056668,46.5345243,24.5596091
8623,11348288446,46.5330750,24.5404572
8624,11348288447,46.5333192,24.5410260
8625,11348288448,46.5334752,24.5400942
8626,11348288449,46.5337194,24.5406631
8627,11348288450,46.5336756,24.5399123
8628,11348288451,46.5329370,24.5405824
8629,11348288452,46.5335092,24.5395208
8630,11348288453,46.5339179,24.5404828
8631,11348288454,46.5331628,24.5411670
8632,11369631681,46.5998827,24.5844079
8633,11462288404,46.5345819,24.4905692
8634,11462288405,46.5341517,24.4891901
8635,11462288406,46.5349214,24.4899550
8636,11462288407,46.5346307,24.4890245
8637,11462288408,46.5371447,24.4884878
8638,11462288409,46.5367979,24.4874498
8639,11462288410,46.5334803,24.4828767
8640,11462288412,46.5335142,24.4843715
8641,11462295098,46.5456055,24.5027304
8642,11462295099,46.5451379,24.5021459
8643,11462295101,46.5451092,24.5036235
8644,11462295105,46.5418771,24.5063943
8645,11462295106,46.5423722,24.5071954
8646,11462295107,46.5414616,24.5078229
8647,11462313202,46.5323529,24.4982484
8648,11544505284,46.5309426,24.5460027
8649,11544505292,46.5297577,24.5468341
8650,11544505293,46.5306624,24.5482407
8651,11547044117,46.5389914,24.5053756
8652,11573276181,46.5095719,24.5100428
8653,11573276182,46.5093921,24.5099877
8654,11586924667,46.5360072,24.5973279
8655,11592091561,46.5828943,24.5527746
8656,11600626050,46.5501267,24.5084652
8657,11600626051,46.5496324,24.5078400
8658,11600626052,46.5494349,24.5072055
8659,11600711770,46.5464517,24.5078155
8660,11600711771,46.5466913,24.5081193
8661,11606218857,46.5349474,24.5726963
8662,11618167956,46.5344000,24.5949741
8663,11618167957,46.5346839,24.5947919
8664,11618167958,46.5345297,24.5948908
8665,11658316552,46.5546593,24.5785074
8666,11658316553,46.5548361,24.5787550
8667,11692140498,46.5087402,24.6133045
8668,11692140499,46.5089875,24.6128216
8669,11692140500,46.5102897,24.6148029
8670,11692140510,46.5124344,24.6096014
8671,11694491823,46.5618434,24.5779985
8672,11694491824,46.5618119,24.5784479
8673,11694491825,46.5614638,24.5781836
8674,11694491826,46.5618001,24.5782064
8675,11694491827,46.5614644,24.5780495
8676,11694491828,46.5614618,24.5784109
8677,11694491831,46.5610996,24.5784856
8678,11694491832,46.5616367,24.5786078
8679,11694491833,46.5611950,24.5787247
8680,11694491834,46.5616131,24.5787847
8681,11694491835,46.5616494,24.5784307
8682,11694611441,46.5476030,24.5566836
8683,11694611442,46.5477574,24.5567209
8684,11694611445,46.5465911,24.5564489
8685,11694720582,46.5864958,24.6075143
8686,11694720583,46.5863144,24.6084436
8687,11694720584,46.5861434,24.6086798
8688,11694720585,46.5872581,24.6070024
8689,11694720588,46.5872084,24.6062873
8690,11694720589,46.5882956,24.6064929
8691,11694720592,46.5875096,24.6055011
8692,11694720593,46.5881157,24.6073592
8693,11694720594,46.5882120,24.6071514
8694,11694720596,46.5878919,24.6070931
8695,11694720597,46.5883678,24.6076591
8696,11694720599,46.5870900,24.6061487
8697,11694720600,46.5889291,24.6098512
8698,11709249907,46.5203985,24.5318001
8699,11709249912,46.5210761,24.5306016
8700,11709249917,46.5199972,24.5328477
8701,11709289600,46.5332746,24.5414565
8702,11709289601,46.5325145,24.5421235
8703,11709354894,46.5466247,24.5561425
8704,11709354895,46.5467576,24.5561669
8705,11709354896,46.5467233,24.5564795
8706,11746781479,46.5877760,24.6076302
8707,11746781480,46.5876709,24.6075028
8708,11746781481,46.5876368,24.6075618
8709,11746781482,46.5876083,24.6088734
8710,11746781483,46.5870055,24.6097331
8711,11746781484,46.5871136,24.6095654
8712,11746781488,46.5891810,24.6059464
8713,11746781494,46.5881243,24.6044459
8714,11815297130,46.5430526,24.5716473
8715,11815297135,46.5431261,24.5713755
8716,11820156444,46.5048332,24.4831514
8717,11820156448,46.5043755,24.4832617
8718,11826349508,46.5591205,24.5729780
8719,11826349510,46.5587132,24.5726317
8720,11826349511,46.5591499,24.5743018
8721,11826349513,46.5589233,24.5741024
8722,11826349514,46.5588068,24.5749676
8723,11826364846,46.5966714,24.5727052
8724,11826364847,46.5978237,24.5728357
8725,11826364848,46.5975710,24.5723890
8726,11826364849,46.5953688,24.5732153
8727,11826364850,46.5950506,24.5737646
8728,11831484680,46.5245722,24.5400870
8729,11831501661,46.5082325,24.5020223
8730,11831501664,46.5076332,24.5026439
8731,11850349737,46.5502504,24.5237052
8732,11850349740,46.5522462,24.5247084
8733,11850349741,46.5525328,24.5253032
8734,11851527245,46.5393996,24.5570122
8735,11851527247,46.5393847,24.5570006
8736,11851527257,46.5391412,24.5576678
8737,11873092507,46.5598396,24.5812595
8738,11873092508,46.5599030,24.5834893
8739,11873092512,46.5600192,24.5829953
8740,11876726306,46.5157223,24.5194618
8741,11876726307,46.5157504,24.5195254
8742,11876726328,46.5539669,24.5693157
8743,11876726329,46.5538439,24.5691592
8744,11876726330,46.5539435,24.5689376
8745,11876726331,46.5541026,24.5691433
8746,11876738798,46.5459951,24.5549357
8747,11886716931,46.5335004,24.5718078
8748,11886782518,46.5516470,24.5752369
8749,11888546321,46.5767993,24.5090476
8750,11888546322,46.5773883,24.5097554
8751,11888546323,46.5775228,24.5081160
8752,11888546324,46.5770769,24.5072957
8753,11917646980,46.5532389,24.5517431
8754,11934913586,46.5190123,24.5726556
8755,11934935988,46.5219283,24.5587403
8756,11934935989,46.5224976,24.5599999
8757,11999673161,46.5455889,24.6231789
8758,11999673164,46.5452144,24.6222485
8759,11999673165,46.5452357,24.6228386
8760,12049546829,46.5354006,24.5388405
8761,12049546833,46.5350447,24.5388881
8762,12049546834,46.5353156,24.5386417
8763,12049546835,46.5355402,24.5387154
8764,12082339099,46.5108676,24.5120110
8765,12082339100,46.5119035,24.5115580
8766,12082339104,46.5092993,24.5097987
8767,12100423561,46.5323270,24.5711882
8768,12101278465,46.5759882,24.6029573
8769,12101278466,46.5758321,24.6026739
8770,12101278467,46.5764830,24.6037790
8771,12101278469,46.5753997,24.6030555
8772,12112310030,46.5090174,24.5241279
8773,12112310035,46.5085760,24.5239161
8774,12112310036,46.5088260,24.5240741
8775,12112310038,46.5088593,24.5242289
8776,12112330962,46.5322803,24.5337961
8777,12112330965,46.5324846,24.5345502
8778,12112330968,46.5321833,24.5336187
8779,12112330982,46.5637974,24.5417453
8780,12112330983,46.5637168,24.5415752
8781,12112402202,46.5602455,24.5502381
8782,12112402206,46.5599687,24.5507373
8783,12112402208,46.5527251,24.5449947
8784,12112402209,46.5528466,24.5453587
8785,12112475144,46.5311434,24.5395339
8786,12112475155,46.5307908,24.5413633
8787,12112646571,46.5763424,24.5380062
8788,12112702881,46.5375935,24.5659647
8789,12112702882,46.5433369,24.5720088
8790,12112845938,46.5422645,24.5577961
8791,12112845939,46.5422454,24.5578865
8792,12114767228,46.5471133,24.5741331
8793,12114767233,46.5469239,24.5734134
8794,12114767237,46.5455606,24.5819081
8795,12114767241,46.5451388,24.5820246
8796,12114767243,46.5454691,24.5819338
8797,12114767245,46.5451599,24.5814934
8798,12114926930,46.5252176,24.5139689
8799,12114926944,46.5251599,24.5133662
8800,12115098669,46.5515548,24.5533177
8801,12115098674,46.5504563,24.5517147
8802,12115098675,46.5502520,24.5522020
8803,12115174895,46.5424744,24.5560799
8804,12115174896,46.5427553,24.5562880
8805,12115174898,46.5426835,24.5562343
8806,12115174899,46.5427580,24.5560063
8807,12115174900,46.5428105,24.5561400
8808,12115307201,46.5426476,24.5565831
8809,12115342123,46.5476595,24.5493914
8810,12115342127,46.5478371,24.5497772
8811,12115397639,46.5772706,24.5399021
8812,12115397640,46.5769296,24.5409352
8813,12115773457,46.5338033,24.5950940
8814,12117134834,46.5476995,24.5643355
8815,12118613311,46.5787668,24.5371564
8816,12118613313,46.5412434,24.5705027
8817,12118613314,46.5402896,24.5700807
8818,12118613316,46.5403742,24.5701487
8819,12118617810,46.5343360,24.5800215
8820,12118617812,46.5342055,24.5800783
8821,12118617813,46.5341971,24.5800819
8822,12118617815,46.5340861,24.5803191
8823,12118617822,46.5335865,24.5795159
8824,12118617832,46.5519511,24.5680143
8825,12118617834,46.5519451,24.5677778
8826,12118653951,46.5357975,24.5878461
8827,12118653952,46.5359757,24.5874263
8828,12118653954,46.5361715,24.5879176
8829,12118718978,46.5313984,24.5913669
8830,12118718980,46.5312048,24.5913538
8831,12118819827,46.5447178,24.5594477
8832,12118819854,46.5640847,24.5498474
8833,12118819855,46.5640939,24.5500205
8834,12118819856,46.5638005,24.5500415
8835,12118884376,46.5381589,24.5698994
8836,12118884378,46.5338241,24.5541721
8837,12118898305,46.5276977,24.5579519
8838,12118930560,46.5325207,24.5634579
8839,12118930574,46.5316730,24.5622397
8840,12118930575,46.5314813,24.5625619
8841,12119051004,46.5342023,24.5708793
8842,12120676861,46.5496678,24.5861543
8843,12120676862,46.5498404,24.5849418
8844,12120676872,46.5482900,24.5801264
8845,12120901489,46.5311613,24.5817535
8846,12121145925,46.5359416,24.5812522
8847,12122890750,46.5069666,24.6185227
8848,12122890755,46.5072283,24.6185514
8849,12122890761,46.5076294,24.6191958
8850,12128460642,46.5501511,24.5602642
8851,12128533098,46.5403551,24.5621345
8852,12128533099,46.5401352,24.5620566
8853,12128537705,46.5397323,24.5661654
8854,12128537706,46.5395033,24.5662753
8855,12128537713,46.5700147,24.5368928
8856,12132183193,46.5504516,24.5683690
8857,12161619557,46.5779901,24.5382734
8858,12161619593,46.5294991,24.5569809
8859,12161619596,46.5293949,24.5568482
8860,12165911689,46.5434596,24.5682703
8861,12165972341,46.5626503,24.5486498
8862,12165972345,46.5247037,24.5352994
8863,12165972346,46.5251935,24.5347649
8864,12175491401,46.5555983,24.5697210
8865,12176797462,46.5418382,24.5523125
8866,12199522316,46.5171519,24.5217022
8867,12218201643,46.5229869,24.5499828
8868,12237535328,46.5957872,24.5738069
8869,12237535330,46.5949381,24.5751903
8870,12238490819,46.5827726,24.6318341
8871,12238490820,46.5822564,24.6321619
8872,12590655722,46.5306037,24.5572225
8873,12590655724,46.5304463,24.5568210
8874,12590655764,46.5299916,24.5555976
8875,12590655767,46.5305199,24.5562458
8876,12593124905,46.5324499,24.5805490
8877,12593124939,46.5321612,24.5814767
8878,12593124942,46.5320592,24.5817813
8879,12593124969,46.5320159,24.5786347
8880,12593125002,46.5304067,24.5389085
8881,12593125003,46.5307386,24.5386006
8882,12593125007,46.5302173,24.5375858
8883,12593125010,46.5306916,24.5385044
8884,12593223028,46.5237555,24.5333884
8885,12593423682,46.5629762,24.5514970
8886,12593423686,46.5638649,24.5550546
8887,12593423696,46.5291411,24.5464149
8888,12593423697,46.5289455,24.5460028
8889,12593659597,46.5307774,24.5829437
8890,12593683701,46.5301264,24.5830187
8891,12593683705,46.5304970,24.5832957
8892,12593683708,46.5303417,24.5834264
8893,12593683709,46.5314013,24.5830790
8894,12593683712,46.5315176,24.5836616
8895,12593683713,46.5314583,24.5836247
8896,12593683719,46.5307259,24.5846847
8897,12593683720,46.5309804,24.5845918
8898,12593683723,46.5311306,24.5843053
8899,12593683724,46.5310558,24.5844480
8900,12593683725,46.5312407,24.5846274
8901,12593683786,46.5324483,24.5732385
8902,12593683787,46.5324693,24.5736871
8903,12593733308,46.5592179,24.5481194
8904,12593785016,46.5485001,24.5519419
8905,12593785018,46.5478695,24.5501739
8906,12593785021,46.5480454,24.5508944
8907,12593785023,46.5479000,24.5499141
8908,12593785024,46.5475886,24.5501009
8909,12593785026,46.5475160,24.5498871
8910,12593785029,46.5476892,24.5505964
8911,12593785030,46.5478825,24.5498760
8912,12593785037,46.5474889,24.5498183
8913,12593785039,46.5477382,24.5495611
8914,12593785045,46.5471384,24.5496961
8915,12593791591,46.5304713,24.5602375
8916,12593791595,46.5299145,24.5584353
8917,12593791597,46.5296563,24.5592478
8918,12593791598,46.5299605,24.5584913
8919,12593791599,46.5296590,24.5590231
8920,12596096575,46.5397784,24.5627117
8921,12596096576,46.5396796,24.5626791
8922,12596096589,46.5607837,24.5498409
8923,12596096591,46.5596773,24.5487295
8924,12596096593,46.5598945,24.5482595
8925,12596096594,46.5596143,24.5486982
8926,12596096596,46.5597955,24.5481284
8927,12596128001,46.5409948,24.5663918
8928,12596128008,46.5410125,24.5665767
8929,12596128009,46.5493766,24.5676999
8930,12596128011,46.5493823,24.5676787
8931,12596707096,46.5408440,24.5753908
8932,12596707100,46.5406291,24.5757562
8933,12612590578,46.5429177,24.5592353
8934,12632038018,46.5110513,24.6070737
8935,12632038029,46.5108795,24.6060408
8936,12637364687,46.5820808,24.6175945
8937,12637364688,46.5817367,24.6181526
8938,12638999586,46.5532116,24.5338086
8939,12638999587,46.5534517,24.5350209
8940,12655887567,46.5435688,24.6214771
8941,12655887568,46.5451885,24.6214342
8942,12656940457,46.5557504,24.5415750
8943,12656940458,46.5556962,24.5419874
8944,12656940460,46.5558182,24.5416151
8945,12656940468,46.5559158,24.5409062
8946,12656940469,46.5559960,24.5406072
8947,12656940470,46.5555160,24.5410833
8948,12684653174,46.5451223,24.5674724
8949,12684653252,46.5448397,24.5668875
8950,12685224316,46.5382042,24.5773095
8951,12685250945,46.5380695,24.5768683
8952,12688593048,46.5305067,24.5509076
8953,12688593050,46.5306572,24.5505565
8954,12710188433,46.5290760,24.5923999
8955,12710188434,46.5279711,24.5927409
8956,12710188435,46.5290333,24.5911454
8957,12710188436,46.5290628,24.5912942
8958,12729668789,46.5864354,24.6071201
8959,12729718949,46.5114358,24.5106394
8960,12729718950,46.5115262,24.5108145
8961,12729718951,46.5119385,24.5113978
8962,12729728964,46.5502201,24.5269442
8963,12729728965,46.5504243,24.5261883
8964,12729729025,46.5818102,24.6048123
8965,12729747044,46.5299596,24.5433391
8966,12729747045,46.5297108,24.5435778
8967,12729797273,46.5181656,24.5249652
8968,12729797277,46.5184553,24.5245233
8969,12756803897,46.5392683,24.5688039
8970,12756827289,46.5300906,24.5876545
8971,12772956059,46.5425272,24.5580399
8972,12772956060,46.5425051,24.5579033
8973,12789739685,46.5309989,24.5508141
8974,12789739687,46.5311413,24.5509486
8975,12789853130,46.5250747,24.5494709
8976,12789853134,46.5249213,24.5492292
8977,12789853140,46.5246262,24.5496933
8978,12789853143,46.5241339,24.5498401
8979,12789853144,46.5245342,24.5497156
8980,12789853146,46.5241495,24.5505961
8981,12814617573,46.5556016,24.5671412
8982,12912597026,46.5160748,24.5216037
8983,12912597029,46.5166753,24.5208965
8984,12918635038,46.5151450,24.6097901
8985,12918635039,46.5153092,24.6102860
8986,12918635040,46.5147707,24.6104231
8987,12918635048,46.5146402,24.6100482
8988,12918635049,46.5149286,24.6103004
8989,12918635050,46.5150010,24.6105199
8990,12918635051,46.5122465,24.6136115
8991,12918635052,46.5123942,24.6133058
8992,12918635053,46.5123370,24.6134426
8993,12918635054,46.5124500,24.6135645
8994,12918635056,46.5116069,24.6132823
8995,12918635059,46.5119090,24.6133877
8996,12918635060,46.5103628,24.6158954
8997,12918635061,46.5104886,24.6161772
8998,12918635062,46.5100914,24.6158512
8999,12918635063,46.5103390,24.6163358
9000,12918635064,46.5110245,24.6148252
9001,12918635065,46.5113232,24.6152947
9002,12918635067,46.5111824,24.6152075
9003,12918635072,46.5106613,24.6159980
9004,12918635073,46.5113596,24.6145175
9005,12918635074,46.5118635,24.6154113
9006,12918635076,46.5110896,24.6130946
9007,12918635081,46.5138007,24.6114402
9008,12918635082,46.5137151,24.6112163
9009,12918635083,46.5133854,24.6115033
9010,12918635084,46.5138598,24.6110903
9011,12918643039,46.5126384,24.6132007
9012,12918643043,46.5121736,24.6127331
9013,12926252082,46.5916939,24.6233298
9014,12926252084,46.5920173,24.6228035
9015,12926252085,46.5918140,24.6234936
9016,12926252090,46.5921749,24.6229872
9017,12926252091,46.5911764,24.6243330
9018,12926280408,46.5914285,24.6229680
9019,12926280409,46.5915254,24.6231001
9020,12926280410,46.5922081,24.6220726
9021,12950975836,46.5461709,24.5565838
9022,12950975842,46.5456099,24.5559207
9023,12963790653,46.5501794,24.6325909
9024,12963790656,46.5499263,24.6328423
9025,12963790657,46.5524583,24.6286306
9026,12963790658,46.5526612,24.6302292
9027,12963790659,46.5524541,24.6297715
9028,12963790664,46.5516541,24.6301192
9029,12963790665,46.5494553,24.6280190
9030,12963790666,46.5499563,24.6276145
9031,13018687444,46.5334699,24.5419375
9032,13018687449,46.5344213,24.5369701
9033,13018687450,46.5341760,24.5398682
9034,13018687451,46.5343951,24.5404148
9035,13018687452,46.5335826,24.5396935
9036,13018687453,46.5343633,24.5390563
9037,13042494677,46.5160628,24.6165258
9038,13042494678,46.5161521,24.6141511
9039,13042523924,46.5157047,24.6166277
9040,13042523928,46.5151768,24.6166384
9041,13042523932,46.5152691,24.6144444
9042,13042523935,46.5158450,24.6143424
9043,13042523938,46.5165501,24.6137577
9044,13042523942,46.5187693,24.6299313
9045,13042523943,46.5194294,24.6298188
9046,13042523953,46.5193056,24.6345872
9047,13042523954,46.5197948,24.6344134
9048,13042523964,46.5175265,24.6279064
9049,13042523968,46.5271074,24.6225555
9050,13042523985,46.5198723,24.6333325
9051,13042523986,46.5190236,24.6325292
9052,13042523987,46.5195623,24.6324474
9053,13042524000,46.5225598,24.6289749
9054,13042524010,46.5246188,24.6109606
9055,13042524020,46.5179787,24.6161181
9056,13042524021,46.5174582,24.6172339
9057,13042524023,46.5080885,24.6077844
9058,13113410058,46.5528793,24.5610345
9059,13206615221,46.5723882,24.5774064
9060,13206615227,46.5752379,24.5730568
9061,13206615234,46.5715993,24.5766896
9062,13206814678,46.5473667,24.5118952
9063,13234530248,46.5360727,24.5535804
9064,13250577714,46.5599210,24.5614449
9065,13250577716,46.5571992,24.5639407
9066,13252115869,46.5308000,24.5937113
9067,13255562244,46.5375769,24.5665137
9068,13255562245,46.5378137,24.5665201
9069,13261820519,46.5352872,24.5993523
9070,13261820520,46.5342668,24.6000771
9071,13261820529,46.5347067,24.6010722
9072,13261820530,46.5343328,24.6002146
9073,13338068599,46.5263492,24.5912151
9074,13338068600,46.5259733,24.5916892
9075,13338126401,46.5262459,24.5910595
9076,13338126403,46.5260656,24.5918598
9077,13338126404,46.5264488,24.5913734
9078,13338126405,46.5259649,24.5919876
9079,13338126406,46.5262290,24.5924334
9080,13338126411,46.5267542,24.5933201
9081,13338126412,46.5271796,24.5927104
9082,13338126416,46.5276233,24.5932589
9083,13338146418,46.5271510,24.5893523
9084,13338162664,46.5479583,24.5643443
9085,13338162667,46.5472777,24.5643876
9086,13338199325,46.5151619,24.6062236
9087,13338199330,46.5154888,24.6064085
9088,13338199334,46.5149978,24.6057513
9089,13338199355,46.5165957,24.6082960
9090,13359803803,46.4986393,24.4844897
9091,13447985411,46.5314891,24.5625486
9092,13451047025,46.5529757,24.5587372
9093,13477615113,46.5602224,24.5374414
9094,13477615114,46.5604427,24.5368754
9095,13477615115,46.5605755,24.5384949
9096,13477615116,46.5610573,24.5374208
9097,13477676981,46.5447134,24.6193851
9098,13477676986,46.5449266,24.6192911
9099,13477676991,46.5451912,24.6199750
9100,13477676996,46.5455404,24.6202098
9101,13483885884,46.5693929,24.5351207
9102,13483885886,46.5697236,24.5339952
9103,13484109290,46.5535037,24.5417794
9104,13484109291,46.5538926,24.5416945
9105,13484141469,46.5538362,24.5471683
9106,13484141481,46.5541074,24.5476237
9107,13484545008,46.5088664,24.5304191
9108,13484545015,46.5094689,24.5304549
9109,13484545018,46.5122386,24.5255458
9110,13484545021,46.5118393,24.5254773
9111,13484545068,46.5086931,24.5240593
9112,13511978757,46.5560566,24.5437249
9113,13511978762,46.5545860,24.5451295
9114,13511978763,46.5541774,24.5457007
9115,13511978764,46.5557885,24.5441301
9116,13511978766,46.5556250,24.5439505
9117,13511978767,46.5555107,24.5438365
9118,13524747034,46.5525301,24.5833179
9119,13524921058,46.5057502,24.6426193
9120,13524921063,46.5058782,24.6418878
9121,13574246721,46.5235186,24.5407304
9122,13596673474,46.5411293,24.6141125
9123,13602102811,46.5463556,24.5273321
9124,13602102812,46.5454363,24.5283048
9125,13629426872,46.5447765,24.5225038
9126,13629426877,46.5464747,24.5251024
9127,13629466969,46.5425334,24.5196868
9128,13629466970,46.5414358,24.5209382
9129,13629466971,46.5423838,24.5193414
9130,13629466972,46.5417143,24.5200716
9131,13629466973,46.5420296,24.5186462
9132,13629466974,46.5432656,24.5169968
9133,13629466975,46.5415090,24.5209915
9134,13629466976,46.5411492,24.5217605
9135,13714736022,46.5205720,24.5167077
9136,13714736024,46.5183442,24.5161641
9137,13716840327,46.5347498,24.6006310
9138,13716840328,46.5345766,24.6007739
9139,13716990934,46.5414793,24.6238316
9140,13718993680,46.5795514,24.6025354
9141,13718994565,46.5333678,24.4841614
9142,13719003489,46.5299873,24.4950458
9143,13719003492,46.5302503,24.4965866
9144,13719011972,46.5465914,24.5276813
9145,13719012125,46.5289583,24.4963284
9146,13719012126,46.5287417,24.4991228
9147,13719012132,46.5278234,24.4963257
9148,13719012133,46.5278781,24.4949305
9149,13719016600,46.5805045,24.6029189
9150,13719035201,46.5801247,24.6024281
9151,13719035238,46.5786443,24.6001656
9152,13719035239,46.5787447,24.6003928
9153,13719037114,46.5892008,24.6162721
9154,13719037115,46.5895705,24.6156755
9155,13719037116,46.5876888,24.6142052
9156,13719037117,46.5880848,24.6135941
9157,13719037118,46.5878212,24.6143888
9158,13719037119,46.5882138,24.6137819
9159,13719037120,46.5879917,24.6146252
9160,13719037121,46.5874709,24.6154234
9161,13725316812,46.5129658,24.5614692
9162,13725316813,46.5133546,24.5602863
9163,13725316814,46.5124812,24.5621783
9164,13725316816,46.5135706,24.5596291
9165,13725316817,46.5145714,24.5600626
9166,13725316818,46.5144274,24.5607090
9167,13725316820,46.5142056,24.5616133
9168,13732615014,46.5646655,24.5517745
9169,13732615015,46.5651157,24.5521395
9170,13732615016,46.5649889,24.5514942
9171,13738468115,46.5120804,24.5725366
9172,13738468116,46.5106600,24.5713023
9173,13741073361,46.5362074,24.4975913
9174,13741080933,46.5028503,24.4828521
9175,13741080934,46.5050683,24.4852075
9176,13741080936,46.5050726,24.4858686
9177,13741111026,46.5428641,24.4975993
9178,13741111038,46.5359085,24.4950619
9179,13741111040,46.5372564,24.4926278
9180,13741111049,46.5367737,24.4948098
9181,13741111052,46.5368886,24.4954869
9182,13741111053,46.5379196,24.4943243
9183,13806090721,46.5454338,24.6397880
9184,13806090722,46.5444677,24.6392690
9185,13839336460,46.5275371,24.5243227
9186,13839342308,46.5279925,24.5286942
9187,13839342309,46.5278103,24.5288523
9188,13913117778,46.5611825,24.5829198
9189,13914749234,46.5639403,24.5886729
9190,13998115460,46.5432975,24.5559390
9191,13998115463,46.5437795,24.5563380
