id,u,v,length_m,speed_kph,oneway,name
0,0,1,71.36,50,0,Strada Garii
1,0,70,115.67,50,0,Strada Libertatii
2,1,2,106.88,50,0,Strada Principala
3,1,71,213.58,40,0,
4,2,3,145.4,50,0,
5,2,72,112.3,30,0,
6,3,4,93.82,50,0,Bulevardul 1 Decembrie
7,4,5,100.77,50,0,Strada Principala
8,4,74,63.17,30,0,
9,5,6,146.74,50,0,Strada Libertatii
10,5,75,116.92,50,0,Aleea Carpati
11,6,7,121.7,50,0,Strada Garii
12,6,76,278.68,30,0,
13,7,8,88.46,50,0,Strada Libertatii
14,7,77,80.15,40,0,
15,8,9,147.09,50,0,Calea Sighisoarei
16,8,78,185.07,50,0,
17,9,10,123.45,50,0,Strada Principala
18,9,79,47.19,40,1,
19,10,11,79.72,50,0,Strada Principala
20,10,80,151.13,50,0,Calea Sighisoarei
21,11,12,135.75,50,0,
22,11,81,110.49,50,1,
23,12,13,150.2,50,0,Strada Principala
24,12,82,145.04,50,1,
25,13,14,94.61,50,0,Strada Libertatii
26,13,83,105.87,50,0,
27,14,15,56.53,50,0,Strada Libertatii
28,14,84,86.1,30,0,
29,15,16,122.08,50,0,Strada Libertatii
30,15,85,197.07,50,0,Aleea Carpati
31,16,17,118.29,50,0,Calea Sighisoarei
32,16,86,180.5,40,0,
33,17,18,71.86,50,0,Strada Principala
34,18,19,174.83,50,0,Strada Garii
35,18,88,161.04,30,0,
36,19,20,67.13,50,0,
37,19,89,137.82,30,1,
38,20,21,62.57,50,0,Strada Garii
39,20,90,181.24,50,0,Aleea Carpati
40,21,22,196.64,50,0,Strada Principala
41,21,91,143.44,50,0,
42,22,23,91.43,50,0,
43,22,92,167.0,50,0,
44,23,24,111.18,50,0,Aleea Carpati
45,23,93,305.3,30,0,
46,24,25,127.98,50,0,Bulevardul 1 Decembrie
47,24,94,159.59,50,0,
48,25,26,151.16,50,0,Strada Libertatii
49,25,95,107.81,50,0,Aleea Carpati
50,26,27,132.99,50,0,Strada Libertatii
51,27,28,85.18,50,0,Strada Garii
52,27,97,90.85,30,0,
53,28,29,66.78,50,0,Aleea Carpati
54,28,98,97.89,30,0,
55,29,30,124.98,50,0,
56,29,99,74.37,30,0,
57,30,31,87.79,50,0,Strada Garii
58,30,100,151.47,50,0,
59,31,32,126.67,50,0,
60,31,101,194.01,30,0,
61,32,33,100.14,50,0,Bulevardul 1 Decembrie
62,32,102,157.83,40,0,
63,33,34,207.64,50,0,Strada Principala
64,33,103,158.83,40,0,
65,34,35,158.67,50,0,
66,34,104,147.98,30,0,
67,35,36,130.29,50,0,
68,35,105,104.32,50,0,Bulevardul 1 Decembrie
69,36,37,183.56,50,0,Strada Libertatii
70,36,106,178.06,50,0,
71,37,38,168.9,50,0,Strada Libertatii
72,38,39,112.24,50,0,Aleea Carpati
73,38,108,178.94,50,0,
74,39,40,114.31,50,0,Strada Principala
75,40,41,118.43,50,0,Strada Garii
76,40,110,157.62,50,0,Calea Sighisoarei
77,41,42,105.97,50,0,Strada Principala
78,41,111,116.52,30,0,
79,42,43,149.14,50,0,Strada Principala
80,42,112,71.46,40,0,
81,43,44,122.91,50,0,Strada Garii
82,44,45,128.7,50,0,Aleea Carpati
83,44,114,139.69,40,1,
84,45,46,124.6,50,0,Strada Libertatii
85,45,115,106.51,50,0,Strada Principala
86,46,47,201.29,50,0,
87,47,48,127.9,50,0,Bulevardul 1 Decembrie
88,47,117,149.2,50,0,
89,48,49,82.43,50,0,Strada Libertatii
90,48,118,171.49,50,1,
91,49,50,127.66,50,0,Calea Sighisoarei
92,49,119,112.47,50,0,
93,50,51,117.15,50,0,Strada Garii
94,50,120,104.57,50,0,Bulevardul 1 Decembrie
95,51,52,55.22,50,0,Strada Libertatii
96,51,121,172.83,30,1,
97,52,53,132.75,50,0,Calea Sighisoarei
98,52,122,126.45,30,0,
99,53,54,151.27,50,0,Bulevardul 1 Decembrie
100,54,55,105.02,50,0,
101,54,124,76.73,30,0,
102,55,56,156.43,50,0,Calea Sighisoarei
103,55,125,20.26,50,0,
104,56,57,105.67,50,0,Strada Libertatii
105,56,126,165.0,50,0,
106,57,58,96.12,50,0,Strada Libertatii
107,57,127,103.15,30,0,
108,58,59,91.67,50,0,Strada Principala
109,58,128,138.77,30,0,
110,59,60,183.44,50,0,Strada Libertatii
111,59,129,119.43,40,1,
112,60,61,130.94,50,0,Calea Sighisoarei
113,60,130,155.91,50,0,
114,61,62,81.08,50,0,Strada Principala
115,61,131,53.7,30,0,
116,62,63,114.96,50,0,Calea Sighisoarei
117,63,64,90.46,50,0,Aleea Carpati
118,63,133,152.19,30,0,
119,64,65,94.87,50,0,
120,64,134,127.19,40,0,
121,65,66,119.5,50,0,
122,65,135,110.63,50,0,Bulevardul 1 Decembrie
123,66,67,103.58,50,0,Strada Libertatii
124,66,136,50.13,40,0,
125,67,68,121.44,50,0,Strada Principala
126,68,69,145.35,50,0,Calea Sighisoarei
127,68,138,101.19,40,0,
128,69,139,69.58,30,0,
129,70,71,84.62,30,0,
130,70,140,85.93,50,0,Strada Principala
131,71,141,109.14,40,0,
132,72,142,156.76,30,0,
133,73,74,118.63,30,0,
134,73,143,132.62,30,0,
135,74,75,65.45,50,0,
136,75,76,154.57,50,0,
137,75,144,119.1,50,0,Strada Principala
138,76,145,56.17,50,0,
139,77,146,166.88,30,0,
140,78,147,181.14,30,0,
141,79,80,164.24,50,0,
142,79,148,248.62,40,0,
143,80,81,177.87,50,0,
144,80,149,142.69,50,0,Strada Libertatii
145,82,83,105.95,50,1,
146,82,151,195.99,40,0,
147,83,152,224.57,30,0,
148,84,85,57.5,50,0,
149,84,153,95.93,40,0,
150,85,86,142.34,50,0,
151,85,154,173.73,50,0,
152,87,88,193.33,40,0,
153,87,156,74.64,50,0,
154,88,89,66.47,30,1,
155,88,157,123.94,30,0,
156,89,90,104.78,30,1,
157,89,158,123.92,30,0,
158,90,91,151.7,30,0,
159,90,159,51.16,50,0,
160,91,92,57.61,40,0,
161,92,93,96.55,30,0,
162,93,94,148.37,30,0,
163,93,162,139.93,50,0,
164,94,95,136.67,30,0,
165,94,163,134.44,40,0,
166,95,96,97.58,30,0,
167,95,164,137.99,50,0,Calea Sighisoarei
168,96,97,72.83,30,0,
169,97,98,144.99,30,1,
170,97,166,188.98,30,0,
171,98,167,71.36,40,0,
172,99,100,197.45,50,0,
173,99,168,173.36,50,0,
174,100,101,42.58,50,0,
175,100,169,126.45,50,0,Strada Garii
176,101,102,109.09,50,0,
177,101,170,11.57,30,0,
178,102,103,196.07,30,0,
179,102,171,137.79,50,0,
180,103,104,117.97,30,0,
181,103,172,114.81,40,0,
182,104,173,236.59,50,0,
183,105,106,192.61,30,1,
184,105,174,52.52,50,0,
185,106,107,79.16,30,1,
186,106,175,262.16,40,0,
187,107,108,136.06,40,0,
188,107,176,199.38,30,0,
189,108,109,66.21,50,0,
190,108,177,69.43,30,0,
191,109,110,186.68,40,0,
192,109,178,25.42,30,0,
193,110,179,79.49,50,0,Aleea Carpati
194,111,112,164.97,30,0,
195,111,180,33.96,50,0,
196,112,113,76.69,50,1,
197,112,181,167.0,30,0,
198,113,182,139.11,30,0,
199,114,115,173.49,30,0,
200,114,183,62.32,30,1,
201,115,116,142.38,30,0,
202,115,184,210.58,50,0,Aleea Carpati
203,116,185,168.9,30,0,
204,117,118,150.06,50,0,
205,117,186,105.5,50,0,
206,118,119,116.86,30,0,
207,118,187,121.22,30,0,
208,119,120,90.12,30,0,
209,119,188,141.84,40,1,
210,120,189,137.52,50,0,Strada Garii
211,121,122,112.53,30,0,
212,121,190,99.3,40,0,
213,122,123,56.86,30,0,
214,122,191,174.26,30,0,
215,123,192,124.34,50,0,
216,124,125,68.72,30,0,
217,124,193,159.31,30,0,
218,125,126,107.19,40,0,
219,125,194,153.65,50,0,Strada Principala
220,126,127,109.94,50,0,
221,126,195,102.05,30,0,
222,127,128,131.54,30,0,
223,127,196,138.38,40,0,
224,128,197,25.34,30,1,
225,129,198,120.78,40,0,
226,130,131,180.69,30,0,
227,130,199,196.24,50,0,
228,131,200,140.5,50,0,
229,132,133,180.22,30,0,
230,132,201,253.03,40,0,
231,133,202,135.72,40,0,
232,134,135,32.08,30,1,
233,135,136,136.2,50,0,
234,135,204,127.04,50,0,Bulevardul 1 Decembrie
235,136,137,140.85,40,0,
236,136,205,209.69,50,0,
237,137,138,116.81,30,0,
238,138,139,124.75,50,1,
239,138,207,203.01,50,0,
240,139,208,204.45,40,0,
241,140,141,108.74,30,1,
242,140,209,152.3,50,0,Strada Principala
243,141,142,70.3,30,0,
244,141,210,248.99,30,0,
245,142,143,165.94,30,0,
246,142,211,122.62,30,0,
247,143,212,115.17,50,0,
248,144,145,142.61,40,0,
249,144,214,144.77,50,0,Calea Sighisoarei
250,145,215,99.3,30,0,
251,146,147,114.27,30,0,
252,146,216,84.25,30,1,
253,148,149,217.34,30,1,
254,148,218,103.59,30,0,
255,149,219,132.39,50,0,Aleea Carpati
256,150,151,103.22,50,0,
257,150,220,109.7,40,0,
258,151,152,250.43,40,1,
259,152,153,67.54,30,0,
260,153,154,131.02,40,0,
261,153,223,226.05,40,0,
262,154,155,144.54,50,0,
263,154,224,91.71,50,0,
264,155,225,129.72,50,0,
265,156,157,139.33,50,1,
266,156,226,187.7,40,0,
267,157,158,65.9,40,0,
268,157,227,45.11,40,0,
269,158,159,101.62,50,0,
270,158,228,154.34,40,0,
271,159,160,137.45,50,0,
272,159,229,90.56,50,0,
273,160,161,95.62,50,0,
274,160,230,78.93,50,0,
275,161,231,157.7,30,0,
276,162,163,84.04,30,0,
277,162,232,42.4,50,0,
278,163,164,205.64,30,0,
279,163,233,199.91,30,0,
280,164,165,106.35,40,0,
281,164,234,55.18,50,0,
282,165,166,123.57,40,0,
283,165,235,53.16,30,1,
284,166,167,138.26,30,0,
285,166,236,119.53,30,0,
286,167,168,96.97,30,0,
287,168,169,190.31,30,0,
288,169,170,107.16,30,0,
289,169,239,94.12,50,0,Strada Garii
290,170,171,144.92,50,0,
291,171,172,65.68,40,1,
292,172,173,195.44,40,0,
293,172,242,131.24,30,0,
294,173,174,130.22,40,0,
295,173,243,132.73,30,0,
296,174,175,212.55,40,0,
297,174,244,135.65,50,0,Strada Principala
298,175,176,93.75,40,0,
299,175,245,27.86,40,0,
300,176,246,92.45,30,1,
301,177,178,82.14,50,0,
302,177,247,144.28,30,0,
303,179,180,81.78,30,0,
304,179,249,128.63,50,0,Aleea Carpati
305,180,181,125.83,30,0,
306,180,250,141.45,30,0,
307,181,251,129.5,40,0,
308,182,183,125.5,40,1,
309,182,252,85.0,50,0,
310,183,184,46.51,40,0,
311,183,253,128.14,40,0,
312,184,185,130.9,30,0,
313,184,254,77.5,50,0,Strada Libertatii
314,185,186,107.13,30,0,
315,185,255,124.04,30,0,
316,186,187,100.55,40,0,
317,187,257,209.91,50,0,
318,188,258,173.47,50,0,
319,189,190,57.01,30,0,
320,189,259,187.6,50,0,Strada Libertatii
321,190,191,73.07,40,0,
322,190,260,74.11,30,0,
323,191,192,162.99,50,0,
324,191,261,168.83,30,0,
325,192,193,128.83,30,0,
326,192,262,209.34,30,0,
327,193,194,17.25,30,0,
328,193,263,184.91,40,0,
329,194,195,244.66,50,0,
330,194,264,199.82,50,0,Bulevardul 1 Decembrie
331,195,196,25.65,40,0,
332,196,197,165.56,50,0,
333,196,266,179.98,30,0,
334,197,198,100.71,30,0,
335,197,267,167.46,40,0,
336,198,199,124.14,40,0,
337,198,268,90.86,30,0,
338,199,200,112.47,30,0,
339,199,269,108.8,50,0,Calea Sighisoarei
340,200,201,130.21,30,0,
341,200,270,88.89,30,1,
342,201,202,38.05,40,0,
343,201,271,77.52,30,0,
344,202,203,168.51,50,0,
345,202,272,109.16,40,0,
346,203,204,111.63,30,1,
347,203,273,190.96,30,0,
348,204,205,100.47,50,0,
349,204,274,149.87,50,0,Calea Sighisoarei
350,205,206,159.35,40,0,
351,205,275,160.48,30,0,
352,206,207,56.72,30,0,
353,207,208,201.61,30,1,
354,208,278,189.67,50,1,
355,209,210,86.86,30,0,
356,209,279,105.75,50,0,Aleea Carpati
357,210,211,135.01,30,1,
358,211,212,144.98,30,0,
359,212,213,63.91,40,0,
360,212,282,93.39,50,0,
361,213,214,117.58,40,1,
362,213,283,92.2,50,0,
363,214,215,86.85,40,1,
364,214,284,63.59,50,0,Bulevardul 1 Decembrie
365,215,285,73.28,30,1,
366,216,217,63.0,30,0,
367,216,286,192.81,50,1,
368,217,218,82.14,30,1,
369,218,219,82.84,50,0,
370,218,288,167.9,50,0,
371,219,220,188.79,40,0,
372,219,289,145.57,50,0,Calea Sighisoarei
373,220,221,92.21,30,0,
374,220,290,151.73,30,0,
375,221,222,61.35,50,0,
376,221,291,108.63,30,0,
377,222,223,184.66,30,0,
378,222,292,138.39,30,0,
379,223,224,59.04,50,0,
380,223,293,70.65,30,0,
381,224,294,54.48,50,0,Strada Libertatii
382,225,226,198.25,30,0,
383,226,227,123.26,40,0,
384,226,295,123.64,30,0,
385,227,228,106.55,40,0,
386,227,296,175.68,50,0,
387,228,229,156.4,30,0,
388,228,297,75.41,30,0,
389,229,298,208.48,50,0,Aleea Carpati
390,230,231,158.8,30,0,
391,230,299,204.65,40,0,
392,231,300,90.44,30,0,
393,232,301,221.27,30,0,
394,233,234,117.42,30,0,
395,233,302,52.63,30,0,
396,234,303,178.59,50,0,Strada Libertatii
397,235,236,142.26,30,0,
398,235,304,158.68,40,0,
399,236,237,50.18,30,0,
400,236,305,126.73,40,0,
401,237,306,35.49,50,0,
402,238,239,98.55,40,0,
403,238,307,170.39,50,0,
404,239,308,91.73,50,0,
405,240,241,141.33,30,0,
406,240,309,107.25,30,0,
407,241,242,71.4,50,1,
408,241,310,120.48,40,0,
409,242,311,143.26,40,0,
410,243,244,197.32,30,0,
411,244,245,107.34,30,0,
412,244,313,175.69,50,0,Strada Libertatii
413,245,246,78.75,50,1,
414,245,314,174.43,50,0,
415,246,315,105.07,40,0,
416,247,316,201.15,50,0,
417,248,249,53.06,30,0,
418,248,317,109.72,30,0,
419,249,250,126.93,50,0,
420,249,318,184.52,50,0,Calea Sighisoarei
421,250,251,117.29,40,0,
422,250,319,160.73,30,0,
423,251,252,71.19,30,0,
424,251,320,90.13,30,0,
425,252,253,121.71,50,0,
426,252,321,123.72,50,0,
427,253,254,124.67,30,0,
428,253,322,171.81,40,0,
429,254,255,110.11,30,0,
430,254,323,190.98,50,0,Bulevardul 1 Decembrie
431,255,256,90.97,50,0,
432,255,324,155.56,40,0,
433,256,257,124.55,40,0,
434,257,258,124.51,50,0,
435,258,259,13.82,50,0,
436,258,327,62.46,30,0,
437,259,260,203.54,50,0,
438,259,328,97.4,50,0,Bulevardul 1 Decembrie
439,260,261,179.65,30,0,
440,260,329,213.94,30,0,
441,261,262,64.35,40,1,
442,261,330,104.9,50,0,
443,262,263,90.03,50,0,
444,262,331,109.16,30,0,
445,263,264,62.61,50,0,
446,264,265,68.05,30,0,
447,264,333,68.89,50,0,Calea Sighisoarei
448,265,334,119.32,30,0,
449,266,267,210.99,50,0,
450,266,335,35.59,30,0,
451,267,268,33.04,50,0,
452,267,336,104.88,40,1,
453,268,269,113.66,50,1,
454,268,337,122.94,50,0,
455,269,270,132.29,30,1,
456,269,338,69.4,50,0,Strada Garii
457,270,339,205.42,30,0,
458,271,272,145.58,40,1,
459,272,273,103.05,40,0,
460,272,341,155.48,30,0,
461,273,274,100.44,30,0,
462,273,342,113.64,50,0,
463,274,275,100.69,30,0,
464,274,343,107.57,50,0,Strada Principala
465,275,276,111.35,30,0,
466,275,344,25.4,50,0,
467,276,277,150.78,40,0,
468,276,345,72.39,50,0,
469,277,278,108.67,30,0,
470,277,346,137.73,40,0,
471,278,347,68.95,30,0,
472,279,280,86.1,30,0,
473,279,348,123.76,50,0,Strada Principala
474,280,281,141.94,40,0,
475,280,349,114.46,30,0,
476,281,282,160.53,30,0,
477,282,283,52.36,30,0,
478,282,351,137.75,40,0,
479,283,284,75.57,40,0,
480,283,352,155.12,50,0,
481,284,285,168.42,50,0,
482,284,353,157.35,50,0,
483,285,286,121.31,30,0,
484,285,354,198.63,50,0,
485,286,287,140.89,30,0,
486,287,288,174.44,30,0,
487,287,356,162.37,30,1,
488,288,289,115.37,50,0,
489,288,357,94.69,30,0,
490,289,290,73.14,30,0,
491,289,358,95.45,50,0,
492,290,291,87.94,30,0,
493,290,359,160.7,30,0,
494,291,360,199.52,50,0,
495,292,293,83.86,30,0,
496,292,361,129.51,30,0,
497,293,294,125.22,40,0,
498,293,362,138.25,50,0,
499,294,363,223.89,50,0,Strada Garii
500,295,296,93.04,40,0,
501,295,365,120.8,40,1,
502,296,297,113.31,40,0,
503,296,366,199.03,30,0,
504,298,299,154.68,30,0,
505,298,368,99.42,50,0,
506,299,300,56.93,30,0,
507,300,301,140.64,30,0,
508,300,370,147.61,30,0,
509,301,302,213.38,40,0,
510,301,371,95.82,50,0,
511,302,303,111.16,30,0,
512,302,372,158.62,30,0,
513,303,304,99.55,40,0,
514,303,373,139.93,50,0,Strada Principala
515,304,305,114.32,30,0,
516,305,306,86.96,40,0,
517,305,375,147.34,50,0,
518,306,307,119.96,40,1,
519,306,376,238.17,40,0,
520,307,308,162.1,40,0,
521,307,377,107.85,30,0,
522,308,309,101.22,40,0,
523,308,378,172.61,50,0,Strada Libertatii
524,309,310,103.84,40,0,
525,309,379,154.11,30,0,
526,310,380,37.31,30,0,
527,311,312,126.67,30,0,
528,311,381,100.33,40,0,
529,312,313,109.92,40,0,
530,312,382,187.27,30,0,
531,313,314,145.43,40,0,
532,313,383,127.47,50,0,Strada Garii
533,314,315,100.71,30,0,
534,314,384,156.77,50,0,
535,315,316,121.73,30,0,
536,315,385,136.44,50,0,
537,316,317,131.88,40,0,
538,316,386,98.49,30,0,
539,317,318,127.94,40,0,
540,317,387,123.67,50,0,
541,318,319,69.78,30,0,
542,318,388,48.3,50,0,Bulevardul 1 Decembrie
543,319,320,128.25,40,0,
544,319,389,151.22,30,0,
545,320,390,168.84,30,1,
546,321,322,104.6,30,0,
547,321,391,202.79,40,0,
548,322,323,155.63,30,0,
549,323,324,117.5,50,0,
550,323,393,183.7,50,0,Strada Garii
551,324,325,110.11,40,0,
552,325,326,145.53,50,0,
553,325,395,138.18,40,0,
554,326,327,121.99,50,0,
555,327,328,158.36,30,0,
556,327,397,179.33,50,0,
557,328,329,153.22,40,0,
558,328,398,206.26,50,0,Bulevardul 1 Decembrie
559,329,399,42.6,50,1,
560,330,331,29.77,40,0,
561,330,400,104.86,50,0,
562,331,332,147.64,40,0,
563,331,401,142.45,50,0,
564,332,333,72.51,40,0,
565,332,402,124.5,40,0,
566,333,403,167.06,50,0,Bulevardul 1 Decembrie
567,334,335,104.77,50,0,
568,334,404,155.66,50,1,
569,335,336,126.16,50,0,
570,335,405,151.35,30,0,
571,336,337,82.68,30,0,
572,336,406,240.98,50,0,
573,337,338,139.34,40,1,
574,337,407,122.98,30,0,
575,338,408,170.59,50,0,Strada Libertatii
576,339,340,88.91,30,0,
577,339,409,58.96,30,0,
578,340,341,154.67,30,0,
579,340,410,108.94,30,0,
580,341,342,82.75,30,1,
581,341,411,95.66,30,0,
582,342,343,134.75,30,0,
583,342,412,79.55,50,0,
584,343,413,113.6,50,0,Strada Libertatii
585,344,345,116.53,30,1,
586,344,414,196.14,30,0,
587,345,346,25.91,30,0,
588,345,415,113.8,40,0,
589,346,347,182.59,40,0,
590,346,416,167.0,30,0,
591,347,417,118.92,30,0,
592,348,349,49.52,50,0,Strada Principala
593,348,418,188.33,50,0,Aleea Carpati
594,349,350,72.78,50,0,Strada Principala
595,349,419,99.08,50,0,
596,350,351,159.54,50,0,Calea Sighisoarei
597,351,352,111.97,50,0,Strada Principala
598,351,421,116.9,30,0,
599,352,353,85.46,50,0,Aleea Carpati
600,353,354,179.64,50,0,Strada Garii
601,353,423,126.65,50,0,
602,354,355,129.82,50,0,
603,354,424,59.33,30,0,
604,355,356,18.99,50,0,Strada Libertatii
605,355,425,241.02,40,0,
606,356,357,138.19,50,0,Strada Libertatii
607,356,426,175.33,30,0,
608,357,358,55.44,50,0,Strada Principala
609,357,427,132.0,50,0,
610,358,359,212.01,50,0,Strada Garii
611,358,428,227.02,50,0,Strada Libertatii
612,359,360,162.98,50,0,Strada Garii
613,360,361,24.26,50,0,
614,361,362,107.52,50,0,Calea Sighisoarei
615,362,363,52.86,50,0,Calea Sighisoarei
616,362,432,101.55,30,0,
617,363,364,82.86,50,0,Strada Principala
618,363,433,18.08,50,0,Strada Libertatii
619,364,365,210.71,50,0,
620,365,366,186.84,50,0,Strada Libertatii
621,365,435,108.19,50,0,
622,366,367,39.93,50,0,Aleea Carpati
623,366,436,85.72,30,0,
624,367,368,82.0,50,0,
625,367,437,104.25,40,0,
626,368,369,150.75,50,0,Calea Sighisoarei
627,368,438,175.51,50,0,
628,369,370,84.18,50,0,
629,369,439,138.88,40,0,
630,370,371,129.26,50,0,Strada Libertatii
631,370,440,109.0,40,0,
632,371,372,68.54,50,0,
633,371,441,157.28,50,0,
634,372,373,99.68,50,0,
635,372,442,116.63,50,0,
636,373,374,170.5,50,0,Bulevardul 1 Decembrie
637,373,443,62.63,50,0,Aleea Carpati
638,374,375,65.16,50,0,Aleea Carpati
639,375,376,146.59,50,0,Calea Sighisoarei
640,375,445,153.2,50,0,
641,376,377,176.44,50,0,Aleea Carpati
642,376,446,50.05,50,0,
643,377,378,105.31,50,0,Calea Sighisoarei
644,377,447,147.53,30,0,
645,378,379,64.18,50,0,Aleea Carpati
646,378,448,87.17,50,0,Calea Sighisoarei
647,379,380,154.18,50,0,Bulevardul 1 Decembrie
648,380,381,83.45,50,0,Strada Libertatii
649,381,382,113.05,50,0,Aleea Carpati
650,381,451,104.24,50,0,
651,382,383,85.28,50,0,Calea Sighisoarei
652,382,452,104.67,30,0,
653,383,384,47.79,50,0,Strada Garii
654,383,453,176.88,50,0,
655,384,385,197.29,50,0,
656,384,454,117.36,50,0,
657,385,386,93.75,50,0,Strada Principala
658,386,387,176.24,50,0,Bulevardul 1 Decembrie
659,386,456,47.57,50,0,
660,387,388,71.0,50,0,Calea Sighisoarei
661,388,389,108.83,50,0,
662,388,458,113.89,50,0,Calea Sighisoarei
663,389,390,76.02,50,0,Strada Principala
664,389,459,102.33,50,0,
665,390,391,127.91,50,0,
666,390,460,66.79,30,0,
667,391,392,141.41,50,0,Strada Principala
668,391,461,132.36,30,0,
669,392,393,96.34,50,0,Strada Principala
670,393,394,181.3,50,0,Calea Sighisoarei
671,393,463,77.54,50,0,Strada Principala
672,394,395,101.52,50,0,Strada Principala
673,394,464,202.78,50,0,
674,395,396,96.74,50,0,
675,395,465,166.38,50,0,
676,396,397,56.03,50,0,Bulevardul 1 Decembrie
677,396,466,197.17,50,0,
678,397,398,100.35,50,0,Aleea Carpati
679,397,467,101.22,30,0,
680,398,399,145.35,50,0,Strada Garii
681,398,468,129.33,50,0,Bulevardul 1 Decembrie
682,399,400,148.96,50,0,Strada Principala
683,399,469,190.65,30,0,
684,400,401,59.59,50,0,Aleea Carpati
685,400,470,152.4,30,0,
686,401,402,168.89,50,0,
687,401,471,122.13,30,1,
688,402,403,61.61,50,0,Strada Garii
689,402,472,39.2,40,0,
690,403,404,107.72,50,0,Strada Principala
691,403,473,134.13,50,0,Strada Garii
692,404,405,201.83,50,0,Aleea Carpati
693,404,474,82.16,40,1,
694,405,406,146.35,50,0,Strada Principala
695,405,475,158.4,30,1,
696,406,407,202.38,50,0,Calea Sighisoarei
697,406,476,101.81,40,0,
698,407,408,115.3,50,0,Calea Sighisoarei
699,407,477,138.01,50,0,
700,408,409,62.93,50,0,
701,408,478,130.05,50,0,Bulevardul 1 Decembrie
702,409,410,172.29,50,0,Calea Sighisoarei
703,409,479,132.55,40,0,
704,410,411,54.65,50,0,Aleea Carpati
705,410,480,134.7,40,0,
706,411,412,80.03,50,0,
707,411,481,121.66,30,1,
708,412,413,151.76,50,0,Strada Libertatii
709,412,482,106.71,50,0,
710,413,414,94.8,50,0,Strada Libertatii
711,413,483,91.55,50,0,Strada Libertatii
712,414,415,121.97,50,0,Strada Libertatii
713,414,484,68.7,30,0,
714,415,416,96.11,50,0,Strada Libertatii
715,415,485,116.45,50,0,
716,416,417,148.53,50,0,Bulevardul 1 Decembrie
717,416,486,176.7,50,0,
718,417,487,93.01,50,0,
719,418,419,81.12,30,0,
720,418,488,141.99,50,0,Strada Principala
721,419,420,191.43,50,0,
722,419,489,127.17,30,0,
723,420,421,76.08,40,0,
724,420,490,206.82,30,0,
725,421,422,72.74,30,0,
726,421,491,177.65,30,0,
727,422,423,145.68,30,0,
728,423,424,142.16,30,0,
729,423,493,89.47,50,0,
730,424,425,120.27,50,0,
731,425,426,171.97,30,0,
732,425,495,65.44,30,0,
733,426,427,108.57,30,0,
734,427,428,83.39,30,1,
735,427,497,64.38,50,0,
736,428,429,94.87,50,0,
737,428,498,88.07,50,0,Aleea Carpati
738,429,430,86.07,40,0,
739,429,499,182.01,40,0,
740,430,500,89.43,50,0,
741,431,432,40.9,30,0,
742,431,501,164.19,40,0,
743,432,433,99.61,50,0,
744,432,502,10.64,40,0,
745,433,434,167.64,30,0,
746,433,503,184.26,50,0,Aleea Carpati
747,434,435,85.98,40,0,
748,434,504,172.06,30,0,
749,435,436,129.59,40,0,
750,435,505,135.41,40,0,
751,436,437,36.91,50,0,
752,436,506,138.42,50,0,
753,437,438,130.76,30,0,
754,437,507,158.8,40,0,
755,438,439,90.06,30,1,
756,438,508,94.93,50,0,Bulevardul 1 Decembrie
757,439,440,141.11,40,0,
758,439,509,46.12,30,0,
759,440,441,43.71,40,0,
760,440,510,136.67,50,0,
761,441,442,147.64,50,0,
762,441,511,81.63,40,0,
763,442,443,132.44,30,0,
764,443,444,67.71,30,0,
765,443,513,210.24,50,0,Calea Sighisoarei
766,444,445,162.32,30,0,
767,445,446,90.31,30,0,
768,445,515,121.31,40,0,
769,446,447,164.55,50,0,
770,446,516,181.89,40,0,
771,447,448,63.04,30,0,
772,447,517,165.66,50,0,
773,448,449,86.79,40,0,
774,448,518,187.15,50,0,Strada Principala
775,449,519,96.23,50,0,
776,450,451,229.11,40,1,
777,450,520,200.9,30,0,
778,451,452,61.02,30,0,
779,451,521,116.86,30,0,
780,452,453,152.96,30,0,
781,452,522,131.38,30,0,
782,453,454,194.49,30,0,
783,453,523,86.13,50,0,Strada Libertatii
784,454,455,110.06,50,0,
785,454,524,141.32,50,0,
786,455,456,78.92,30,0,
787,455,525,166.15,30,0,
788,456,457,122.05,30,0,
789,457,458,109.76,30,0,
790,457,527,86.91,50,0,
791,458,459,209.22,50,0,
792,458,528,102.61,50,0,Aleea Carpati
793,459,460,129.78,50,0,
794,459,529,56.67,50,0,
795,460,461,105.67,50,0,
796,460,530,152.13,30,0,
797,461,462,126.5,40,0,
798,461,531,122.4,30,0,
799,462,463,182.94,40,0,
800,462,532,176.32,30,0,
801,463,464,10.09,30,0,
802,463,533,31.1,50,0,Aleea Carpati
803,464,465,203.25,40,0,
804,465,466,105.36,50,0,
805,465,535,109.85,40,0,
806,466,467,174.63,30,0,
807,466,536,65.06,50,0,
808,467,468,95.79,30,0,
809,467,537,161.36,30,0,
810,468,469,88.52,30,0,
811,468,538,110.43,50,0,Strada Libertatii
812,469,470,114.04,30,0,
813,469,539,53.86,30,0,
814,470,471,94.27,30,0,
815,470,540,77.46,30,0,
816,471,472,175.1,30,0,
817,471,541,192.59,30,0,
818,472,473,85.53,30,0,
819,472,542,182.68,40,1,
820,473,474,153.18,30,0,
821,473,543,159.75,50,0,Strada Principala
822,474,544,175.86,50,0,
823,475,476,135.27,30,0,
824,475,545,133.31,30,0,
825,476,477,35.24,50,0,
826,476,546,154.3,40,0,
827,477,478,193.64,30,0,
828,477,547,115.4,40,0,
829,478,479,92.29,30,0,
830,478,548,60.52,50,0,Calea Sighisoarei
831,479,480,95.23,30,0,
832,479,549,177.05,30,0,
833,480,481,102.13,30,0,
834,480,550,141.0,50,0,
835,481,482,105.51,30,0,
836,481,551,208.04,40,0,
837,482,483,144.46,40,0,
838,482,552,123.28,30,1,
839,483,553,226.94,50,0,Calea Sighisoarei
840,484,485,89.96,30,0,
841,484,554,219.66,40,1,
842,485,486,132.68,30,0,
843,485,555,179.33,30,0,
844,486,487,125.03,30,0,
845,486,556,90.17,30,0,
846,487,557,91.56,30,0,
847,488,489,167.7,50,0,
848,488,558,128.7,50,0,Strada Libertatii
849,489,490,97.08,40,0,
850,489,559,132.15,30,0,
851,490,491,132.03,40,0,
852,491,492,93.9,40,0,
853,491,561,130.19,50,0,
854,492,493,91.56,30,0,
855,492,562,159.48,50,0,
856,493,494,89.65,30,0,
857,493,563,134.08,50,0,Strada Principala
858,494,495,51.32,30,0,
859,495,496,158.46,40,0,
860,495,565,149.0,50,0,
861,496,497,102.87,30,1,
862,496,566,133.33,30,0,
863,497,498,111.26,50,0,
864,497,567,133.25,30,0,
865,498,568,92.78,50,0,
866,499,500,154.74,40,0,
867,499,569,70.44,30,0,
868,500,501,258.19,50,0,
869,500,570,101.06,40,0,
870,501,571,160.91,30,0,
871,502,503,145.07,40,1,
872,502,572,215.45,30,0,
873,503,573,125.21,50,0,Strada Libertatii
874,504,574,125.68,50,0,
875,505,506,74.15,30,0,
876,505,575,84.63,40,0,
877,506,576,130.25,50,0,
878,507,508,100.26,40,1,
879,507,577,94.09,30,0,
880,508,509,150.87,50,0,
881,508,578,135.44,50,0,Strada Libertatii
882,509,510,158.66,30,0,
883,510,580,95.41,30,0,
884,511,512,120.83,50,1,
885,512,582,22.89,30,0,
886,513,583,140.48,50,0,Bulevardul 1 Decembrie
887,514,515,229.13,30,0,
888,514,584,130.11,30,0,
889,515,585,85.51,30,0,
890,517,518,109.93,30,0,
891,517,587,226.48,40,0,
892,518,519,142.94,30,0,
893,518,588,97.35,50,0,Calea Sighisoarei
894,519,520,261.2,30,0,
895,519,589,272.56,40,0,
896,520,521,124.0,30,0,
897,520,590,51.38,40,0,
898,521,522,105.34,40,1,
899,521,591,158.91,40,0,
900,522,523,129.87,40,0,
901,522,592,92.43,40,0,
902,523,524,174.56,50,0,
903,523,593,68.94,50,0,Calea Sighisoarei
904,524,525,65.35,30,0,
905,524,594,210.33,30,0,
906,525,526,84.33,30,0,
907,525,595,102.78,50,0,
908,526,527,87.77,30,0,
909,526,596,163.42,40,0,
910,527,528,96.93,30,0,
911,527,597,185.13,40,0,
912,528,529,151.38,50,0,
913,528,598,272.93,50,0,Strada Libertatii
914,529,530,136.67,30,0,
915,529,599,193.02,50,1,
916,530,531,104.48,30,0,
917,530,600,127.55,30,0,
918,531,532,88.52,40,0,
919,532,533,129.13,40,0,
920,532,602,103.99,30,0,
921,533,534,160.02,30,0,
922,533,603,180.12,50,0,Strada Garii
923,534,535,79.16,50,0,
924,534,604,114.52,30,0,
925,535,536,114.01,30,0,
926,535,605,125.87,50,0,
927,536,537,119.57,40,0,
928,536,606,72.65,30,0,
929,537,538,126.38,50,0,
930,537,607,120.88,40,0,
931,538,539,52.33,30,0,
932,538,608,98.25,50,0,Calea Sighisoarei
933,539,540,85.2,30,0,
934,539,609,122.9,30,0,
935,540,541,209.14,30,0,
936,540,610,195.93,30,0,
937,541,611,133.99,50,0,
938,542,543,116.97,30,0,
939,542,612,157.76,50,0,
940,543,544,28.54,30,0,
941,543,613,12.2,50,0,Strada Libertatii
942,544,545,174.33,50,0,
943,545,546,119.27,30,0,
944,545,615,119.1,30,0,
945,546,547,122.59,50,0,
946,546,616,75.4,30,0,
947,547,548,82.81,30,0,
948,547,617,162.39,30,0,
949,548,549,136.75,30,1,
950,548,618,173.16,50,0,Strada Libertatii
951,549,550,204.09,40,0,
952,550,551,58.45,30,0,
953,550,620,178.87,50,0,
954,551,552,123.95,50,0,
955,551,621,8.9,30,0,
956,552,622,162.33,30,0,
957,553,554,82.91,30,0,
958,553,623,34.55,50,0,
959,555,556,151.53,40,0,
960,555,625,97.77,30,0,
961,556,557,89.58,30,0,
962,556,626,120.99,40,1,
963,557,627,219.66,30,1,
964,558,559,148.09,30,0,
965,558,628,176.26,50,0,Calea Sighisoarei
966,559,560,130.33,50,0,
967,559,629,137.35,40,1,
968,560,561,69.73,50,0,
969,560,630,47.51,30,0,
970,561,562,167.86,40,0,
971,561,631,104.5,30,0,
972,562,563,96.26,30,0,
973,562,632,57.72,30,1,
974,563,564,100.56,30,0,
975,563,633,131.12,50,0,Aleea Carpati
976,564,565,153.67,30,0,
977,564,634,144.04,40,0,
978,565,635,158.36,50,0,
979,566,567,143.57,30,0,
980,567,568,14.3,40,1,
981,567,637,156.74,30,0,
982,568,569,137.3,40,0,
983,568,638,95.18,50,0,Bulevardul 1 Decembrie
984,569,570,118.28,40,0,
985,569,639,129.21,30,0,
986,570,571,87.47,30,0,
987,571,572,190.34,50,0,
988,572,573,55.53,50,0,
989,572,642,132.91,50,1,
990,573,643,118.54,50,0,Calea Sighisoarei
991,575,576,8.39,50,0,
992,575,645,151.05,40,0,
993,576,577,151.98,40,0,
994,577,578,112.49,40,0,
995,577,647,143.57,30,0,
996,578,648,83.28,50,0,Strada Libertatii
997,580,581,57.83,30,1,
998,581,582,195.64,30,0,
999,582,583,53.44,40,0,
1000,582,652,180.1,40,0,
1001,583,584,188.26,40,0,
1002,583,653,213.07,50,0,
1003,584,654,258.33,30,0,
1004,585,655,182.65,40,0,
1005,586,587,108.56,40,0,
1006,586,656,182.62,50,0,
1007,587,588,99.38,30,1,
1008,588,589,156.56,30,0,
1009,588,658,137.48,50,0,
1010,589,590,105.66,40,0,
1011,589,659,77.48,50,0,
1012,590,591,88.93,30,0,
1013,590,660,123.41,30,1,
1014,591,592,60.63,50,0,
1015,591,661,62.38,40,0,
1016,592,593,92.31,30,0,
1017,592,662,122.48,30,1,
1018,593,663,113.02,50,0,Aleea Carpati
1019,594,595,160.25,40,0,
1020,595,596,82.83,40,0,
1021,595,665,113.98,50,0,
1022,596,597,196.89,30,0,
1023,596,666,127.12,30,0,
1024,597,598,30.77,30,1,
1025,597,667,54.62,50,0,
1026,598,668,55.89,50,0,Aleea Carpati
1027,599,600,92.02,50,0,
1028,599,669,119.19,30,0,
1029,600,601,53.85,40,0,
1030,600,670,133.57,30,0,
1031,601,602,136.53,40,0,
1032,601,671,113.41,30,0,
1033,602,672,141.33,50,0,
1034,603,673,136.13,50,0,Aleea Carpati
1035,604,605,68.58,30,0,
1036,604,674,138.08,30,0,
1037,605,606,156.97,30,0,
1038,605,675,133.36,40,0,
1039,606,607,84.67,30,0,
1040,606,676,126.73,30,0,
1041,607,608,155.64,30,0,
1042,607,677,52.87,30,0,
1043,608,609,69.47,30,0,
1044,608,678,128.7,50,0,Aleea Carpati
1045,609,610,96.41,30,0,
1046,609,679,137.57,30,0,
1047,610,611,71.67,40,0,
1048,610,680,111.49,50,0,
1049,611,681,93.53,50,0,
1050,612,613,153.89,50,0,
1051,612,682,25.97,40,0,
1052,613,683,228.18,50,0,Strada Garii
1053,614,684,189.66,50,0,
1054,615,685,189.26,30,0,
1055,616,617,92.19,30,0,
1056,616,686,153.5,30,1,
1057,617,618,120.11,30,0,
1058,617,687,49.08,50,1,
1059,618,619,18.57,30,1,
1060,618,688,37.38,50,0,Calea Sighisoarei
1061,619,620,199.12,50,1,
1062,619,689,145.12,30,0,
1063,620,621,153.39,50,0,
1064,620,690,44.08,30,0,
1065,621,622,159.54,30,0,
1066,622,623,130.92,50,1,
1067,622,692,49.04,30,1,
1068,623,624,133.89,40,0,
1069,623,693,242.1,50,0,Strada Libertatii
1070,624,625,40.75,50,0,
1071,624,694,137.8,30,0,
1072,625,626,38.93,30,0,
1073,625,695,118.94,30,1,
1074,626,696,178.27,30,0,
1075,627,697,23.85,30,0,
1076,628,698,41.32,50,0,Aleea Carpati
1077,629,699,188.91,30,0,
1078,630,631,143.23,50,0,
1079,630,700,188.49,40,1,
1080,631,632,83.32,50,0,
1081,631,701,169.01,30,0,
1082,632,633,104.24,50,0,
1083,632,702,88.44,50,1,
1084,633,634,130.71,50,0,
1085,633,703,165.56,50,0,Strada Principala
1086,634,635,58.08,30,0,
1087,634,704,148.85,30,0,
1088,635,636,197.45,50,0,
1089,635,705,45.58,50,0,
1090,636,637,108.87,30,0,
1091,636,706,196.28,30,0,
1092,637,638,84.94,50,1,
1093,638,639,89.5,30,0,
1094,638,708,217.62,50,0,Strada Garii
1095,639,640,175.64,30,0,
1096,640,641,143.81,30,0,
1097,640,710,123.37,50,0,
1098,641,642,75.66,50,0,
1099,641,711,126.03,30,0,
1100,642,643,188.28,40,0,
1101,642,712,172.52,40,1,
1102,643,644,25.95,30,0,
1103,643,713,78.52,50,0,Strada Principala
1104,644,645,173.41,30,0,
1105,644,714,104.38,30,0,
1106,645,646,56.44,30,0,
1107,645,715,152.83,50,0,
1108,646,716,100.73,50,0,
1109,648,649,183.11,50,0,
1110,648,718,124.04,50,0,Strada Libertatii
1111,649,650,114.51,50,0,
1112,649,719,96.64,30,0,
1113,650,651,70.34,30,0,
1114,651,652,122.79,40,0,
1115,651,721,211.47,30,0,
1116,652,653,102.86,30,0,
1117,652,722,194.6,40,0,
1118,653,654,162.07,30,0,
1119,653,723,118.86,50,0,Strada Principala
1120,654,655,83.42,50,1,
1121,654,724,66.56,50,0,
1122,655,656,82.69,30,0,
1123,655,725,184.09,30,0,
1124,656,726,36.78,30,0,
1125,657,658,184.09,50,0,
1126,657,727,148.41,30,0,
1127,658,728,108.02,50,0,
1128,659,660,95.43,50,0,
1129,660,661,138.52,30,0,
1130,661,662,47.1,30,0,
1131,661,731,216.31,40,0,
1132,662,663,110.24,50,0,
1133,663,664,176.09,40,0,
1134,663,733,113.17,50,0,Calea Sighisoarei
1135,664,665,128.42,40,0,
1136,664,734,143.84,30,0,
1137,665,666,99.69,30,0,
1138,665,735,191.85,40,0,
1139,666,667,131.87,30,0,
1140,666,736,23.15,30,0,
1141,667,668,141.2,30,0,
1142,667,737,114.66,50,0,
1143,668,669,21.11,30,0,
1144,668,738,116.6,50,0,Strada Libertatii
1145,669,670,119.05,30,0,
1146,669,739,161.28,40,0,
1147,670,671,114.1,30,0,
1148,671,672,128.05,30,0,
1149,671,741,77.08,50,1,
1150,672,673,173.99,50,0,
1151,673,743,89.27,50,0,Bulevardul 1 Decembrie
1152,674,675,33.09,30,0,
1153,674,744,161.12,30,1,
1154,675,676,138.01,40,0,
1155,675,745,84.51,30,0,
1156,677,678,58.55,30,0,
1157,677,747,128.35,50,0,
1158,678,679,54.68,30,0,
1159,678,748,163.88,50,0,
1160,679,680,225.66,50,1,
1161,680,681,26.11,40,0,
1162,680,750,152.75,30,0,
1163,681,682,178.85,30,0,
1164,681,751,84.46,50,0,
1165,682,683,184.72,50,0,
1166,682,752,188.2,50,0,
1167,683,684,140.9,30,0,
1168,683,753,29.63,50,0,Calea Sighisoarei
1169,685,686,141.72,40,0,
1170,686,687,116.84,30,0,
1171,687,757,155.21,30,0,
1172,688,689,102.62,30,0,
1173,688,758,108.37,50,0,Strada Libertatii
1174,689,690,208.24,30,0,
1175,689,759,128.72,30,1,
1176,690,760,156.93,50,0,
1177,691,692,108.24,30,0,
1178,691,761,141.3,50,0,
1179,692,693,187.11,40,0,
1180,692,762,200.5,40,0,
1181,693,694,97.46,50,0,
1182,693,763,70.1,50,0,Strada Libertatii
1183,694,695,124.92,40,0,
1184,694,764,24.96,30,0,
1185,695,765,120.59,40,0,
1186,696,697,153.82,30,0,
1187,696,766,66.04,30,0,
1188,698,699,137.04,50,0,Strada Libertatii
1189,698,768,113.62,50,0,Strada Principala
1190,699,700,44.3,50,0,Strada Principala
1191,699,769,174.05,30,1,
1192,700,701,178.7,50,0,
1193,700,770,111.99,40,0,
1194,701,702,64.06,50,0,Calea Sighisoarei
1195,701,771,145.95,40,0,
1196,702,703,144.71,50,0,Aleea Carpati
1197,702,772,165.48,30,0,
1198,703,704,28.4,50,0,
1199,703,773,136.19,50,0,Strada Garii
1200,704,705,168.64,50,0,Aleea Carpati
1201,705,706,190.13,50,0,Calea Sighisoarei
1202,705,775,215.66,30,0,
1203,706,707,70.63,50,0,Strada Libertatii
1204,706,776,135.61,30,0,
1205,707,708,63.58,50,0,Strada Libertatii
1206,707,777,158.39,50,0,
1207,708,709,174.39,50,0,Strada Principala
1208,708,778,85.38,50,0,Strada Principala
1209,709,710,89.65,50,0,Bulevardul 1 Decembrie
1210,709,779,134.82,40,0,
1211,710,711,85.86,50,0,
1212,710,780,139.77,40,0,
1213,711,712,105.75,50,0,Strada Libertatii
1214,712,713,145.6,50,0,
1215,712,782,125.75,40,0,
1216,713,714,91.2,50,0,Strada Garii
1217,713,783,127.62,50,0,
1218,714,715,124.1,50,0,Aleea Carpati
1219,714,784,182.83,40,0,
1220,715,716,141.54,50,0,
1221,715,785,30.74,50,0,
1222,716,717,112.08,50,0,Aleea Carpati
1223,716,786,111.68,30,0,
1224,717,718,91.09,50,0,Calea Sighisoarei
1225,717,787,115.8,50,0,
1226,718,719,59.16,50,0,Strada Principala
1227,718,788,139.51,50,0,Strada Garii
1228,719,720,132.26,50,0,Strada Libertatii
1229,719,789,190.9,50,0,
1230,720,721,151.72,50,0,Strada Principala
1231,720,790,76.56,30,0,
1232,721,722,45.08,50,0,Bulevardul 1 Decembrie
1233,721,791,94.62,40,0,
1234,722,723,183.83,50,0,Aleea Carpati
1235,722,792,100.27,50,0,
1236,723,724,68.29,50,0,Bulevardul 1 Decembrie
1237,723,793,120.07,50,0,Strada Garii
1238,724,725,148.99,50,0,Aleea Carpati
1239,724,794,61.22,30,1,
1240,725,726,133.17,50,0,Strada Libertatii
1241,725,795,67.91,40,1,
1242,726,727,137.09,50,0,
1243,726,796,123.5,50,0,
1244,727,728,148.05,50,0,Aleea Carpati
1245,727,797,90.03,30,1,
1246,728,729,60.12,50,0,Calea Sighisoarei
1247,728,798,127.91,50,0,Bulevardul 1 Decembrie
1248,729,730,85.04,50,0,Calea Sighisoarei
1249,729,799,191.09,50,0,
1250,730,731,198.1,50,0,Strada Garii
1251,730,800,166.1,30,0,
1252,731,732,93.16,50,0,Bulevardul 1 Decembrie
1253,731,801,147.52,30,0,
1254,732,733,75.03,50,0,Strada Garii
1255,732,802,181.59,40,1,
1256,733,734,115.14,50,0,
1257,733,803,158.32,50,0,Bulevardul 1 Decembrie
1258,734,735,213.73,50,0,Calea Sighisoarei
1259,734,804,107.05,30,0,
1260,735,736,90.99,50,0,Strada Garii
1261,735,805,166.18,30,0,
1262,736,737,138.02,50,0,Strada Libertatii
1263,736,806,173.2,30,0,
1264,737,738,78.63,50,0,Calea Sighisoarei
1265,737,807,195.68,40,1,
1266,738,739,131.37,50,0,Aleea Carpati
1267,738,808,109.36,50,0,Strada Libertatii
1268,739,740,83.02,50,0,
1269,739,809,29.06,30,0,
1270,740,741,103.51,50,0,Strada Garii
1271,740,810,156.9,30,0,
1272,741,742,101.02,50,0,
1273,741,811,139.1,50,0,
1274,742,743,85.97,50,0,Aleea Carpati
1275,743,744,191.52,50,0,Calea Sighisoarei
1276,743,813,200.49,50,0,Strada Principala
1277,744,745,162.75,50,0,Strada Garii
1278,745,746,35.88,50,0,Strada Principala
1279,745,815,212.72,40,0,
1280,746,747,182.24,50,0,
1281,747,748,83.39,50,0,Aleea Carpati
1282,747,817,113.4,30,0,
1283,748,749,83.41,50,0,
1284,748,818,54.56,50,0,Calea Sighisoarei
1285,749,750,170.21,50,0,Strada Libertatii
1286,749,819,215.25,50,0,
1287,750,751,91.5,50,0,
1288,750,820,41.53,40,0,
1289,751,752,258.19,50,0,Strada Libertatii
1290,751,821,136.22,30,0,
1291,752,753,14.71,50,0,Bulevardul 1 Decembrie
1292,752,822,128.83,50,1,
1293,753,754,110.49,50,0,Strada Principala
1294,753,823,228.3,50,0,Aleea Carpati
1295,754,755,60.98,50,0,Bulevardul 1 Decembrie
1296,754,824,81.24,50,0,
1297,755,756,207.4,50,0,Strada Principala
1298,756,757,71.68,50,0,Bulevardul 1 Decembrie
1299,756,826,183.21,30,0,
1300,757,758,71.29,50,0,Strada Libertatii
1301,758,759,163.67,50,0,Calea Sighisoarei
1302,758,828,257.34,50,0,Bulevardul 1 Decembrie
1303,759,760,100.29,50,0,Strada Libertatii
1304,760,761,79.7,50,0,Strada Libertatii
1305,760,830,89.69,30,0,
1306,761,762,94.34,50,0,Strada Libertatii
1307,762,763,139.18,50,0,Aleea Carpati
1308,762,832,36.06,30,0,
1309,763,764,122.13,50,0,
1310,763,833,162.97,50,0,Strada Garii
1311,764,765,85.32,50,0,Strada Principala
1312,764,834,254.79,40,0,
1313,765,766,177.83,50,0,Strada Libertatii
1314,765,835,132.97,30,0,
1315,766,767,117.11,50,0,Strada Garii
1316,766,836,191.64,50,0,
1317,767,837,207.25,30,0,
1318,768,769,190.56,40,1,
1319,768,838,194.37,50,0,Bulevardul 1 Decembrie
1320,769,770,62.24,30,0,
1321,769,839,39.81,30,0,
1322,770,771,137.3,30,0,
1323,770,840,125.77,50,0,
1324,771,772,91.92,40,1,
1325,771,841,95.0,30,0,
1326,772,773,79.59,30,1,
1327,772,842,84.83,30,0,
1328,773,843,6.48,50,0,Calea Sighisoarei
1329,774,775,150.07,40,0,
1330,774,844,205.26,50,0,
1331,775,776,126.41,30,0,
1332,775,845,100.53,30,0,
1333,776,777,91.39,40,1,
1334,776,846,113.49,40,0,
1335,777,778,122.11,30,1,
1336,777,847,120.54,50,0,
1337,778,779,88.93,50,0,
1338,778,848,150.5,50,0,Strada Libertatii
1339,779,780,119.17,30,0,
1340,780,850,183.93,50,0,
1341,781,782,18.1,50,0,
1342,781,851,122.83,30,1,
1343,782,783,151.64,30,0,
1344,782,852,51.8,30,0,
1345,783,853,175.06,50,0,Bulevardul 1 Decembrie
1346,784,785,155.21,50,1,
1347,784,854,71.51,50,1,
1348,786,787,98.96,50,0,
1349,786,856,157.99,30,0,
1350,787,788,40.03,50,0,
1351,787,857,103.3,40,0,
1352,788,789,205.69,50,0,
1353,788,858,162.2,50,0,Bulevardul 1 Decembrie
1354,789,790,93.47,50,1,
1355,789,859,78.53,30,0,
1356,790,791,53.69,50,0,
1357,790,860,137.5,30,0,
1358,791,792,124.64,30,1,
1359,791,861,160.25,40,0,
1360,792,793,121.14,30,0,
1361,792,862,87.1,30,1,
1362,793,794,126.56,40,0,
1363,793,863,55.27,50,0,Strada Garii
1364,794,864,192.64,30,0,
1365,795,796,127.47,40,0,
1366,795,865,192.71,40,0,
1367,796,797,72.7,50,0,
1368,796,866,168.4,30,0,
1369,797,798,125.2,40,0,
1370,797,867,107.91,30,0,
1371,798,799,111.0,30,0,
1372,798,868,128.8,50,0,Strada Principala
1373,799,869,124.22,40,0,
1374,800,870,167.22,30,0,
1375,801,802,91.82,30,1,
1376,801,871,58.28,50,0,
1377,802,803,70.7,30,0,
1378,802,872,122.15,40,0,
1379,803,804,102.94,50,0,
1380,803,873,138.63,50,0,
1381,804,874,47.73,40,0,
1382,805,806,82.65,50,0,
1383,805,875,36.4,30,0,
1384,806,807,152.18,30,0,
1385,806,876,159.48,30,0,
1386,807,808,85.08,40,1,
1387,807,877,89.02,30,0,
1388,808,809,164.85,50,0,
1389,808,878,252.88,50,0,Calea Sighisoarei
1390,809,810,189.23,50,0,
1391,810,811,5.98,30,1,
1392,810,880,166.47,30,0,
1393,811,812,123.64,40,0,
1394,811,881,104.19,30,1,
1395,812,813,96.21,40,0,
1396,813,814,166.93,30,1,
1397,813,883,230.16,50,0,Aleea Carpati
1398,814,815,124.13,50,0,
1399,814,884,150.24,30,0,
1400,815,816,67.11,30,0,
1401,815,885,82.99,30,0,
1402,816,817,133.65,30,1,
1403,816,886,206.16,30,0,
1404,817,818,88.21,30,0,
1405,817,887,164.86,30,1,
1406,818,819,161.27,40,1,
1407,818,888,200.27,50,0,Aleea Carpati
1408,819,889,128.56,50,0,
1409,820,821,37.26,40,0,
1410,820,890,178.45,30,0,
1411,821,822,167.33,40,0,
1412,821,891,159.32,50,0,
1413,822,892,169.01,40,0,
1414,823,824,143.43,50,0,
1415,823,893,11.06,50,0,Aleea Carpati
1416,824,825,193.62,30,1,
1417,824,894,178.06,50,0,
1418,825,826,118.75,40,0,
1419,825,895,26.37,30,0,
1420,826,827,202.49,50,0,
1421,827,828,110.67,50,1,
1422,827,897,148.09,30,0,
1423,828,898,43.53,50,0,Strada Libertatii
1424,829,830,155.71,30,0,
1425,830,831,109.63,30,0,
1426,830,900,279.38,30,0,
1427,831,832,31.05,40,0,
1428,831,901,182.65,50,0,
1429,832,833,140.63,40,0,
1430,833,834,127.81,30,0,
1431,833,903,145.43,50,0,
1432,834,835,142.88,30,0,
1433,835,836,79.48,40,0,
1434,836,837,186.73,50,1,
1435,836,906,91.4,40,0,
1436,837,907,85.23,30,0,
1437,838,839,162.36,30,0,
1438,838,908,89.6,50,0,Strada Principala
1439,839,840,93.17,30,1,
1440,840,841,110.68,50,0,
1441,840,910,66.1,30,0,
1442,841,842,183.29,30,0,
1443,841,911,237.02,40,1,
1444,842,843,87.88,30,0,
1445,842,912,126.17,30,0,
1446,843,844,194.51,50,1,
1447,843,913,206.19,50,0,Strada Garii
1448,844,845,35.26,50,0,
1449,845,846,105.94,30,0,
1450,845,915,123.79,30,0,
1451,846,847,138.54,30,0,
1452,846,916,163.73,50,0,
1453,847,848,153.98,30,1,
1454,848,849,14.21,30,0,
1455,848,918,200.62,50,0,Strada Principala
1456,849,850,176.28,30,1,
1457,850,851,70.31,30,0,
1458,850,920,39.38,30,0,
1459,851,852,117.84,30,0,
1460,851,921,123.21,30,0,
1461,852,853,152.47,50,0,
1462,852,922,161.03,50,0,
1463,853,854,159.81,50,1,
1464,853,923,173.91,50,0,Calea Sighisoarei
1465,854,855,129.16,30,0,
1466,854,924,196.65,30,0,
1467,855,856,128.42,50,0,
1468,855,925,123.13,50,0,
1469,856,857,102.98,30,0,
1470,856,926,117.19,30,0,
1471,857,858,90.17,40,0,
1472,857,927,162.05,30,0,
1473,858,859,95.72,30,0,
1474,858,928,177.81,50,0,Aleea Carpati
1475,859,860,95.86,40,0,
1476,860,861,130.64,30,0,
1477,860,930,110.61,50,0,
1478,861,862,62.92,30,0,
1479,861,931,91.85,40,0,
1480,862,863,106.89,40,0,
1481,862,932,136.87,30,0,
1482,863,864,119.04,30,0,
1483,863,933,129.33,50,0,Strada Garii
1484,864,865,174.31,50,0,
1485,864,934,164.23,30,0,
1486,865,866,98.64,30,0,
1487,865,935,44.24,30,0,
1488,866,867,131.69,50,1,
1489,866,936,109.73,30,0,
1490,867,937,111.97,30,0,
1491,868,869,128.54,40,0,
1492,868,938,122.35,50,0,Strada Garii
1493,869,870,43.97,30,0,
1494,869,939,18.35,40,0,
1495,870,871,194.41,40,0,
1496,870,940,103.52,40,0,
1497,871,872,111.21,30,1,
1498,871,941,123.27,50,0,
1499,872,873,84.73,30,0,
1500,872,942,120.63,50,0,
1501,873,874,109.53,30,0,
1502,873,943,106.88,50,0,Bulevardul 1 Decembrie
1503,874,875,147.04,50,0,
1504,874,944,205.51,40,0,
1505,875,876,125.45,30,0,
1506,875,945,264.55,30,0,
1507,876,877,97.0,50,0,
1508,876,946,100.15,30,0,
1509,877,878,207.27,30,0,
1510,878,879,112.4,50,0,
1511,878,948,104.42,50,0,Bulevardul 1 Decembrie
1512,879,880,60.57,50,0,
1513,879,949,150.53,30,0,
1514,880,881,142.91,30,0,
1515,880,950,184.13,50,0,
1516,881,951,119.74,30,1,
1517,882,883,156.32,30,0,
1518,882,952,187.69,30,0,
1519,883,884,175.63,30,0,
1520,883,953,56.59,50,0,Aleea Carpati
1521,884,885,122.37,30,0,
1522,884,954,163.93,40,0,
1523,885,886,74.71,50,0,
1524,886,956,94.64,40,1,
1525,887,888,56.69,40,0,
1526,887,957,80.62,40,0,
1527,888,958,194.84,50,0,Strada Libertatii
1528,890,891,21.12,30,1,
1529,891,892,156.23,30,0,
1530,891,961,134.41,50,0,
1531,892,893,102.59,30,0,
1532,892,962,161.76,40,0,
1533,893,894,171.07,40,0,
1534,893,963,187.0,50,0,Bulevardul 1 Decembrie
1535,894,895,102.66,30,0,
1536,894,964,101.73,50,0,
1537,895,965,137.63,40,1,
1538,896,966,136.26,40,0,
1539,897,898,75.89,50,0,
1540,898,899,82.55,30,0,
1541,898,968,80.77,50,0,Strada Libertatii
1542,899,900,167.36,30,0,
1543,899,969,118.86,40,1,
1544,900,901,175.63,40,0,
1545,900,970,93.84,40,0,
1546,901,971,141.97,40,0,
1547,902,903,184.29,30,0,
1548,902,972,58.17,30,0,
1549,903,904,125.11,40,1,
1550,903,973,88.76,50,0,Calea Sighisoarei
1551,904,905,45.56,50,0,
1552,904,974,44.62,40,0,
1553,905,906,162.64,50,0,
1554,905,975,24.14,50,0,
1555,906,907,77.01,50,0,
1556,906,976,185.09,50,0,
1557,907,977,99.65,30,0,
1558,908,909,126.34,30,1,
1559,908,978,185.23,50,0,Calea Sighisoarei
1560,909,910,47.59,30,0,
1561,909,979,86.04,50,0,
1562,910,980,155.46,50,0,
1563,911,912,95.78,40,1,
1564,912,913,89.81,30,1,
1565,912,982,144.79,30,0,
1566,913,914,50.82,30,1,
1567,913,983,103.91,50,0,
1568,914,915,160.89,40,0,
1569,915,916,144.5,30,1,
1570,916,917,150.01,30,0,
1571,916,986,224.38,30,0,
1572,917,918,62.7,50,0,
1573,918,919,105.24,50,0,
1574,918,988,137.13,50,0,Strada Garii
1575,919,920,125.79,30,1,
1576,919,989,143.74,40,1,
1577,920,921,122.68,40,0,
1578,920,990,128.61,50,0,
1579,921,922,174.39,40,0,
1580,921,991,108.6,30,0,
1581,922,923,168.31,30,0,
1582,922,992,167.5,30,0,
1583,923,924,132.63,30,0,
1584,923,993,51.4,50,0,Strada Garii
1585,924,925,77.82,30,0,
1586,924,994,160.97,40,0,
1587,925,926,80.09,40,0,
1588,926,927,127.88,50,0,
1589,926,996,157.63,40,0,
1590,927,928,71.39,30,0,
1591,928,998,87.41,50,0,Strada Libertatii
1592,929,930,65.34,30,0,
1593,929,999,106.99,40,1,
1594,930,931,170.39,40,0,
1595,930,1000,18.87,30,1,
1596,931,932,53.69,30,0,
1597,931,1001,96.22,30,0,
1598,932,933,112.61,30,0,
1599,933,1003,168.39,50,0,Strada Principala
1600,934,935,42.17,50,0,
1601,935,936,130.61,40,0,
1602,935,1005,171.58,30,0,
1603,936,937,83.87,30,1,
1604,936,1006,150.2,30,0,
1605,937,938,151.58,50,0,
1606,937,1007,162.09,30,0,
1607,938,939,59.47,30,0,
1608,938,1008,104.73,50,0,Bulevardul 1 Decembrie
1609,939,940,113.69,40,0,
1610,940,941,154.82,50,1,
1611,940,1010,116.71,40,0,
1612,941,942,53.3,30,0,
1613,941,1011,108.33,30,0,
1614,942,943,123.41,30,0,
1615,942,1012,174.55,50,0,
1616,943,944,83.77,30,0,
1617,943,1013,152.29,50,0,Calea Sighisoarei
1618,944,1014,55.15,30,0,
1619,945,946,165.26,40,0,
1620,945,1015,144.68,30,0,
1621,946,947,90.19,50,0,
1622,946,1016,78.7,30,0,
1623,947,1017,48.26,40,0,
1624,948,949,179.26,30,0,
1625,948,1018,96.95,50,0,Strada Principala
1626,949,950,70.82,50,0,
1627,949,1019,100.15,50,0,
1628,950,951,119.8,50,0,
1629,950,1020,97.2,40,0,
1630,951,952,107.15,30,0,
1631,951,1021,193.54,30,0,
1632,952,953,144.82,30,0,
1633,952,1022,92.51,30,0,
1634,953,954,152.11,30,0,
1635,953,1023,123.65,50,0,Strada Garii
1636,954,955,13.09,40,0,
1637,954,1024,79.01,50,1,
1638,955,956,219.58,40,0,
1639,955,1025,137.87,40,0,
1640,956,957,92.26,40,0,
1641,956,1026,157.75,50,0,
1642,957,958,149.05,30,0,
1643,958,1028,82.22,50,0,Strada Libertatii
1644,959,960,141.18,30,0,
1645,959,1029,35.98,40,0,
1646,960,961,109.25,40,0,
1647,960,1030,188.9,30,0,
1648,961,962,102.55,30,0,
1649,961,1031,188.58,30,0,
1650,962,963,120.97,50,0,
1651,962,1032,115.7,50,0,
1652,963,1033,80.77,50,0,Strada Garii
1653,964,965,42.93,30,1,
1654,964,1034,124.96,30,0,
1655,965,966,79.48,50,0,
1656,965,1035,128.37,50,0,
1657,966,967,140.15,30,0,
1658,966,1036,127.23,40,0,
1659,967,968,120.65,40,0,
1660,968,969,110.1,40,0,
1661,968,1038,177.2,50,0,
1662,969,970,88.89,40,0,
1663,969,1039,141.64,40,0,
1664,970,971,146.54,50,0,
1665,970,1040,87.54,30,0,
1666,971,972,116.32,30,0,
1667,971,1041,116.18,40,0,
1668,972,973,122.87,40,0,
1669,972,1042,64.75,30,0,
1670,973,974,93.99,30,0,
1671,973,1043,92.07,50,0,
1672,974,975,70.32,30,0,
1673,974,1044,171.96,30,1,
1674,975,976,197.5,50,0,
1675,975,1045,154.71,30,0,
1676,976,977,53.28,30,0,
1677,976,1046,53.09,50,0,
1678,977,1047,114.03,30,0,
1679,978,979,208.24,40,0,
1680,978,1048,106.89,50,0,Aleea Carpati
1681,979,980,69.88,40,0,
1682,979,1049,124.22,30,0,
1683,980,981,210.02,40,0,
1684,981,982,81.63,50,1,
1685,981,1051,158.09,40,0,
1686,982,1052,138.66,30,0,
1687,983,984,148.49,30,1,
1688,983,1053,147.9,50,0,Bulevardul 1 Decembrie
1689,984,985,130.06,30,0,
1690,984,1054,210.03,50,0,
1691,986,987,175.37,30,0,
1692,987,988,78.14,50,0,
1693,987,1057,101.75,40,0,
1694,988,989,179.6,40,1,
1695,988,1058,71.17,50,0,Aleea Carpati
1696,989,990,46.76,40,1,
1697,989,1059,135.35,40,0,
1698,990,991,121.99,50,0,
1699,990,1060,102.07,30,0,
1700,991,992,122.13,50,0,
1701,991,1061,193.79,40,1,
1702,992,993,106.42,30,0,
1703,992,1062,52.85,50,0,
1704,993,994,97.11,50,0,
1705,993,1063,51.38,50,0,Aleea Carpati
1706,994,995,93.5,50,0,
1707,994,1064,42.36,50,0,
1708,995,996,56.24,30,0,
1709,995,1065,65.16,40,0,
1710,996,997,161.81,30,0,
1711,996,1066,138.01,30,0,
1712,997,998,88.99,30,0,
1713,997,1067,95.24,30,0,
1714,998,999,96.19,50,0,
1715,998,1068,173.42,50,0,Aleea Carpati
1716,999,1069,104.69,50,0,
1717,1000,1001,120.61,30,0,
1718,1000,1070,132.96,30,0,
1719,1001,1002,114.88,40,0,
1720,1001,1071,184.19,50,0,
1721,1002,1003,119.69,50,0,
1722,1002,1072,111.49,50,0,
1723,1003,1004,162.89,40,0,
1724,1003,1073,124.13,50,0,Strada Libertatii
1725,1004,1005,102.27,30,0,
1726,1005,1006,57.21,50,0,
1727,1005,1075,97.13,30,0,
1728,1006,1007,157.52,30,0,
1729,1006,1076,145.91,30,1,
1730,1007,1008,59.67,30,0,
1731,1007,1077,112.23,30,0,
1732,1008,1078,189.37,50,0,Bulevardul 1 Decembrie
1733,1009,1079,188.47,30,0,
1734,1010,1011,90.98,30,0,
1735,1010,1080,170.39,50,0,
1736,1011,1012,108.94,30,0,
1737,1011,1081,143.54,50,0,
1738,1012,1013,39.41,30,0,
1739,1012,1082,40.28,50,0,
1740,1013,1083,116.31,50,0,Strada Principala
1741,1014,1015,186.21,30,0,
1742,1014,1084,134.18,50,0,
1743,1015,1016,88.36,40,0,
1744,1015,1085,43.84,50,0,
1745,1016,1086,159.86,30,0,
1746,1017,1018,150.49,50,0,
1747,1017,1087,109.88,30,0,
1748,1018,1019,118.12,30,0,
1749,1018,1088,111.66,50,0,Strada Principala
1750,1019,1020,101.18,50,0,
1751,1019,1089,149.04,40,0,
1752,1020,1021,103.34,50,0,
1753,1020,1090,197.77,30,1,
1754,1021,1022,79.96,50,0,
1755,1021,1091,73.31,40,1,
1756,1022,1023,121.62,50,0,
1757,1022,1092,54.55,50,0,
1758,1023,1024,213.94,30,0,
1759,1023,1093,167.92,50,0,Bulevardul 1 Decembrie
1760,1024,1025,57.42,30,0,
1761,1024,1094,123.34,30,1,
1762,1025,1026,60.01,30,0,
1763,1025,1095,125.19,30,0,
1764,1026,1027,65.69,30,0,
1765,1026,1096,127.33,30,0,
1766,1027,1028,139.72,30,0,
1767,1027,1097,91.51,40,0,
1768,1028,1098,102.31,50,0,Strada Garii
1769,1029,1030,124.26,40,0,
1770,1029,1099,110.09,30,0,
1771,1030,1100,71.26,30,0,
1772,1031,1032,145.91,40,0,
1773,1031,1101,64.85,30,0,
1774,1032,1033,127.75,30,0,
1775,1032,1102,117.41,30,0,
1776,1033,1034,25.44,30,0,
1777,1033,1103,163.05,50,0,Aleea Carpati
1778,1034,1104,202.01,30,0,
1779,1035,1036,84.38,30,0,
1780,1035,1105,185.38,30,0,
1781,1036,1037,117.61,30,0,
1782,1036,1106,100.59,40,0,
1783,1037,1038,86.7,30,0,
1784,1038,1039,143.43,30,0,
1785,1038,1108,198.14,50,0,Strada Libertatii
1786,1039,1040,107.67,30,0,
1787,1039,1109,37.55,40,0,
1788,1040,1041,56.68,40,0,
1789,1040,1110,68.92,30,0,
1790,1041,1042,180.14,50,0,
1791,1042,1112,289.41,30,0,
1792,1043,1044,70.91,30,0,
1793,1043,1113,147.87,50,0,Calea Sighisoarei
1794,1044,1045,154.24,40,0,
1795,1044,1114,122.7,50,0,
1796,1045,1046,132.53,30,0,
1797,1045,1115,76.27,40,0,
1798,1046,1047,70.05,40,0,
1799,1047,1117,140.54,30,0,
1800,1048,1049,92.99,50,0,Strada Garii
1801,1048,1118,160.19,50,0,Strada Garii
1802,1049,1050,45.51,50,0,Aleea Carpati
1803,1049,1119,124.12,40,0,
1804,1050,1051,175.53,50,0,Strada Principala
1805,1050,1120,78.25,40,0,
1806,1051,1052,138.15,50,0,Strada Garii
1807,1051,1121,163.27,40,0,
1808,1052,1053,110.01,50,0,Strada Garii
1809,1052,1122,90.2,40,0,
1810,1053,1054,73.05,50,0,Bulevardul 1 Decembrie
1811,1053,1123,126.0,50,0,Calea Sighisoarei
1812,1054,1055,102.64,50,0,Strada Garii
1813,1054,1124,115.48,40,0,
1814,1055,1056,60.71,50,0,Aleea Carpati
1815,1055,1125,51.54,50,1,
1816,1056,1057,149.35,50,0,Aleea Carpati
1817,1057,1058,172.78,50,0,Strada Principala
1818,1057,1127,153.98,40,1,
1819,1058,1059,110.99,50,0,Bulevardul 1 Decembrie
1820,1058,1128,178.42,50,0,Strada Libertatii
1821,1059,1060,99.06,50,0,
1822,1059,1129,120.83,30,0,
1823,1060,1061,133.32,50,0,Aleea Carpati
1824,1060,1130,163.42,30,0,
1825,1061,1062,217.65,50,0,Strada Garii
1826,1061,1131,41.68,30,0,
1827,1062,1063,152.89,50,0,Aleea Carpati
1828,1062,1132,297.2,50,0,
1829,1063,1064,79.39,50,0,Aleea Carpati
1830,1063,1133,192.19,50,0,Strada Principala
1831,1064,1065,168.16,50,0,Strada Garii
1832,1065,1066,133.14,50,0,Strada Garii
1833,1065,1135,83.16,30,0,
1834,1066,1067,35.35,50,0,Strada Principala
1835,1066,1136,202.05,40,0,
1836,1067,1068,165.15,50,0,Strada Libertatii
1837,1068,1069,127.82,50,0,Strada Principala
1838,1068,1138,44.94,50,0,Strada Garii
1839,1069,1070,52.38,50,0,Strada Libertatii
1840,1069,1139,192.49,50,0,
1841,1070,1071,168.52,50,0,Bulevardul 1 Decembrie
1842,1071,1072,157.72,50,0,
1843,1071,1141,56.97,30,0,
1844,1072,1073,118.62,50,0,Bulevardul 1 Decembrie
1845,1073,1074,138.17,50,0,Bulevardul 1 Decembrie
1846,1073,1143,127.61,50,0,Bulevardul 1 Decembrie
1847,1074,1075,163.05,50,0,Strada Principala
1848,1074,1144,172.11,30,0,
1849,1075,1076,85.41,50,0,Strada Libertatii
1850,1075,1145,91.46,50,0,
1851,1076,1077,140.52,50,0,Aleea Carpati
1852,1077,1078,95.06,50,0,Bulevardul 1 Decembrie
1853,1077,1147,89.02,30,0,
1854,1078,1079,37.76,50,0,Strada Principala
1855,1078,1148,110.89,50,0,Strada Principala
1856,1079,1080,172.29,50,0,Strada Principala
1857,1079,1149,130.46,50,1,
1858,1080,1081,147.33,50,0,Bulevardul 1 Decembrie
1859,1080,1150,58.16,50,0,
1860,1081,1082,97.09,50,0,Strada Libertatii
1861,1081,1151,89.32,40,0,
1862,1082,1083,134.87,50,0,Strada Principala
1863,1082,1152,208.19,50,0,
1864,1083,1084,64.34,50,0,Bulevardul 1 Decembrie
1865,1083,1153,88.38,50,0,Bulevardul 1 Decembrie
1866,1084,1085,224.69,50,0,Strada Garii
1867,1085,1086,67.55,50,0,Bulevardul 1 Decembrie
1868,1085,1155,173.48,30,0,
1869,1086,1087,148.38,50,0,Aleea Carpati
1870,1086,1156,123.64,50,0,
1871,1087,1088,123.0,50,0,Strada Principala
1872,1087,1157,166.68,30,0,
1873,1088,1089,74.3,50,0,Strada Garii
1874,1088,1158,183.24,50,0,
1875,1089,1090,60.98,50,0,Calea Sighisoarei
1876,1089,1159,84.53,30,0,
1877,1090,1091,125.12,50,0,Strada Principala
1878,1090,1160,147.08,30,1,
1879,1091,1092,125.68,50,0,Strada Garii
1880,1091,1161,190.51,30,0,
1881,1092,1093,154.92,50,0,Strada Principala
1882,1093,1094,127.78,50,0,Aleea Carpati
1883,1093,1163,186.39,50,0,Bulevardul 1 Decembrie
1884,1094,1095,142.87,50,0,Strada Principala
1885,1094,1164,230.55,30,1,
1886,1095,1096,139.76,50,0,
1887,1095,1165,113.95,40,0,
1888,1096,1097,71.23,50,0,Bulevardul 1 Decembrie
1889,1096,1166,100.78,30,0,
1890,1097,1098,129.76,50,0,Calea Sighisoarei
1891,1097,1167,138.7,30,0,
1892,1098,1099,120.07,50,0,Strada Garii
1893,1098,1168,87.16,50,0,Strada Principala
1894,1099,1100,70.52,50,0,Strada Principala
1895,1100,1101,154.34,50,0,
1896,1100,1170,166.63,30,0,
1897,1101,1102,67.57,50,0,
1898,1101,1171,123.79,30,0,
1899,1102,1103,99.27,50,0,Strada Principala
1900,1102,1172,137.17,40,0,
1901,1103,1104,156.56,50,0,Strada Libertatii
1902,1103,1173,130.46,50,0,Strada Libertatii
1903,1104,1105,131.05,50,0,Calea Sighisoarei
1904,1104,1174,137.43,30,0,
1905,1105,1106,107.55,50,0,Strada Garii
1906,1105,1175,69.38,50,0,
1907,1106,1107,126.18,50,0,
1908,1107,1108,160.68,50,0,Aleea Carpati
1909,1107,1177,153.42,40,0,
1910,1108,1109,165.81,50,0,
1911,1108,1178,13.08,50,0,Strada Principala
1912,1109,1110,164.63,50,0,Bulevardul 1 Decembrie
1913,1109,1179,208.15,30,0,
1914,1110,1111,105.2,50,0,Calea Sighisoarei
1915,1110,1180,214.52,50,0,
1916,1111,1112,92.3,50,0,
1917,1112,1113,221.03,50,0,
1918,1112,1182,82.27,50,0,
1919,1113,1114,46.61,50,0,Calea Sighisoarei
1920,1113,1183,189.38,50,0,Calea Sighisoarei
1921,1114,1115,118.36,50,0,Strada Principala
1922,1114,1184,171.4,30,0,
1923,1115,1116,155.45,50,0,Strada Principala
1924,1116,1117,163.41,50,0,Strada Libertatii
1925,1116,1186,214.49,30,0,
1926,1117,1187,123.27,30,0,
1927,1118,1119,190.55,30,0,
1928,1118,1188,129.62,50,0,Bulevardul 1 Decembrie
1929,1119,1120,56.7,30,0,
1930,1119,1189,152.97,30,0,
1931,1120,1121,134.5,40,0,
1932,1120,1190,226.74,30,0,
1933,1121,1122,97.19,40,0,
1934,1121,1191,177.24,50,0,
1935,1122,1123,90.91,50,0,
1936,1122,1192,152.96,40,0,
1937,1123,1124,110.21,40,0,
1938,1123,1193,61.5,50,0,Bulevardul 1 Decembrie
1939,1124,1125,100.99,40,0,
1940,1124,1194,194.83,30,0,
1941,1126,1127,151.61,30,0,
1942,1127,1128,102.52,30,0,
1943,1127,1197,87.33,30,1,
1944,1128,1129,109.11,30,0,
1945,1128,1198,140.66,50,0,
1946,1129,1130,83.39,40,0,
1947,1129,1199,105.19,50,0,
1948,1130,1131,66.42,30,0,
1949,1131,1132,179.26,50,0,
1950,1131,1201,110.4,40,1,
1951,1132,1133,70.54,50,0,
1952,1132,1202,123.37,30,1,
1953,1133,1134,70.98,50,1,
1954,1133,1203,70.84,50,0,Strada Libertatii
1955,1134,1135,159.49,30,0,
1956,1135,1136,96.44,50,1,
1957,1135,1205,187.16,30,0,
1958,1136,1137,169.03,30,0,
1959,1136,1206,121.66,30,0,
1960,1137,1138,120.94,50,0,
1961,1137,1207,123.76,30,0,
1962,1138,1139,153.7,30,0,
1963,1138,1208,234.02,50,0,Calea Sighisoarei
1964,1139,1209,70.45,30,1,
1965,1140,1141,106.19,50,0,
1966,1140,1210,181.59,30,0,
1967,1141,1142,69.64,50,0,
1968,1142,1143,110.49,40,0,
1969,1142,1212,64.65,30,0,
1970,1143,1144,158.36,30,0,
1971,1143,1213,127.04,50,0,Strada Principala
1972,1144,1145,65.74,50,0,
1973,1145,1146,107.84,30,0,
1974,1145,1215,155.24,30,0,
1975,1146,1147,125.51,50,0,
1976,1146,1216,132.84,30,0,
1977,1148,1149,81.92,30,0,
1978,1148,1218,163.94,50,0,
1979,1149,1150,55.49,50,0,
1980,1149,1219,181.99,50,0,
1981,1150,1151,122.65,30,0,
1982,1150,1220,132.45,30,0,
1983,1151,1221,114.52,30,0,
1984,1152,1153,103.38,30,0,
1985,1152,1222,82.67,30,0,
1986,1153,1154,103.69,30,1,
1987,1153,1223,154.92,50,0,Aleea Carpati
1988,1154,1155,123.42,40,0,
1989,1154,1224,148.0,40,0,
1990,1155,1156,84.82,40,0,
1991,1155,1225,201.75,50,0,
1992,1156,1157,110.66,50,0,
1993,1156,1226,173.55,30,0,
1994,1157,1158,127.76,40,0,
1995,1157,1227,164.18,40,0,
1996,1158,1159,108.1,30,0,
1997,1158,1228,60.2,50,0,Strada Libertatii
1998,1159,1160,72.59,30,0,
1999,1159,1229,126.93,50,0,
2000,1160,1161,86.01,30,0,
2001,1161,1162,170.08,30,1,
2002,1161,1231,12.1,30,0,
2003,1162,1163,96.16,40,0,
2004,1162,1232,90.83,50,0,
2005,1163,1233,62.24,50,0,
2006,1164,1234,207.05,30,1,
2007,1165,1166,62.69,30,0,
2008,1166,1167,102.61,30,0,
2009,1166,1236,165.24,30,0,
2010,1167,1168,116.59,50,0,
2011,1167,1237,153.3,40,0,
2012,1168,1169,184.8,30,0,
2013,1168,1238,182.45,50,0,Bulevardul 1 Decembrie
2014,1169,1239,131.45,40,0,
2015,1170,1240,135.14,30,0,
2016,1171,1172,116.8,30,0,
2017,1171,1241,127.0,30,0,
2018,1172,1173,115.14,30,0,
2019,1172,1242,72.86,50,0,
2020,1173,1174,87.64,50,0,
2021,1173,1243,82.69,50,0,Aleea Carpati
2022,1174,1175,90.08,30,1,
2023,1174,1244,86.96,40,0,
2024,1175,1176,89.37,40,0,
2025,1175,1245,84.62,50,0,
2026,1176,1177,116.63,30,0,
2027,1176,1246,118.1,30,0,
2028,1177,1178,154.05,50,1,
2029,1177,1247,203.57,30,0,
2030,1178,1179,96.28,30,0,
2031,1178,1248,128.66,50,0,Bulevardul 1 Decembrie
2032,1179,1180,58.71,30,0,
2033,1179,1249,139.68,30,0,
2034,1180,1250,83.66,40,0,
2035,1181,1182,63.09,50,0,
2036,1181,1251,116.18,30,0,
2037,1182,1183,144.75,50,0,
2038,1182,1252,69.91,50,0,
2039,1183,1184,133.76,40,1,
2040,1183,1253,100.29,50,0,Calea Sighisoarei
2041,1184,1185,138.14,30,0,
2042,1185,1255,123.42,30,0,
2043,1186,1187,83.07,40,1,
2044,1186,1256,165.63,50,0,
2045,1187,1257,141.44,50,0,
2046,1188,1189,179.11,40,0,
2047,1188,1258,157.18,50,0,
2048,1189,1190,84.29,30,0,
2049,1189,1259,83.45,40,0,
2050,1190,1191,90.64,30,0,
2051,1190,1260,72.45,30,0,
2052,1191,1192,82.63,30,0,
2053,1191,1261,43.49,30,0,
2054,1192,1262,152.65,30,0,
2055,1193,1194,168.66,40,0,
2056,1193,1263,150.25,50,0,Calea Sighisoarei
2057,1194,1195,140.45,50,0,
2058,1194,1264,41.7,40,0,
2059,1195,1196,95.43,30,1,
2060,1195,1265,166.27,30,0,
2061,1196,1197,98.91,30,0,
2062,1196,1266,91.38,30,0,
2063,1198,1199,203.27,50,1,
2064,1198,1268,209.47,50,0,Strada Principala
2065,1199,1269,183.07,30,0,
2066,1200,1270,69.47,30,1,
2067,1201,1202,134.14,40,0,
2068,1201,1271,128.23,30,0,
2069,1202,1203,114.87,30,0,
2070,1202,1272,76.46,30,0,
2071,1203,1204,105.9,40,0,
2072,1203,1273,185.05,50,0,Bulevardul 1 Decembrie
2073,1204,1205,33.91,30,0,
2074,1204,1274,114.26,50,0,
2075,1205,1206,175.62,50,0,
2076,1205,1275,141.0,30,0,
2077,1206,1207,83.35,50,0,
2078,1206,1276,142.97,30,0,
2079,1207,1208,118.01,30,0,
2080,1208,1209,189.57,40,0,
2081,1208,1278,139.98,50,0,Calea Sighisoarei
2082,1209,1210,86.75,30,0,
2083,1209,1279,113.5,30,1,
2084,1210,1211,137.65,40,0,
2085,1210,1280,47.77,40,0,
2086,1211,1281,137.02,40,0,
2087,1212,1213,185.5,40,0,
2088,1213,1214,71.33,30,0,
2089,1213,1283,147.41,50,0,Strada Principala
2090,1214,1215,71.54,50,0,
2091,1214,1284,223.14,30,0,
2092,1215,1216,183.88,30,0,
2093,1215,1285,136.73,30,0,
2094,1216,1217,107.22,30,0,
2095,1216,1286,69.65,30,0,
2096,1217,1218,103.11,30,0,
2097,1217,1287,87.62,50,0,
2098,1218,1219,140.37,50,1,
2099,1218,1288,102.64,50,0,Aleea Carpati
2100,1219,1220,66.39,50,1,
2101,1219,1289,136.47,30,0,
2102,1220,1221,128.93,40,0,
2103,1220,1290,123.93,50,0,
2104,1221,1222,81.18,40,0,
2105,1221,1291,128.65,30,0,
2106,1222,1223,88.57,30,0,
2107,1223,1224,111.92,50,0,
2108,1223,1293,58.29,50,0,Calea Sighisoarei
2109,1224,1294,56.59,30,0,
2110,1225,1226,66.84,40,0,
2111,1225,1295,131.09,30,0,
2112,1226,1227,131.3,30,0,
2113,1226,1296,135.18,50,0,
2114,1227,1228,101.76,30,0,
2115,1227,1297,66.29,40,0,
2116,1228,1229,91.47,50,0,
2117,1228,1298,191.41,50,0,Bulevardul 1 Decembrie
2118,1229,1230,93.94,40,0,
2119,1229,1299,128.04,50,0,
2120,1230,1231,130.12,50,0,
2121,1230,1300,72.99,50,0,
2122,1231,1232,143.9,50,0,
2123,1231,1301,206.27,30,0,
2124,1232,1233,141.12,30,0,
2125,1233,1234,112.39,50,0,
2126,1233,1303,126.1,50,0,Strada Libertatii
2127,1234,1304,61.57,30,0,
2128,1235,1236,169.37,30,0,
2129,1236,1237,30.32,40,0,
2130,1236,1306,152.56,50,0,
2131,1237,1238,217.89,40,1,
2132,1237,1307,140.11,30,1,
2133,1238,1239,3.41,30,0,
2134,1238,1308,117.06,50,0,Strada Garii
2135,1239,1240,174.14,30,0,
2136,1240,1241,59.86,30,0,
2137,1240,1310,126.29,30,0,
2138,1241,1242,166.11,40,0,
2139,1241,1311,139.43,30,0,
2140,1242,1243,116.49,30,0,
2141,1243,1244,80.29,50,0,
2142,1243,1313,176.4,50,0,
2143,1244,1314,105.63,40,0,
2144,1245,1246,103.72,50,0,
2145,1246,1247,114.39,30,0,
2146,1246,1316,188.74,30,0,
2147,1247,1248,192.43,40,0,
2148,1247,1317,35.95,30,0,
2149,1248,1249,138.23,50,0,
2150,1248,1318,182.44,50,0,Strada Libertatii
2151,1249,1250,75.69,30,0,
2152,1250,1251,87.75,30,0,
2153,1251,1252,174.28,40,0,
2154,1251,1321,190.54,30,0,
2155,1252,1253,128.72,40,0,
2156,1253,1254,107.98,30,0,
2157,1253,1323,104.98,50,0,Strada Libertatii
2158,1254,1255,91.86,30,0,
2159,1254,1324,126.43,40,1,
2160,1255,1256,61.7,30,0,
2161,1256,1326,51.17,30,0,
2162,1257,1327,120.22,30,1,
2163,1258,1328,122.95,50,0,Strada Principala
2164,1259,1260,135.73,40,0,
2165,1259,1329,80.23,30,0,
2166,1260,1330,149.61,50,0,
2167,1261,1262,154.17,50,1,
2168,1261,1331,217.08,40,0,
2169,1262,1263,150.46,40,0,
2170,1262,1332,85.1,40,0,
2171,1263,1264,55.9,40,0,
2172,1263,1333,112.91,50,0,Calea Sighisoarei
2173,1264,1265,131.61,30,0,
2174,1264,1334,174.56,30,0,
2175,1265,1266,122.86,40,0,
2176,1265,1335,157.87,40,1,
2177,1266,1267,115.48,50,0,
2178,1266,1336,170.14,50,0,
2179,1267,1268,45.71,30,0,
2180,1267,1337,99.63,50,0,
2181,1268,1269,159.07,30,0,
2182,1268,1338,75.18,50,0,Strada Garii
2183,1269,1270,110.62,50,0,
2184,1269,1339,92.95,30,1,
2185,1270,1271,74.6,30,0,
2186,1270,1340,66.76,30,0,
2187,1271,1272,185.08,30,0,
2188,1271,1341,130.99,30,0,
2189,1272,1273,73.16,30,0,
2190,1272,1342,189.18,40,0,
2191,1273,1274,107.92,50,0,
2192,1273,1343,74.25,50,0,
2193,1274,1344,56.17,30,0,
2194,1275,1276,82.38,40,0,
2195,1275,1345,192.33,30,1,
2196,1276,1277,75.63,30,0,
2197,1276,1346,83.96,40,0,
2198,1277,1278,173.1,40,0,
2199,1278,1279,136.26,30,0,
2200,1278,1348,68.32,50,0,Strada Libertatii
2201,1279,1280,88.49,30,0,
2202,1279,1349,75.4,30,0,
2203,1280,1281,65.09,30,0,
2204,1281,1282,138.86,30,1,
2205,1281,1351,92.98,40,0,
2206,1282,1283,60.97,50,1,
2207,1282,1352,157.59,50,0,
2208,1283,1284,173.16,50,0,
2209,1283,1353,44.76,50,0,Strada Principala
2210,1285,1286,84.39,30,0,
2211,1285,1355,163.62,30,0,
2212,1286,1287,109.65,30,0,
2213,1286,1356,202.87,50,0,
2214,1287,1288,152.22,50,1,
2215,1288,1289,86.92,40,0,
2216,1288,1358,137.85,50,0,Strada Garii
2217,1289,1290,81.7,30,1,
2218,1289,1359,78.29,40,0,
2219,1290,1360,94.6,30,0,
2220,1291,1292,132.02,50,0,
2221,1291,1361,164.31,30,0,
2222,1292,1293,58.86,30,0,
2223,1292,1362,154.39,40,0,
2224,1293,1294,116.16,50,0,
2225,1293,1363,141.84,50,0,Bulevardul 1 Decembrie
2226,1294,1364,126.31,50,0,
2227,1295,1296,141.83,50,0,
2228,1295,1365,47.97,50,0,
2229,1296,1366,143.19,30,0,
2230,1297,1298,101.01,30,0,
2231,1297,1367,96.88,50,0,
2232,1298,1368,40.25,50,0,Bulevardul 1 Decembrie
2233,1299,1300,106.53,50,0,
2234,1299,1369,125.99,30,0,
2235,1300,1301,144.58,30,0,
2236,1301,1302,86.29,30,0,
2237,1301,1371,132.55,50,0,
2238,1302,1303,131.43,50,0,
2239,1302,1372,100.84,30,0,
2240,1303,1304,40.87,40,0,
2241,1303,1373,164.28,50,0,Aleea Carpati
2242,1304,1305,116.3,50,0,
2243,1305,1306,99.01,40,0,
2244,1305,1375,29.89,30,0,
2245,1306,1307,102.81,30,0,
2246,1306,1376,88.98,30,0,
2247,1307,1377,67.77,30,0,
2248,1308,1309,120.15,30,0,
2249,1308,1378,132.06,50,0,Strada Libertatii
2250,1309,1310,9.19,30,0,
2251,1309,1379,191.38,30,0,
2252,1310,1311,190.22,50,0,
2253,1311,1312,35.22,40,0,
2254,1311,1381,107.49,50,1,
2255,1312,1313,173.2,50,0,
2256,1312,1382,133.02,30,0,
2257,1313,1314,101.04,30,0,
2258,1313,1383,102.54,50,0,Strada Garii
2259,1314,1315,104.82,50,1,
2260,1314,1384,77.68,30,0,
2261,1315,1316,216.24,30,0,
2262,1315,1385,170.22,30,0,
2263,1316,1317,84.58,40,0,
2264,1316,1386,145.12,40,1,
2265,1317,1318,160.9,50,0,
2266,1317,1387,120.47,50,0,
2267,1318,1319,28.77,50,0,
2268,1318,1388,166.65,50,0,Aleea Carpati
2269,1319,1320,144.57,40,0,
2270,1319,1389,96.93,30,0,
2271,1320,1321,142.86,50,0,
2272,1320,1390,135.54,30,0,
2273,1321,1322,106.08,30,0,
2274,1321,1391,128.12,50,0,
2275,1322,1323,115.63,30,0,
2276,1322,1392,133.21,40,1,
2277,1323,1393,103.48,50,0,Calea Sighisoarei
2278,1324,1325,75.6,40,0,
2279,1324,1394,118.55,50,0,
2280,1325,1395,69.2,40,0,
2281,1326,1327,159.38,30,1,
2282,1326,1396,195.82,30,0,
2283,1327,1397,165.69,40,1,
2284,1328,1329,106.21,30,0,
2285,1328,1398,109.45,50,0,Aleea Carpati
2286,1329,1330,123.28,40,0,
2287,1329,1399,173.9,50,0,
2288,1330,1331,168.54,40,0,
2289,1331,1332,47.57,30,0,
2290,1331,1401,154.86,50,1,
2291,1332,1333,134.02,30,0,
2292,1332,1402,151.59,50,0,
2293,1333,1334,81.47,40,0,
2294,1333,1403,102.08,50,0,
2295,1334,1335,95.63,50,0,
2296,1334,1404,98.0,40,0,
2297,1335,1336,147.88,30,0,
2298,1335,1405,105.81,30,0,
2299,1336,1337,157.54,50,0,
2300,1336,1406,94.21,50,1,
2301,1337,1338,35.6,30,1,
2302,1337,1407,157.19,50,0,
2303,1338,1339,136.59,50,0,
2304,1338,1408,78.44,50,0,Strada Principala
2305,1339,1340,105.13,40,0,
2306,1339,1409,65.72,30,0,
2307,1340,1341,113.72,40,0,
2308,1341,1342,112.81,30,0,
2309,1341,1411,152.31,40,0,
2310,1342,1343,117.83,50,0,
2311,1342,1412,78.03,30,0,
2312,1343,1344,159.78,30,0,
2313,1343,1413,132.92,50,0,Strada Principala
2314,1344,1345,153.69,40,1,
2315,1344,1414,271.86,30,0,
2316,1345,1415,67.74,50,1,
2317,1346,1347,164.22,50,0,
2318,1346,1416,43.68,30,0,
2319,1347,1348,104.25,30,0,
2320,1347,1417,134.09,40,0,
2321,1348,1349,100.59,30,0,
2322,1348,1418,75.98,50,0,Strada Principala
2323,1349,1350,156.27,30,0,
2324,1349,1419,221.07,30,0,
2325,1350,1420,136.45,50,1,
2326,1351,1352,134.43,30,0,
2327,1351,1421,181.59,50,0,
2328,1352,1353,135.23,30,0,
2329,1353,1354,158.12,40,0,
2330,1353,1423,204.96,50,0,Strada Principala
2331,1354,1424,119.65,50,0,
2332,1355,1356,150.79,30,0,
2333,1355,1425,142.09,30,0,
2334,1356,1357,190.5,30,0,
2335,1356,1426,86.82,30,0,
2336,1357,1358,19.3,30,0,
2337,1357,1427,188.44,30,0,
2338,1358,1359,118.56,30,0,
2339,1358,1428,135.55,50,0,Calea Sighisoarei
2340,1359,1360,113.62,50,0,
2341,1359,1429,147.71,30,1,
2342,1360,1361,141.22,40,0,
2343,1360,1430,202.03,30,1,
2344,1361,1362,199.07,40,1,
2345,1361,1431,71.85,50,1,
2346,1362,1363,18.58,30,0,
2347,1362,1432,224.22,30,0,
2348,1363,1364,126.98,30,0,
2349,1363,1433,133.7,50,0,Calea Sighisoarei
2350,1364,1365,90.7,50,1,
2351,1364,1434,167.16,30,0,
2352,1365,1366,126.45,30,0,
2353,1365,1435,182.44,30,0,
2354,1366,1367,160.43,30,0,
2355,1366,1436,43.43,30,0,
2356,1367,1368,77.4,30,0,
2357,1367,1437,205.89,40,0,
2358,1368,1369,128.58,50,0,
2359,1368,1438,92.24,50,0,
2360,1369,1370,118.0,50,0,
2361,1369,1439,165.44,30,0,
2362,1370,1371,28.84,30,0,
2363,1370,1440,134.19,50,0,
2364,1371,1372,136.83,30,0,
2365,1371,1441,146.34,30,0,
2366,1372,1442,95.66,50,0,
2367,1373,1374,133.97,50,0,
2368,1373,1443,81.47,50,0,Bulevardul 1 Decembrie
2369,1374,1375,128.55,40,0,
2370,1375,1376,204.29,30,0,
2371,1375,1445,248.13,50,0,
2372,1376,1377,88.28,40,0,
2373,1376,1446,203.76,40,0,
2374,1377,1378,140.66,30,0,
2375,1377,1447,216.06,40,0,
2376,1378,1379,68.82,50,0,
2377,1378,1448,112.46,50,0,Aleea Carpati
2378,1379,1380,126.2,50,0,
2379,1379,1449,98.22,50,0,
2380,1380,1381,116.83,30,1,
2381,1380,1450,37.54,30,0,
2382,1381,1382,58.16,40,0,
2383,1381,1451,135.74,50,0,
2384,1382,1383,137.17,30,0,
2385,1382,1452,91.5,30,0,
2386,1383,1384,60.73,30,0,
2387,1383,1453,83.78,50,0,
2388,1384,1385,131.49,30,0,
2389,1385,1386,30.52,40,0,
2390,1385,1455,111.31,40,0,
2391,1386,1387,179.48,30,0,
2392,1386,1456,161.63,40,0,
2393,1387,1388,59.68,50,0,
2394,1387,1457,227.42,30,0,
2395,1388,1389,185.34,30,0,
2396,1388,1458,113.54,50,0,
2397,1389,1390,127.14,30,0,
2398,1389,1459,215.3,30,0,
2399,1390,1391,33.17,30,0,
2400,1390,1460,189.29,30,0,
2401,1391,1392,124.38,50,0,
2402,1391,1461,141.39,50,0,
2403,1392,1393,170.3,30,0,
2404,1392,1462,116.61,40,0,
2405,1393,1463,155.75,50,0,
2406,1394,1395,100.18,30,1,
2407,1394,1464,133.82,50,0,
2408,1395,1396,150.17,40,0,
2409,1395,1465,124.2,40,1,
2410,1396,1397,101.88,40,0,
2411,1396,1466,92.09,30,0,
2412,1397,1467,86.88,30,0,
2413,1398,1399,49.83,50,0,Strada Garii
2414,1398,1468,144.46,50,0,Calea Sighisoarei
2415,1399,1400,117.79,50,0,Bulevardul 1 Decembrie
2416,1399,1469,115.92,40,0,
2417,1400,1401,93.53,50,0,Calea Sighisoarei
2418,1400,1470,108.55,30,0,
2419,1401,1402,123.04,50,0,Aleea Carpati
2420,1401,1471,195.07,30,0,
2421,1402,1403,88.24,50,0,Strada Garii
2422,1403,1404,154.41,50,0,Strada Principala
2423,1403,1473,208.49,50,0,Strada Libertatii
2424,1404,1405,104.23,50,0,Strada Libertatii
2425,1404,1474,154.66,30,1,
2426,1405,1406,69.79,50,0,Bulevardul 1 Decembrie
2427,1405,1475,135.94,50,0,
2428,1406,1407,82.61,50,0,Aleea Carpati
2429,1407,1408,138.83,50,0,Calea Sighisoarei
2430,1407,1477,90.07,50,0,
2431,1408,1409,93.8,50,0,Calea Sighisoarei
2432,1408,1478,147.89,50,0,Aleea Carpati
2433,1409,1410,101.72,50,0,Strada Principala
2434,1410,1411,95.32,50,0,Aleea Carpati
2435,1410,1480,199.58,50,0,
2436,1411,1412,71.01,50,0,Strada Principala
2437,1411,1481,167.62,50,0,
2438,1412,1413,129.05,50,0,Bulevardul 1 Decembrie
2439,1412,1482,152.54,50,0,
2440,1413,1414,36.5,50,0,Aleea Carpati
2441,1413,1483,119.62,50,0,Strada Principala
2442,1414,1415,206.65,50,0,Strada Libertatii
2443,1414,1484,181.57,30,0,
2444,1415,1416,100.71,50,0,Aleea Carpati
2445,1415,1485,108.39,50,0,
2446,1416,1417,149.36,50,0,Strada Principala
2447,1416,1486,207.23,40,0,
2448,1417,1418,119.89,50,0,Strada Libertatii
2449,1418,1419,85.99,50,0,
2450,1418,1488,129.12,50,0,Strada Principala
2451,1419,1420,132.33,50,0,Strada Principala
2452,1419,1489,93.39,40,0,
2453,1420,1421,90.66,50,0,Calea Sighisoarei
2454,1420,1490,139.39,30,0,
2455,1421,1422,119.59,50,0,Calea Sighisoarei
2456,1421,1491,96.3,50,0,
2457,1422,1423,113.72,50,0,Strada Libertatii
2458,1423,1424,101.61,50,0,Strada Garii
2459,1423,1493,47.44,50,0,Strada Garii
2460,1424,1425,111.19,50,0,Strada Principala
2461,1424,1494,124.92,30,1,
2462,1425,1426,130.81,50,0,Strada Garii
2463,1425,1495,89.05,50,0,
2464,1426,1427,21.72,50,0,Aleea Carpati
2465,1426,1496,75.31,30,0,
2466,1427,1428,184.67,50,0,Strada Principala
2467,1427,1497,175.79,50,0,
2468,1428,1429,67.4,50,0,Aleea Carpati
2469,1428,1498,93.72,50,0,Bulevardul 1 Decembrie
2470,1429,1430,127.13,50,0,Strada Principala
2471,1429,1499,126.77,50,0,
2472,1430,1431,105.89,50,0,Strada Garii
2473,1430,1500,119.94,50,0,
2474,1431,1432,94.82,50,0,Strada Libertatii
2475,1431,1501,153.64,40,0,
2476,1432,1433,209.0,50,0,Aleea Carpati
2477,1432,1502,93.72,30,1,
2478,1433,1434,110.57,50,0,Bulevardul 1 Decembrie
2479,1433,1503,162.0,50,0,Bulevardul 1 Decembrie
2480,1434,1435,84.53,50,0,Strada Garii
2481,1434,1504,56.42,40,0,
2482,1435,1436,165.87,50,0,
2483,1435,1505,133.24,30,0,
2484,1436,1437,133.94,50,0,Bulevardul 1 Decembrie
2485,1436,1506,222.45,30,0,
2486,1437,1438,173.38,50,0,Calea Sighisoarei
2487,1438,1439,131.96,50,0,Strada Libertatii
2488,1438,1508,197.88,50,0,Aleea Carpati
2489,1439,1440,149.5,50,0,Calea Sighisoarei
2490,1439,1509,67.91,30,0,
2491,1440,1441,110.78,50,0,Strada Garii
2492,1440,1510,120.4,50,0,
2493,1441,1442,86.44,50,0,Bulevardul 1 Decembrie
2494,1442,1443,27.43,50,0,Strada Libertatii
2495,1442,1512,112.39,30,0,
2496,1443,1444,257.89,50,0,Calea Sighisoarei
2497,1443,1513,83.91,50,0,Bulevardul 1 Decembrie
2498,1444,1445,61.19,50,0,Strada Libertatii
2499,1444,1514,175.38,30,0,
2500,1445,1446,117.79,50,0,Strada Libertatii
2501,1445,1515,105.0,30,0,
2502,1446,1447,31.63,50,0,Strada Libertatii
2503,1446,1516,50.11,30,0,
2504,1447,1448,59.17,50,0,Calea Sighisoarei
2505,1447,1517,55.87,40,0,
2506,1448,1449,194.21,50,0,
2507,1448,1518,147.36,50,0,Strada Garii
2508,1449,1450,106.49,50,0,
2509,1449,1519,175.62,30,0,
2510,1450,1451,177.8,50,0,Strada Libertatii
2511,1450,1520,153.75,30,0,
2512,1451,1452,74.16,50,0,Aleea Carpati
2513,1451,1521,119.78,30,0,
2514,1452,1453,94.56,50,0,
2515,1453,1454,222.39,50,0,Calea Sighisoarei
2516,1453,1523,143.25,50,0,Strada Garii
2517,1454,1455,99.54,50,0,Aleea Carpati
2518,1454,1524,191.44,40,1,
2519,1455,1456,70.09,50,0,
2520,1455,1525,178.08,40,0,
2521,1456,1457,74.05,50,0,Strada Libertatii
2522,1456,1526,77.74,30,0,
2523,1457,1458,209.54,50,0,Bulevardul 1 Decembrie
2524,1457,1527,81.19,40,0,
2525,1458,1459,173.68,50,0,Aleea Carpati
2526,1458,1528,138.84,50,0,Aleea Carpati
2527,1459,1460,44.46,50,0,Strada Libertatii
2528,1459,1529,78.71,40,0,
2529,1460,1461,149.01,50,0,Strada Principala
2530,1460,1530,65.58,40,0,
2531,1461,1462,68.52,50,0,
2532,1461,1531,77.59,30,0,
2533,1462,1463,78.61,50,0,Strada Principala
2534,1462,1532,59.74,40,0,
2535,1463,1464,182.95,50,0,Strada Principala
2536,1463,1533,113.38,50,0,
2537,1464,1465,45.84,50,0,Calea Sighisoarei
2538,1464,1534,111.76,40,0,
2539,1465,1466,170.34,50,0,Calea Sighisoarei
2540,1465,1535,145.68,40,0,
2541,1466,1467,161.66,50,0,
2542,1466,1536,97.26,50,0,
2543,1468,1469,110.58,30,0,
2544,1468,1538,103.3,50,0,Strada Garii
2545,1469,1470,108.0,30,0,
2546,1469,1539,141.66,30,0,
2547,1470,1471,171.54,30,0,
2548,1470,1540,154.9,40,0,
2549,1471,1472,213.44,30,0,
2550,1472,1473,90.26,30,0,
2551,1473,1474,100.04,30,0,
2552,1473,1543,73.17,50,0,Strada Libertatii
2553,1474,1544,108.11,50,0,
2554,1476,1477,78.97,30,1,
2555,1476,1546,93.44,30,0,
2556,1477,1478,132.2,50,1,
2557,1477,1547,158.73,50,0,
2558,1478,1479,78.77,30,1,
2559,1478,1548,140.45,50,0,Strada Libertatii
2560,1479,1480,203.54,30,0,
2561,1479,1549,59.08,50,0,
2562,1480,1481,35.56,30,0,
2563,1480,1550,146.17,30,0,
2564,1481,1482,166.24,30,0,
2565,1481,1551,69.19,30,0,
2566,1482,1483,91.47,40,0,
2567,1482,1552,145.04,50,0,
2568,1483,1484,108.12,30,0,
2569,1483,1553,83.36,50,0,Strada Principala
2570,1484,1485,141.97,40,0,
2571,1484,1554,98.94,40,0,
2572,1485,1486,88.19,40,0,
2573,1485,1555,223.29,50,0,
2574,1486,1487,52.69,50,0,
2575,1487,1488,136.73,50,0,
2576,1487,1557,145.12,50,0,
2577,1488,1489,21.67,30,0,
2578,1488,1558,168.82,50,0,Bulevardul 1 Decembrie
2579,1489,1490,173.55,50,0,
2580,1489,1559,142.11,30,0,
2581,1490,1491,171.87,50,0,
2582,1491,1492,142.11,30,0,
2583,1491,1561,197.97,30,0,
2584,1492,1493,98.93,30,0,
2585,1492,1562,171.77,30,0,
2586,1493,1494,88.56,50,0,
2587,1493,1563,177.25,50,0,Bulevardul 1 Decembrie
2588,1494,1495,92.21,30,0,
2589,1494,1564,56.31,30,0,
2590,1495,1496,88.98,30,0,
2591,1495,1565,74.18,50,0,
2592,1496,1566,123.83,30,0,
2593,1497,1567,131.99,40,0,
2594,1498,1499,101.75,30,1,
2595,1498,1568,130.84,50,0,Bulevardul 1 Decembrie
2596,1499,1569,107.13,40,0,
2597,1500,1501,146.6,50,1,
2598,1500,1570,89.56,30,0,
2599,1501,1502,80.25,50,0,
2600,1501,1571,130.52,30,0,
2601,1502,1503,95.57,30,0,
2602,1503,1504,218.78,40,0,
2603,1503,1573,167.66,50,0,Strada Libertatii
2604,1504,1505,107.26,30,1,
2605,1504,1574,206.33,30,0,
2606,1505,1506,75.94,50,1,
2607,1505,1575,110.99,40,1,
2608,1506,1507,151.5,50,0,
2609,1506,1576,79.96,50,0,
2610,1507,1508,236.71,50,0,
2611,1507,1577,291.26,50,0,
2612,1508,1578,73.23,50,0,
2613,1509,1579,194.81,50,0,
2614,1510,1511,132.84,30,0,
2615,1511,1581,154.16,50,0,
2616,1512,1513,97.56,40,0,
2617,1513,1583,158.52,50,0,
2618,1514,1584,100.76,50,0,
2619,1515,1516,63.28,30,0,
2620,1515,1585,191.96,30,0,
2621,1516,1517,86.94,50,0,
2622,1516,1586,140.04,30,0,
2623,1517,1518,132.8,30,0,
2624,1517,1587,194.62,50,0,
2625,1518,1588,174.24,50,0,Strada Garii
2626,1519,1520,143.71,50,0,
2627,1520,1521,101.12,30,0,
2628,1520,1590,170.49,30,0,
2629,1521,1522,181.11,30,0,
2630,1521,1591,72.68,40,1,
2631,1522,1523,103.87,50,0,
2632,1522,1592,62.74,30,0,
2633,1523,1524,95.36,40,0,
2634,1523,1593,143.46,50,0,
2635,1524,1525,159.66,50,0,
2636,1524,1594,98.18,30,0,
2637,1525,1526,163.59,50,0,
2638,1525,1595,154.91,30,0,
2639,1526,1527,73.75,30,0,
2640,1526,1596,207.72,40,0,
2641,1527,1528,137.66,30,0,
2642,1527,1597,71.98,50,0,
2643,1528,1529,98.45,40,0,
2644,1528,1598,77.95,50,0,
2645,1529,1599,89.4,30,1,
2646,1530,1531,146.97,30,0,
2647,1530,1600,126.79,30,0,
2648,1531,1532,189.21,40,0,
2649,1531,1601,158.98,40,0,
2650,1532,1533,90.87,30,0,
2651,1532,1602,144.92,50,0,
2652,1533,1534,153.54,30,0,
2653,1533,1603,83.0,50,0,
2654,1535,1536,91.16,30,1,
2655,1536,1537,126.91,40,0,
2656,1536,1606,145.65,30,0,
2657,1538,1539,83.61,50,0,
2658,1538,1608,192.25,50,0,Bulevardul 1 Decembrie
2659,1539,1540,139.53,40,0,
2660,1539,1609,144.92,30,0,
2661,1540,1541,65.21,50,0,
2662,1540,1610,116.93,30,0,
2663,1541,1542,71.25,40,0,
2664,1542,1543,149.84,50,0,
2665,1542,1612,136.85,30,1,
2666,1543,1544,67.41,30,0,
2667,1543,1613,158.56,50,0,Strada Principala
2668,1544,1545,85.2,30,1,
2669,1544,1614,126.13,30,0,
2670,1545,1615,192.19,40,0,
2671,1546,1547,19.35,50,1,
2672,1547,1548,154.88,50,0,
2673,1548,1549,107.34,30,0,
2674,1548,1618,120.75,50,0,Aleea Carpati
2675,1549,1550,66.01,30,0,
2676,1550,1551,159.93,30,0,
2677,1550,1620,202.86,50,0,
2678,1551,1552,74.21,30,0,
2679,1551,1621,158.2,50,1,
2680,1552,1553,167.65,30,0,
2681,1552,1622,77.0,30,0,
2682,1553,1623,141.3,50,0,Calea Sighisoarei
2683,1554,1555,107.16,30,0,
2684,1554,1624,125.58,30,0,
2685,1555,1556,177.3,50,0,
2686,1555,1625,70.79,50,0,
2687,1556,1557,81.65,40,0,
2688,1556,1626,230.98,30,1,
2689,1557,1558,55.26,30,0,
2690,1557,1627,118.2,50,0,
2691,1558,1559,135.09,50,0,
2692,1558,1628,102.05,50,0,Aleea Carpati
2693,1559,1560,122.21,50,0,
2694,1559,1629,178.77,40,0,
2695,1560,1561,140.81,40,0,
2696,1561,1562,137.97,30,0,
2697,1561,1631,75.44,30,0,
2698,1562,1563,87.95,30,0,
2699,1563,1564,174.84,30,0,
2700,1563,1633,107.64,50,0,Strada Principala
2701,1564,1565,109.63,30,0,
2702,1565,1635,207.2,50,0,
2703,1566,1567,68.99,50,0,
2704,1566,1636,185.48,30,1,
2705,1567,1568,156.6,40,0,
2706,1567,1637,149.79,50,0,
2707,1568,1569,55.78,30,0,
2708,1568,1638,143.94,50,0,Strada Garii
2709,1569,1570,85.84,30,0,
2710,1569,1639,77.64,30,0,
2711,1570,1640,78.66,30,0,
2712,1571,1572,120.92,30,0,
2713,1571,1641,116.8,30,1,
2714,1572,1573,93.55,50,0,
2715,1572,1642,61.43,30,0,
2716,1573,1574,48.2,30,0,
2717,1573,1643,124.55,50,0,Bulevardul 1 Decembrie
2718,1574,1575,170.63,30,0,
2719,1574,1644,132.85,50,0,
2720,1575,1576,79.36,30,0,
2721,1576,1577,169.69,50,0,
2722,1576,1646,132.0,30,0,
2723,1577,1578,145.28,40,0,
2724,1577,1647,61.87,40,0,
2725,1578,1648,142.71,50,0,Strada Libertatii
2726,1579,1580,103.45,50,0,
2727,1580,1581,154.55,40,0,
2728,1581,1582,155.72,50,0,
2729,1581,1651,140.07,30,0,
2730,1582,1583,172.19,30,1,
2731,1582,1652,16.89,40,0,
2732,1583,1584,97.84,30,0,
2733,1583,1653,74.27,50,0,Calea Sighisoarei
2734,1584,1585,59.6,30,1,
2735,1585,1586,149.65,50,0,
2736,1585,1655,139.74,40,0,
2737,1586,1587,132.74,50,0,
2738,1587,1588,47.1,30,0,
2739,1587,1657,124.15,30,0,
2740,1588,1589,128.13,30,1,
2741,1588,1658,87.68,50,0,Strada Principala
2742,1589,1590,132.15,40,0,
2743,1589,1659,88.07,50,0,
2744,1590,1591,90.86,30,0,
2745,1590,1660,171.05,30,0,
2746,1591,1592,116.53,30,0,
2747,1591,1661,135.45,30,0,
2748,1592,1593,75.31,30,0,
2749,1593,1594,102.72,50,0,
2750,1593,1663,163.65,50,0,Strada Garii
2751,1594,1595,106.27,40,1,
2752,1594,1664,124.95,50,0,
2753,1595,1596,130.98,40,0,
2754,1595,1665,35.14,40,0,
2755,1596,1597,109.33,50,0,
2756,1596,1666,120.13,40,0,
2757,1597,1598,95.27,50,0,
2758,1597,1667,187.76,30,0,
2759,1598,1599,173.87,40,0,
2760,1598,1668,113.64,50,0,Aleea Carpati
2761,1599,1600,91.59,50,0,
2762,1600,1601,32.9,30,1,
2763,1600,1670,144.74,30,0,
2764,1601,1602,195.98,30,0,
2765,1601,1671,155.68,30,0,
2766,1602,1672,126.35,30,0,
2767,1603,1604,144.44,50,0,
2768,1603,1673,287.11,50,0,Bulevardul 1 Decembrie
2769,1604,1605,91.24,50,0,
2770,1604,1674,14.15,40,0,
2771,1605,1675,74.25,30,1,
2772,1606,1607,102.03,50,0,
2773,1607,1677,160.02,50,0,
2774,1608,1678,116.05,50,0,Strada Libertatii
2775,1609,1679,80.38,30,0,
2776,1610,1611,169.45,40,0,
2777,1611,1612,63.48,30,0,
2778,1611,1681,106.94,50,0,
2779,1613,1614,120.79,40,0,
2780,1613,1683,92.29,50,0,Calea Sighisoarei
2781,1614,1615,10.31,30,0,
2782,1614,1684,112.51,40,0,
2783,1615,1685,136.53,30,0,
2784,1616,1617,155.4,40,1,
2785,1617,1618,8.21,40,0,
2786,1617,1687,171.68,30,0,
2787,1618,1619,151.36,40,0,
2788,1618,1688,144.69,50,0,Calea Sighisoarei
2789,1619,1689,70.67,40,0,
2790,1621,1691,113.59,50,0,
2791,1622,1692,166.29,50,0,
2792,1623,1693,130.4,50,0,
2793,1624,1625,100.67,50,1,
2794,1625,1626,32.44,40,0,
2795,1625,1695,121.97,40,0,
2796,1626,1627,201.35,50,0,
2797,1626,1696,177.03,30,1,
2798,1627,1628,132.0,30,1,
2799,1627,1697,195.58,40,0,
2800,1628,1629,119.1,30,0,
2801,1628,1698,117.58,50,0,
2802,1629,1699,171.75,30,0,
2803,1630,1700,108.81,40,1,
2804,1631,1632,120.64,30,1,
2805,1631,1701,163.51,50,0,
2806,1632,1633,101.15,40,0,
2807,1632,1702,169.3,50,0,
2808,1633,1634,122.44,40,0,
2809,1633,1703,167.37,50,0,Bulevardul 1 Decembrie
2810,1634,1704,70.46,30,0,
2811,1635,1636,155.6,30,0,
2812,1635,1705,131.47,50,0,
2813,1636,1637,30.1,40,0,
2814,1636,1706,136.49,30,0,
2815,1637,1638,134.49,40,0,
2816,1637,1707,164.88,30,0,
2817,1638,1639,146.18,30,0,
2818,1638,1708,158.42,50,0,Strada Libertatii
2819,1639,1640,78.14,40,0,
2820,1639,1709,238.59,30,0,
2821,1640,1710,123.43,40,0,
2822,1641,1642,164.52,30,1,
2823,1641,1711,146.2,40,0,
2824,1642,1643,27.64,50,0,
2825,1642,1712,178.48,30,0,
2826,1643,1644,116.34,40,0,
2827,1643,1713,149.81,50,0,Strada Garii
2828,1644,1714,128.06,40,0,
2829,1645,1715,271.74,30,0,
2830,1646,1647,50.37,30,0,
2831,1646,1716,170.07,30,0,
2832,1647,1648,142.27,30,0,
2833,1647,1717,132.45,30,0,
2834,1648,1649,125.83,50,1,
2835,1648,1718,115.31,50,0,Bulevardul 1 Decembrie
2836,1649,1719,62.46,30,0,
2837,1650,1651,66.88,30,1,
2838,1650,1720,122.94,50,0,
2839,1651,1652,82.55,30,0,
2840,1651,1721,74.55,50,0,
2841,1652,1653,98.9,50,0,
2842,1652,1722,157.42,50,0,
2843,1653,1654,101.73,30,0,
2844,1653,1723,251.67,50,0,Strada Garii
2845,1655,1656,119.56,40,0,
2846,1655,1725,69.32,30,0,
2847,1656,1657,105.24,30,0,
2848,1656,1726,46.07,30,0,
2849,1657,1658,109.25,30,0,
2850,1657,1727,147.31,30,0,
2851,1658,1659,56.54,50,0,
2852,1658,1728,188.27,50,0,Strada Libertatii
2853,1659,1729,150.8,30,0,
2854,1660,1661,118.22,40,0,
2855,1660,1730,137.84,40,0,
2856,1661,1662,69.31,30,0,
2857,1661,1731,145.89,50,0,
2858,1662,1663,141.75,30,0,
2859,1662,1732,88.35,30,0,
2860,1663,1664,75.71,30,0,
2861,1663,1733,74.84,50,0,Bulevardul 1 Decembrie
2862,1664,1734,81.33,30,0,
2863,1665,1735,193.74,40,0,
2864,1666,1667,110.54,40,0,
2865,1667,1668,87.52,40,0,
2866,1667,1737,105.82,50,1,
2867,1668,1669,143.28,40,0,
2868,1668,1738,202.2,50,0,Bulevardul 1 Decembrie
2869,1669,1670,84.11,30,0,
2870,1669,1739,176.71,40,0,
2871,1670,1671,152.17,40,0,
2872,1670,1740,125.59,30,0,
2873,1671,1672,91.7,30,0,
2874,1671,1741,168.57,40,0,
2875,1672,1673,205.59,50,0,
2876,1672,1742,225.65,40,0,
2877,1673,1674,188.08,40,0,
2878,1673,1743,66.07,50,0,Bulevardul 1 Decembrie
2879,1674,1675,74.33,30,0,
2880,1674,1744,152.73,50,0,
2881,1675,1676,189.6,30,0,
2882,1675,1745,217.28,40,0,
2883,1676,1677,65.71,30,1,
2884,1676,1746,147.54,40,0,
2885,1677,1747,119.54,50,1,
2886,1678,1679,114.1,30,0,
2887,1678,1748,79.83,50,0,
2888,1679,1680,103.96,30,0,
2889,1679,1749,208.08,30,1,
2890,1680,1681,104.08,30,0,
2891,1680,1750,46.61,40,1,
2892,1681,1682,83.75,30,0,
2893,1681,1751,150.16,30,0,
2894,1682,1683,132.76,50,0,
2895,1682,1752,222.96,30,0,
2896,1683,1684,158.32,50,0,
2897,1683,1753,153.68,50,0,Bulevardul 1 Decembrie
2898,1684,1685,53.09,30,0,
2899,1684,1754,54.15,40,0,
2900,1685,1686,85.36,30,0,
2901,1685,1755,155.81,30,0,
2902,1686,1687,121.34,40,0,
2903,1686,1756,218.85,30,0,
2904,1687,1688,93.14,40,1,
2905,1687,1757,60.09,30,0,
2906,1688,1689,133.38,30,0,
2907,1688,1758,99.08,50,0,Strada Principala
2908,1689,1759,90.93,30,0,
2909,1690,1691,131.32,30,0,
2910,1690,1760,24.22,30,0,
2911,1691,1692,148.45,50,0,
2912,1691,1761,173.51,40,0,
2913,1692,1693,28.53,30,1,
2914,1692,1762,49.33,30,0,
2915,1693,1694,133.26,50,0,
2916,1693,1763,201.69,50,0,Strada Garii
2917,1694,1764,123.85,40,0,
2918,1695,1696,170.02,40,0,
2919,1695,1765,48.74,30,0,
2920,1696,1766,248.64,30,0,
2921,1697,1698,155.76,50,0,
2922,1697,1767,50.47,50,0,
2923,1698,1699,64.25,30,1,
2924,1698,1768,154.82,50,0,Strada Libertatii
2925,1699,1700,125.64,30,0,
2926,1700,1701,195.19,30,0,
2927,1700,1770,172.52,40,0,
2928,1701,1702,21.94,40,0,
2929,1701,1771,104.1,50,0,
2930,1702,1772,90.66,30,0,
2931,1703,1704,108.26,40,0,
2932,1703,1773,69.93,50,0,Calea Sighisoarei
2933,1704,1705,100.76,40,0,
2934,1704,1774,142.12,30,0,
2935,1705,1706,108.63,50,0,
2936,1705,1775,22.83,50,0,
2937,1706,1776,175.48,30,0,
2938,1707,1777,97.86,30,0,
2939,1708,1778,92.65,50,0,
2940,1709,1779,69.15,30,0,
2941,1710,1711,93.31,40,0,
2942,1710,1780,155.07,30,0,
2943,1711,1712,132.68,30,0,
2944,1711,1781,33.49,50,0,
2945,1712,1713,113.06,30,0,
2946,1712,1782,106.32,30,0,
2947,1713,1714,108.14,30,0,
2948,1713,1783,110.53,50,0,
2949,1714,1784,117.45,50,0,
2950,1715,1716,190.01,30,0,
2951,1715,1785,50.66,50,0,
2952,1716,1717,56.91,40,1,
2953,1717,1718,89.04,40,0,
2954,1717,1787,104.99,40,0,
2955,1718,1719,112.37,30,1,
2956,1718,1788,245.03,50,0,
2957,1719,1720,76.49,40,1,
2958,1719,1789,217.87,30,0,
2959,1720,1790,172.32,30,0,
2960,1721,1722,70.0,30,0,
2961,1721,1791,153.82,40,0,
2962,1722,1792,142.93,30,0,
2963,1723,1724,154.38,40,0,
2964,1723,1793,48.62,50,0,Calea Sighisoarei
2965,1724,1725,47.69,50,0,
2966,1724,1794,163.04,30,0,
2967,1725,1726,193.01,50,0,
2968,1725,1795,224.19,30,0,
2969,1726,1796,78.43,50,0,
2970,1727,1728,153.5,40,0,
2971,1727,1797,39.69,50,0,
2972,1728,1729,103.74,40,1,
2973,1728,1798,67.0,50,0,Strada Garii
2974,1729,1730,65.01,50,0,
2975,1729,1799,109.68,30,0,
2976,1730,1800,51.28,50,0,
2977,1731,1732,144.98,40,0,
2978,1732,1733,135.82,30,0,
2979,1733,1734,35.11,40,0,
2980,1733,1803,144.84,50,0,Strada Principala
2981,1734,1804,121.78,30,0,
2982,1735,1736,63.39,40,0,
2983,1735,1805,97.0,30,0,
2984,1736,1737,85.92,30,0,
2985,1736,1806,154.79,40,0,
2986,1737,1738,204.95,30,0,
2987,1737,1807,154.71,40,0,
2988,1738,1739,84.86,30,0,
2989,1738,1808,73.81,50,0,Aleea Carpati
2990,1739,1740,122.64,30,0,
2991,1739,1809,93.21,40,0,
2992,1740,1741,70.05,30,0,
2993,1740,1810,132.28,50,0,
2994,1741,1742,181.08,50,0,
2995,1741,1811,47.04,40,0,
2996,1742,1743,78.75,50,0,
2997,1742,1812,141.13,30,0,
2998,1743,1744,173.45,50,0,
2999,1743,1813,122.15,50,0,Strada Principala
3000,1744,1745,102.64,50,0,
3001,1745,1815,83.43,50,0,
3002,1746,1747,84.61,30,0,
3003,1746,1816,154.42,30,0,
3004,1747,1817,98.15,30,0,
3005,1748,1749,179.19,50,0,Strada Libertatii
3006,1748,1818,135.47,50,0,Bulevardul 1 Decembrie
3007,1749,1750,118.62,50,0,Aleea Carpati
3008,1749,1819,107.79,50,0,
3009,1750,1751,132.81,50,0,Strada Garii
3010,1750,1820,142.81,30,0,
3011,1751,1752,101.72,50,0,Strada Principala
3012,1751,1821,124.55,30,0,
3013,1752,1753,43.47,50,0,Bulevardul 1 Decembrie
3014,1753,1754,208.99,50,0,Aleea Carpati
3015,1753,1823,133.32,50,0,Strada Libertatii
3016,1754,1755,109.95,50,0,Bulevardul 1 Decembrie
3017,1754,1824,120.49,30,0,
3018,1755,1756,153.44,50,0,Strada Principala
3019,1755,1825,48.82,30,0,
3020,1756,1757,176.74,50,0,Strada Principala
3021,1756,1826,28.79,30,0,
3022,1757,1758,121.72,50,0,Strada Libertatii
3023,1757,1827,202.7,30,0,
3024,1758,1759,38.24,50,0,Strada Garii
3025,1758,1828,201.51,50,0,Aleea Carpati
3026,1759,1760,121.6,50,0,Bulevardul 1 Decembrie
3027,1759,1829,190.04,30,0,
3028,1760,1761,128.06,50,0,Strada Principala
3029,1760,1830,180.93,50,0,
3030,1761,1762,221.19,50,0,Strada Libertatii
3031,1761,1831,149.05,30,0,
3032,1762,1763,148.16,50,0,Bulevardul 1 Decembrie
3033,1762,1832,229.18,40,1,
3034,1763,1764,96.57,50,0,Strada Libertatii
3035,1763,1833,79.8,50,0,Strada Garii
3036,1764,1765,163.73,50,0,Strada Libertatii
3037,1764,1834,196.92,30,1,
3038,1765,1766,119.42,50,0,Aleea Carpati
3039,1765,1835,176.78,40,0,
3040,1766,1767,134.82,50,0,Calea Sighisoarei
3041,1767,1768,125.96,50,0,Strada Principala
3042,1768,1769,107.71,50,0,Aleea Carpati
3043,1768,1838,124.66,50,0,Strada Libertatii
3044,1769,1770,163.75,50,0,Bulevardul 1 Decembrie
3045,1769,1839,56.28,50,0,
3046,1770,1771,72.5,50,0,Bulevardul 1 Decembrie
3047,1770,1840,125.95,50,0,
3048,1771,1772,145.96,50,0,Strada Principala
3049,1771,1841,143.56,50,0,
3050,1772,1773,52.08,50,0,Strada Libertatii
3051,1772,1842,171.33,30,0,
3052,1773,1774,95.66,50,0,Strada Garii
3053,1773,1843,156.94,50,0,Strada Garii
3054,1774,1775,125.46,50,0,Strada Principala
3055,1774,1844,173.55,50,0,
3056,1775,1776,139.91,50,0,Aleea Carpati
3057,1775,1845,180.6,40,0,
3058,1776,1777,68.19,50,0,
3059,1776,1846,104.37,30,0,
3060,1777,1778,228.44,50,0,Strada Garii
3061,1777,1847,42.59,30,0,
3062,1778,1779,59.27,50,0,Calea Sighisoarei
3063,1778,1848,266.23,50,0,Strada Garii
3064,1779,1780,171.32,50,0,Aleea Carpati
3065,1779,1849,168.76,30,0,
3066,1780,1781,78.96,50,0,Strada Garii
3067,1781,1782,123.47,50,0,Aleea Carpati
3068,1781,1851,172.97,40,0,
3069,1782,1783,163.54,50,0,Aleea Carpati
3070,1783,1784,55.2,50,0,Aleea Carpati
3071,1783,1853,112.36,50,0,
3072,1784,1785,94.81,50,0,
3073,1785,1786,131.36,50,0,Strada Libertatii
3074,1785,1855,189.56,30,0,
3075,1786,1787,121.69,50,0,Bulevardul 1 Decembrie
3076,1786,1856,169.07,30,0,
3077,1787,1788,119.36,50,0,
3078,1787,1857,120.51,40,0,
3079,1788,1789,168.08,50,0,Strada Garii
3080,1788,1858,30.84,50,0,Strada Garii
3081,1789,1790,65.51,50,0,Strada Garii
3082,1789,1859,84.9,30,0,
3083,1790,1791,147.21,50,0,Strada Libertatii
3084,1790,1860,43.02,50,0,
3085,1791,1792,93.0,50,0,Strada Principala
3086,1791,1861,152.46,40,0,
3087,1792,1793,116.96,50,0,Strada Libertatii
3088,1792,1862,166.55,50,0,
3089,1793,1794,94.24,50,0,Bulevardul 1 Decembrie
3090,1793,1863,184.89,50,0,
3091,1794,1795,178.19,50,0,Bulevardul 1 Decembrie
3092,1794,1864,103.91,30,0,
3093,1795,1796,106.17,50,0,Calea Sighisoarei
3094,1795,1865,101.46,30,0,
3095,1796,1797,43.31,50,0,Strada Libertatii
3096,1796,1866,132.87,30,0,
3097,1797,1798,167.02,50,0,Aleea Carpati
3098,1798,1799,44.19,50,0,Aleea Carpati
3099,1798,1868,113.82,50,0,
3100,1799,1800,132.45,50,0,Bulevardul 1 Decembrie
3101,1799,1869,106.06,30,0,
3102,1800,1801,105.82,50,0,Strada Garii
3103,1800,1870,207.27,30,0,
3104,1801,1802,194.34,50,0,Strada Principala
3105,1802,1803,43.97,50,0,Strada Principala
3106,1803,1804,86.18,50,0,Bulevardul 1 Decembrie
3107,1803,1873,163.26,50,0,Strada Libertatii
3108,1804,1805,111.55,50,0,
3109,1804,1874,83.16,30,0,
3110,1805,1806,73.54,50,0,
3111,1805,1875,180.88,50,0,
3112,1806,1807,218.96,50,0,
3113,1806,1876,178.92,50,0,
3114,1807,1808,80.46,50,0,
3115,1808,1809,103.99,50,0,Aleea Carpati
3116,1808,1878,146.89,50,0,Aleea Carpati
3117,1809,1810,52.19,50,0,Strada Garii
3118,1810,1811,194.2,50,0,Strada Libertatii
3119,1810,1880,107.82,30,0,
3120,1811,1812,121.6,50,0,
3121,1811,1881,175.89,50,0,
3122,1812,1813,88.55,50,0,Strada Principala
3123,1812,1882,123.75,50,0,
3124,1813,1814,133.37,50,0,Calea Sighisoarei
3125,1813,1883,225.41,50,0,Calea Sighisoarei
3126,1814,1815,114.63,50,0,Calea Sighisoarei
3127,1814,1884,187.31,50,0,
3128,1815,1816,125.15,50,0,Calea Sighisoarei
3129,1815,1885,110.87,30,0,
3130,1816,1817,169.8,50,0,Bulevardul 1 Decembrie
3131,1816,1886,74.98,30,0,
3132,1818,1888,164.88,50,0,Bulevardul 1 Decembrie
3133,1819,1820,81.97,40,0,
3134,1819,1889,53.84,30,0,
3135,1820,1890,225.18,40,0,
3136,1821,1822,198.55,40,0,
3137,1821,1891,115.09,40,0,
3138,1822,1823,91.72,40,0,
3139,1822,1892,108.62,30,0,
3140,1823,1824,141.0,30,0,
3141,1823,1893,49.52,50,0,Bulevardul 1 Decembrie
3142,1824,1894,204.0,40,0,
3143,1825,1826,165.46,40,0,
3144,1826,1827,143.19,30,1,
3145,1826,1896,173.45,30,0,
3146,1827,1828,41.52,50,0,
3147,1827,1897,185.14,30,0,
3148,1828,1829,205.95,30,0,
3149,1828,1898,101.3,50,0,Aleea Carpati
3150,1829,1830,36.98,30,0,
3151,1829,1899,153.0,40,1,
3152,1830,1831,116.64,30,0,
3153,1830,1900,129.66,40,0,
3154,1831,1832,106.26,50,0,
3155,1831,1901,108.82,40,0,
3156,1832,1833,115.48,40,1,
3157,1832,1902,135.76,30,0,
3158,1833,1834,215.21,30,0,
3159,1833,1903,199.27,50,0,Strada Libertatii
3160,1834,1835,58.5,40,0,
3161,1834,1904,75.94,40,0,
3162,1836,1837,73.56,30,0,
3163,1837,1838,170.87,40,0,
3164,1837,1907,119.69,30,0,
3165,1838,1839,91.5,30,0,
3166,1838,1908,69.87,50,0,Strada Garii
3167,1839,1840,50.19,30,0,
3168,1839,1909,124.27,30,0,
3169,1840,1841,163.55,30,1,
3170,1840,1910,208.09,50,0,
3171,1841,1842,119.03,30,0,
3172,1841,1911,159.47,40,0,
3173,1842,1843,89.49,30,0,
3174,1842,1912,144.62,40,0,
3175,1843,1844,131.89,50,0,
3176,1843,1913,63.58,50,0,Aleea Carpati
3177,1844,1845,124.78,30,0,
3178,1844,1914,48.2,30,0,
3179,1845,1846,94.19,40,0,
3180,1845,1915,86.69,30,1,
3181,1846,1847,124.26,30,0,
3182,1846,1916,81.17,30,0,
3183,1847,1848,193.71,40,0,
3184,1847,1917,149.08,30,0,
3185,1848,1849,111.15,30,0,
3186,1848,1918,66.92,50,0,Strada Libertatii
3187,1849,1850,76.42,40,0,
3188,1849,1919,106.6,30,0,
3189,1850,1851,161.52,30,1,
3190,1851,1852,126.66,40,0,
3191,1851,1921,197.89,50,0,
3192,1852,1853,103.65,50,0,
3193,1852,1922,115.08,40,0,
3194,1853,1923,114.25,50,0,Aleea Carpati
3195,1854,1855,158.68,40,0,
3196,1854,1924,129.61,40,0,
3197,1855,1856,97.88,50,1,
3198,1855,1925,101.36,30,0,
3199,1856,1857,114.02,30,0,
3200,1857,1927,148.0,50,0,
3201,1858,1928,232.92,50,0,Calea Sighisoarei
3202,1859,1860,115.37,30,0,
3203,1859,1929,165.8,30,0,
3204,1860,1861,183.01,40,1,
3205,1860,1930,194.4,50,0,
3206,1861,1862,65.69,50,0,
3207,1861,1931,119.51,30,0,
3208,1862,1863,100.87,30,0,
3209,1862,1932,100.61,30,1,
3210,1863,1933,111.68,50,0,Bulevardul 1 Decembrie
3211,1864,1865,109.4,40,0,
3212,1865,1866,117.67,50,0,
3213,1865,1935,141.44,40,0,
3214,1866,1867,66.3,40,0,
3215,1867,1868,155.13,50,0,
3216,1867,1937,183.14,40,0,
3217,1868,1869,97.87,50,0,
3218,1868,1938,157.64,50,0,Aleea Carpati
3219,1869,1870,144.57,30,0,
3220,1869,1939,199.73,30,0,
3221,1870,1940,192.66,30,0,
3222,1871,1872,166.02,50,0,
3223,1871,1941,236.37,40,1,
3224,1872,1873,75.1,30,0,
3225,1872,1942,79.24,30,0,
3226,1873,1943,60.57,50,0,Bulevardul 1 Decembrie
3227,1874,1875,162.62,30,1,
3228,1874,1944,118.06,40,1,
3229,1875,1876,86.87,40,1,
3230,1875,1945,68.23,30,1,
3231,1877,1878,166.52,30,0,
3232,1877,1947,137.73,40,0,
3233,1878,1879,110.03,50,0,
3234,1878,1948,95.53,50,0,Bulevardul 1 Decembrie
3235,1879,1880,98.61,30,0,
3236,1879,1949,96.87,50,0,
3237,1880,1881,179.8,30,0,
3238,1880,1950,121.08,30,0,
3239,1881,1882,113.79,30,0,
3240,1881,1951,117.96,40,0,
3241,1882,1883,56.7,30,0,
3242,1882,1952,81.04,30,0,
3243,1883,1884,107.66,30,0,
3244,1883,1953,134.0,50,0,
3245,1884,1885,169.28,30,1,
3246,1884,1954,85.36,30,0,
3247,1885,1955,203.22,40,0,
3248,1886,1887,145.27,30,0,
3249,1886,1956,117.0,30,0,
3250,1887,1957,82.52,50,1,
3251,1888,1889,170.1,30,0,
3252,1888,1958,106.96,50,0,Aleea Carpati
3253,1889,1890,182.41,50,0,
3254,1889,1959,169.98,30,0,
3255,1890,1891,192.42,30,0,
3256,1891,1892,132.54,30,0,
3257,1891,1961,207.27,30,0,
3258,1892,1893,90.95,40,0,
3259,1892,1962,103.32,50,0,
3260,1893,1894,149.7,30,0,
3261,1893,1963,119.39,50,0,Strada Garii
3262,1894,1895,114.2,50,1,
3263,1894,1964,66.55,30,0,
3264,1895,1896,108.05,50,0,
3265,1895,1965,73.69,50,1,
3266,1896,1897,187.16,30,0,
3267,1896,1966,135.79,30,0,
3268,1897,1898,84.03,40,1,
3269,1897,1967,143.75,30,0,
3270,1898,1899,79.3,40,0,
3271,1898,1968,123.56,50,0,Strada Libertatii
3272,1899,1900,166.76,30,0,
3273,1899,1969,58.52,50,0,
3274,1900,1901,140.33,50,0,
3275,1900,1970,49.32,30,0,
3276,1901,1902,60.46,30,0,
3277,1901,1971,149.91,40,0,
3278,1902,1903,57.12,40,0,
3279,1902,1972,67.59,30,1,
3280,1903,1973,118.21,50,0,Strada Garii
3281,1904,1974,112.29,40,0,
3282,1905,1906,140.32,50,0,
3283,1905,1975,126.27,30,0,
3284,1906,1907,95.55,30,0,
3285,1907,1908,155.06,30,0,
3286,1907,1977,237.71,50,0,
3287,1908,1978,258.75,50,0,Calea Sighisoarei
3288,1909,1910,60.99,50,0,
3289,1909,1979,122.94,30,0,
3290,1910,1911,146.92,40,1,
3291,1910,1980,102.65,30,0,
3292,1911,1912,91.12,30,0,
3293,1911,1981,108.22,50,0,
3294,1913,1914,47.66,30,0,
3295,1913,1983,142.39,50,0,Strada Garii
3296,1914,1915,147.66,30,0,
3297,1914,1984,174.15,40,0,
3298,1915,1985,152.47,40,0,
3299,1916,1917,123.01,50,0,
3300,1916,1986,185.35,30,0,
3301,1917,1987,141.37,30,0,
3302,1918,1919,200.28,40,0,
3303,1918,1988,139.97,50,0,Strada Principala
3304,1919,1920,23.64,40,0,
3305,1919,1989,147.91,50,0,
3306,1920,1990,83.45,30,0,
3307,1921,1922,73.29,30,0,
3308,1921,1991,81.58,30,0,
3309,1922,1923,208.93,40,0,
3310,1922,1992,76.04,50,0,
3311,1923,1924,32.91,50,0,
3312,1923,1993,198.6,50,0,Bulevardul 1 Decembrie
3313,1924,1994,137.95,30,0,
3314,1926,1996,196.61,50,0,
3315,1927,1928,101.52,30,0,
3316,1928,1998,80.15,50,0,
3317,1929,1930,176.68,30,0,
3318,1929,1999,98.17,40,0,
3319,1930,1931,71.05,30,0,
3320,1930,2000,176.71,30,0,
3321,1931,1932,48.52,30,1,
3322,1931,2001,110.6,30,1,
3323,1932,1933,110.09,30,1,
3324,1933,2003,107.11,50,0,Bulevardul 1 Decembrie
3325,1934,1935,78.31,30,0,
3326,1934,2004,169.75,40,0,
3327,1935,1936,122.25,30,0,
3328,1936,1937,169.7,30,0,
3329,1936,2006,23.46,30,1,
3330,1937,1938,77.42,30,0,
3331,1937,2007,98.13,40,0,
3332,1938,1939,106.1,30,0,
3333,1938,2008,105.74,50,0,Strada Principala
3334,1939,1940,18.56,30,0,
3335,1939,2009,55.82,30,0,
3336,1940,1941,149.99,30,0,
3337,1940,2010,114.59,50,0,
3338,1941,1942,163.05,40,0,
3339,1941,2011,101.61,50,1,
3340,1942,2012,194.15,30,0,
3341,1943,1944,66.07,30,0,
3342,1943,2013,181.3,50,0,Strada Libertatii
3343,1944,1945,155.93,30,0,
3344,1944,2014,177.0,30,0,
3345,1945,1946,96.2,50,0,
3346,1945,2015,99.97,50,0,
3347,1946,1947,113.65,50,1,
3348,1946,2016,147.51,40,0,
3349,1948,2018,123.81,50,0,Calea Sighisoarei
3350,1949,2019,103.42,30,0,
3351,1950,2020,188.67,40,0,
3352,1951,1952,125.92,30,0,
3353,1951,2021,119.44,40,0,
3354,1952,1953,108.18,40,0,
3355,1952,2022,161.04,50,0,
3356,1953,1954,132.15,30,0,
3357,1953,2023,89.36,50,0,Strada Principala
3358,1954,1955,21.06,30,0,
3359,1956,1957,138.25,30,0,
3360,1956,2026,121.84,50,0,
3361,1958,1959,105.17,50,0,
3362,1958,2028,89.54,50,0,Strada Libertatii
3363,1959,1960,176.76,40,0,
3364,1959,2029,217.86,40,1,
3365,1960,1961,112.68,50,0,
3366,1960,2030,194.29,30,0,
3367,1961,1962,60.25,40,0,
3368,1961,2031,179.33,40,0,
3369,1962,1963,140.53,30,0,
3370,1962,2032,128.72,40,0,
3371,1963,2033,211.8,50,0,Strada Libertatii
3372,1964,1965,13.97,50,0,
3373,1964,2034,163.18,30,0,
3374,1965,1966,109.57,30,0,
3375,1966,1967,145.15,30,0,
3376,1966,2036,176.4,30,0,
3377,1967,1968,141.48,40,0,
3378,1967,2037,81.87,40,0,
3379,1968,1969,55.99,40,0,
3380,1968,2038,124.36,50,0,
3381,1969,1970,194.58,40,0,
3382,1969,2039,180.56,30,0,
3383,1970,1971,182.87,40,1,
3384,1970,2040,163.63,40,0,
3385,1971,1972,106.43,40,0,
3386,1971,2041,116.51,30,0,
3387,1972,1973,123.2,50,0,
3388,1972,2042,186.22,40,0,
3389,1973,1974,97.45,30,0,
3390,1973,2043,117.57,50,0,Bulevardul 1 Decembrie
3391,1974,1975,110.39,30,1,
3392,1974,2044,140.6,50,0,
3393,1975,1976,75.96,30,1,
3394,1975,2045,67.55,30,0,
3395,1977,1978,29.73,30,0,
3396,1977,2047,82.08,50,0,
3397,1978,1979,178.71,40,0,
3398,1978,2048,101.77,50,0,Bulevardul 1 Decembrie
3399,1979,1980,162.79,50,1,
3400,1979,2049,139.05,30,0,
3401,1980,1981,73.06,50,0,
3402,1980,2050,132.15,50,0,
3403,1981,2051,67.96,40,0,
3404,1982,1983,224.94,40,0,
3405,1982,2052,103.8,50,0,
3406,1983,1984,50.34,30,0,
3407,1983,2053,180.1,50,0,Strada Garii
3408,1984,1985,130.39,30,0,
3409,1984,2054,107.63,30,0,
3410,1985,1986,185.23,40,0,
3411,1985,2055,175.4,30,0,
3412,1986,1987,131.19,50,0,
3413,1986,2056,89.83,40,0,
3414,1987,1988,87.62,30,1,
3415,1987,2057,193.78,30,0,
3416,1988,1989,84.15,50,0,
3417,1988,2058,153.07,50,0,
3418,1989,1990,122.44,40,0,
3419,1989,2059,114.74,50,0,
3420,1990,1991,96.12,40,0,
3421,1990,2060,201.88,40,0,
3422,1991,1992,161.88,40,0,
3423,1991,2061,246.28,30,0,
3424,1992,1993,42.99,30,0,
3425,1992,2062,196.88,30,0,
3426,1993,1994,205.23,30,0,
3427,1993,2063,154.5,50,0,Bulevardul 1 Decembrie
3428,1994,1995,165.47,30,0,
3429,1994,2064,117.56,30,0,
3430,1995,1996,57.74,40,0,
3431,1995,2065,139.2,30,1,
3432,1996,1997,55.37,50,0,
3433,1996,2066,133.17,30,0,
3434,1997,1998,238.58,30,0,
3435,1997,2067,180.84,30,1,
3436,1998,1999,45.45,30,1,
3437,1998,2068,99.27,50,0,Calea Sighisoarei
3438,1999,2000,93.32,40,0,
3439,1999,2069,192.99,50,0,
3440,2000,2001,183.85,30,0,
3441,2000,2070,118.41,30,0,
3442,2001,2002,101.0,30,0,
3443,2001,2071,123.78,40,0,
3444,2003,2073,155.86,50,0,Strada Libertatii
3445,2004,2005,132.03,40,1,
3446,2004,2074,124.72,30,0,
3447,2005,2006,96.42,30,0,
3448,2006,2007,148.88,40,0,
3449,2006,2076,188.77,50,0,
3450,2007,2008,91.0,30,0,
3451,2007,2077,135.42,30,0,
3452,2008,2009,113.69,40,0,
3453,2008,2078,126.22,50,0,Strada Libertatii
3454,2009,2010,121.38,40,0,
3455,2009,2079,134.91,30,1,
3456,2010,2011,67.94,30,0,
3457,2010,2080,67.17,50,0,
3458,2011,2012,181.31,40,0,
3459,2011,2081,104.99,50,0,
3460,2012,2013,58.37,30,0,
3461,2012,2082,110.38,50,0,
3462,2013,2014,120.71,50,0,
3463,2013,2083,64.95,50,0,Aleea Carpati
3464,2014,2015,31.84,50,0,
3465,2015,2016,119.95,30,0,
3466,2016,2017,107.76,30,0,
3467,2016,2086,28.13,30,0,
3468,2017,2018,108.85,40,0,
3469,2017,2087,38.86,30,0,
3470,2018,2019,85.95,50,0,
3471,2018,2088,94.7,50,0,Aleea Carpati
3472,2019,2089,118.66,40,0,
3473,2020,2090,128.4,30,0,
3474,2021,2022,131.8,40,0,
3475,2021,2091,185.46,30,1,
3476,2022,2092,81.98,50,0,
3477,2023,2024,86.37,50,0,
3478,2023,2093,86.75,50,0,Bulevardul 1 Decembrie
3479,2024,2025,120.78,30,0,
3480,2024,2094,188.98,40,0,
3481,2025,2026,132.57,40,0,
3482,2025,2095,185.22,30,0,
3483,2026,2027,88.15,30,0,
3484,2027,2097,88.88,30,0,
3485,2028,2029,151.99,30,0,
3486,2028,2098,92.44,50,0,Strada Garii
3487,2029,2030,118.96,30,0,
3488,2030,2100,126.72,50,0,
3489,2031,2032,133.6,30,0,
3490,2031,2101,79.94,30,1,
3491,2032,2033,134.66,30,0,
3492,2032,2102,118.8,30,0,
3493,2033,2034,97.17,30,0,
3494,2033,2103,100.35,50,0,Strada Principala
3495,2034,2035,67.03,30,0,
3496,2034,2104,122.04,40,1,
3497,2035,2036,164.68,50,0,
3498,2035,2105,102.19,30,0,
3499,2036,2037,71.85,40,0,
3500,2036,2106,54.28,50,0,
3501,2037,2038,43.87,50,0,
3502,2037,2107,125.44,50,0,
3503,2038,2039,147.03,50,0,
3504,2038,2108,146.85,50,0,Strada Libertatii
3505,2039,2040,105.62,50,0,
3506,2039,2109,150.7,30,0,
3507,2040,2041,47.74,40,0,
3508,2040,2110,228.33,40,0,
3509,2041,2111,156.04,30,0,
3510,2042,2043,69.79,30,0,
3511,2042,2112,108.28,50,1,
3512,2043,2044,168.8,30,1,
3513,2043,2113,237.65,50,0,Strada Principala
3514,2044,2045,99.62,50,0,
3515,2044,2114,76.88,30,0,
3516,2045,2046,114.61,40,0,
3517,2045,2115,186.67,30,0,
3518,2046,2047,122.07,50,0,
3519,2048,2049,136.92,40,0,
3520,2048,2118,121.51,50,0,
3521,2049,2050,71.91,30,0,
3522,2049,2119,175.98,50,0,
3523,2050,2051,126.8,30,1,
3524,2050,2120,133.48,30,0,
3525,2051,2052,90.91,50,0,
3526,2051,2121,220.71,30,0,
3527,2052,2053,129.02,30,0,
3528,2053,2054,52.23,30,0,
3529,2053,2123,90.41,50,0,
3530,2054,2055,106.27,40,0,
3531,2054,2124,145.7,50,0,
3532,2055,2056,161.25,30,0,
3533,2056,2057,103.47,50,0,
3534,2056,2126,168.62,30,0,
3535,2058,2059,62.99,50,0,
3536,2058,2128,113.22,50,0,Strada Garii
3537,2059,2129,146.52,30,1,
3538,2060,2061,69.75,30,0,
3539,2060,2130,90.26,30,0,
3540,2061,2131,65.57,50,0,
3541,2062,2063,125.78,40,0,
3542,2063,2133,158.15,50,0,Calea Sighisoarei
3543,2064,2065,70.34,30,0,
3544,2064,2134,139.67,40,0,
3545,2065,2135,58.75,30,0,
3546,2066,2067,116.11,40,1,
3547,2067,2068,67.85,40,1,
3548,2068,2138,112.31,50,0,Bulevardul 1 Decembrie
3549,2069,2070,68.98,40,0,
3550,2069,2139,95.3,30,0,
3551,2070,2071,182.8,40,0,
3552,2071,2072,57.07,30,1,
3553,2072,2073,199.69,30,1,
3554,2073,2074,36.08,40,0,
3555,2073,2143,124.25,50,0,Strada Libertatii
3556,2074,2075,100.04,50,0,
3557,2074,2144,106.3,50,0,
3558,2075,2076,113.03,30,0,
3559,2075,2145,89.43,50,0,
3560,2076,2077,158.73,50,0,
3561,2076,2146,79.0,30,0,
3562,2077,2078,45.87,30,0,
3563,2078,2079,117.62,50,0,
3564,2078,2148,95.8,50,0,
3565,2079,2080,100.18,40,0,
3566,2079,2149,73.5,50,0,
3567,2080,2081,152.3,30,0,
3568,2080,2150,163.17,50,0,
3569,2081,2151,109.83,50,0,
3570,2082,2083,173.43,30,0,
3571,2082,2152,176.15,50,0,
3572,2083,2084,161.57,50,1,
3573,2083,2153,190.3,50,0,Bulevardul 1 Decembrie
3574,2084,2085,159.7,30,0,
3575,2085,2086,113.24,30,1,
3576,2085,2155,159.12,30,0,
3577,2086,2156,264.65,40,0,
3578,2087,2088,127.45,50,0,
3579,2087,2157,218.04,30,0,
3580,2088,2089,101.8,40,0,
3581,2088,2158,187.47,50,0,Bulevardul 1 Decembrie
3582,2089,2090,123.29,40,1,
3583,2089,2159,101.1,50,0,
3584,2090,2091,188.74,30,0,
3585,2090,2160,79.2,30,1,
3586,2091,2161,137.72,50,1,
3587,2092,2093,111.69,30,0,
3588,2092,2162,167.11,50,0,
3589,2093,2163,145.32,50,0,Strada Principala
3590,2094,2095,149.94,30,0,
3591,2096,2097,148.25,30,0,
3592,2096,2166,87.27,50,0,
3593,2097,2167,96.69,30,0,
3594,2098,2099,158.85,50,0,Bulevardul 1 Decembrie
3595,2098,2168,166.89,50,0,Strada Garii
3596,2099,2100,150.08,50,0,Strada Garii
3597,2099,2169,71.96,30,1,
3598,2100,2101,80.73,50,0,Strada Garii
3599,2100,2170,83.17,50,0,
3600,2101,2102,100.79,50,0,Calea Sighisoarei
3601,2101,2171,115.15,40,1,
3602,2102,2103,115.71,50,0,Strada Garii
3603,2102,2172,130.58,40,0,
3604,2103,2104,128.43,50,0,Strada Garii
3605,2103,2173,123.72,50,0,Strada Libertatii
3606,2104,2105,71.28,50,0,Strada Garii
3607,2104,2174,123.16,40,0,
3608,2105,2106,161.29,50,0,Strada Garii
3609,2105,2175,131.91,50,0,
3610,2106,2107,27.98,50,0,Strada Principala
3611,2107,2108,166.13,50,0,
3612,2107,2177,191.85,40,1,
3613,2108,2109,94.78,50,0,Strada Principala
3614,2108,2178,79.38,50,0,Bulevardul 1 Decembrie
3615,2109,2110,143.74,50,0,
3616,2109,2179,76.64,30,0,
3617,2110,2111,109.93,50,0,Strada Garii
3618,2110,2180,101.33,30,1,
3619,2111,2112,124.12,50,0,
3620,2111,2181,157.32,30,1,
3621,2112,2113,102.74,50,0,Strada Libertatii
3622,2112,2182,150.4,30,0,
3623,2113,2114,179.47,50,0,Bulevardul 1 Decembrie
3624,2113,2183,77.71,50,0,Strada Principala
3625,2114,2115,87.76,50,0,Strada Principala
3626,2114,2184,162.73,40,0,
3627,2115,2116,134.84,50,0,
3628,2115,2185,53.24,40,0,
3629,2116,2117,158.38,50,0,Calea Sighisoarei
3630,2116,2186,169.68,40,0,
3631,2117,2118,66.64,50,0,Strada Libertatii
3632,2117,2187,84.83,30,0,
3633,2118,2119,87.27,50,0,Calea Sighisoarei
3634,2118,2188,129.15,50,0,Aleea Carpati
3635,2119,2120,164.38,50,0,Strada Garii
3636,2119,2189,139.2,30,0,
3637,2120,2121,147.2,50,0,Strada Libertatii
3638,2120,2190,33.42,30,1,
3639,2121,2122,111.52,50,0,Strada Principala
3640,2121,2191,108.75,30,0,
3641,2122,2123,85.15,50,0,Strada Libertatii
3642,2122,2192,151.53,40,0,
3643,2123,2124,157.82,50,0,Calea Sighisoarei
3644,2123,2193,92.66,50,0,Aleea Carpati
3645,2124,2125,85.06,50,0,Strada Garii
3646,2124,2194,97.16,50,0,
3647,2125,2126,175.7,50,0,Calea Sighisoarei
3648,2125,2195,189.56,50,0,
3649,2126,2127,100.33,50,0,Strada Garii
3650,2126,2196,66.22,30,0,
3651,2127,2128,72.67,50,0,Calea Sighisoarei
3652,2127,2197,172.11,40,0,
3653,2128,2129,174.45,50,0,
3654,2128,2198,161.55,50,0,Calea Sighisoarei
3655,2129,2130,86.03,50,0,Strada Libertatii
3656,2129,2199,102.62,30,0,
3657,2130,2131,131.58,50,0,Strada Garii
3658,2130,2200,156.01,30,0,
3659,2131,2132,129.71,50,0,Strada Libertatii
3660,2131,2201,128.01,50,0,
3661,2132,2133,163.66,50,0,Strada Garii
3662,2132,2202,107.64,30,0,
3663,2133,2134,61.09,50,0,Aleea Carpati
3664,2133,2203,128.44,50,0,Calea Sighisoarei
3665,2134,2135,188.27,50,0,Bulevardul 1 Decembrie
3666,2134,2204,71.07,40,0,
3667,2135,2136,112.94,50,0,Strada Libertatii
3668,2136,2137,86.21,50,0,Bulevardul 1 Decembrie
3669,2136,2206,73.54,40,0,
3670,2137,2138,87.55,50,0,
3671,2138,2139,175.9,50,0,Strada Libertatii
3672,2138,2208,125.22,50,0,
3673,2139,2140,109.34,50,0,Strada Garii
3674,2139,2209,107.1,50,0,
3675,2140,2141,78.7,50,0,Strada Garii
3676,2140,2210,122.59,50,1,
3677,2141,2142,127.74,50,0,Calea Sighisoarei
3678,2142,2143,128.44,50,0,Strada Libertatii
3679,2143,2144,62.45,50,0,Calea Sighisoarei
3680,2143,2213,73.45,50,0,Strada Principala
3681,2144,2145,179.55,50,0,Aleea Carpati
3682,2144,2214,73.68,40,0,
3683,2145,2146,67.37,50,0,Strada Principala
3684,2145,2215,172.3,40,0,
3685,2146,2147,93.5,50,0,Strada Garii
3686,2146,2216,113.31,30,1,
3687,2147,2148,80.84,50,0,Strada Principala
3688,2148,2149,191.3,50,0,
3689,2148,2218,115.84,50,0,Strada Principala
3690,2149,2150,81.5,50,0,Strada Principala
3691,2149,2219,142.99,30,0,
3692,2150,2151,133.66,50,0,Calea Sighisoarei
3693,2150,2220,131.98,30,0,
3694,2151,2152,52.12,50,0,Strada Garii
3695,2152,2153,246.35,50,0,
3696,2152,2222,210.62,50,1,
3697,2153,2154,76.25,50,0,Strada Principala
3698,2153,2223,104.59,50,0,Strada Garii
3699,2154,2155,45.93,50,0,Bulevardul 1 Decembrie
3700,2154,2224,187.08,30,0,
3701,2155,2156,88.1,50,0,Calea Sighisoarei
3702,2155,2225,101.37,40,0,
3703,2156,2157,159.92,50,0,Calea Sighisoarei
3704,2156,2226,129.29,30,0,
3705,2157,2158,135.32,50,0,Strada Garii
3706,2158,2159,86.5,50,0,Strada Principala
3707,2158,2228,101.35,50,0,Strada Libertatii
3708,2159,2160,128.57,50,0,
3709,2159,2229,126.13,30,0,
3710,2160,2161,147.4,50,0,Aleea Carpati
3711,2160,2230,127.16,50,0,
3712,2161,2162,53.33,50,0,Strada Principala
3713,2161,2231,116.04,30,0,
3714,2162,2163,156.84,50,0,Aleea Carpati
3715,2162,2232,104.13,40,0,
3716,2163,2164,47.19,50,0,Strada Garii
3717,2163,2233,155.12,50,0,
3718,2164,2165,164.79,50,0,Bulevardul 1 Decembrie
3719,2164,2234,80.82,30,0,
3720,2165,2166,63.7,50,0,Aleea Carpati
3721,2165,2235,79.13,50,0,
3722,2166,2167,146.72,50,0,
3723,2166,2236,116.16,30,0,
3724,2167,2237,140.56,50,0,
3725,2168,2169,72.03,40,0,
3726,2168,2238,216.55,50,0,Strada Libertatii
3727,2169,2170,110.73,40,0,
3728,2169,2239,53.74,50,1,
3729,2170,2240,80.99,30,0,
3730,2171,2172,71.58,40,0,
3731,2171,2241,49.55,30,0,
3732,2172,2173,201.33,30,0,
3733,2173,2174,7.85,40,0,
3734,2173,2243,159.67,50,0,
3735,2175,2176,106.05,40,0,
3736,2175,2245,129.97,30,0,
3737,2176,2177,127.31,50,0,
3738,2177,2178,70.87,50,0,
3739,2177,2247,119.65,40,0,
3740,2178,2179,107.48,40,0,
3741,2178,2248,153.39,50,0,Bulevardul 1 Decembrie
3742,2179,2180,69.93,30,0,
3743,2179,2249,171.58,40,0,
3744,2180,2181,185.85,30,0,
3745,2180,2250,114.99,50,0,
3746,2181,2182,126.33,30,0,
3747,2181,2251,14.11,50,0,
3748,2182,2183,8.1,50,0,
3749,2182,2252,154.97,30,0,
3750,2183,2184,173.58,30,0,
3751,2183,2253,172.95,50,0,Calea Sighisoarei
3752,2185,2186,160.64,30,0,
3753,2185,2255,180.13,40,0,
3754,2186,2187,81.24,40,0,
3755,2186,2256,159.7,30,0,
3756,2187,2188,88.89,50,0,
3757,2187,2257,137.37,40,0,
3758,2188,2189,155.81,40,0,
3759,2188,2258,119.89,50,0,Bulevardul 1 Decembrie
3760,2189,2190,78.77,30,0,
3761,2189,2259,110.12,30,0,
3762,2190,2191,172.73,40,1,
3763,2190,2260,210.49,40,0,
3764,2191,2192,129.61,40,1,
3765,2191,2261,18.7,30,0,
3766,2192,2193,53.83,40,0,
3767,2192,2262,175.26,50,0,
3768,2193,2263,198.63,50,0,Strada Principala
3769,2194,2195,191.43,50,0,
3770,2194,2264,227.07,30,0,
3771,2195,2196,54.61,30,0,
3772,2195,2265,131.92,30,0,
3773,2196,2197,146.5,50,0,
3774,2196,2266,146.02,30,0,
3775,2197,2267,95.45,30,0,
3776,2198,2199,84.36,30,0,
3777,2198,2268,129.48,50,0,Strada Principala
3778,2199,2269,130.59,30,0,
3779,2200,2270,124.89,30,0,
3780,2201,2271,213.7,30,0,
3781,2202,2203,97.79,50,0,
3782,2203,2204,97.86,30,0,
3783,2203,2273,169.97,50,0,Strada Garii
3784,2204,2205,119.02,40,0,
3785,2204,2274,123.64,30,0,
3786,2205,2206,166.19,40,0,
3787,2206,2207,135.7,30,0,
3788,2207,2208,97.53,30,0,
3789,2207,2277,53.87,40,1,
3790,2208,2209,68.2,30,0,
3791,2208,2278,182.64,50,0,Strada Garii
3792,2209,2210,125.62,40,0,
3793,2210,2211,134.2,30,0,
3794,2210,2280,120.19,50,1,
3795,2211,2212,109.0,50,0,
3796,2211,2281,80.09,40,0,
3797,2212,2213,77.46,30,0,
3798,2213,2214,156.71,30,0,
3799,2213,2283,147.84,50,0,Strada Principala
3800,2214,2215,7.28,30,0,
3801,2214,2284,147.77,30,0,
3802,2215,2216,184.67,50,0,
3803,2215,2285,116.32,50,0,
3804,2216,2217,116.96,30,0,
3805,2216,2286,209.23,30,0,
3806,2217,2287,82.31,30,1,
3807,2218,2219,130.42,30,1,
3808,2218,2288,167.32,50,0,Bulevardul 1 Decembrie
3809,2219,2220,108.55,30,0,
3810,2219,2289,227.92,30,0,
3811,2220,2221,118.96,50,0,
3812,2220,2290,106.42,50,0,
3813,2221,2222,147.13,30,0,
3814,2221,2291,17.58,40,0,
3815,2222,2223,75.05,30,0,
3816,2222,2292,67.09,30,0,
3817,2223,2224,165.77,50,1,
3818,2223,2293,99.49,50,0,Strada Libertatii
3819,2224,2225,66.34,50,1,
3820,2224,2294,15.08,40,0,
3821,2225,2226,156.53,50,0,
3822,2226,2227,140.52,40,0,
3823,2226,2296,61.73,30,0,
3824,2227,2228,79.42,50,0,
3825,2227,2297,112.81,30,1,
3826,2228,2229,77.61,30,0,
3827,2228,2298,155.97,50,0,Strada Principala
3828,2229,2299,169.56,30,0,
3829,2230,2300,52.68,30,0,
3830,2231,2232,47.03,30,0,
3831,2231,2301,84.07,50,0,
3832,2232,2233,170.89,30,0,
3833,2232,2302,36.64,30,0,
3834,2233,2234,87.66,30,1,
3835,2233,2303,127.88,50,0,Aleea Carpati
3836,2234,2235,116.11,30,0,
3837,2234,2304,166.8,30,1,
3838,2235,2305,114.29,30,0,
3839,2236,2237,160.86,30,0,
3840,2236,2306,202.07,30,0,
3841,2237,2307,97.63,30,0,
3842,2238,2239,228.27,50,0,
3843,2238,2308,42.94,50,0,Calea Sighisoarei
3844,2239,2240,97.81,40,0,
3845,2239,2309,224.96,40,0,
3846,2240,2241,133.47,30,0,
3847,2240,2310,132.04,30,0,
3848,2241,2242,90.95,40,0,
3849,2241,2311,199.94,30,0,
3850,2242,2243,202.38,50,0,
3851,2243,2244,61.65,30,0,
3852,2243,2313,145.99,50,0,
3853,2244,2245,109.08,50,0,
3854,2245,2246,117.28,50,0,
3855,2245,2315,147.66,30,0,
3856,2246,2247,64.31,50,0,
3857,2246,2316,173.27,30,0,
3858,2247,2248,76.92,40,0,
3859,2248,2318,93.05,50,0,Strada Garii
3860,2249,2250,80.83,50,1,
3861,2249,2319,100.68,50,0,
3862,2250,2251,122.82,50,1,
3863,2250,2320,52.93,50,0,
3864,2251,2252,102.1,40,0,
3865,2251,2321,272.74,30,0,
3866,2252,2253,141.53,30,0,
3867,2252,2322,29.08,40,0,
3868,2253,2254,140.61,40,0,
3869,2253,2323,34.4,50,0,Calea Sighisoarei
3870,2254,2255,168.25,40,0,
3871,2254,2324,136.44,40,0,
3872,2255,2325,49.38,50,0,
3873,2256,2257,189.77,40,0,
3874,2256,2326,109.38,50,0,
3875,2257,2258,92.45,40,0,
3876,2257,2327,82.5,40,0,
3877,2258,2259,89.33,30,0,
3878,2258,2328,129.08,50,0,Bulevardul 1 Decembrie
3879,2259,2260,164.92,40,0,
3880,2259,2329,168.09,30,1,
3881,2260,2261,78.1,40,0,
3882,2260,2330,160.43,30,0,
3883,2261,2331,167.97,30,0,
3884,2262,2263,219.52,40,0,
3885,2262,2332,57.27,30,0,
3886,2263,2333,131.35,50,0,
3887,2264,2265,149.87,50,0,
3888,2264,2334,171.13,40,0,
3889,2265,2335,115.89,40,0,
3890,2266,2267,101.45,40,0,
3891,2266,2336,97.05,50,1,
3892,2267,2268,116.72,30,0,
3893,2267,2337,159.42,30,0,
3894,2268,2269,116.89,50,0,
3895,2268,2338,119.45,50,0,
3896,2269,2270,93.03,40,0,
3897,2269,2339,192.5,50,0,
3898,2270,2271,77.57,40,0,
3899,2270,2340,121.29,30,0,
3900,2271,2272,144.72,30,0,
3901,2271,2341,93.91,30,0,
3902,2272,2273,101.33,40,0,
3903,2272,2342,137.24,40,0,
3904,2273,2274,113.96,30,0,
3905,2273,2343,75.33,50,0,Calea Sighisoarei
3906,2274,2275,193.24,40,0,
3907,2274,2344,145.19,40,0,
3908,2275,2345,44.5,30,0,
3909,2276,2277,161.96,30,0,
3910,2276,2346,185.54,50,0,
3911,2277,2278,55.46,30,0,
3912,2277,2347,148.48,30,0,
3913,2278,2279,198.58,50,0,
3914,2278,2348,147.01,50,0,Strada Garii
3915,2279,2280,85.34,50,0,
3916,2279,2349,134.12,40,1,
3917,2280,2281,91.0,30,0,
3918,2280,2350,102.42,40,0,
3919,2281,2282,70.18,30,1,
3920,2282,2283,129.03,40,0,
3921,2283,2284,72.84,30,1,
3922,2283,2353,12.35,50,0,Bulevardul 1 Decembrie
3923,2284,2285,135.94,50,0,
3924,2284,2354,98.5,50,0,
3925,2285,2286,70.39,30,0,
3926,2285,2355,140.11,40,1,
3927,2286,2287,231.64,50,0,
3928,2286,2356,132.55,50,0,
3929,2287,2288,62.84,30,0,
3930,2287,2357,170.0,30,0,
3931,2288,2358,68.69,50,0,Aleea Carpati
3932,2289,2290,213.57,30,0,
3933,2290,2291,30.71,40,0,
3934,2290,2360,165.71,30,0,
3935,2291,2292,86.38,40,0,
3936,2291,2361,190.89,30,0,
3937,2292,2362,180.04,50,1,
3938,2293,2363,204.03,50,0,Bulevardul 1 Decembrie
3939,2294,2295,71.13,40,0,
3940,2294,2364,154.67,30,1,
3941,2295,2296,145.28,30,1,
3942,2295,2365,166.81,40,0,
3943,2296,2297,102.36,30,0,
3944,2296,2366,113.61,50,0,
3945,2297,2298,167.3,50,0,
3946,2298,2368,145.95,50,0,
3947,2299,2300,155.23,30,0,
3948,2299,2369,92.05,50,0,
3949,2300,2301,93.16,30,0,
3950,2300,2370,227.64,50,0,
3951,2301,2371,91.44,30,0,
3952,2302,2303,111.74,30,0,
3953,2303,2304,187.14,30,0,
3954,2303,2373,75.19,50,0,Strada Garii
3955,2304,2374,122.44,40,0,
3956,2305,2306,95.97,40,0,
3957,2305,2375,166.49,40,0,
3958,2306,2307,223.74,50,0,
3959,2306,2376,99.21,40,0,
3960,2307,2377,108.71,40,0,
3961,2308,2309,206.91,30,0,
3962,2308,2378,158.2,50,0,Bulevardul 1 Decembrie
3963,2309,2379,80.99,30,0,
3964,2310,2311,102.98,30,0,
3965,2312,2313,205.05,50,0,
3966,2312,2382,139.53,30,0,
3967,2313,2314,33.91,30,0,
3968,2313,2383,113.9,50,0,Strada Garii
3969,2314,2315,89.71,30,0,
3970,2314,2384,49.04,30,0,
3971,2315,2385,96.5,30,0,
3972,2316,2317,65.31,40,0,
3973,2317,2318,236.78,30,0,
3974,2317,2387,147.25,30,0,
3975,2318,2319,75.85,40,0,
3976,2318,2388,208.17,50,0,Aleea Carpati
3977,2319,2320,125.17,30,0,
3978,2319,2389,141.81,30,0,
3979,2320,2390,268.63,50,0,
3980,2321,2322,222.16,50,0,
3981,2321,2391,90.24,30,0,
3982,2322,2323,120.54,30,1,
3983,2322,2392,237.88,30,0,
3984,2323,2324,67.18,30,0,
3985,2323,2393,140.72,50,0,Strada Principala
3986,2324,2394,246.18,30,0,
3987,2325,2326,115.06,30,0,
3988,2326,2396,195.98,40,0,
3989,2327,2328,86.36,30,0,
3990,2327,2397,136.8,30,0,
3991,2328,2329,110.95,30,0,
3992,2328,2398,152.19,50,0,Bulevardul 1 Decembrie
3993,2329,2330,64.85,40,0,
3994,2329,2399,70.86,30,0,
3995,2330,2331,182.71,40,0,
3996,2330,2400,178.14,30,0,
3997,2331,2332,75.92,40,1,
3998,2331,2401,85.38,50,1,
3999,2332,2333,71.6,30,0,
4000,2332,2402,155.69,50,0,
4001,2333,2334,205.58,40,0,
4002,2333,2403,198.21,50,0,Strada Garii
4003,2334,2335,27.16,30,1,
4004,2334,2404,127.04,30,0,
4005,2335,2336,103.39,30,0,
4006,2335,2405,163.67,50,0,
4007,2336,2337,217.48,40,0,
4008,2336,2406,182.58,50,1,
4009,2337,2338,36.79,50,0,
4010,2337,2407,166.48,50,0,
4011,2338,2339,96.27,30,0,
4012,2338,2408,87.31,50,0,Strada Principala
4013,2339,2340,122.27,30,0,
4014,2339,2409,51.12,50,0,
4015,2340,2341,43.66,50,0,
4016,2340,2410,107.05,50,0,
4017,2341,2411,228.79,50,0,
4018,2342,2343,116.15,50,0,
4019,2343,2344,247.31,30,0,
4020,2343,2413,241.51,50,0,Bulevardul 1 Decembrie
4021,2344,2414,115.29,40,0,
4022,2345,2346,108.76,30,0,
4023,2345,2415,162.71,40,0,
4024,2346,2416,100.78,30,1,
4025,2347,2348,145.34,30,0,
4026,2348,2349,90.98,30,0,
4027,2348,2418,76.46,50,0,Bulevardul 1 Decembrie
4028,2349,2350,131.98,30,0,
4029,2349,2419,142.25,30,1,
4030,2350,2351,104.93,30,0,
4031,2351,2352,151.22,30,0,
4032,2351,2421,182.98,30,0,
4033,2352,2353,72.86,50,0,
4034,2352,2422,265.01,40,0,
4035,2353,2354,118.14,30,0,
4036,2353,2423,227.36,50,0,Aleea Carpati
4037,2354,2355,85.46,30,0,
4038,2354,2424,104.63,50,0,
4039,2355,2356,124.64,30,0,
4040,2355,2425,207.34,50,0,
4041,2356,2357,38.05,30,0,
4042,2356,2426,132.5,50,0,
4043,2357,2358,203.81,30,0,
4044,2357,2427,235.89,30,0,
4045,2358,2359,95.95,40,0,
4046,2358,2428,99.27,50,0,Bulevardul 1 Decembrie
4047,2359,2360,56.27,50,0,
4048,2359,2429,101.61,50,0,
4049,2360,2361,196.97,30,0,
4050,2360,2430,93.7,50,0,
4051,2361,2362,64.22,50,0,
4052,2361,2431,177.99,30,0,
4053,2362,2363,69.58,30,0,
4054,2362,2432,98.94,30,0,
4055,2363,2364,196.25,30,0,
4056,2363,2433,87.79,50,0,Strada Libertatii
4057,2364,2365,81.36,40,1,
4058,2364,2434,221.41,40,0,
4059,2365,2366,143.68,30,0,
4060,2365,2435,110.94,40,0,
4061,2366,2367,74.91,30,0,
4062,2366,2436,208.43,50,0,
4063,2367,2368,55.96,30,0,
4064,2367,2437,161.36,50,0,
4065,2368,2438,179.91,50,0,Strada Garii
4066,2369,2370,30.87,30,1,
4067,2369,2439,141.28,30,0,
4068,2370,2371,150.99,40,0,
4069,2370,2440,68.95,40,0,
4070,2371,2372,197.41,30,0,
4071,2371,2441,183.69,30,0,
4072,2372,2373,22.94,30,0,
4073,2372,2442,247.02,40,0,
4074,2373,2443,203.67,50,0,Strada Libertatii
4075,2374,2375,67.23,30,0,
4076,2374,2444,60.0,30,0,
4077,2375,2376,143.61,50,0,
4078,2375,2445,33.18,50,0,
4079,2376,2377,127.33,30,0,
4080,2376,2446,100.63,40,1,
4081,2378,2448,173.94,50,0,Strada Principala
4082,2379,2380,90.01,30,0,
4083,2379,2449,186.24,40,0,
4084,2380,2381,151.32,30,0,
4085,2380,2450,64.32,40,0,
4086,2381,2382,126.12,30,0,
4087,2381,2451,156.02,30,1,
4088,2382,2383,63.87,50,0,
4089,2382,2452,196.51,30,0,
4090,2383,2384,154.21,30,0,
4091,2383,2453,107.22,50,0,Aleea Carpati
4092,2384,2454,136.07,30,1,
4093,2385,2386,43.67,30,0,
4094,2385,2455,114.67,50,0,
4095,2386,2456,279.38,30,0,
4096,2387,2388,111.54,40,0,
4097,2388,2389,58.68,50,0,
4098,2388,2458,148.09,50,0,Calea Sighisoarei
4099,2389,2390,126.03,30,0,
4100,2389,2459,24.35,40,0,
4101,2390,2391,108.3,30,0,
4102,2390,2460,35.79,30,0,
4103,2391,2461,84.26,30,0,
4104,2392,2393,49.88,40,0,
4105,2392,2462,94.61,50,0,
4106,2393,2394,139.61,40,0,
4107,2393,2463,127.6,50,0,Strada Principala
4108,2394,2395,202.46,30,0,
4109,2394,2464,96.73,40,0,
4110,2395,2396,229.42,30,0,
4111,2395,2465,201.02,30,1,
4112,2396,2397,118.93,30,1,
4113,2396,2466,69.82,50,0,
4114,2397,2398,31.81,50,0,
4115,2397,2467,152.4,50,0,
4116,2398,2399,178.22,30,0,
4117,2398,2468,180.01,50,0,Calea Sighisoarei
4118,2399,2469,198.21,50,0,
4119,2400,2401,158.91,30,0,
4120,2400,2470,88.79,30,0,
4121,2401,2471,175.14,30,1,
4122,2402,2403,102.3,40,0,
4123,2403,2404,51.81,50,0,
4124,2403,2473,88.03,50,0,Calea Sighisoarei
4125,2404,2405,163.03,30,0,
4126,2404,2474,155.12,40,0,
4127,2405,2475,112.77,30,1,
4128,2406,2407,74.36,30,1,
4129,2407,2477,183.25,30,0,
4130,2408,2478,245.08,50,0,Calea Sighisoarei
4131,2409,2410,116.43,30,0,
4132,2409,2479,165.55,30,0,
4133,2410,2411,137.74,50,0,
4134,2410,2480,147.7,40,0,
4135,2411,2412,163.34,50,0,
4136,2412,2482,191.33,30,0,
4137,2413,2414,135.65,30,0,
4138,2413,2483,90.85,50,0,Bulevardul 1 Decembrie
4139,2414,2484,196.99,30,1,
4140,2415,2416,90.6,30,0,
4141,2415,2485,147.22,30,0,
4142,2416,2417,143.45,50,0,
4143,2416,2486,148.88,30,0,
4144,2417,2418,65.32,40,0,
4145,2417,2487,187.87,40,0,
4146,2418,2419,114.76,30,0,
4147,2418,2488,91.87,50,0,Strada Garii
4148,2419,2420,171.4,30,0,
4149,2419,2489,166.17,30,0,
4150,2420,2421,103.58,50,1,
4151,2421,2422,105.15,30,0,
4152,2421,2491,15.09,30,0,
4153,2422,2492,94.54,40,0,
4154,2423,2424,132.43,30,0,
4155,2423,2493,59.77,50,0,
4156,2424,2425,132.13,50,0,
4157,2424,2494,158.89,50,0,
4158,2425,2426,82.85,30,1,
4159,2425,2495,25.11,30,0,
4160,2426,2427,154.03,50,0,
4161,2427,2428,171.94,40,0,
4162,2427,2497,80.86,30,1,
4163,2428,2498,279.59,50,0,
4164,2429,2430,172.68,30,0,
4165,2430,2431,171.72,50,0,
4166,2430,2500,245.33,40,1,
4167,2431,2432,150.89,40,0,
4168,2432,2433,138.73,50,0,
4169,2432,2502,171.76,30,0,
4170,2433,2503,163.38,50,0,Strada Principala
4171,2434,2435,82.52,50,0,
4172,2435,2436,164.24,30,0,
4173,2436,2506,67.06,50,0,
4174,2437,2438,97.0,30,0,
4175,2437,2507,141.72,40,0,
4176,2438,2439,118.85,30,0,
4177,2438,2508,182.13,50,0,Strada Libertatii
4178,2439,2440,85.54,30,0,
4179,2439,2509,47.86,30,0,
4180,2440,2441,101.84,30,0,
4181,2440,2510,145.03,30,1,
4182,2441,2442,93.36,30,0,
4183,2441,2511,146.68,30,0,
4184,2442,2443,172.42,50,0,
4185,2442,2512,69.72,30,0,
4186,2443,2444,116.66,40,0,
4187,2443,2513,77.31,50,0,Strada Libertatii
4188,2444,2445,121.39,50,0,
4189,2444,2514,178.25,30,1,
4190,2445,2446,123.31,50,0,
4191,2445,2515,185.62,30,0,
4192,2446,2516,94.67,50,0,
4193,2447,2517,174.7,40,0,
4194,2448,2449,64.76,50,0,Strada Garii
4195,2448,2518,122.81,50,0,Strada Principala
4196,2449,2450,105.84,50,0,Strada Garii
4197,2449,2519,134.29,30,0,
4198,2450,2451,76.59,50,0,Bulevardul 1 Decembrie
4199,2450,2520,157.59,40,0,
4200,2451,2452,177.8,50,0,Calea Sighisoarei
4201,2451,2521,129.95,30,0,
4202,2452,2453,67.65,50,0,Strada Principala
4203,2452,2522,17.03,30,0,
4204,2453,2454,101.22,50,0,Aleea Carpati
4205,2453,2523,63.01,50,0,Aleea Carpati
4206,2454,2455,183.78,50,0,Strada Libertatii
4207,2454,2524,164.49,30,1,
4208,2455,2456,188.11,50,0,
4209,2456,2457,237.3,50,0,Bulevardul 1 Decembrie
4210,2456,2526,109.86,30,0,
4211,2457,2458,73.62,50,0,Calea Sighisoarei
4212,2457,2527,163.4,30,0,
4213,2458,2459,198.59,50,0,Bulevardul 1 Decembrie
4214,2458,2528,79.56,50,0,Calea Sighisoarei
4215,2459,2460,130.08,50,0,Bulevardul 1 Decembrie
4216,2459,2529,233.73,50,0,
4217,2460,2461,79.23,50,0,Bulevardul 1 Decembrie
4218,2460,2530,201.05,50,0,
4219,2461,2462,79.87,50,0,
4220,2461,2531,210.34,50,0,
4221,2462,2463,108.81,50,0,Strada Libertatii
4222,2462,2532,177.37,50,1,
4223,2463,2464,119.75,50,0,Strada Garii
4224,2463,2533,125.01,50,0,Strada Principala
4225,2464,2465,98.18,50,0,Strada Principala
4226,2464,2534,52.64,40,0,
4227,2465,2466,95.53,50,0,Strada Garii
4228,2465,2535,239.46,30,0,
4229,2466,2467,189.96,50,0,Strada Garii
4230,2466,2536,199.14,50,0,
4231,2467,2468,62.01,50,0,Aleea Carpati
4232,2467,2537,132.12,30,0,
4233,2468,2469,128.31,50,0,Strada Principala
4234,2468,2538,85.08,50,0,Strada Garii
4235,2469,2470,82.09,50,0,Strada Libertatii
4236,2469,2539,22.34,40,0,
4237,2470,2471,124.75,50,0,Calea Sighisoarei
4238,2470,2540,112.71,30,0,
4239,2471,2472,47.62,50,0,Strada Garii
4240,2471,2541,173.7,30,0,
4241,2472,2473,224.11,50,0,Calea Sighisoarei
4242,2473,2474,76.99,50,0,Calea Sighisoarei
4243,2473,2543,196.05,50,0,Calea Sighisoarei
4244,2474,2475,66.62,50,0,Aleea Carpati
4245,2474,2544,75.54,50,0,
4246,2475,2476,153.35,50,0,Strada Principala
4247,2475,2545,79.31,50,1,
4248,2476,2477,85.51,50,0,Strada Principala
4249,2476,2546,119.77,40,0,
4250,2477,2478,83.57,50,0,Aleea Carpati
4251,2478,2479,96.82,50,0,
4252,2478,2548,80.58,50,0,Strada Libertatii
4253,2479,2480,113.75,50,0,
4254,2479,2549,125.13,30,0,
4255,2480,2481,88.7,50,0,
4256,2480,2550,136.67,30,0,
4257,2481,2482,117.26,50,0,Strada Principala
4258,2482,2483,126.42,50,0,Strada Principala
4259,2482,2552,57.25,50,0,
4260,2483,2484,117.04,50,0,Strada Libertatii
4261,2483,2553,118.76,50,0,Aleea Carpati
4262,2484,2485,178.94,50,0,Strada Garii
4263,2484,2554,64.1,50,1,
4264,2485,2486,50.51,50,0,Bulevardul 1 Decembrie
4265,2485,2555,115.94,30,0,
4266,2486,2487,125.48,50,0,Bulevardul 1 Decembrie
4267,2486,2556,121.14,50,0,
4268,2487,2488,155.75,50,0,Bulevardul 1 Decembrie
4269,2487,2557,155.36,30,1,
4270,2488,2489,169.82,50,0,Calea Sighisoarei
4271,2488,2558,237.28,50,0,
4272,2489,2490,171.16,50,0,Aleea Carpati
4273,2489,2559,32.27,30,0,
4274,2490,2491,81.67,50,0,Strada Garii
4275,2491,2492,136.35,50,0,
4276,2491,2561,160.08,30,0,
4277,2492,2493,106.29,50,0,Strada Garii
4278,2492,2562,97.34,40,0,
4279,2493,2494,131.4,50,0,Calea Sighisoarei
4280,2493,2563,217.78,50,0,Calea Sighisoarei
4281,2494,2495,75.02,50,0,Strada Principala
4282,2494,2564,104.5,50,0,
4283,2495,2496,116.33,50,0,Strada Libertatii
4284,2495,2565,201.47,30,0,
4285,2496,2497,101.0,50,0,
4286,2496,2566,173.24,40,0,
4287,2497,2498,124.77,50,0,Bulevardul 1 Decembrie
4288,2497,2567,135.68,30,0,
4289,2498,2499,175.47,50,0,
4290,2498,2568,67.73,50,0,Strada Libertatii
4291,2499,2500,57.83,50,0,Strada Principala
4292,2500,2501,120.32,50,0,
4293,2500,2570,91.6,30,1,
4294,2501,2502,126.83,50,0,Strada Libertatii
4295,2501,2571,127.68,50,1,
4296,2502,2503,115.39,50,0,Strada Principala
4297,2502,2572,81.29,30,0,
4298,2503,2504,74.42,50,0,
4299,2503,2573,92.95,50,0,Strada Principala
4300,2504,2505,146.48,50,0,
4301,2505,2506,215.47,50,0,Strada Garii
4302,2505,2575,86.02,40,0,
4303,2506,2507,29.44,50,0,Aleea Carpati
4304,2507,2508,116.4,50,0,Bulevardul 1 Decembrie
4305,2507,2577,124.64,50,1,
4306,2508,2509,188.83,50,0,Calea Sighisoarei
4307,2508,2578,90.36,50,0,Strada Principala
4308,2509,2510,150.0,50,0,
4309,2509,2579,150.82,30,0,
4310,2510,2511,111.67,50,0,Strada Libertatii
4311,2510,2580,116.52,40,1,
4312,2511,2512,9.36,50,0,Strada Principala
4313,2511,2581,126.31,40,0,
4314,2512,2513,95.03,50,0,Bulevardul 1 Decembrie
4315,2512,2582,158.58,30,1,
4316,2513,2514,106.73,50,0,Bulevardul 1 Decembrie
4317,2513,2583,231.02,50,0,
4318,2514,2515,75.37,50,0,Calea Sighisoarei
4319,2514,2584,177.17,30,0,
4320,2515,2516,97.1,50,0,Strada Garii
4321,2515,2585,77.81,40,1,
4322,2516,2517,193.7,50,0,Calea Sighisoarei
4323,2517,2587,75.8,30,0,
4324,2518,2588,186.12,50,0,Strada Libertatii
4325,2519,2520,83.15,30,0,
4326,2519,2589,58.99,50,1,
4327,2520,2521,110.27,40,0,
4328,2520,2590,65.9,30,0,
4329,2521,2522,154.78,30,0,
4330,2522,2523,30.13,50,0,
4331,2522,2592,127.19,30,0,
4332,2523,2593,244.42,50,0,
4333,2524,2525,156.64,30,0,
4334,2525,2526,97.57,30,0,
4335,2526,2527,147.13,30,0,
4336,2527,2528,36.59,50,0,
4337,2527,2597,96.75,40,0,
4338,2528,2529,120.11,40,1,
4339,2528,2598,119.95,50,0,Strada Garii
4340,2529,2530,104.43,50,0,
4341,2529,2599,118.55,50,0,
4342,2530,2531,63.81,30,0,
4343,2531,2532,221.13,30,0,
4344,2531,2601,164.91,40,0,
4345,2532,2602,128.65,50,1,
4346,2533,2534,123.62,40,0,
4347,2533,2603,170.17,50,0,Aleea Carpati
4348,2534,2604,162.0,30,0,
4349,2535,2536,144.74,50,0,
4350,2535,2605,79.23,50,0,
4351,2536,2537,108.47,30,0,
4352,2536,2606,75.87,50,0,
4353,2537,2538,73.65,40,0,
4354,2538,2539,205.11,40,0,
4355,2538,2608,165.69,50,0,
4356,2539,2540,80.67,30,0,
4357,2540,2610,162.73,50,0,
4358,2541,2611,163.62,50,0,
4359,2542,2612,226.45,40,0,
4360,2543,2613,109.72,50,0,
4361,2544,2545,142.13,30,0,
4362,2544,2614,130.26,30,0,
4363,2545,2546,95.76,50,1,
4364,2545,2615,127.89,30,0,
4365,2546,2547,117.01,40,0,
4366,2546,2616,83.02,50,0,
4367,2547,2548,67.75,30,0,
4368,2547,2617,139.05,50,0,
4369,2548,2549,103.12,30,0,
4370,2548,2618,80.83,50,0,Strada Garii
4371,2549,2550,146.15,50,0,
4372,2549,2619,93.05,30,0,
4373,2550,2551,117.28,40,0,
4374,2550,2620,57.76,40,0,
4375,2551,2552,62.57,40,0,
4376,2551,2621,169.82,50,0,
4377,2552,2553,76.96,50,0,
4378,2552,2622,126.3,30,0,
4379,2553,2554,169.1,40,0,
4380,2553,2623,205.89,50,0,Calea Sighisoarei
4381,2554,2555,112.52,30,0,
4382,2555,2556,139.31,40,0,
4383,2555,2625,83.01,30,0,
4384,2557,2627,27.23,30,1,
4385,2558,2559,116.47,30,0,
4386,2558,2628,81.49,50,0,Strada Principala
4387,2559,2560,100.84,40,0,
4388,2559,2629,127.83,40,0,
4389,2560,2561,155.86,50,1,
4390,2560,2630,175.94,30,0,
4391,2561,2631,123.03,50,0,
4392,2562,2563,75.96,50,0,
4393,2562,2632,140.93,40,0,
4394,2563,2564,155.54,30,0,
4395,2563,2633,37.01,50,0,Aleea Carpati
4396,2564,2565,103.84,30,0,
4397,2564,2634,111.56,30,0,
4398,2565,2566,55.7,30,0,
4399,2565,2635,97.94,40,0,
4400,2566,2567,180.57,30,0,
4401,2566,2636,93.02,40,0,
4402,2567,2568,75.41,50,1,
4403,2568,2569,111.87,30,0,
4404,2568,2638,97.09,50,0,Bulevardul 1 Decembrie
4405,2569,2570,32.02,50,0,
4406,2569,2639,142.33,30,0,
4407,2570,2640,131.35,30,0,
4408,2571,2572,69.13,30,0,
4409,2571,2641,168.69,30,0,
4410,2572,2573,119.56,50,1,
4411,2572,2642,107.3,30,0,
4412,2573,2574,111.47,30,1,
4413,2573,2643,132.86,50,0,Aleea Carpati
4414,2574,2575,135.65,30,0,
4415,2574,2644,118.86,30,0,
4416,2575,2576,79.55,30,0,
4417,2575,2645,181.71,30,0,
4418,2576,2577,55.17,40,0,
4419,2576,2646,75.65,30,0,
4420,2577,2578,226.75,30,0,
4421,2577,2647,225.03,40,0,
4422,2578,2648,143.67,50,0,Strada Libertatii
4423,2579,2580,155.86,50,0,
4424,2579,2649,150.88,40,0,
4425,2580,2581,82.31,30,0,
4426,2580,2650,195.97,30,0,
4427,2581,2582,127.31,30,0,
4428,2581,2651,199.53,40,0,
4429,2582,2652,52.6,30,0,
4430,2583,2584,137.61,30,0,
4431,2583,2653,46.51,50,0,Strada Libertatii
4432,2584,2585,99.7,30,0,
4433,2584,2654,145.49,30,0,
4434,2585,2586,62.94,50,0,
4435,2585,2655,108.43,30,0,
4436,2586,2656,117.8,30,1,
4437,2587,2657,148.72,30,0,
4438,2588,2589,154.82,30,0,
4439,2588,2658,57.08,50,0,Strada Principala
4440,2589,2590,98.43,30,0,
4441,2589,2659,101.99,30,0,
4442,2590,2591,49.1,40,0,
4443,2590,2660,117.87,30,0,
4444,2592,2593,221.03,50,1,
4445,2592,2662,275.21,30,0,
4446,2593,2594,86.72,50,0,
4447,2593,2663,48.34,50,0,Strada Libertatii
4448,2594,2595,126.55,50,0,
4449,2594,2664,158.24,30,0,
4450,2595,2596,78.65,40,0,
4451,2595,2665,150.18,50,0,
4452,2596,2597,171.63,50,1,
4453,2596,2666,129.24,50,0,
4454,2597,2598,96.98,40,0,
4455,2597,2667,152.79,30,0,
4456,2598,2599,154.91,30,0,
4457,2598,2668,134.39,50,0,Strada Garii
4458,2599,2600,16.63,30,0,
4459,2599,2669,154.68,30,0,
4460,2600,2601,140.23,50,0,
4461,2600,2670,141.99,30,0,
4462,2601,2602,36.54,50,0,
4463,2602,2603,194.48,30,0,
4464,2603,2604,54.41,40,0,
4465,2603,2673,159.91,50,0,Strada Libertatii
4466,2604,2605,156.22,30,0,
4467,2604,2674,152.75,30,0,
4468,2605,2606,84.42,30,0,
4469,2606,2607,166.3,50,1,
4470,2606,2676,99.74,40,0,
4471,2607,2608,92.83,30,0,
4472,2608,2609,71.62,30,0,
4473,2608,2678,97.16,50,0,Bulevardul 1 Decembrie
4474,2609,2610,100.8,50,1,
4475,2609,2679,69.74,50,0,
4476,2610,2611,126.32,30,0,
4477,2610,2680,128.66,40,0,
4478,2611,2681,91.47,50,0,
4479,2612,2613,156.65,30,0,
4480,2612,2682,98.33,30,1,
4481,2613,2614,81.43,50,0,
4482,2613,2683,82.86,50,0,Strada Principala
4483,2614,2615,125.75,30,0,
4484,2615,2616,58.31,30,0,
4485,2615,2685,149.93,50,0,
4486,2616,2617,153.44,30,0,
4487,2616,2686,59.52,50,0,
4488,2617,2618,67.24,50,0,
4489,2617,2687,164.21,30,0,
4490,2618,2619,86.28,50,0,
4491,2618,2688,159.89,50,0,Bulevardul 1 Decembrie
4492,2619,2620,114.55,30,0,
4493,2619,2689,148.21,50,0,
4494,2620,2690,125.46,30,0,
4495,2621,2622,112.24,30,0,
4496,2621,2691,94.48,50,0,
4497,2622,2623,219.09,30,0,
4498,2622,2692,95.7,30,0,
4499,2623,2624,42.71,30,0,
4500,2623,2693,163.13,50,0,Strada Garii
4501,2624,2625,138.59,50,0,
4502,2624,2694,111.08,40,0,
4503,2625,2626,9.67,30,0,
4504,2625,2695,76.65,30,0,
4505,2626,2627,173.03,30,0,
4506,2626,2696,203.85,40,0,
4507,2628,2629,91.27,30,0,
4508,2628,2698,97.11,50,0,Strada Principala
4509,2629,2630,123.12,30,1,
4510,2629,2699,136.44,40,0,
4511,2631,2632,183.29,30,0,
4512,2632,2633,40.0,30,0,
4513,2632,2702,102.11,30,0,
4514,2633,2634,102.86,30,0,
4515,2633,2703,154.05,50,0,
4516,2634,2635,156.13,40,0,
4517,2635,2636,94.55,30,0,
4518,2635,2705,157.56,30,0,
4519,2636,2706,106.36,30,0,
4520,2637,2638,99.82,50,0,
4521,2637,2707,54.11,30,0,
4522,2638,2639,165.55,40,0,
4523,2638,2708,158.27,50,0,Strada Libertatii
4524,2639,2640,138.56,30,0,
4525,2639,2709,143.74,40,0,
4526,2640,2710,57.65,40,0,
4527,2641,2642,165.73,30,0,
4528,2642,2643,140.26,40,0,
4529,2642,2712,182.96,30,0,
4530,2643,2644,17.61,40,0,
4531,2643,2713,188.84,50,0,Aleea Carpati
4532,2644,2645,131.7,30,1,
4533,2644,2714,122.82,40,0,
4534,2645,2715,76.87,30,0,
4535,2646,2647,172.0,30,0,
4536,2646,2716,185.09,40,0,
4537,2647,2648,60.07,30,0,
4538,2647,2717,186.01,40,0,
4539,2648,2649,159.76,40,0,
4540,2648,2718,102.03,50,0,Strada Principala
4541,2649,2719,148.12,30,0,
4542,2651,2652,182.45,50,0,
4543,2651,2721,72.44,40,0,
4544,2652,2722,88.1,50,0,
4545,2653,2723,146.31,50,0,Strada Principala
4546,2655,2725,117.4,30,0,
4547,2656,2657,134.65,50,0,
4548,2658,2728,68.97,50,0,Strada Garii
4549,2659,2660,104.05,40,0,
4550,2659,2729,137.16,50,0,
4551,2660,2661,40.67,30,0,
4552,2660,2730,226.32,50,0,
4553,2661,2731,126.0,30,0,
4554,2662,2732,54.61,40,0,
4555,2663,2733,239.6,50,0,Calea Sighisoarei
4556,2664,2665,21.83,30,0,
4557,2664,2734,128.85,30,0,
4558,2665,2666,112.62,30,0,
4559,2665,2735,108.69,30,0,
4560,2666,2667,136.98,30,0,
4561,2666,2736,185.06,50,0,
4562,2667,2668,136.95,40,0,
4563,2668,2669,33.28,40,1,
4564,2668,2738,78.73,50,0,Calea Sighisoarei
4565,2669,2670,151.8,30,0,
4566,2669,2739,138.69,30,0,
4567,2670,2671,121.3,30,0,
4568,2670,2740,121.32,40,0,
4569,2671,2741,170.41,40,1,
4570,2672,2673,178.4,40,1,
4571,2672,2742,214.5,40,0,
4572,2673,2674,128.54,50,0,
4573,2673,2743,77.9,50,0,Calea Sighisoarei
4574,2674,2675,77.83,40,0,
4575,2674,2744,128.09,50,0,
4576,2675,2676,61.47,30,0,
4577,2675,2745,135.78,40,0,
4578,2676,2746,130.73,40,0,
4579,2677,2678,220.79,30,0,
4580,2678,2748,179.52,50,0,Strada Garii
4581,2679,2749,244.72,30,0,
4582,2680,2750,151.6,40,0,
4583,2681,2682,14.19,30,0,
4584,2681,2751,130.0,30,0,
4585,2682,2683,162.47,50,0,
4586,2682,2752,209.79,30,0,
4587,2683,2684,103.59,30,0,
4588,2683,2753,104.88,50,0,Strada Libertatii
4589,2684,2685,172.8,50,0,
4590,2684,2754,127.14,30,0,
4591,2685,2686,137.19,40,0,
4592,2685,2755,144.02,30,0,
4593,2686,2687,170.87,40,0,
4594,2686,2756,254.3,40,1,
4595,2687,2688,88.77,30,0,
4596,2687,2757,129.38,30,0,
4597,2688,2689,106.74,30,0,
4598,2688,2758,118.44,50,0,Strada Principala
4599,2690,2760,146.26,30,0,
4600,2691,2692,64.17,40,0,
4601,2691,2761,157.3,30,0,
4602,2692,2693,141.97,30,1,
4603,2692,2762,171.11,30,0,
4604,2693,2694,120.96,30,1,
4605,2693,2763,49.37,50,0,
4606,2694,2695,151.94,30,0,
4607,2694,2764,228.6,40,0,
4608,2695,2696,139.68,30,0,
4609,2695,2765,207.75,40,0,
4610,2696,2697,69.85,30,0,
4611,2696,2766,95.96,40,0,
4612,2697,2767,106.66,40,0,
4613,2698,2768,134.64,50,0,Strada Principala
4614,2699,2700,85.98,30,0,
4615,2699,2769,101.42,40,0,
4616,2700,2701,142.2,40,0,
4617,2701,2702,97.76,30,0,
4618,2701,2771,36.49,50,0,
4619,2702,2703,164.4,30,1,
4620,2703,2704,72.95,40,1,
4621,2703,2773,111.57,50,0,Calea Sighisoarei
4622,2704,2705,83.14,30,0,
4623,2704,2774,166.72,30,0,
4624,2705,2706,131.98,50,1,
4625,2705,2775,57.8,40,0,
4626,2706,2707,45.93,50,0,
4627,2706,2776,102.94,30,0,
4628,2707,2708,154.9,40,0,
4629,2707,2777,176.17,50,0,
4630,2708,2778,226.15,50,0,
4631,2709,2710,96.6,40,1,
4632,2709,2779,109.56,40,0,
4633,2710,2780,143.29,30,0,
4634,2711,2712,96.45,40,0,
4635,2711,2781,158.2,30,0,
4636,2712,2713,87.95,30,1,
4637,2712,2782,102.57,50,0,
4638,2713,2714,109.01,30,0,
4639,2713,2783,111.14,50,0,Strada Principala
4640,2714,2715,139.79,50,1,
4641,2715,2716,148.83,40,1,
4642,2715,2785,91.9,30,0,
4643,2716,2717,47.8,30,0,
4644,2716,2786,127.16,30,0,
4645,2717,2718,110.07,50,0,
4646,2717,2787,167.89,50,0,
4647,2718,2719,100.78,30,0,
4648,2718,2788,110.44,50,0,
4649,2719,2720,112.8,30,0,
4650,2719,2789,171.6,50,0,
4651,2720,2721,96.75,50,0,
4652,2720,2790,136.38,30,0,
4653,2721,2722,115.52,30,0,
4654,2721,2791,166.23,30,0,
4655,2722,2723,139.31,30,0,
4656,2722,2792,191.19,30,0,
4657,2723,2724,58.06,50,0,
4658,2723,2793,63.81,50,0,Bulevardul 1 Decembrie
4659,2724,2725,102.84,30,0,
4660,2724,2794,75.76,40,1,
4661,2725,2726,131.7,50,0,
4662,2726,2727,140.2,30,0,
4663,2727,2797,204.27,50,0,
4664,2728,2729,154.72,50,0,
4665,2728,2798,152.74,50,0,
4666,2729,2730,115.35,50,1,
4667,2729,2799,163.4,40,0,
4668,2730,2731,127.86,30,0,
4669,2730,2800,45.4,30,1,
4670,2731,2732,107.37,30,0,
4671,2732,2733,123.61,30,0,
4672,2732,2802,101.57,40,0,
4673,2733,2734,148.28,30,0,
4674,2733,2803,93.88,50,0,Strada Principala
4675,2734,2735,110.39,30,0,
4676,2734,2804,115.15,30,0,
4677,2735,2736,81.05,50,0,
4678,2736,2737,155.44,30,0,
4679,2736,2806,173.83,30,0,
4680,2737,2738,189.54,30,0,
4681,2737,2807,48.37,40,0,
4682,2738,2739,61.99,30,0,
4683,2738,2808,187.28,50,0,Aleea Carpati
4684,2739,2740,126.39,30,0,
4685,2739,2809,146.82,30,1,
4686,2740,2741,99.4,50,1,
4687,2740,2810,74.79,30,0,
4688,2741,2811,94.53,50,0,
4689,2742,2743,102.21,30,0,
4690,2743,2813,104.05,50,0,Strada Principala
4691,2744,2745,139.74,30,0,
4692,2744,2814,134.64,40,0,
4693,2745,2815,92.94,50,0,
4694,2746,2747,82.29,30,0,
4695,2746,2816,173.91,40,0,
4696,2747,2748,138.27,30,0,
4697,2747,2817,88.92,30,0,
4698,2748,2749,82.17,50,0,
4699,2748,2818,141.49,50,0,Aleea Carpati
4700,2749,2750,112.67,30,0,
4701,2749,2819,76.31,30,0,
4702,2750,2751,122.82,40,0,
4703,2750,2820,54.82,50,0,
4704,2751,2752,184.01,30,0,
4705,2751,2821,215.71,50,0,
4706,2752,2753,131.91,30,0,
4707,2752,2822,45.48,30,0,
4708,2753,2754,119.45,40,0,
4709,2753,2823,114.47,50,0,Aleea Carpati
4710,2754,2755,82.6,40,0,
4711,2754,2824,127.74,30,0,
4712,2755,2756,101.92,30,0,
4713,2755,2825,164.45,50,0,
4714,2756,2757,219.2,50,0,
4715,2756,2826,140.76,30,0,
4716,2757,2827,133.09,40,1,
4717,2758,2759,34.28,30,0,
4718,2758,2828,93.38,50,0,Calea Sighisoarei
4719,2759,2760,94.01,40,0,
4720,2759,2829,125.09,50,0,
4721,2760,2761,157.01,50,0,
4722,2760,2830,144.13,40,0,
4723,2761,2762,73.59,50,1,
4724,2761,2831,66.12,50,0,
4725,2762,2763,134.24,30,0,
4726,2762,2832,89.7,40,1,
4727,2763,2764,156.89,30,1,
4728,2763,2833,130.22,50,0,Strada Garii
4729,2764,2765,69.56,50,0,
4730,2764,2834,89.17,40,0,
4731,2765,2766,189.01,50,0,
4732,2765,2835,170.25,50,0,
4733,2766,2836,140.86,50,0,
4734,2767,2837,170.76,30,0,
4735,2768,2769,126.08,30,0,
4736,2768,2838,109.65,50,0,Calea Sighisoarei
4737,2769,2770,103.38,30,1,
4738,2769,2839,182.78,30,0,
4739,2770,2840,82.74,30,0,
4740,2771,2772,178.0,30,0,
4741,2772,2773,116.32,30,0,
4742,2773,2774,94.8,30,0,
4743,2773,2843,187.44,50,0,
4744,2774,2775,77.72,30,1,
4745,2774,2844,41.56,30,1,
4746,2775,2845,206.4,30,0,
4747,2776,2777,113.57,50,1,
4748,2777,2778,88.84,30,0,
4749,2778,2779,178.74,30,0,
4750,2778,2848,35.81,50,0,Bulevardul 1 Decembrie
4751,2779,2780,52.12,30,0,
4752,2779,2849,93.26,30,1,
4753,2780,2781,108.18,50,1,
4754,2781,2782,86.5,30,0,
4755,2781,2851,100.71,30,0,
4756,2782,2783,90.81,30,0,
4757,2783,2853,73.86,50,0,Strada Principala
4758,2784,2785,177.99,30,0,
4759,2784,2854,190.52,30,0,
4760,2785,2786,106.85,30,0,
4761,2785,2855,146.49,40,1,
4762,2786,2856,60.75,40,0,
4763,2787,2788,94.77,30,1,
4764,2787,2857,83.16,30,0,
4765,2788,2789,172.66,50,1,
4766,2788,2858,182.15,50,0,Bulevardul 1 Decembrie
4767,2789,2790,54.14,30,0,
4768,2789,2859,149.26,30,0,
4769,2790,2791,133.74,50,0,
4770,2790,2860,74.63,30,1,
4771,2791,2792,94.94,50,0,
4772,2791,2861,96.64,50,0,
4773,2792,2862,73.98,30,0,
4774,2793,2794,111.99,30,0,
4775,2793,2863,237.13,50,0,Aleea Carpati
4776,2794,2795,196.68,50,0,
4777,2794,2864,201.77,30,0,
4778,2795,2796,132.2,30,0,
4779,2795,2865,21.0,30,0,
4780,2796,2797,46.22,40,0,
4781,2796,2866,38.07,30,0,
4782,2798,2799,83.34,50,0,Aleea Carpati
4783,2798,2868,141.91,50,0,Bulevardul 1 Decembrie
4784,2799,2800,104.62,50,0,Calea Sighisoarei
4785,2799,2869,130.65,40,0,
4786,2800,2801,112.31,50,0,Calea Sighisoarei
4787,2800,2870,128.26,40,1,
4788,2801,2802,151.39,50,0,
4789,2801,2871,208.32,30,0,
4790,2802,2803,122.55,50,0,Strada Principala
4791,2802,2872,180.38,40,0,
4792,2803,2804,85.49,50,0,Strada Libertatii
4793,2803,2873,91.38,50,0,Strada Libertatii
4794,2804,2805,113.36,50,0,
4795,2804,2874,133.61,30,0,
4796,2805,2806,196.98,50,0,Strada Libertatii
4797,2805,2875,202.56,30,0,
4798,2806,2807,73.49,50,0,Bulevardul 1 Decembrie
4799,2806,2876,55.88,30,0,
4800,2807,2808,122.49,50,0,
4801,2808,2809,99.93,50,0,Calea Sighisoarei
4802,2808,2878,118.75,50,0,Strada Libertatii
4803,2809,2810,91.64,50,0,Strada Garii
4804,2809,2879,127.66,30,0,
4805,2810,2811,135.34,50,0,Bulevardul 1 Decembrie
4806,2810,2880,148.36,50,1,
4807,2811,2812,112.41,50,0,
4808,2811,2881,176.4,50,0,
4809,2812,2813,59.09,50,0,Calea Sighisoarei
4810,2812,2882,132.25,40,0,
4811,2813,2814,120.86,50,0,Bulevardul 1 Decembrie
4812,2813,2883,135.58,50,0,Aleea Carpati
4813,2814,2815,110.25,50,0,Calea Sighisoarei
4814,2814,2884,110.55,30,0,
4815,2815,2816,31.53,50,0,Strada Libertatii
4816,2815,2885,128.9,30,0,
4817,2816,2817,163.19,50,0,Aleea Carpati
4818,2816,2886,129.1,50,0,
4819,2817,2818,119.47,50,0,Strada Libertatii
4820,2818,2819,190.16,50,0,Calea Sighisoarei
4821,2818,2888,38.85,50,0,Strada Libertatii
4822,2819,2820,91.49,50,0,
4823,2819,2889,186.72,30,0,
4824,2820,2821,162.13,50,0,
4825,2820,2890,205.52,50,0,
4826,2821,2822,140.24,50,0,Strada Garii
4827,2822,2823,126.75,50,0,Strada Principala
4828,2822,2892,197.67,50,0,
4829,2823,2824,93.39,50,0,
4830,2823,2893,120.56,50,0,Calea Sighisoarei
4831,2824,2825,165.58,50,0,Strada Garii
4832,2825,2826,47.85,50,0,Strada Principala
4833,2825,2895,134.85,40,0,
4834,2826,2827,102.22,50,0,Strada Principala
4835,2826,2896,170.0,40,0,
4836,2827,2828,149.67,50,0,
4837,2827,2897,240.44,40,0,
4838,2828,2829,142.25,50,0,Strada Principala
4839,2828,2898,173.0,50,0,Aleea Carpati
4840,2829,2830,46.15,50,0,Strada Garii
4841,2829,2899,113.63,50,0,
4842,2830,2831,174.85,50,0,Strada Principala
4843,2831,2832,76.84,50,0,Strada Libertatii
4844,2831,2901,212.86,30,0,
4845,2832,2833,79.44,50,0,Strada Garii
4846,2832,2902,183.69,30,0,
4847,2833,2834,119.9,50,0,Bulevardul 1 Decembrie
4848,2833,2903,180.53,50,0,Strada Garii
4849,2834,2835,153.38,50,0,Aleea Carpati
4850,2834,2904,77.43,40,0,
4851,2835,2836,44.28,50,0,
4852,2835,2905,37.53,30,0,
4853,2836,2837,203.39,50,0,
4854,2836,2906,198.5,50,0,
4855,2837,2838,48.36,50,0,Bulevardul 1 Decembrie
4856,2837,2907,140.03,50,0,
4857,2838,2839,164.02,50,0,Strada Libertatii
4858,2838,2908,115.2,50,0,Aleea Carpati
4859,2839,2840,150.91,50,0,
4860,2839,2909,101.54,30,0,
4861,2840,2841,74.98,50,0,Strada Principala
4862,2840,2910,186.88,40,0,
4863,2841,2842,59.69,50,0,
4864,2841,2911,95.72,50,0,
4865,2842,2843,99.01,50,0,Strada Garii
4866,2842,2912,116.43,30,1,
4867,2843,2844,134.16,50,0,Aleea Carpati
4868,2843,2913,87.16,50,0,Calea Sighisoarei
4869,2844,2845,192.6,50,0,Bulevardul 1 Decembrie
4870,2844,2914,144.09,50,1,
4871,2845,2846,102.7,50,0,Aleea Carpati
4872,2846,2847,77.9,50,0,Strada Principala
4873,2847,2848,132.54,50,0,Bulevardul 1 Decembrie
4874,2847,2917,101.13,50,0,
4875,2848,2849,110.47,50,0,Aleea Carpati
4876,2848,2918,155.3,50,0,Strada Garii
4877,2849,2850,85.96,50,0,
4878,2850,2851,88.0,50,0,Bulevardul 1 Decembrie
4879,2850,2920,206.83,30,1,
4880,2851,2852,119.58,50,0,Strada Garii
4881,2851,2921,174.18,50,0,
4882,2852,2853,132.46,50,0,Bulevardul 1 Decembrie
4883,2852,2922,96.72,30,0,
4884,2853,2854,102.89,50,0,Strada Principala
4885,2853,2923,131.81,50,0,Strada Principala
4886,2854,2855,95.05,50,0,Strada Libertatii
4887,2854,2924,121.96,30,1,
4888,2855,2856,187.46,50,0,Bulevardul 1 Decembrie
4889,2855,2925,196.04,30,0,
4890,2856,2857,93.29,50,0,Bulevardul 1 Decembrie
4891,2857,2858,103.29,50,0,Strada Garii
4892,2857,2927,101.09,40,0,
4893,2858,2859,76.79,50,0,Strada Principala
4894,2858,2928,68.47,50,0,Calea Sighisoarei
4895,2859,2860,159.06,50,0,Strada Libertatii
4896,2859,2929,148.56,30,0,
4897,2860,2861,113.72,50,0,Strada Libertatii
4898,2860,2930,197.72,30,0,
4899,2861,2862,84.37,50,0,Strada Principala
4900,2861,2931,94.84,50,0,
4901,2862,2863,140.25,50,0,Bulevardul 1 Decembrie
4902,2862,2932,152.42,30,0,
4903,2863,2864,186.39,50,0,Bulevardul 1 Decembrie
4904,2863,2933,48.26,50,0,Bulevardul 1 Decembrie
4905,2864,2865,61.55,50,0,Strada Libertatii
4906,2864,2934,85.73,30,0,
4907,2865,2866,141.39,50,0,
4908,2865,2935,204.71,50,1,
4909,2866,2867,133.35,50,0,Aleea Carpati
4910,2866,2936,200.86,30,0,
4911,2868,2869,106.09,40,0,
4912,2868,2938,123.61,50,0,Calea Sighisoarei
4913,2869,2870,163.15,30,0,
4914,2869,2939,156.73,40,0,
4915,2870,2871,77.27,30,0,
4916,2871,2872,123.7,30,1,
4917,2871,2941,85.52,30,0,
4918,2872,2873,74.35,50,0,
4919,2873,2874,113.42,40,0,
4920,2873,2943,177.73,50,0,Strada Garii
4921,2874,2944,172.74,40,0,
4922,2875,2876,95.48,30,0,
4923,2875,2945,158.04,50,0,
4924,2876,2877,79.5,50,0,
4925,2876,2946,168.46,40,0,
4926,2877,2878,158.51,30,0,
4927,2877,2947,35.85,40,0,
4928,2878,2879,65.51,50,0,
4929,2878,2948,146.81,50,0,Calea Sighisoarei
4930,2879,2949,116.82,40,0,
4931,2881,2951,25.21,40,1,
4932,2882,2952,145.89,40,0,
4933,2883,2884,57.49,40,0,
4934,2883,2953,174.1,50,0,Strada Libertatii
4935,2884,2885,116.03,50,0,
4936,2884,2954,109.47,40,1,
4937,2885,2886,128.92,40,0,
4938,2886,2887,110.15,30,0,
4939,2886,2956,172.77,40,0,
4940,2887,2957,151.37,30,0,
4941,2888,2889,164.51,50,0,
4942,2888,2958,114.77,50,0,Strada Libertatii
4943,2889,2959,202.82,40,0,
4944,2890,2891,111.76,30,0,
4945,2890,2960,25.92,40,0,
4946,2891,2892,140.98,30,0,
4947,2892,2893,120.26,50,0,
4948,2892,2962,125.7,30,0,
4949,2893,2894,130.79,50,0,
4950,2893,2963,192.78,50,0,Aleea Carpati
4951,2894,2964,146.03,40,1,
4952,2895,2896,122.53,30,0,
4953,2895,2965,113.24,30,0,
4954,2896,2897,103.93,30,1,
4955,2896,2966,10.2,40,0,
4956,2897,2967,153.89,30,0,
4957,2898,2899,27.4,50,0,
4958,2898,2968,71.06,50,0,
4959,2899,2900,137.14,30,0,
4960,2899,2969,122.54,50,0,
4961,2900,2901,70.67,30,1,
4962,2900,2970,86.3,40,0,
4963,2901,2971,150.22,50,0,
4964,2902,2903,105.76,30,0,
4965,2902,2972,99.05,40,0,
4966,2903,2904,69.08,40,0,
4967,2903,2973,31.07,50,0,Aleea Carpati
4968,2904,2974,88.2,50,0,
4969,2905,2975,196.81,50,0,
4970,2906,2907,95.67,40,0,
4971,2907,2908,77.68,30,1,
4972,2907,2977,49.86,30,0,
4973,2908,2909,159.56,30,0,
4974,2908,2978,126.01,50,0,Aleea Carpati
4975,2909,2910,86.25,50,0,
4976,2910,2911,142.42,50,0,
4977,2910,2980,107.66,30,0,
4978,2911,2981,149.58,40,0,
4979,2912,2913,124.78,40,1,
4980,2912,2982,162.28,30,0,
4981,2913,2914,112.15,50,0,
4982,2913,2983,96.36,50,0,Strada Libertatii
4983,2914,2915,210.24,50,0,
4984,2914,2984,145.02,40,0,
4985,2915,2916,30.99,30,0,
4986,2915,2985,160.04,30,0,
4987,2916,2917,113.21,50,0,
4988,2916,2986,48.63,40,0,
4989,2917,2918,84.72,40,0,
4990,2917,2987,56.23,30,0,
4991,2918,2919,69.32,50,0,
4992,2918,2988,93.89,50,0,Strada Libertatii
4993,2919,2920,147.87,30,0,
4994,2919,2989,96.6,30,0,
4995,2920,2921,115.14,30,1,
4996,2920,2990,28.46,50,0,
4997,2921,2922,81.3,30,0,
4998,2921,2991,155.93,50,0,
4999,2922,2923,169.99,40,0,
5000,2922,2992,124.94,50,0,
5001,2923,2924,37.42,30,0,
5002,2923,2993,172.31,50,0,Bulevardul 1 Decembrie
5003,2924,2925,120.8,40,1,
5004,2924,2994,175.16,30,1,
5005,2925,2926,161.14,50,1,
5006,2925,2995,92.59,50,0,
5007,2926,2927,80.49,30,0,
5008,2927,2928,124.18,40,0,
5009,2927,2997,154.81,50,0,
5010,2928,2929,138.46,40,1,
5011,2928,2998,183.76,50,0,Strada Libertatii
5012,2929,2999,84.7,50,0,
5013,2930,2931,104.6,30,0,
5014,2930,3000,94.6,50,0,
5015,2931,2932,71.54,50,0,
5016,2932,2933,77.52,30,0,
5017,2932,3002,105.42,30,0,
5018,2933,2934,113.77,50,1,
5019,2933,3003,170.36,50,0,
5020,2934,2935,144.97,40,0,
5021,2934,3004,200.06,40,0,
5022,2935,2936,122.9,30,0,
5023,2936,3006,72.47,30,0,
5024,2937,3007,113.38,30,0,
5025,2938,2939,133.42,30,0,
5026,2938,3008,93.97,50,0,
5027,2939,2940,101.75,40,0,
5028,2939,3009,73.5,40,0,
5029,2940,2941,153.62,40,0,
5030,2940,3010,145.44,40,0,
5031,2941,2942,74.58,30,0,
5032,2941,3011,154.18,50,0,
5033,2942,3012,91.6,30,1,
5034,2943,2944,154.07,30,0,
5035,2943,3013,40.29,50,0,Aleea Carpati
5036,2944,2945,60.19,30,0,
5037,2944,3014,99.47,50,0,
5038,2945,2946,58.09,50,0,
5039,2946,2947,157.74,30,0,
5040,2947,2948,181.45,30,1,
5041,2947,3017,134.75,50,0,
5042,2948,2949,103.76,40,0,
5043,2948,3018,67.9,50,0,Strada Libertatii
5044,2949,3019,194.46,30,1,
5045,2950,3020,137.57,30,0,
5046,2951,2952,95.79,40,0,
5047,2952,2953,143.49,50,0,
5048,2952,3022,143.07,40,0,
5049,2953,2954,150.28,50,0,
5050,2953,3023,104.44,50,0,Strada Principala
5051,2954,2955,117.47,50,0,
5052,2954,3024,177.26,30,0,
5053,2955,2956,132.9,40,0,
5054,2955,3025,117.1,40,0,
5055,2956,2957,52.65,30,0,
5056,2956,3026,15.03,40,1,
5057,2957,2958,136.59,40,1,
5058,2957,3027,225.3,50,0,
5059,2958,2959,152.2,30,0,
5060,2958,3028,132.35,50,0,Strada Garii
5061,2959,2960,170.29,30,0,
5062,2959,3029,71.31,30,0,
5063,2960,2961,71.18,40,0,
5064,2961,2962,165.04,40,0,
5065,2961,3031,148.12,40,0,
5066,2962,2963,54.74,50,0,
5067,2962,3032,95.86,40,0,
5068,2963,2964,72.35,30,0,
5069,2963,3033,172.17,50,0,Strada Principala
5070,2964,2965,185.82,30,0,
5071,2964,3034,145.95,30,0,
5072,2965,2966,100.83,50,0,
5073,2965,3035,152.56,30,0,
5074,2966,2967,171.67,40,0,
5075,2966,3036,189.86,50,0,
5076,2967,2968,246.26,30,0,
5077,2967,3037,13.92,50,0,
5078,2968,2969,80.21,40,0,
5079,2968,3038,262.81,50,0,Strada Garii
5080,2969,2970,118.55,50,0,
5081,2969,3039,143.11,30,0,
5082,2970,2971,121.67,50,0,
5083,2970,3040,115.91,40,0,
5084,2971,2972,87.0,50,0,
5085,2971,3041,73.04,30,1,
5086,2972,3042,109.23,30,0,
5087,2973,2974,91.13,50,0,
5088,2973,3043,269.47,50,0,Strada Garii
5089,2974,2975,77.2,30,1,
5090,2975,2976,174.04,40,0,
5091,2975,3045,80.48,40,0,
5092,2976,2977,83.38,30,0,
5093,2976,3046,96.57,50,0,
5094,2977,2978,66.42,40,0,
5095,2978,2979,174.29,30,0,
5096,2978,3048,214.71,50,0,Strada Garii
5097,2979,2980,75.7,50,0,
5098,2979,3049,174.65,30,0,
5099,2980,2981,108.84,50,1,
5100,2980,3050,87.96,30,0,
5101,2981,2982,102.55,50,0,
5102,2981,3051,174.47,50,0,
5103,2982,2983,145.49,30,0,
5104,2982,3052,116.81,30,1,
5105,2983,2984,36.34,50,0,
5106,2983,3053,210.6,50,0,
5107,2984,2985,157.13,30,0,
5108,2984,3054,164.04,40,0,
5109,2985,2986,139.89,40,0,
5110,2985,3055,103.09,50,0,
5111,2986,2987,121.49,30,0,
5112,2986,3056,154.06,30,0,
5113,2987,2988,74.11,50,0,
5114,2987,3057,161.32,50,1,
5115,2988,2989,103.01,30,0,
5116,2988,3058,190.52,50,0,
5117,2990,2991,159.31,30,0,
5118,2990,3060,184.01,30,0,
5119,2991,3061,97.23,30,0,
5120,2992,3062,92.68,30,0,
5121,2993,2994,39.72,50,0,
5122,2993,3063,116.95,50,0,Strada Garii
5123,2994,2995,180.25,30,1,
5124,2994,3064,140.67,40,0,
5125,2995,2996,85.5,30,0,
5126,2995,3065,113.65,50,0,
5127,2996,3066,30.5,50,0,
5128,2997,2998,66.91,40,0,
5129,2997,3067,168.24,30,0,
5130,2998,2999,213.01,40,0,
5131,2998,3068,116.89,50,0,
5132,2999,3069,135.03,30,0,
5133,3000,3001,42.39,30,0,
5134,3000,3070,127.99,30,0,
5135,3001,3002,186.81,30,0,
5136,3001,3071,151.75,40,0,
5137,3002,3003,81.46,30,0,
5138,3002,3072,110.11,50,0,
5139,3003,3004,96.13,40,0,
5140,3003,3073,155.8,50,0,Strada Libertatii
5141,3004,3005,126.83,40,0,
5142,3004,3074,46.17,50,0,
5143,3005,3006,124.88,40,1,
5144,3005,3075,130.24,30,0,
5145,3006,3007,32.92,40,0,
5146,3006,3076,165.62,50,0,
5147,3007,3077,111.33,40,0,
5148,3008,3009,95.43,30,0,
5149,3008,3078,182.82,50,0,Aleea Carpati
5150,3009,3010,51.7,30,0,
5151,3009,3079,197.39,30,0,
5152,3011,3012,91.91,30,0,
5153,3011,3081,116.52,40,1,
5154,3012,3013,100.11,30,0,
5155,3012,3082,154.55,30,0,
5156,3013,3014,73.31,30,0,
5157,3013,3083,130.93,50,0,Calea Sighisoarei
5158,3014,3015,188.24,30,0,
5159,3015,3016,119.42,30,0,
5160,3015,3085,91.46,30,0,
5161,3016,3017,72.1,50,0,
5162,3016,3086,79.48,30,0,
5163,3017,3018,151.58,30,0,
5164,3017,3087,244.96,40,0,
5165,3018,3019,98.05,30,0,
5166,3018,3088,191.15,50,0,Strada Garii
5167,3019,3020,114.95,40,0,
5168,3019,3089,75.67,30,0,
5169,3020,3021,123.33,50,0,
5170,3021,3022,154.24,30,0,
5171,3021,3091,186.24,30,0,
5172,3022,3023,107.77,30,0,
5173,3022,3092,175.08,30,0,
5174,3023,3024,21.07,30,0,
5175,3023,3093,165.14,50,0,Strada Libertatii
5176,3024,3025,183.34,30,1,
5177,3024,3094,136.51,40,0,
5178,3025,3026,157.76,30,0,
5179,3025,3095,115.53,30,0,
5180,3026,3096,170.77,40,0,
5181,3027,3028,104.33,30,0,
5182,3027,3097,103.04,30,0,
5183,3028,3029,85.67,30,0,
5184,3028,3098,161.14,50,0,Aleea Carpati
5185,3029,3030,125.03,30,1,
5186,3029,3099,133.26,40,0,
5187,3030,3031,109.05,30,0,
5188,3031,3032,51.26,40,0,
5189,3032,3033,197.18,50,0,
5190,3032,3102,188.14,40,0,
5191,3033,3103,63.76,50,0,Aleea Carpati
5192,3034,3035,67.85,40,0,
5193,3034,3104,184.0,50,0,
5194,3035,3105,64.25,50,0,
5195,3036,3037,9.24,30,0,
5196,3037,3107,99.01,30,0,
5197,3038,3039,110.53,50,0,
5198,3038,3108,110.18,50,0,Strada Libertatii
5199,3039,3040,54.64,50,0,
5200,3040,3041,123.64,50,0,
5201,3040,3110,110.89,30,0,
5202,3041,3111,172.25,30,0,
5203,3042,3043,36.93,30,0,
5204,3043,3044,225.02,50,0,
5205,3043,3113,76.63,50,0,Calea Sighisoarei
5206,3044,3045,12.13,30,0,
5207,3044,3114,168.47,50,0,
5208,3045,3046,149.74,40,1,
5209,3046,3116,169.28,30,0,
5210,3047,3048,119.52,30,0,
5211,3047,3117,150.0,30,0,
5212,3048,3049,42.98,30,0,
5213,3048,3118,64.7,50,0,
5214,3049,3050,79.08,50,1,
5215,3049,3119,112.14,30,0,
5216,3050,3120,108.26,30,0,
5217,3051,3052,53.82,30,0,
5218,3051,3121,12.92,30,1,
5219,3052,3122,129.4,30,0,
5220,3053,3054,49.5,40,0,
5221,3053,3123,138.02,50,0,Calea Sighisoarei
5222,3054,3055,119.39,30,0,
5223,3054,3124,98.79,30,1,
5224,3055,3056,139.42,30,0,
5225,3055,3125,155.66,30,1,
5226,3057,3058,145.37,30,0,
5227,3057,3127,79.9,40,0,
5228,3058,3059,102.31,30,0,
5229,3058,3128,37.89,50,0,Strada Libertatii
5230,3059,3129,80.23,40,0,
5231,3060,3130,120.33,30,0,
5232,3061,3062,180.02,40,0,
5233,3061,3131,154.6,30,0,
5234,3062,3063,110.91,30,1,
5235,3062,3132,184.2,30,0,
5236,3063,3064,157.39,30,0,
5237,3063,3133,70.77,50,0,Strada Libertatii
5238,3064,3065,27.04,50,0,
5239,3064,3134,114.94,30,0,
5240,3065,3066,154.31,30,0,
5241,3065,3135,197.77,50,0,
5242,3066,3067,159.69,50,0,
5243,3066,3136,123.5,40,0,
5244,3067,3137,120.52,30,0,
5245,3068,3138,141.66,50,0,Bulevardul 1 Decembrie
5246,3069,3139,164.84,50,0,
5247,3070,3071,63.39,30,0,
5248,3070,3140,192.15,40,0,
5249,3071,3072,159.18,30,0,
5250,3071,3141,76.33,40,0,
5251,3072,3073,131.96,50,0,
5252,3072,3142,170.52,40,0,
5253,3073,3074,199.46,40,0,
5254,3073,3143,93.01,50,0,Strada Garii
5255,3074,3075,94.08,30,0,
5256,3074,3144,132.14,30,0,
5257,3075,3076,137.42,30,0,
5258,3075,3145,36.0,40,0,
5259,3076,3077,105.76,40,1,
5260,3076,3146,158.68,30,0,
5261,3077,3147,190.79,50,0,
5262,3078,3148,108.9,50,0,Calea Sighisoarei
5263,3080,3150,192.75,40,0,
5264,3081,3151,133.06,30,0,
5265,3082,3083,46.51,30,0,
5266,3082,3152,54.98,30,0,
5267,3083,3153,137.92,50,0,Strada Garii
5268,3084,3085,122.79,50,0,
5269,3084,3154,140.23,30,0,
5270,3085,3086,115.63,40,0,
5271,3085,3155,149.41,30,0,
5272,3086,3087,122.93,30,0,
5273,3086,3156,161.26,50,0,
5274,3087,3088,125.64,50,0,
5275,3087,3157,52.47,30,0,
5276,3088,3089,114.64,30,0,
5277,3088,3158,41.99,50,0,Strada Libertatii
5278,3089,3090,85.29,40,0,
5279,3090,3091,99.84,30,1,
5280,3090,3160,22.77,50,0,
5281,3091,3092,126.27,30,0,
5282,3091,3161,87.38,40,0,
5283,3092,3093,58.26,30,0,
5284,3092,3162,101.16,30,0,
5285,3093,3094,218.43,30,0,
5286,3093,3163,127.8,50,0,
5287,3094,3095,128.2,30,0,
5288,3094,3164,187.09,50,0,
5289,3095,3165,133.55,30,0,
5290,3096,3097,163.37,30,0,
5291,3096,3166,208.6,50,0,
5292,3097,3167,115.72,40,0,
5293,3098,3099,114.91,30,1,
5294,3098,3168,132.69,50,0,Calea Sighisoarei
5295,3099,3100,139.83,40,0,
5296,3099,3169,110.09,50,0,
5297,3100,3101,60.25,30,0,
5298,3100,3170,180.26,50,0,
5299,3101,3102,170.59,40,0,
5300,3101,3171,192.25,30,0,
5301,3102,3103,143.6,30,0,
5302,3102,3172,39.72,30,0,
5303,3103,3104,118.47,30,0,
5304,3103,3173,227.04,50,0,Bulevardul 1 Decembrie
5305,3104,3105,101.76,40,0,
5306,3104,3174,111.71,30,0,
5307,3105,3106,137.82,50,0,
5308,3106,3107,147.11,30,0,
5309,3106,3176,35.28,30,0,
5310,3107,3108,157.81,30,0,
5311,3107,3177,216.73,50,0,
5312,3108,3109,84.55,50,1,
5313,3108,3178,98.68,50,0,Strada Principala
5314,3109,3110,135.52,30,0,
5315,3109,3179,184.89,40,0,
5316,3110,3111,125.06,40,0,
5317,3110,3180,149.76,50,0,
5318,3111,3112,126.64,30,0,
5319,3112,3182,233.76,50,0,
5320,3113,3114,124.33,30,0,
5321,3113,3183,106.25,50,0,
5322,3114,3115,154.71,50,0,
5323,3115,3116,69.34,50,0,
5324,3116,3117,80.67,40,0,
5325,3116,3186,93.78,50,0,
5326,3117,3118,137.6,50,0,
5327,3117,3187,123.76,50,0,
5328,3118,3119,128.22,50,0,
5329,3118,3188,131.85,50,0,Calea Sighisoarei
5330,3119,3120,66.68,50,0,
5331,3119,3189,166.49,30,1,
5332,3120,3121,201.04,50,0,
5333,3120,3190,139.1,50,0,
5334,3121,3122,80.48,30,0,
5335,3121,3191,268.85,30,0,
5336,3122,3192,168.05,40,0,
5337,3123,3124,86.59,30,0,
5338,3123,3193,81.04,50,0,Bulevardul 1 Decembrie
5339,3124,3125,143.44,40,0,
5340,3124,3194,152.85,30,0,
5341,3125,3126,102.63,50,0,
5342,3125,3195,20.63,30,0,
5343,3126,3127,108.32,40,0,
5344,3126,3196,82.9,30,0,
5345,3127,3128,127.94,30,0,
5346,3127,3197,76.72,50,0,
5347,3128,3129,117.15,30,0,
5348,3128,3198,173.93,50,0,
5349,3129,3130,45.68,50,0,
5350,3130,3200,127.23,30,0,
5351,3131,3132,91.19,50,0,
5352,3131,3201,106.31,30,0,
5353,3132,3133,121.69,30,0,
5354,3132,3202,109.08,40,0,
5355,3133,3134,119.56,30,0,
5356,3133,3203,87.6,50,0,Calea Sighisoarei
5357,3134,3135,128.36,30,0,
5358,3134,3204,163.27,30,0,
5359,3135,3136,148.75,30,0,
5360,3136,3137,152.39,50,0,
5361,3136,3206,205.32,30,1,
5362,3137,3138,148.44,30,0,
5363,3137,3207,35.51,30,0,
5364,3138,3139,49.58,30,0,
5365,3138,3208,53.99,50,0,Aleea Carpati
5366,3139,3140,52.68,30,0,
5367,3139,3209,98.4,50,0,
5368,3140,3141,126.71,50,0,
5369,3140,3210,26.48,50,0,
5370,3141,3211,195.51,30,0,
5371,3142,3143,102.16,40,0,
5372,3142,3212,164.09,30,0,
5373,3143,3144,96.29,30,0,
5374,3143,3213,137.8,50,0,Aleea Carpati
5375,3144,3145,35.44,40,0,
5376,3144,3214,182.22,40,0,
5377,3145,3146,161.08,30,0,
5378,3146,3147,107.32,30,0,
5379,3146,3216,75.99,40,0,
5380,3147,3217,66.05,50,0,
5381,3148,3149,105.6,50,0,Strada Principala
5382,3148,3218,201.01,50,0,Strada Garii
5383,3149,3150,89.65,50,0,Calea Sighisoarei
5384,3149,3219,115.09,40,0,
5385,3150,3151,188.07,50,0,Strada Garii
5386,3150,3220,60.39,30,0,
5387,3151,3152,83.19,50,0,
5388,3151,3221,87.34,50,0,
5389,3152,3153,129.03,50,0,Strada Garii
5390,3152,3222,226.68,40,0,
5391,3153,3154,76.51,50,0,Bulevardul 1 Decembrie
5392,3153,3223,199.62,50,0,Strada Principala
5393,3154,3155,123.94,50,0,Strada Principala
5394,3154,3224,97.43,40,0,
5395,3155,3156,150.38,50,0,
5396,3155,3225,213.47,50,0,
5397,3156,3157,8.18,50,0,
5398,3157,3158,179.82,50,0,Bulevardul 1 Decembrie
5399,3157,3227,96.06,30,0,
5400,3158,3159,75.66,50,0,
5401,3158,3228,174.08,50,0,Strada Garii
5402,3159,3160,116.45,50,0,Strada Garii
5403,3159,3229,168.79,40,0,
5404,3160,3161,99.5,50,0,Bulevardul 1 Decembrie
5405,3160,3230,113.75,50,0,
5406,3161,3162,151.94,50,0,Aleea Carpati
5407,3161,3231,124.57,30,0,
5408,3162,3163,98.39,50,0,
5409,3162,3232,164.84,30,0,
5410,3163,3164,51.69,50,0,Bulevardul 1 Decembrie
5411,3163,3233,110.26,50,0,Aleea Carpati
5412,3164,3165,197.21,50,0,
5413,3164,3234,193.92,40,0,
5414,3165,3166,90.73,50,0,Bulevardul 1 Decembrie
5415,3165,3235,99.64,30,1,
5416,3166,3167,82.79,50,0,Strada Principala
5417,3166,3236,135.43,30,0,
5418,3167,3168,129.17,50,0,Strada Libertatii
5419,3167,3237,92.86,30,0,
5420,3168,3169,129.55,50,0,Strada Garii
5421,3168,3238,38.73,50,0,Calea Sighisoarei
5422,3169,3170,43.58,50,0,Strada Garii
5423,3169,3239,183.38,30,0,
5424,3170,3171,64.4,50,0,
5425,3171,3172,145.54,50,0,Aleea Carpati
5426,3171,3241,221.72,30,0,
5427,3172,3173,146.0,50,0,Calea Sighisoarei
5428,3172,3242,184.39,40,0,
5429,3173,3174,141.48,50,0,Aleea Carpati
5430,3173,3243,93.41,50,0,
5431,3174,3175,126.45,50,0,Strada Principala
5432,3174,3244,38.82,30,1,
5433,3175,3176,127.59,50,0,Strada Libertatii
5434,3175,3245,158.89,50,0,
5435,3176,3177,167.86,50,0,Calea Sighisoarei
5436,3176,3246,206.48,30,0,
5437,3177,3178,121.52,50,0,Bulevardul 1 Decembrie
5438,3178,3179,82.91,50,0,Strada Garii
5439,3178,3248,119.83,50,0,
5440,3179,3180,134.12,50,0,Calea Sighisoarei
5441,3179,3249,48.56,50,0,
5442,3180,3181,97.56,50,0,
5443,3181,3182,113.43,50,0,Calea Sighisoarei
5444,3182,3183,76.86,50,0,Strada Principala
5445,3182,3252,135.51,50,0,
5446,3183,3184,158.36,50,0,Strada Libertatii
5447,3183,3253,191.7,50,0,
5448,3184,3185,26.15,50,0,
5449,3185,3186,225.83,50,0,Bulevardul 1 Decembrie
5450,3185,3255,116.4,50,1,
5451,3186,3187,61.48,50,0,Strada Principala
5452,3186,3256,222.39,50,0,
5453,3187,3188,154.53,50,0,Strada Garii
5454,3187,3257,149.6,30,0,
5455,3188,3189,172.76,50,0,Strada Libertatii
5456,3188,3258,157.65,50,0,Strada Libertatii
5457,3189,3190,76.87,50,0,Strada Principala
5458,3189,3259,44.77,30,0,
5459,3190,3191,115.79,50,0,
5460,3191,3192,143.96,50,0,Strada Principala
5461,3191,3261,9.44,50,0,
5462,3192,3193,142.3,50,0,Bulevardul 1 Decembrie
5463,3192,3262,78.99,30,0,
5464,3193,3194,33.07,50,0,Bulevardul 1 Decembrie
5465,3193,3263,176.51,50,0,Bulevardul 1 Decembrie
5466,3194,3195,148.65,50,0,
5467,3195,3196,163.56,50,0,Aleea Carpati
5468,3195,3265,181.53,30,0,
5469,3196,3197,154.02,50,0,
5470,3196,3266,134.69,30,0,
5471,3197,3198,161.4,50,0,Strada Libertatii
5472,3197,3267,199.63,30,0,
5473,3198,3199,57.06,50,0,Bulevardul 1 Decembrie
5474,3198,3268,71.05,50,0,
5475,3199,3200,106.74,50,0,Strada Libertatii
5476,3199,3269,141.47,40,0,
5477,3200,3201,91.97,50,0,Bulevardul 1 Decembrie
5478,3200,3270,89.62,30,0,
5479,3201,3202,93.1,50,0,Strada Garii
5480,3201,3271,77.28,50,0,
5481,3202,3203,89.99,50,0,Strada Garii
5482,3203,3204,180.69,50,0,Strada Libertatii
5483,3203,3273,151.81,50,0,Calea Sighisoarei
5484,3204,3205,46.39,50,0,Strada Garii
5485,3204,3274,54.18,30,0,
5486,3205,3206,128.52,50,0,Strada Libertatii
5487,3205,3275,110.56,30,0,
5488,3206,3207,198.1,50,0,Aleea Carpati
5489,3206,3276,59.72,30,0,
5490,3207,3208,124.44,50,0,Bulevardul 1 Decembrie
5491,3207,3277,220.61,40,0,
5492,3208,3209,77.27,50,0,Aleea Carpati
5493,3208,3278,246.72,50,0,
5494,3209,3210,142.01,50,0,Strada Principala
5495,3210,3211,221.76,50,0,Strada Libertatii
5496,3210,3280,176.46,50,0,
5497,3211,3212,46.21,50,0,
5498,3211,3281,74.23,30,0,
5499,3212,3213,148.93,50,0,Calea Sighisoarei
5500,3213,3214,109.67,50,0,Aleea Carpati
5501,3213,3283,131.99,50,0,Aleea Carpati
5502,3214,3215,50.13,50,0,Strada Garii
5503,3214,3284,96.37,30,0,
5504,3215,3216,204.73,50,0,Bulevardul 1 Decembrie
5505,3216,3217,88.1,50,0,
5506,3216,3286,146.27,30,0,
5507,3218,3219,183.77,40,0,
5508,3218,3288,16.38,50,0,Bulevardul 1 Decembrie
5509,3219,3220,71.9,30,0,
5510,3219,3289,179.53,40,0,
5511,3220,3221,140.56,40,0,
5512,3220,3290,247.16,30,0,
5513,3221,3291,173.81,40,0,
5514,3222,3223,128.05,30,0,
5515,3222,3292,136.07,50,0,
5516,3223,3224,92.54,40,0,
5517,3223,3293,40.73,50,0,Calea Sighisoarei
5518,3224,3225,162.65,40,1,
5519,3224,3294,202.54,40,0,
5520,3225,3295,98.34,30,0,
5521,3227,3228,149.63,40,0,
5522,3227,3297,206.82,30,0,
5523,3228,3229,96.41,40,0,
5524,3228,3298,111.14,50,0,Strada Garii
5525,3229,3299,47.11,30,0,
5526,3230,3231,154.64,30,0,
5527,3230,3300,211.75,40,0,
5528,3231,3232,83.92,50,0,
5529,3233,3234,102.74,30,1,
5530,3233,3303,69.83,50,0,Strada Garii
5531,3234,3235,133.72,30,0,
5532,3235,3236,64.78,40,0,
5533,3235,3305,142.54,30,0,
5534,3236,3237,136.96,30,0,
5535,3236,3306,106.38,50,0,
5536,3237,3238,164.36,30,0,
5537,3238,3308,192.05,50,0,Strada Libertatii
5538,3239,3240,165.6,30,0,
5539,3239,3309,40.7,50,0,
5540,3240,3241,120.79,40,0,
5541,3240,3310,73.3,50,0,
5542,3241,3242,42.24,30,0,
5543,3241,3311,78.46,30,0,
5544,3242,3243,162.27,30,0,
5545,3242,3312,73.59,50,0,
5546,3243,3244,135.27,40,0,
5547,3243,3313,52.28,50,0,
5548,3244,3314,203.61,50,0,
5549,3245,3315,89.64,30,0,
5550,3246,3247,94.47,40,1,
5551,3247,3317,116.79,50,1,
5552,3248,3249,100.96,30,1,
5553,3248,3318,42.95,50,0,Calea Sighisoarei
5554,3249,3250,59.88,50,0,
5555,3249,3319,186.17,50,0,
5556,3250,3251,130.4,30,0,
5557,3250,3320,216.48,30,0,
5558,3251,3252,124.97,40,0,
5559,3251,3321,149.67,50,0,
5560,3252,3322,99.81,30,0,
5561,3253,3323,45.61,50,0,Bulevardul 1 Decembrie
5562,3254,3255,87.9,40,0,
5563,3254,3324,165.68,30,0,
5564,3255,3256,90.36,40,0,
5565,3255,3325,58.08,50,0,
5566,3256,3326,138.53,40,0,
5567,3257,3258,94.4,30,0,
5568,3257,3327,33.15,40,0,
5569,3258,3328,129.09,50,0,Strada Principala
5570,3259,3260,95.23,30,0,
5571,3259,3329,192.29,50,0,
5572,3260,3261,73.14,50,1,
5573,3261,3262,176.61,30,0,
5574,3261,3331,135.42,30,0,
5575,3262,3263,21.8,40,0,
5576,3262,3332,107.79,30,0,
5577,3263,3333,115.06,50,0,Bulevardul 1 Decembrie
5578,3264,3265,118.85,30,0,
5579,3265,3335,116.03,40,0,
5580,3266,3336,170.58,50,0,
5581,3267,3337,208.0,40,0,
5582,3268,3269,127.77,30,1,
5583,3268,3338,135.68,50,0,
5584,3269,3339,86.97,30,0,
5585,3270,3271,144.71,50,0,
5586,3270,3340,156.98,50,0,
5587,3271,3272,101.15,40,0,
5588,3271,3341,210.48,40,0,
5589,3272,3273,125.15,50,0,
5590,3272,3342,126.24,30,0,
5591,3273,3274,102.19,40,0,
5592,3273,3343,147.36,50,0,Bulevardul 1 Decembrie
5593,3274,3275,109.59,50,1,
5594,3274,3344,187.05,50,0,
5595,3275,3345,142.24,40,0,
5596,3276,3277,96.51,30,0,
5597,3276,3346,183.62,40,0,
5598,3277,3278,117.25,30,0,
5599,3277,3347,77.07,30,0,
5600,3278,3279,150.9,50,0,
5601,3278,3348,122.18,50,0,
5602,3279,3280,58.85,50,1,
5603,3280,3281,127.69,40,1,
5604,3280,3350,180.29,30,0,
5605,3282,3283,208.88,40,0,
5606,3283,3284,72.97,40,1,
5607,3283,3353,163.44,50,0,Strada Garii
5608,3284,3285,80.01,30,0,
5609,3284,3354,145.69,30,0,
5610,3285,3286,176.14,40,0,
5611,3285,3355,109.35,40,0,
5612,3286,3287,28.31,30,0,
5613,3286,3356,104.67,50,0,
5614,3287,3357,159.34,30,0,
5615,3288,3289,160.92,40,0,
5616,3288,3358,256.85,50,0,Strada Garii
5617,3289,3290,45.01,40,0,
5618,3289,3359,170.19,30,0,
5619,3290,3291,181.84,40,1,
5620,3290,3360,87.68,40,0,
5621,3291,3292,67.95,30,0,
5622,3291,3361,3.43,40,0,
5623,3292,3293,137.23,50,0,
5624,3292,3362,63.12,30,0,
5625,3293,3294,140.38,30,0,
5626,3293,3363,108.89,50,0,Strada Garii
5627,3294,3364,41.99,30,0,
5628,3295,3296,95.38,30,0,
5629,3295,3365,77.61,40,0,
5630,3296,3297,124.29,30,0,
5631,3296,3366,164.28,30,1,
5632,3297,3298,162.56,30,1,
5633,3297,3367,47.14,40,0,
5634,3298,3299,93.71,50,1,
5635,3298,3368,73.22,50,0,Calea Sighisoarei
5636,3299,3300,200.81,30,0,
5637,3299,3369,187.74,50,0,
5638,3300,3301,4.23,50,1,
5639,3300,3370,199.28,30,0,
5640,3301,3302,148.52,30,0,
5641,3301,3371,156.41,30,0,
5642,3302,3303,65.53,30,0,
5643,3302,3372,147.01,40,0,
5644,3303,3304,141.05,40,0,
5645,3303,3373,153.79,50,0,Strada Libertatii
5646,3304,3305,156.28,50,0,
5647,3305,3306,141.39,30,1,
5648,3305,3375,107.9,40,1,
5649,3306,3307,80.6,30,0,
5650,3306,3376,188.15,30,0,
5651,3307,3308,109.58,40,0,
5652,3308,3309,139.21,40,0,
5653,3308,3378,116.07,50,0,Calea Sighisoarei
5654,3309,3310,55.04,30,0,
5655,3309,3379,180.59,50,0,
5656,3310,3311,134.45,30,0,
5657,3310,3380,129.81,40,0,
5658,3311,3312,97.53,50,0,
5659,3311,3381,67.01,30,0,
5660,3312,3313,152.39,50,0,
5661,3312,3382,103.46,30,0,
5662,3313,3314,64.46,30,0,
5663,3313,3383,154.22,50,0,Strada Libertatii
5664,3314,3315,174.11,30,0,
5665,3314,3384,101.45,30,0,
5666,3315,3316,113.74,50,0,
5667,3315,3385,206.09,50,0,
5668,3316,3317,68.58,40,0,
5669,3316,3386,168.44,30,0,
5670,3317,3318,142.59,40,0,
5671,3317,3387,131.42,30,0,
5672,3318,3319,129.07,50,0,
5673,3318,3388,219.88,50,0,Strada Garii
5674,3319,3320,98.04,30,1,
5675,3319,3389,172.09,30,0,
5676,3320,3321,118.26,30,0,
5677,3321,3322,41.0,50,0,
5678,3321,3391,125.22,40,1,
5679,3322,3323,145.92,30,0,
5680,3323,3324,55.45,40,0,
5681,3323,3393,194.68,50,0,Strada Principala
5682,3324,3325,227.24,30,1,
5683,3324,3394,133.07,30,0,
5684,3325,3326,177.64,50,0,
5685,3326,3327,57.83,50,0,
5686,3326,3396,118.89,30,1,
5687,3327,3328,131.42,30,0,
5688,3327,3397,227.25,30,0,
5689,3328,3329,154.96,30,0,
5690,3328,3398,72.57,50,0,Strada Libertatii
5691,3329,3330,126.55,30,0,
5692,3329,3399,54.72,50,0,
5693,3330,3331,69.29,30,1,
5694,3330,3400,103.57,30,0,
5695,3331,3401,194.43,30,0,
5696,3332,3333,128.99,40,1,
5697,3332,3402,112.05,30,0,
5698,3333,3334,61.17,50,0,
5699,3333,3403,211.17,50,0,Strada Libertatii
5700,3334,3335,65.24,30,0,
5701,3334,3404,87.23,40,1,
5702,3335,3405,157.94,30,0,
5703,3336,3337,151.01,40,0,
5704,3337,3338,57.55,30,0,
5705,3337,3407,133.52,30,0,
5706,3338,3339,141.67,50,0,
5707,3338,3408,162.55,50,0,Aleea Carpati
5708,3339,3340,102.58,30,0,
5709,3339,3409,151.98,30,0,
5710,3340,3410,91.8,40,0,
5711,3341,3342,100.42,50,0,
5712,3341,3411,101.37,30,0,
5713,3342,3343,154.32,40,0,
5714,3342,3412,244.24,40,0,
5715,3343,3344,123.86,40,0,
5716,3343,3413,148.71,50,0,Strada Libertatii
5717,3344,3345,138.39,40,0,
5718,3344,3414,85.78,30,0,
5719,3345,3346,29.99,50,0,
5720,3345,3415,169.01,30,1,
5721,3346,3347,159.4,30,0,
5722,3346,3416,113.6,40,1,
5723,3347,3348,122.52,50,0,
5724,3347,3417,173.73,30,0,
5725,3348,3349,135.39,40,0,
5726,3348,3418,59.5,50,0,Strada Principala
5727,3349,3350,95.02,40,0,
5728,3349,3419,63.12,40,0,
5729,3350,3351,90.59,30,0,
5730,3351,3352,92.99,30,0,
5731,3351,3421,161.11,30,0,
5732,3352,3353,117.04,30,1,
5733,3352,3422,115.41,30,0,
5734,3353,3354,131.9,50,0,
5735,3353,3423,129.66,50,0,Strada Garii
5736,3354,3355,16.48,50,0,
5737,3354,3424,127.31,30,0,
5738,3356,3357,170.08,40,0,
5739,3356,3426,97.48,30,0,
5740,3357,3427,77.02,30,0,
5741,3358,3359,75.51,30,0,
5742,3358,3428,86.3,50,0,Calea Sighisoarei
5743,3359,3360,124.06,50,0,
5744,3360,3430,49.56,50,0,
5745,3361,3362,121.93,30,0,
5746,3362,3363,58.0,40,0,
5747,3363,3364,135.63,50,0,
5748,3363,3433,172.08,50,0,Calea Sighisoarei
5749,3364,3365,96.94,30,0,
5750,3364,3434,120.82,30,0,
5751,3365,3366,134.31,40,1,
5752,3365,3435,123.5,30,0,
5753,3366,3367,93.32,30,0,
5754,3367,3368,86.12,40,1,
5755,3368,3438,226.15,50,0,Aleea Carpati
5756,3369,3439,85.78,40,0,
5757,3370,3371,93.91,30,0,
5758,3370,3440,35.29,50,0,
5759,3371,3372,132.8,30,0,
5760,3372,3442,68.27,40,0,
5761,3373,3374,183.67,50,0,
5762,3373,3443,113.66,50,0,Strada Principala
5763,3374,3375,24.27,40,1,
5764,3374,3444,80.02,30,0,
5765,3375,3376,61.97,40,0,
5766,3375,3445,186.02,30,0,
5767,3376,3377,167.11,30,0,
5768,3376,3446,159.0,30,0,
5769,3378,3379,144.53,40,0,
5770,3378,3448,173.51,50,0,Strada Principala
5771,3379,3380,99.96,50,0,
5772,3379,3449,177.94,50,1,
5773,3380,3381,119.94,40,0,
5774,3380,3450,162.79,50,0,
5775,3381,3382,59.68,30,0,
5776,3382,3452,155.93,50,0,
5777,3383,3384,190.29,30,1,
5778,3383,3453,81.65,50,0,Strada Libertatii
5779,3384,3385,105.23,30,0,
5780,3384,3454,177.08,30,0,
5781,3385,3386,127.22,30,0,
5782,3385,3455,53.87,40,0,
5783,3386,3387,98.79,30,0,
5784,3386,3456,108.9,40,0,
5785,3387,3388,161.43,30,0,
5786,3387,3457,97.26,30,1,
5787,3388,3389,129.55,30,0,
5788,3388,3458,66.5,50,0,Bulevardul 1 Decembrie
5789,3389,3390,122.78,50,0,
5790,3390,3391,64.29,30,0,
5791,3390,3460,126.36,50,0,
5792,3391,3392,44.57,30,0,
5793,3391,3461,193.91,40,0,
5794,3392,3393,99.88,30,1,
5795,3392,3462,181.34,30,0,
5796,3393,3394,188.06,30,0,
5797,3393,3463,99.89,50,0,Calea Sighisoarei
5798,3394,3464,125.23,50,1,
5799,3395,3396,177.63,30,0,
5800,3395,3465,142.67,30,0,
5801,3396,3397,146.34,30,1,
5802,3396,3466,181.01,50,0,
5803,3397,3398,126.83,30,0,
5804,3397,3467,48.85,30,0,
5805,3398,3399,121.04,50,1,
5806,3398,3468,246.37,50,0,Calea Sighisoarei
5807,3399,3400,83.18,40,0,
5808,3399,3469,99.99,50,0,
5809,3400,3401,123.13,40,1,
5810,3400,3470,169.8,40,0,
5811,3401,3402,97.4,30,0,
5812,3401,3471,170.63,30,0,
5813,3402,3403,104.45,40,1,
5814,3403,3404,153.78,30,0,
5815,3403,3473,135.78,50,0,Bulevardul 1 Decembrie
5816,3404,3405,182.99,30,0,
5817,3404,3474,166.24,30,0,
5818,3405,3475,166.45,40,0,
5819,3406,3407,139.57,30,0,
5820,3406,3476,118.11,50,0,
5821,3407,3408,86.79,50,0,
5822,3408,3478,108.27,50,0,Strada Libertatii
5823,3409,3410,139.85,40,0,
5824,3409,3479,133.38,30,0,
5825,3410,3480,130.29,40,0,
5826,3411,3412,165.09,40,0,
5827,3411,3481,101.08,40,0,
5828,3413,3414,62.18,50,0,
5829,3413,3483,111.76,50,0,Calea Sighisoarei
5830,3414,3415,104.79,30,0,
5831,3414,3484,190.94,50,0,
5832,3415,3416,144.81,30,0,
5833,3415,3485,132.24,50,0,
5834,3416,3417,107.5,30,0,
5835,3416,3486,82.23,40,0,
5836,3417,3418,82.28,30,0,
5837,3418,3419,128.17,30,0,
5838,3418,3488,104.91,50,0,Strada Garii
5839,3419,3420,172.76,30,0,
5840,3419,3489,197.42,40,0,
5841,3420,3421,40.7,50,0,
5842,3420,3490,103.43,30,1,
5843,3421,3422,179.59,30,0,
5844,3421,3491,87.96,30,0,
5845,3422,3492,225.45,30,0,
5846,3423,3424,47.37,30,0,
5847,3423,3493,98.66,50,0,Aleea Carpati
5848,3425,3426,71.14,30,0,
5849,3426,3427,149.18,40,0,
5850,3426,3496,80.72,40,0,
5851,3427,3497,194.68,30,1,
5852,3428,3429,120.32,30,0,
5853,3428,3498,157.82,50,0,Calea Sighisoarei
5854,3429,3430,112.41,40,0,
5855,3429,3499,113.18,30,0,
5856,3430,3431,215.85,30,0,
5857,3430,3500,253.26,30,1,
5858,3431,3432,109.37,40,0,
5859,3431,3501,83.58,50,1,
5860,3432,3502,113.38,50,0,
5861,3433,3434,168.09,30,0,
5862,3433,3503,142.71,50,0,Strada Principala
5863,3434,3435,54.33,50,0,
5864,3434,3504,167.43,40,0,
5865,3435,3436,133.62,50,0,
5866,3435,3505,68.15,40,0,
5867,3436,3437,112.77,50,0,
5868,3436,3506,79.65,30,0,
5869,3437,3438,118.21,50,0,
5870,3437,3507,97.53,30,0,
5871,3438,3439,118.39,50,0,
5872,3438,3508,82.78,50,0,Calea Sighisoarei
5873,3439,3440,80.14,30,0,
5874,3439,3509,199.83,30,0,
5875,3440,3510,135.41,30,0,
5876,3441,3511,58.72,40,0,
5877,3442,3512,154.24,50,0,
5878,3443,3513,116.48,50,0,Aleea Carpati
5879,3444,3445,121.13,50,0,
5880,3445,3446,115.68,40,0,
5881,3445,3515,68.39,30,0,
5882,3446,3447,135.28,40,0,
5883,3446,3516,105.37,50,0,
5884,3447,3517,101.27,30,0,
5885,3448,3449,81.76,30,0,
5886,3448,3518,127.62,50,0,
5887,3449,3450,109.7,40,0,
5888,3449,3519,49.72,30,0,
5889,3450,3451,116.08,30,0,
5890,3450,3520,118.37,30,0,
5891,3451,3452,104.0,30,0,
5892,3451,3521,112.68,40,0,
5893,3452,3522,131.94,30,0,
5894,3453,3454,66.32,40,0,
5895,3453,3523,197.97,50,0,Aleea Carpati
5896,3454,3524,84.93,30,0,
5897,3455,3456,67.47,30,0,
5898,3455,3525,203.2,30,0,
5899,3456,3457,114.28,30,0,
5900,3456,3526,108.87,30,0,
5901,3457,3458,145.5,50,0,
5902,3457,3527,180.56,40,0,
5903,3458,3459,126.41,30,0,
5904,3458,3528,158.71,50,0,Strada Principala
5905,3459,3529,18.19,30,0,
5906,3460,3530,106.09,30,0,
5907,3461,3462,104.09,50,1,
5908,3461,3531,123.47,30,0,
5909,3462,3463,166.0,30,0,
5910,3462,3532,28.03,30,0,
5911,3463,3464,154.73,30,0,
5912,3463,3533,192.51,50,0,Calea Sighisoarei
5913,3464,3465,50.33,30,0,
5914,3464,3534,119.11,50,0,
5915,3465,3466,104.07,50,1,
5916,3465,3535,68.92,40,0,
5917,3466,3467,151.72,30,0,
5918,3466,3536,97.85,40,0,
5919,3467,3468,136.86,50,0,
5920,3468,3469,157.93,50,1,
5921,3468,3538,115.27,50,0,Strada Libertatii
5922,3469,3470,67.93,30,0,
5923,3469,3539,168.9,30,0,
5924,3470,3471,165.49,30,0,
5925,3470,3540,145.03,50,1,
5926,3471,3472,107.92,50,0,
5927,3471,3541,119.32,30,0,
5928,3472,3473,184.43,30,1,
5929,3472,3542,179.6,30,0,
5930,3473,3474,58.8,30,0,
5931,3473,3543,97.11,50,0,Strada Garii
5932,3474,3475,193.86,40,0,
5933,3474,3544,198.31,40,0,
5934,3475,3545,117.08,40,0,
5935,3476,3477,9.9,40,0,
5936,3477,3478,158.09,30,0,
5937,3477,3547,262.16,30,0,
5938,3478,3479,87.86,50,0,
5939,3478,3548,104.35,50,0,
5940,3480,3481,87.35,40,0,
5941,3481,3482,192.86,50,0,
5942,3481,3551,163.62,30,0,
5943,3482,3483,202.32,30,0,
5944,3482,3552,91.0,50,0,
5945,3483,3484,58.91,50,0,
5946,3483,3553,163.9,50,0,Bulevardul 1 Decembrie
5947,3484,3485,87.37,50,0,
5948,3484,3554,74.51,30,0,
5949,3485,3486,155.56,30,1,
5950,3485,3555,80.61,50,0,
5951,3486,3487,126.26,30,1,
5952,3486,3556,137.53,50,0,
5953,3487,3488,36.59,40,0,
5954,3487,3557,138.85,30,1,
5955,3488,3558,137.45,50,0,Strada Principala
5956,3489,3490,80.04,40,0,
5957,3490,3491,142.3,30,0,
5958,3491,3492,106.51,50,0,
5959,3491,3561,191.23,30,0,
5960,3492,3562,68.06,50,1,
5961,3493,3494,169.07,30,0,
5962,3493,3563,192.43,50,0,Strada Principala
5963,3494,3495,160.5,30,0,
5964,3494,3564,66.91,40,0,
5965,3495,3496,122.51,30,0,
5966,3495,3565,127.35,50,0,
5967,3496,3497,118.35,50,1,
5968,3496,3566,235.59,30,0,
5969,3497,3567,128.2,30,0,
5970,3498,3499,139.91,50,0,Calea Sighisoarei
5971,3498,3568,95.64,50,0,
5972,3499,3500,210.99,50,0,Aleea Carpati
5973,3499,3569,294.16,30,0,
5974,3500,3501,47.84,50,0,Calea Sighisoarei
5975,3500,3570,183.33,30,0,
5976,3501,3502,107.88,50,0,Bulevardul 1 Decembrie
5977,3501,3571,111.6,50,0,
5978,3502,3503,107.14,50,0,Bulevardul 1 Decembrie
5979,3502,3572,191.32,30,0,
5980,3503,3504,151.12,50,0,
5981,3503,3573,113.78,50,0,Strada Principala
5982,3504,3505,69.26,50,0,Calea Sighisoarei
5983,3504,3574,118.71,30,0,
5984,3505,3506,130.46,50,0,Strada Principala
5985,3505,3575,171.74,30,0,
5986,3506,3507,84.51,50,0,Aleea Carpati
5987,3506,3576,151.79,30,0,
5988,3507,3508,179.95,50,0,Strada Libertatii
5989,3507,3577,96.38,50,0,
5990,3508,3509,56.89,50,0,Strada Garii
5991,3508,3578,153.58,50,0,Strada Garii
5992,3509,3510,164.91,50,0,Bulevardul 1 Decembrie
5993,3509,3579,86.5,30,0,
5994,3510,3511,50.11,50,0,Bulevardul 1 Decembrie
5995,3510,3580,157.14,50,0,
5996,3511,3512,151.33,50,0,Strada Principala
5997,3511,3581,127.46,40,1,
5998,3512,3513,107.36,50,0,Aleea Carpati
5999,3512,3582,59.27,50,0,
6000,3513,3514,77.25,50,0,Strada Libertatii
6001,3513,3583,181.39,50,0,Aleea Carpati
6002,3514,3515,190.15,50,0,Strada Garii
6003,3514,3584,232.36,30,0,
6004,3515,3516,71.86,50,0,Bulevardul 1 Decembrie
6005,3515,3585,121.01,30,0,
6006,3516,3517,152.2,50,0,Strada Garii
6007,3516,3586,117.36,40,0,
6008,3517,3518,66.43,50,0,
6009,3517,3587,130.79,40,0,
6010,3518,3519,147.64,50,0,Aleea Carpati
6011,3518,3588,66.44,50,0,Calea Sighisoarei
6012,3519,3520,101.26,50,0,Calea Sighisoarei
6013,3520,3521,51.55,50,0,Strada Libertatii
6014,3520,3590,109.07,30,0,
6015,3521,3522,109.09,50,0,Aleea Carpati
6016,3521,3591,133.13,30,0,
6017,3522,3523,153.98,50,0,Bulevardul 1 Decembrie
6018,3522,3592,75.81,50,1,
6019,3523,3524,157.79,50,0,Calea Sighisoarei
6020,3523,3593,110.06,50,0,Aleea Carpati
6021,3524,3525,174.93,50,0,
6022,3524,3594,179.0,30,0,
6023,3525,3526,77.69,50,0,Strada Garii
6024,3525,3595,102.07,30,1,
6025,3526,3527,171.92,50,0,
6026,3527,3528,43.85,50,0,Strada Libertatii
6027,3527,3597,100.91,30,0,
6028,3528,3529,159.54,50,0,Strada Libertatii
6029,3528,3598,122.14,50,0,Strada Libertatii
6030,3529,3530,72.91,50,0,Strada Libertatii
6031,3529,3599,236.13,30,0,
6032,3530,3531,165.25,50,0,Calea Sighisoarei
6033,3531,3532,104.56,50,0,Strada Principala
6034,3531,3601,120.08,50,0,
6035,3532,3533,176.38,50,0,Strada Garii
6036,3532,3602,223.29,40,1,
6037,3533,3534,137.75,50,0,Calea Sighisoarei
6038,3533,3603,88.68,50,0,Strada Principala
6039,3534,3535,47.91,50,0,Strada Libertatii
6040,3534,3604,107.62,40,0,
6041,3535,3536,198.57,50,0,Strada Principala
6042,3536,3537,60.32,50,0,
6043,3536,3606,125.4,30,0,
6044,3537,3538,86.06,50,0,Strada Libertatii
6045,3537,3607,97.27,50,0,
6046,3538,3539,101.32,50,0,Calea Sighisoarei
6047,3538,3608,67.8,50,0,Strada Garii
6048,3539,3540,194.5,50,0,Strada Principala
6049,3539,3609,177.07,50,0,
6050,3540,3541,68.24,50,0,Bulevardul 1 Decembrie
6051,3540,3610,32.07,30,0,
6052,3541,3542,140.83,50,0,Aleea Carpati
6053,3541,3611,59.56,30,0,
6054,3542,3543,19.81,50,0,Calea Sighisoarei
6055,3542,3612,101.13,50,1,
6056,3543,3544,137.5,50,0,Strada Libertatii
6057,3543,3613,129.41,50,0,Aleea Carpati
6058,3544,3545,127.31,50,0,Aleea Carpati
6059,3545,3546,110.85,50,0,Bulevardul 1 Decembrie
6060,3545,3615,117.62,30,0,
6061,3546,3547,98.7,50,0,Bulevardul 1 Decembrie
6062,3546,3616,97.51,40,0,
6063,3547,3548,99.27,50,0,Calea Sighisoarei
6064,3547,3617,77.2,50,0,
6065,3548,3549,98.52,50,0,
6066,3548,3618,133.15,50,0,Strada Libertatii
6067,3549,3550,120.04,50,0,Strada Principala
6068,3549,3619,110.5,50,0,
6069,3550,3551,105.69,50,0,Strada Libertatii
6070,3550,3620,84.66,30,0,
6071,3551,3552,191.13,50,0,Aleea Carpati
6072,3552,3553,53.7,50,0,Aleea Carpati
6073,3552,3622,109.75,40,0,
6074,3553,3554,175.41,50,0,Bulevardul 1 Decembrie
6075,3553,3623,71.08,50,0,Strada Libertatii
6076,3554,3555,42.8,50,0,
6077,3555,3556,144.81,50,0,Bulevardul 1 Decembrie
6078,3555,3625,132.19,50,0,
6079,3556,3557,45.54,50,0,Calea Sighisoarei
6080,3556,3626,169.24,40,0,
6081,3557,3558,81.47,50,0,Calea Sighisoarei
6082,3557,3627,147.04,50,0,
6083,3558,3559,136.4,50,0,
6084,3558,3628,162.24,50,0,Strada Libertatii
6085,3559,3560,160.72,50,0,Strada Garii
6086,3560,3561,187.38,50,0,Bulevardul 1 Decembrie
6087,3560,3630,183.19,30,1,
6088,3561,3562,116.98,50,0,Bulevardul 1 Decembrie
6089,3562,3563,160.5,50,0,Bulevardul 1 Decembrie
6090,3562,3632,83.3,40,1,
6091,3563,3564,52.35,50,0,Strada Principala
6092,3563,3633,85.58,50,0,Strada Principala
6093,3564,3565,133.12,50,0,Strada Libertatii
6094,3564,3634,96.35,50,0,
6095,3565,3566,199.01,50,0,Strada Garii
6096,3566,3567,21.38,50,0,Strada Garii
6097,3566,3636,227.02,40,0,
6098,3568,3569,162.29,30,0,
6099,3568,3638,155.07,50,0,
6100,3569,3570,46.33,30,0,
6101,3569,3639,51.35,40,0,
6102,3570,3571,138.04,50,0,
6103,3570,3640,93.91,30,0,
6104,3571,3572,134.66,30,0,
6105,3571,3641,54.88,50,0,
6106,3572,3573,23.98,30,0,
6107,3572,3642,68.3,30,0,
6108,3573,3574,140.8,50,0,
6109,3573,3643,87.53,50,0,Bulevardul 1 Decembrie
6110,3574,3575,118.45,40,0,
6111,3574,3644,104.15,30,0,
6112,3575,3576,49.96,50,0,
6113,3575,3645,111.05,30,0,
6114,3576,3577,166.01,30,0,
6115,3577,3578,97.47,50,1,
6116,3577,3647,117.21,30,0,
6117,3578,3579,116.01,30,0,
6118,3578,3648,31.26,50,0,Aleea Carpati
6119,3579,3580,102.61,30,0,
6120,3579,3649,122.9,30,0,
6121,3580,3650,55.52,40,0,
6122,3581,3582,156.3,30,0,
6123,3581,3651,136.9,30,0,
6124,3582,3583,134.26,50,0,
6125,3582,3652,258.93,50,0,
6126,3583,3584,174.26,40,0,
6127,3583,3653,154.73,50,0,Strada Libertatii
6128,3584,3585,79.85,30,0,
6129,3584,3654,127.36,30,1,
6130,3585,3586,153.26,50,0,
6131,3585,3655,78.54,40,0,
6132,3586,3587,76.78,40,0,
6133,3586,3656,153.98,40,0,
6134,3587,3588,112.51,30,0,
6135,3587,3657,59.5,50,0,
6136,3588,3589,112.14,30,0,
6137,3588,3658,197.24,50,0,Aleea Carpati
6138,3589,3590,84.97,50,0,
6139,3589,3659,89.34,40,0,
6140,3590,3591,109.98,30,0,
6141,3591,3592,170.55,40,1,
6142,3591,3661,153.04,40,0,
6143,3592,3593,31.19,40,0,
6144,3592,3662,131.11,30,0,
6145,3593,3594,230.74,40,1,
6146,3593,3663,204.94,50,0,Strada Garii
6147,3594,3595,24.52,50,1,
6148,3594,3664,184.7,40,0,
6149,3595,3596,173.0,40,1,
6150,3595,3665,111.39,30,0,
6151,3596,3597,100.83,30,0,
6152,3596,3666,265.21,50,0,
6153,3597,3598,111.27,30,0,
6154,3597,3667,109.4,50,0,
6155,3598,3599,119.92,50,0,
6156,3598,3668,93.74,50,0,Strada Principala
6157,3599,3600,74.5,30,0,
6158,3599,3669,80.32,30,1,
6159,3600,3601,201.26,40,0,
6160,3601,3602,8.88,30,0,
6161,3601,3671,78.99,30,0,
6162,3602,3603,186.94,30,0,
6163,3602,3672,77.86,50,0,
6164,3603,3604,79.03,30,0,
6165,3603,3673,260.29,50,0,Bulevardul 1 Decembrie
6166,3604,3674,158.22,30,1,
6167,3605,3606,108.25,30,0,
6168,3606,3607,197.44,50,0,
6169,3607,3608,80.23,50,0,
6170,3608,3609,141.01,50,0,
6171,3608,3678,85.58,50,0,Bulevardul 1 Decembrie
6172,3609,3679,130.31,30,0,
6173,3610,3611,77.0,30,0,
6174,3610,3680,188.83,50,0,
6175,3611,3612,92.36,50,0,
6176,3611,3681,195.78,30,0,
6177,3612,3682,163.9,40,0,
6178,3613,3614,114.73,30,0,
6179,3613,3683,82.06,50,0,Bulevardul 1 Decembrie
6180,3614,3684,56.62,30,0,
6181,3615,3616,137.41,40,0,
6182,3615,3685,46.19,30,1,
6183,3616,3617,55.33,40,0,
6184,3616,3686,103.39,40,0,
6185,3617,3618,95.27,30,0,
6186,3617,3687,97.96,50,0,
6187,3618,3619,133.29,50,0,
6188,3618,3688,53.77,50,0,
6189,3619,3689,145.44,30,0,
6190,3620,3621,123.08,30,0,
6191,3620,3690,131.47,50,0,
6192,3621,3622,107.08,30,0,
6193,3621,3691,89.75,30,0,
6194,3623,3624,127.3,40,0,
6195,3623,3693,82.18,50,0,Strada Principala
6196,3624,3625,92.81,30,0,
6197,3624,3694,45.52,30,0,
6198,3625,3626,143.68,50,0,
6199,3625,3695,139.23,50,1,
6200,3626,3627,77.3,50,0,
6201,3626,3696,186.7,40,0,
6202,3627,3628,183.76,30,0,
6203,3627,3697,35.87,40,0,
6204,3628,3629,27.81,50,0,
6205,3628,3698,162.09,50,0,Strada Principala
6206,3629,3630,128.38,40,1,
6207,3629,3699,79.06,50,0,
6208,3630,3700,168.33,50,1,
6209,3631,3701,72.23,50,0,
6210,3632,3702,184.38,40,0,
6211,3633,3634,145.8,30,0,
6212,3633,3703,167.51,50,0,Strada Libertatii
6213,3634,3704,148.88,30,0,
6214,3635,3636,41.18,50,0,
6215,3635,3705,81.43,30,0,
6216,3636,3637,182.87,50,1,
6217,3636,3706,122.39,30,0,
6218,3637,3707,107.95,30,0,
6219,3638,3639,136.82,30,0,
6220,3638,3708,115.9,50,0,Strada Garii
6221,3639,3640,25.27,30,0,
6222,3639,3709,149.98,30,0,
6223,3640,3641,234.84,30,0,
6224,3640,3710,107.6,30,0,
6225,3641,3711,234.15,40,0,
6226,3642,3643,34.09,40,0,
6227,3642,3712,123.46,30,0,
6228,3643,3713,121.55,50,0,Aleea Carpati
6229,3644,3714,179.63,30,1,
6230,3645,3646,142.3,30,0,
6231,3646,3647,69.3,30,0,
6232,3646,3716,124.58,40,1,
6233,3647,3648,133.26,30,0,
6234,3647,3717,141.82,40,0,
6235,3648,3649,115.01,30,0,
6236,3648,3718,206.31,50,0,
6237,3650,3720,90.89,50,0,
6238,3651,3652,100.07,30,0,
6239,3651,3721,170.85,40,0,
6240,3653,3723,105.77,50,0,Calea Sighisoarei
6241,3654,3655,90.14,40,1,
6242,3654,3724,127.18,40,1,
6243,3655,3656,137.67,30,0,
6244,3656,3657,102.05,30,1,
6245,3656,3726,80.62,30,0,
6246,3657,3658,181.9,40,0,
6247,3657,3727,159.08,40,1,
6248,3658,3659,129.37,40,0,
6249,3658,3728,46.32,50,0,
6250,3659,3660,61.3,40,0,
6251,3659,3729,210.94,40,0,
6252,3660,3661,118.32,30,0,
6253,3660,3730,168.31,30,0,
6254,3661,3662,153.43,30,0,
6255,3661,3731,60.86,30,0,
6256,3662,3663,104.77,50,0,
6257,3663,3664,153.87,30,0,
6258,3663,3733,106.32,50,0,Strada Principala
6259,3664,3665,95.78,50,0,
6260,3664,3734,40.5,50,0,
6261,3665,3666,167.17,40,0,
6262,3665,3735,164.55,30,0,
6263,3666,3667,139.41,40,0,
6264,3666,3736,70.19,30,0,
6265,3667,3737,52.1,40,0,
6266,3668,3669,180.69,40,0,
6267,3668,3738,174.04,50,0,Strada Libertatii
6268,3669,3670,93.4,50,0,
6269,3669,3739,131.26,40,0,
6270,3670,3740,113.52,30,0,
6271,3671,3741,164.43,40,0,
6272,3672,3673,215.85,30,0,
6273,3672,3742,165.69,40,0,
6274,3673,3674,157.25,30,0,
6275,3673,3743,10.06,50,0,Bulevardul 1 Decembrie
6276,3674,3675,95.51,50,0,
6277,3675,3676,135.93,30,0,
6278,3676,3677,127.74,50,0,
6279,3677,3678,109.66,30,0,
6280,3678,3679,114.38,50,0,
6281,3678,3748,118.29,50,0,Strada Libertatii
6282,3679,3749,167.51,30,0,
6283,3680,3681,135.75,30,0,
6284,3680,3750,101.24,30,0,
6285,3681,3682,110.17,30,0,
6286,3681,3751,150.16,30,0,
6287,3682,3683,61.32,40,1,
6288,3682,3752,160.15,40,0,
6289,3683,3684,119.06,40,0,
6290,3683,3753,186.06,50,0,Strada Libertatii
6291,3684,3685,118.31,40,0,
6292,3684,3754,87.03,30,1,
6293,3685,3686,186.89,30,0,
6294,3685,3755,291.75,30,0,
6295,3686,3687,121.31,50,0,
6296,3686,3756,175.14,50,0,
6297,3687,3757,174.31,40,0,
6298,3688,3689,132.89,30,0,
6299,3688,3758,240.68,50,0,
6300,3689,3759,118.99,30,0,
6301,3690,3691,97.14,50,0,
6302,3690,3760,145.26,40,1,
6303,3691,3761,116.79,40,1,
6304,3692,3693,146.26,30,0,
6305,3692,3762,83.7,50,0,
6306,3693,3694,118.38,30,0,
6307,3693,3763,240.37,50,0,Aleea Carpati
6308,3694,3764,178.58,50,0,
6309,3695,3696,166.3,30,0,
6310,3695,3765,168.72,40,1,
6311,3696,3697,161.8,40,0,
6312,3696,3766,78.25,30,0,
6313,3697,3698,171.62,30,0,
6314,3697,3767,165.83,30,0,
6315,3698,3699,148.63,40,0,
6316,3698,3768,55.54,50,0,Strada Garii
6317,3699,3700,141.34,30,0,
6318,3699,3769,180.99,30,0,
6319,3700,3701,44.83,50,0,
6320,3701,3771,134.69,40,0,
6321,3702,3772,124.21,30,0,
6322,3703,3773,160.52,50,0,
6323,3704,3705,161.19,30,0,
6324,3705,3706,59.5,30,0,
6325,3705,3775,104.95,30,0,
6326,3706,3707,38.2,40,0,
6327,3706,3776,45.07,40,0,
6328,3707,3777,111.78,30,0,
6329,3708,3709,98.35,30,1,
6330,3708,3778,33.14,50,0,Aleea Carpati
6331,3709,3710,85.29,40,0,
6332,3709,3779,74.82,50,0,
6333,3710,3711,112.03,30,0,
6334,3711,3712,148.4,40,0,
6335,3711,3781,41.27,30,0,
6336,3712,3713,81.11,40,0,
6337,3713,3714,168.22,30,0,
6338,3713,3783,118.45,50,0,Bulevardul 1 Decembrie
6339,3714,3715,110.57,50,0,
6340,3714,3784,135.55,30,0,
6341,3715,3716,188.31,50,0,
6342,3716,3717,83.61,30,1,
6343,3716,3786,91.46,30,0,
6344,3717,3787,110.17,40,0,
6345,3718,3719,18.15,50,0,
6346,3718,3788,175.71,50,0,Aleea Carpati
6347,3719,3720,109.89,40,0,
6348,3719,3789,124.21,30,0,
6349,3720,3721,170.07,50,0,
6350,3720,3790,222.88,30,0,
6351,3721,3722,136.9,30,0,
6352,3721,3791,95.87,40,0,
6353,3722,3723,116.69,40,0,
6354,3722,3792,93.35,50,0,
6355,3723,3793,180.1,50,0,Bulevardul 1 Decembrie
6356,3724,3725,84.05,30,0,
6357,3724,3794,94.21,50,0,
6358,3725,3726,123.3,30,0,
6359,3725,3795,108.02,30,0,
6360,3726,3727,55.48,30,0,
6361,3727,3728,203.01,30,0,
6362,3728,3729,108.75,40,0,
6363,3728,3798,146.97,50,0,Strada Principala
6364,3729,3730,144.07,50,0,
6365,3729,3799,69.98,40,0,
6366,3730,3731,133.77,30,0,
6367,3730,3800,159.01,30,0,
6368,3731,3732,135.53,40,0,
6369,3731,3801,92.87,40,0,
6370,3732,3733,38.23,30,0,
6371,3732,3802,91.42,30,0,
6372,3733,3734,160.17,40,0,
6373,3733,3803,58.13,50,0,Strada Libertatii
6374,3734,3735,155.89,30,0,
6375,3734,3804,215.99,30,0,
6376,3735,3736,147.16,30,0,
6377,3735,3805,127.94,40,0,
6378,3736,3737,123.52,40,0,
6379,3736,3806,123.22,30,1,
6380,3738,3739,73.84,30,0,
6381,3738,3808,68.22,50,0,Strada Principala
6382,3739,3740,92.38,50,1,
6383,3739,3809,173.82,30,0,
6384,3740,3741,74.7,30,0,
6385,3740,3810,141.08,50,0,
6386,3741,3742,127.16,50,0,
6387,3741,3811,102.93,30,0,
6388,3743,3813,142.56,50,0,Aleea Carpati
6389,3744,3745,112.63,40,0,
6390,3744,3814,137.34,30,0,
6391,3745,3746,78.37,50,0,
6392,3745,3815,104.32,40,0,
6393,3746,3747,103.68,50,0,
6394,3746,3816,124.62,30,0,
6395,3747,3748,114.06,50,0,
6396,3747,3817,161.75,40,1,
6397,3748,3749,158.25,30,0,
6398,3748,3818,237.85,50,0,Bulevardul 1 Decembrie
6399,3749,3750,112.1,50,0,
6400,3749,3819,82.75,50,0,
6401,3750,3751,75.32,50,0,
6402,3750,3820,188.7,30,0,
6403,3751,3752,157.8,30,0,
6404,3751,3821,104.39,30,0,
6405,3752,3822,159.45,50,0,
6406,3753,3823,89.5,50,0,
6407,3754,3755,210.83,30,0,
6408,3754,3824,246.7,40,0,
6409,3755,3825,94.15,30,0,
6410,3756,3757,49.0,30,0,
6411,3756,3826,99.07,50,0,
6412,3757,3758,145.81,30,0,
6413,3757,3827,97.81,30,1,
6414,3758,3759,121.66,40,0,
6415,3758,3828,58.19,50,0,Strada Principala
6416,3759,3760,119.01,30,1,
6417,3759,3829,88.19,30,1,
6418,3760,3761,92.98,30,0,
6419,3760,3830,91.24,30,0,
6420,3761,3762,159.55,40,1,
6421,3761,3831,228.82,50,0,
6422,3762,3763,97.92,30,0,
6423,3762,3832,185.73,50,1,
6424,3763,3764,176.95,30,0,
6425,3763,3833,16.95,50,0,Aleea Carpati
6426,3764,3765,92.24,50,0,
6427,3765,3835,83.95,40,0,
6428,3766,3767,131.36,50,0,
6429,3766,3836,129.04,50,0,
6430,3767,3768,82.32,30,0,
6431,3767,3837,160.41,30,0,
6432,3768,3769,100.38,40,0,
6433,3768,3838,153.55,50,0,Bulevardul 1 Decembrie
6434,3769,3839,101.84,40,0,
6435,3770,3771,78.15,30,0,
6436,3771,3772,131.46,30,1,
6437,3771,3841,122.3,40,0,
6438,3772,3773,42.98,50,0,
6439,3772,3842,121.25,50,0,
6440,3773,3843,101.54,50,0,Strada Garii
6441,3774,3775,41.39,50,0,
6442,3775,3845,154.07,30,0,
6443,3776,3777,159.4,30,0,
6444,3776,3846,187.72,40,0,
6445,3777,3847,71.79,30,0,
6446,3778,3779,156.17,30,0,
6447,3778,3848,225.42,50,0,Strada Garii
6448,3779,3780,102.36,30,0,
6449,3779,3849,122.48,30,0,
6450,3780,3850,93.65,30,0,
6451,3781,3782,143.33,30,1,
6452,3781,3851,155.32,50,0,
6453,3782,3783,152.59,40,0,
6454,3782,3852,69.56,30,0,
6455,3783,3784,45.15,40,0,
6456,3783,3853,113.16,50,0,Calea Sighisoarei
6457,3784,3854,60.29,40,0,
6458,3785,3855,130.74,50,1,
6459,3786,3856,84.54,50,0,
6460,3787,3788,71.64,30,1,
6461,3787,3857,181.94,30,0,
6462,3788,3789,162.32,40,0,
6463,3788,3858,248.61,50,0,Strada Garii
6464,3789,3859,190.69,50,0,
6465,3790,3791,154.11,30,0,
6466,3790,3860,167.58,30,0,
6467,3791,3792,132.48,30,0,
6468,3791,3861,104.57,40,0,
6469,3792,3793,92.92,50,0,
6470,3792,3862,70.44,30,0,
6471,3793,3794,109.55,30,0,
6472,3793,3863,55.88,50,0,Strada Garii
6473,3794,3795,151.91,40,0,
6474,3794,3864,158.77,30,1,
6475,3795,3796,131.95,30,0,
6476,3795,3865,196.2,30,0,
6477,3796,3797,22.33,50,1,
6478,3796,3866,98.06,30,0,
6479,3798,3799,135.59,30,0,
6480,3798,3868,178.69,50,0,Aleea Carpati
6481,3799,3800,96.45,30,0,
6482,3800,3801,144.95,30,0,
6483,3801,3802,108.42,30,0,
6484,3801,3871,177.66,40,0,
6485,3802,3803,138.35,30,0,
6486,3803,3804,134.68,30,0,
6487,3803,3873,164.13,50,0,Strada Libertatii
6488,3804,3805,68.38,30,0,
6489,3804,3874,128.03,50,0,
6490,3805,3806,115.64,40,0,
6491,3805,3875,155.24,40,1,
6492,3806,3807,146.01,40,0,
6493,3806,3876,113.28,40,0,
6494,3807,3808,80.63,50,0,
6495,3807,3877,95.38,30,0,
6496,3808,3809,128.39,30,0,
6497,3808,3878,153.7,50,0,
6498,3809,3879,45.5,30,0,
6499,3810,3811,56.54,30,0,
6500,3810,3880,119.25,30,1,
6501,3811,3812,111.2,30,0,
6502,3811,3881,171.61,30,0,
6503,3813,3814,53.21,30,0,
6504,3813,3883,88.21,50,0,
6505,3814,3815,144.89,40,0,
6506,3814,3884,147.34,40,0,
6507,3815,3816,73.59,30,0,
6508,3816,3817,170.56,30,0,
6509,3816,3886,41.48,30,0,
6510,3817,3818,44.08,30,0,
6511,3818,3819,139.03,40,0,
6512,3818,3888,58.83,50,0,Calea Sighisoarei
6513,3819,3820,187.21,30,0,
6514,3819,3889,171.96,40,0,
6515,3820,3821,55.78,30,0,
6516,3820,3890,79.52,30,0,
6517,3821,3822,186.4,50,1,
6518,3822,3823,64.65,30,1,
6519,3822,3892,48.44,50,0,
6520,3823,3824,129.69,30,0,
6521,3823,3893,145.35,50,0,Bulevardul 1 Decembrie
6522,3825,3826,109.02,30,1,
6523,3825,3895,10.9,40,0,
6524,3827,3897,212.02,40,0,
6525,3828,3898,181.97,50,0,Bulevardul 1 Decembrie
6526,3830,3831,137.98,30,0,
6527,3830,3900,182.15,30,0,
6528,3831,3832,165.19,40,0,
6529,3831,3901,24.23,30,0,
6530,3832,3902,64.43,30,0,
6531,3833,3834,141.59,50,0,
6532,3833,3903,190.2,50,0,
6533,3835,3836,128.17,50,0,
6534,3835,3905,140.55,30,0,
6535,3836,3906,103.86,40,0,
6536,3837,3838,179.37,30,0,
6537,3837,3907,177.28,30,1,
6538,3838,3839,23.72,30,1,
6539,3838,3908,122.29,50,0,Calea Sighisoarei
6540,3839,3840,172.2,50,0,
6541,3839,3909,158.98,30,0,
6542,3840,3841,40.08,30,0,
6543,3840,3910,115.11,40,0,
6544,3841,3842,159.95,50,0,
6545,3841,3911,54.68,50,0,
6546,3842,3843,64.59,50,0,
6547,3842,3912,86.52,50,0,
6548,3843,3844,201.45,50,1,
6549,3843,3913,106.19,50,0,Calea Sighisoarei
6550,3844,3845,67.88,30,0,
6551,3844,3914,171.06,30,1,
6552,3845,3846,54.62,50,1,
6553,3845,3915,167.12,30,0,
6554,3846,3847,117.21,40,0,
6555,3846,3916,209.76,40,0,
6556,3847,3917,254.11,40,0,
6557,3848,3849,66.86,50,0,Strada Libertatii
6558,3848,3918,172.53,50,0,Strada Libertatii
6559,3849,3850,156.81,50,0,
6560,3849,3919,166.83,30,0,
6561,3850,3851,96.76,50,0,Strada Libertatii
6562,3850,3920,120.35,30,0,
6563,3851,3852,87.47,50,0,
6564,3851,3921,107.43,50,0,
6565,3852,3853,180.45,50,0,Strada Libertatii
6566,3853,3854,24.75,50,0,
6567,3853,3923,129.91,50,0,Bulevardul 1 Decembrie
6568,3854,3855,83.96,50,0,Bulevardul 1 Decembrie
6569,3854,3924,172.1,30,0,
6570,3855,3856,169.47,50,0,Bulevardul 1 Decembrie
6571,3855,3925,99.84,30,1,
6572,3856,3857,104.53,50,0,
6573,3857,3858,151.8,50,0,Aleea Carpati
6574,3857,3927,74.49,30,0,
6575,3858,3859,89.08,50,0,Calea Sighisoarei
6576,3858,3928,47.03,50,0,Bulevardul 1 Decembrie
6577,3859,3860,183.87,50,0,Bulevardul 1 Decembrie
6578,3860,3861,118.08,50,0,Calea Sighisoarei
6579,3860,3930,77.67,30,0,
6580,3861,3862,16.43,50,0,Strada Principala
6581,3861,3931,146.25,30,0,
6582,3862,3863,114.51,50,0,Strada Principala
6583,3862,3932,141.61,30,0,
6584,3863,3864,93.42,50,0,Strada Garii
6585,3863,3933,82.34,50,0,Calea Sighisoarei
6586,3864,3865,74.19,50,0,Strada Libertatii
6587,3864,3934,83.88,40,0,
6588,3865,3866,200.87,50,0,Bulevardul 1 Decembrie
6589,3865,3935,123.7,40,0,
6590,3866,3867,75.39,50,0,Strada Principala
6591,3866,3936,138.46,30,1,
6592,3867,3868,73.81,50,0,Bulevardul 1 Decembrie
6593,3867,3937,139.12,50,0,
6594,3868,3869,166.28,50,0,Aleea Carpati
6595,3868,3938,58.93,50,0,Strada Garii
6596,3869,3870,106.23,50,0,Aleea Carpati
6597,3870,3871,156.98,50,0,Bulevardul 1 Decembrie
6598,3870,3940,112.91,30,0,
6599,3871,3872,50.72,50,0,Bulevardul 1 Decembrie
6600,3871,3941,192.18,30,0,
6601,3872,3873,139.62,50,0,Strada Libertatii
6602,3872,3942,137.26,30,0,
6603,3873,3874,50.22,50,0,
6604,3873,3943,159.25,50,0,
6605,3874,3875,136.81,50,0,Strada Principala
6606,3874,3944,100.05,30,1,
6607,3875,3876,131.51,50,0,Bulevardul 1 Decembrie
6608,3876,3877,114.39,50,0,Bulevardul 1 Decembrie
6609,3876,3946,121.24,50,0,
6610,3877,3878,111.96,50,0,Strada Garii
6611,3877,3947,172.69,50,0,
6612,3878,3879,124.64,50,0,Strada Libertatii
6613,3878,3948,119.69,50,0,Strada Libertatii
6614,3879,3880,121.32,50,0,Strada Garii
6615,3879,3949,237.7,40,0,
6616,3880,3881,211.62,50,0,Bulevardul 1 Decembrie
6617,3880,3950,105.86,30,0,
6618,3881,3882,95.88,50,0,
6619,3881,3951,131.57,30,0,
6620,3882,3883,91.95,50,0,Strada Garii
6621,3882,3952,52.91,30,0,
6622,3883,3884,104.78,50,0,
6623,3883,3953,95.83,50,0,Bulevardul 1 Decembrie
6624,3884,3885,161.97,50,0,Bulevardul 1 Decembrie
6625,3884,3954,161.48,50,0,
6626,3885,3886,50.23,50,0,Aleea Carpati
6627,3885,3955,231.03,40,0,
6628,3886,3887,117.59,50,0,Strada Libertatii
6629,3886,3956,161.51,50,0,
6630,3887,3888,168.04,50,0,Strada Principala
6631,3887,3957,182.76,40,0,
6632,3888,3889,48.42,50,0,
6633,3888,3958,163.35,50,0,Strada Libertatii
6634,3889,3890,138.66,50,0,Aleea Carpati
6635,3890,3891,166.55,50,0,Strada Libertatii
6636,3890,3960,109.71,50,0,
6637,3891,3892,140.25,50,0,Strada Libertatii
6638,3891,3961,44.54,30,0,
6639,3892,3893,85.8,50,0,Bulevardul 1 Decembrie
6640,3892,3962,205.19,40,0,
6641,3893,3894,100.37,50,0,Calea Sighisoarei
6642,3893,3963,35.94,50,0,Aleea Carpati
6643,3894,3895,100.99,50,0,Strada Principala
6644,3894,3964,125.53,40,0,
6645,3895,3896,194.31,50,0,Bulevardul 1 Decembrie
6646,3896,3897,52.26,50,0,Calea Sighisoarei
6647,3896,3966,96.95,40,0,
6648,3897,3898,57.06,50,0,Calea Sighisoarei
6649,3897,3967,15.02,40,0,
6650,3898,3899,142.22,50,0,Strada Principala
6651,3898,3968,167.38,50,0,
6652,3899,3900,96.08,50,0,Strada Libertatii
6653,3899,3969,66.68,50,0,
6654,3900,3901,138.27,50,0,Strada Principala
6655,3900,3970,121.48,40,0,
6656,3901,3902,173.93,50,0,Strada Libertatii
6657,3901,3971,164.96,50,0,
6658,3902,3903,141.45,50,0,Strada Principala
6659,3902,3972,111.39,30,0,
6660,3903,3904,42.97,50,0,Strada Garii
6661,3903,3973,179.22,50,0,Calea Sighisoarei
6662,3904,3905,127.4,50,0,Calea Sighisoarei
6663,3904,3974,101.18,30,0,
6664,3905,3906,113.27,50,0,Bulevardul 1 Decembrie
6665,3905,3975,140.99,30,0,
6666,3906,3907,137.65,50,0,
6667,3906,3976,125.06,40,0,
6668,3907,3908,139.09,50,0,Calea Sighisoarei
6669,3907,3977,52.0,40,0,
6670,3908,3909,66.83,50,0,Calea Sighisoarei
6671,3908,3978,134.21,50,0,Aleea Carpati
6672,3909,3910,120.99,50,0,Strada Libertatii
6673,3909,3979,127.35,50,0,
6674,3910,3911,162.21,50,0,Strada Garii
6675,3911,3912,147.7,50,0,Aleea Carpati
6676,3911,3981,253.82,30,0,
6677,3912,3913,62.28,50,0,Calea Sighisoarei
6678,3912,3982,162.98,30,0,
6679,3913,3914,138.73,50,0,Calea Sighisoarei
6680,3913,3983,104.72,50,0,Strada Principala
6681,3914,3915,35.86,50,0,Aleea Carpati
6682,3914,3984,96.81,30,0,
6683,3915,3916,179.03,50,0,Aleea Carpati
6684,3915,3985,105.14,30,0,
6685,3916,3917,128.97,50,0,Aleea Carpati
6686,3916,3986,41.84,30,0,
6687,3917,3987,103.12,30,0,
6688,3918,3919,112.78,30,0,
6689,3918,3988,62.94,50,0,Aleea Carpati
6690,3919,3920,130.21,50,0,
6691,3920,3921,88.92,30,0,
6692,3920,3990,172.3,30,0,
6693,3921,3922,109.54,30,0,
6694,3921,3991,200.97,30,0,
6695,3922,3923,160.46,40,0,
6696,3923,3924,42.26,50,0,
6697,3923,3993,198.1,50,0,Strada Principala
6698,3924,3925,84.3,40,0,
6699,3924,3994,120.62,50,0,
6700,3925,3926,104.89,40,0,
6701,3925,3995,201.27,30,0,
6702,3926,3927,81.29,50,0,
6703,3926,3996,146.24,40,0,
6704,3927,3928,124.97,50,0,
6705,3927,3997,179.57,50,0,
6706,3928,3929,138.73,30,0,
6707,3928,3998,49.83,50,0,
6708,3929,3999,182.0,40,0,
6709,3930,3931,75.4,30,1,
6710,3930,4000,136.09,40,0,
6711,3931,3932,103.72,40,0,
6712,3931,4001,195.47,30,0,
6713,3932,3933,144.58,30,0,
6714,3933,3934,53.44,50,0,
6715,3933,4003,172.37,50,0,Strada Libertatii
6716,3934,3935,155.06,50,0,
6717,3934,4004,225.64,30,0,
6718,3935,3936,110.58,30,0,
6719,3935,4005,106.97,30,0,
6720,3936,3937,107.38,30,0,
6721,3936,4006,100.26,30,0,
6722,3937,3938,60.21,40,0,
6723,3937,4007,134.66,30,1,
6724,3938,3939,120.44,30,0,
6725,3938,4008,104.6,50,0,Aleea Carpati
6726,3939,3940,137.24,50,0,
6727,3939,4009,70.96,40,0,
6728,3940,3941,124.09,50,0,
6729,3940,4010,128.13,30,0,
6730,3941,3942,77.68,40,0,
6731,3941,4011,131.35,40,0,
6732,3942,3943,79.92,50,0,
6733,3942,4012,212.11,40,0,
6734,3943,3944,181.89,40,0,
6735,3943,4013,186.28,50,0,Aleea Carpati
6736,3944,3945,54.38,30,0,
6737,3944,4014,170.0,50,1,
6738,3945,4015,144.86,40,0,
6739,3946,3947,70.95,40,0,
6740,3946,4016,43.87,40,0,
6741,3947,3948,109.65,40,0,
6742,3947,4017,17.55,40,1,
6743,3948,3949,48.57,30,0,
6744,3948,4018,81.6,50,0,Bulevardul 1 Decembrie
6745,3949,3950,195.11,30,0,
6746,3949,4019,102.29,50,0,
6747,3950,3951,73.91,40,0,
6748,3950,4020,143.48,40,0,
6749,3951,3952,124.24,50,0,
6750,3951,4021,136.92,40,0,
6751,3952,3953,49.96,30,0,
6752,3953,3954,160.87,30,0,
6753,3953,4023,135.63,50,0,Bulevardul 1 Decembrie
6754,3954,3955,71.5,30,0,
6755,3954,4024,79.08,30,0,
6756,3955,3956,163.86,30,0,
6757,3955,4025,110.42,40,0,
6758,3957,3958,35.24,50,0,
6759,3957,4027,121.77,50,0,
6760,3958,3959,128.12,40,1,
6761,3958,4028,98.14,50,0,Calea Sighisoarei
6762,3959,3960,134.08,50,0,
6763,3960,3961,83.35,40,1,
6764,3960,4030,139.76,40,0,
6765,3961,3962,178.46,30,0,
6766,3961,4031,143.65,30,0,
6767,3962,3963,129.16,50,0,
6768,3962,4032,39.81,30,0,
6769,3963,3964,183.96,40,0,
6770,3963,4033,209.38,50,0,Aleea Carpati
6771,3964,3965,120.23,50,0,
6772,3964,4034,143.62,30,0,
6773,3965,3966,87.96,50,0,
6774,3965,4035,145.32,30,0,
6775,3966,3967,62.46,30,1,
6776,3966,4036,207.98,40,0,
6777,3967,3968,147.83,40,0,
6778,3967,4037,149.14,40,0,
6779,3968,3969,131.55,30,1,
6780,3968,4038,107.92,50,0,Strada Garii
6781,3969,3970,151.71,40,0,
6782,3969,4039,214.9,30,0,
6783,3970,3971,140.35,30,0,
6784,3971,3972,94.84,30,0,
6785,3971,4041,144.12,40,1,
6786,3972,3973,54.94,40,0,
6787,3972,4042,106.54,30,0,
6788,3973,3974,64.15,40,0,
6789,3973,4043,120.46,50,0,Calea Sighisoarei
6790,3974,3975,170.1,30,1,
6791,3974,4044,166.37,50,1,
6792,3975,3976,61.92,30,0,
6793,3975,4045,93.16,40,0,
6794,3976,3977,124.17,30,0,
6795,3976,4046,124.89,30,1,
6796,3977,3978,115.05,30,0,
6797,3977,4047,146.75,50,0,
6798,3978,3979,85.49,50,0,
6799,3978,4048,98.73,50,0,Strada Libertatii
6800,3979,3980,163.14,50,0,
6801,3979,4049,80.8,30,0,
6802,3980,3981,159.7,50,0,
6803,3980,4050,188.14,50,0,
6804,3981,3982,14.62,30,0,
6805,3981,4051,108.31,50,1,
6806,3982,3983,117.92,30,0,
6807,3982,4052,84.14,30,0,
6808,3983,3984,141.08,50,0,
6809,3983,4053,199.48,50,0,Strada Garii
6810,3984,3985,70.98,30,0,
6811,3984,4054,110.62,50,0,
6812,3985,3986,117.66,50,0,
6813,3985,4055,155.95,30,0,
6814,3986,3987,109.18,50,0,
6815,3986,4056,135.09,40,0,
6816,3987,4057,96.97,30,0,
6817,3988,3989,161.63,50,1,
6818,3988,4058,135.47,50,0,Aleea Carpati
6819,3989,3990,119.86,50,0,
6820,3989,4059,8.51,40,0,
6821,3990,3991,102.94,30,1,
6822,3990,4060,171.56,30,0,
6823,3991,3992,108.51,30,0,
6824,3991,4061,99.69,30,1,
6825,3992,4062,192.06,30,0,
6826,3993,3994,168.3,40,1,
6827,3993,4063,101.76,50,0,Calea Sighisoarei
6828,3994,3995,93.79,40,1,
6829,3994,4064,205.35,50,0,
6830,3995,3996,135.89,30,0,
6831,3995,4065,77.09,30,0,
6832,3996,3997,95.22,30,0,
6833,3996,4066,130.91,50,0,
6834,3997,3998,74.7,40,0,
6835,3997,4067,104.49,40,0,
6836,3998,3999,148.55,50,0,
6837,3998,4068,199.2,50,0,Calea Sighisoarei
6838,4000,4001,117.23,30,1,
6839,4001,4002,106.87,30,0,
6840,4001,4071,58.69,30,0,
6841,4002,4003,221.26,40,0,
6842,4002,4072,130.67,50,1,
6843,4003,4073,225.84,50,0,Strada Garii
6844,4004,4074,18.38,40,0,
6845,4005,4006,15.18,30,0,
6846,4005,4075,175.51,40,0,
6847,4006,4007,131.5,30,0,
6848,4006,4076,175.84,50,0,
6849,4007,4008,186.17,50,1,
6850,4008,4009,38.41,40,0,
6851,4008,4078,197.12,50,0,Aleea Carpati
6852,4009,4010,133.32,40,0,
6853,4009,4079,155.47,50,1,
6854,4010,4080,141.03,30,0,
6855,4011,4012,135.59,50,0,
6856,4011,4081,60.15,50,0,
6857,4012,4013,99.42,50,0,
6858,4012,4082,83.73,30,0,
6859,4013,4014,103.59,50,0,
6860,4013,4083,91.95,50,0,Calea Sighisoarei
6861,4014,4015,29.79,40,0,
6862,4014,4084,136.5,30,1,
6863,4015,4016,181.99,30,0,
6864,4015,4085,125.97,30,0,
6865,4016,4017,65.66,30,0,
6866,4016,4086,141.78,30,0,
6867,4017,4018,131.68,40,0,
6868,4017,4087,200.71,30,0,
6869,4018,4019,110.51,40,0,
6870,4018,4088,123.56,50,0,Aleea Carpati
6871,4019,4020,82.25,50,0,
6872,4019,4089,159.11,40,0,
6873,4020,4021,48.2,50,0,
6874,4020,4090,96.59,50,0,
6875,4021,4022,135.29,30,0,
6876,4021,4091,138.44,50,0,
6877,4023,4024,122.02,30,0,
6878,4023,4093,161.91,50,0,Strada Garii
6879,4024,4025,33.35,40,0,
6880,4024,4094,139.02,40,0,
6881,4025,4095,106.47,50,0,
6882,4026,4027,15.05,30,0,
6883,4026,4096,188.9,40,0,
6884,4027,4028,119.33,30,0,
6885,4027,4097,93.42,40,0,
6886,4028,4029,157.47,50,0,
6887,4028,4098,59.13,50,0,Bulevardul 1 Decembrie
6888,4029,4030,32.36,30,0,
6889,4030,4031,203.14,40,0,
6890,4030,4100,171.14,50,0,
6891,4031,4032,57.19,30,0,
6892,4031,4101,211.78,30,0,
6893,4032,4033,122.49,40,0,
6894,4032,4102,180.1,40,0,
6895,4033,4034,34.13,50,0,
6896,4033,4103,140.29,50,0,
6897,4034,4035,97.89,40,0,
6898,4035,4036,186.79,40,0,
6899,4035,4105,158.25,50,1,
6900,4036,4037,174.85,40,0,
6901,4036,4106,68.02,30,0,
6902,4037,4038,63.71,30,0,
6903,4037,4107,54.99,40,0,
6904,4038,4039,114.81,30,0,
6905,4038,4108,166.54,50,0,Aleea Carpati
6906,4039,4040,146.88,50,0,
6907,4039,4109,145.01,30,0,
6908,4040,4041,70.04,40,0,
6909,4040,4110,126.94,30,0,
6910,4041,4042,141.65,50,0,
6911,4042,4043,87.77,30,0,
6912,4043,4044,56.04,40,0,
6913,4043,4113,106.13,50,0,Strada Garii
6914,4044,4114,120.22,30,0,
6915,4045,4046,86.16,50,0,
6916,4045,4115,127.48,30,0,
6917,4046,4047,76.07,50,0,
6918,4046,4116,58.73,30,0,
6919,4047,4048,105.0,50,0,
6920,4047,4117,171.42,50,0,
6921,4048,4118,176.67,50,0,Strada Libertatii
6922,4050,4051,149.21,40,0,
6923,4050,4120,114.57,30,0,
6924,4051,4052,36.22,30,0,
6925,4051,4121,176.93,30,0,
6926,4052,4053,182.81,30,0,
6927,4052,4122,162.45,30,0,
6928,4053,4054,132.18,50,0,
6929,4053,4123,101.62,50,0,Bulevardul 1 Decembrie
6930,4054,4055,53.1,30,1,
6931,4055,4056,81.76,30,0,
6932,4055,4125,131.85,30,0,
6933,4056,4057,205.35,30,1,
6934,4056,4126,121.26,50,0,
6935,4057,4127,165.18,30,0,
6936,4058,4059,67.41,50,0,
6937,4058,4128,207.43,50,0,Strada Libertatii
6938,4059,4060,190.88,30,0,
6939,4059,4129,200.2,40,0,
6940,4060,4130,105.21,40,0,
6941,4061,4131,107.36,30,0,
6942,4062,4063,276.33,40,0,
6943,4062,4132,87.25,30,0,
6944,4063,4064,168.4,50,0,
6945,4063,4133,245.8,50,0,Calea Sighisoarei
6946,4064,4065,127.05,50,0,
6947,4064,4134,53.37,40,1,
6948,4065,4066,70.62,40,1,
6949,4065,4135,104.89,50,0,
6950,4066,4067,115.98,50,0,
6951,4066,4136,112.79,30,0,
6952,4067,4068,129.15,50,0,
6953,4067,4137,99.41,50,0,
6954,4068,4069,97.34,40,0,
6955,4068,4138,96.62,50,0,Strada Principala
6956,4070,4140,141.07,30,0,
6957,4071,4072,138.24,30,0,
6958,4072,4073,99.92,50,1,
6959,4072,4142,113.9,30,0,
6960,4073,4074,165.92,30,0,
6961,4073,4143,80.5,50,0,Bulevardul 1 Decembrie
6962,4074,4075,155.08,30,1,
6963,4074,4144,216.77,40,0,
6964,4075,4076,96.22,30,0,
6965,4075,4145,40.8,30,0,
6966,4076,4077,65.1,30,0,
6967,4076,4146,125.21,30,0,
6968,4077,4078,81.48,40,0,
6969,4077,4147,140.33,40,0,
6970,4078,4148,127.87,50,0,Strada Libertatii
6971,4079,4080,81.36,50,0,
6972,4080,4081,123.38,50,0,
6973,4081,4082,85.54,30,0,
6974,4081,4151,132.01,40,0,
6975,4082,4083,88.06,40,0,
6976,4082,4152,144.18,30,0,
6977,4083,4153,72.84,50,0,Strada Principala
6978,4084,4085,74.1,30,0,
6979,4084,4154,129.98,30,1,
6980,4085,4086,81.12,30,0,
6981,4086,4087,104.67,50,0,
6982,4086,4156,165.36,30,0,
6983,4087,4088,140.07,50,0,
6984,4088,4089,91.77,50,0,
6985,4088,4158,113.39,50,0,Strada Garii
6986,4089,4090,115.35,50,0,
6987,4090,4091,87.34,40,0,
6988,4091,4161,209.92,40,0,
6989,4092,4093,59.62,50,0,
6990,4092,4162,132.8,50,0,
6991,4093,4163,85.22,50,0,
6992,4094,4095,188.8,30,0,
6993,4094,4164,147.05,30,0,
6994,4095,4096,113.71,30,0,
6995,4095,4165,163.9,40,0,
6996,4096,4097,132.48,30,0,
6997,4097,4098,111.99,30,0,
6998,4097,4167,125.44,50,1,
6999,4098,4099,84.9,50,0,
7000,4098,4168,168.66,50,0,Aleea Carpati
7001,4099,4169,124.91,30,0,
7002,4100,4101,154.65,50,1,
7003,4100,4170,108.66,40,0,
7004,4101,4102,65.63,50,0,
7005,4101,4171,73.28,40,0,
7006,4102,4103,68.4,30,1,
7007,4102,4172,159.94,50,0,
7008,4103,4173,157.21,50,0,Strada Garii
7009,4104,4105,86.47,50,1,
7010,4105,4106,72.36,50,1,
7011,4105,4175,84.32,30,1,
7012,4106,4176,112.77,30,0,
7013,4108,4178,202.35,50,0,Strada Garii
7014,4109,4110,81.25,40,0,
7015,4109,4179,69.96,50,0,
7016,4110,4111,177.26,30,0,
7017,4110,4180,188.03,50,0,
7018,4111,4112,75.46,40,0,
7019,4111,4181,191.55,50,0,
7020,4112,4113,168.51,40,0,
7021,4112,4182,134.24,30,0,
7022,4113,4114,40.7,50,0,
7023,4113,4183,115.83,50,0,Strada Garii
7024,4114,4115,117.39,50,0,
7025,4115,4116,120.12,50,0,
7026,4115,4185,116.79,40,0,
7027,4116,4186,250.59,30,0,
7028,4117,4118,94.95,30,0,
7029,4117,4187,95.18,50,0,
7030,4118,4119,114.59,30,0,
7031,4118,4188,57.25,50,0,
7032,4119,4120,161.51,30,0,
7033,4119,4189,143.02,30,0,
7034,4120,4121,85.4,30,0,
7035,4121,4122,49.62,30,0,
7036,4121,4191,52.21,40,0,
7037,4122,4123,246.89,30,0,
7038,4122,4192,59.65,50,0,
7039,4123,4124,53.69,40,0,
7040,4123,4193,156.19,50,0,
7041,4124,4125,96.44,40,0,
7042,4124,4194,101.19,30,0,
7043,4125,4126,111.87,40,0,
7044,4125,4195,34.68,40,1,
7045,4126,4127,121.81,30,0,
7046,4126,4196,68.39,40,0,
7047,4127,4197,126.0,30,0,
7048,4128,4129,157.31,50,0,
7049,4129,4130,13.23,50,0,
7050,4131,4132,126.76,30,0,
7051,4133,4134,153.08,30,0,
7052,4134,4135,146.43,30,0,
7053,4135,4136,136.0,40,0,
7054,4136,4137,43.39,30,0,
7055,4137,4138,147.45,30,0,
7056,4138,4139,62.33,30,0,
7057,4139,4140,109.13,30,0,
7058,4140,4141,89.69,30,0,
7059,4141,4142,52.58,30,0,
7060,4142,4143,201.21,30,0,
7061,4144,4145,211.47,50,0,
7062,4145,4146,144.92,50,0,
7063,4146,4147,48.42,30,0,
7064,4147,4148,112.27,30,0,
7065,4148,4149,69.16,40,0,
7066,4150,4151,67.34,40,0,
7067,4151,4152,128.06,40,0,
7068,4152,4153,102.63,30,1,
7069,4153,4154,106.39,40,0,
7070,4154,4155,168.38,30,0,
7071,4155,4156,139.65,40,0,
7072,4156,4157,80.84,30,0,
7073,4158,4159,119.14,40,0,
7074,4159,4160,142.05,40,0,
7075,4161,4162,62.11,40,0,
7076,4162,4163,180.42,40,0,
7077,4163,4164,128.03,40,0,
7078,4165,4166,111.82,30,1,
7079,4166,4167,95.22,30,0,
7080,4167,4168,138.82,30,0,
7081,4169,4170,143.5,30,0,
7082,4170,4171,88.04,50,0,
7083,4171,4172,133.25,30,0,
7084,4172,4173,72.89,30,0,
7085,4173,4174,47.36,30,0,
7086,4174,4175,145.42,50,0,
7087,4175,4176,113.48,50,0,
7088,4176,4177,161.85,40,0,
7089,4177,4178,168.88,30,0,
7090,4178,4179,20.56,50,0,
7091,4179,4180,145.6,40,1,
7092,4180,4181,113.0,30,0,
7093,4181,4182,60.94,30,0,
7094,4182,4183,125.93,40,0,
7095,4183,4184,88.84,30,0,
7096,4184,4185,106.93,40,0,
7097,4186,4187,74.06,30,0,
7098,4188,4189,88.32,40,0,
7099,4189,4190,183.2,50,0,
7100,4190,4191,62.85,40,0,
7101,4191,4192,117.66,40,0,
7102,4192,4193,112.47,30,0,
7103,4193,4194,129.06,50,1,
7104,4194,4195,84.88,30,0,
7105,4195,4196,116.83,50,0,
7106,4196,4197,119.82,50,0,
7107,3918,3989,147.27,40,0,
7108,3989,4060,187.45,30,0,
7109,4060,4131,75.15,30,0,
7110,3708,3779,139.52,30,0,
7111,3779,3850,144.46,50,0,
7112,3850,3921,175.95,40,1,
7113,3921,3992,180.64,30,0,
7114,3992,4063,176.97,40,0,
7115,4063,4134,131.34,30,0,
7116,3498,3569,257.4,30,1,
7117,3569,3640,51.69,40,1,
7118,3640,3711,181.35,30,0,
7119,3711,3782,183.77,50,0,
7120,3782,3853,163.28,40,1,
7121,3853,3924,163.53,30,0,
7122,3924,3995,187.79,50,0,
7123,3995,4066,95.06,30,0,
7124,4066,4137,149.3,30,1,
7125,3288,3359,233.61,30,0,
7126,3359,3430,77.15,40,0,
7127,3430,3501,290.58,40,0,
7128,3501,3572,175.28,30,0,
7129,3572,3643,71.27,30,0,
7130,3643,3714,250.93,30,0,
7131,3714,3785,59.03,50,0,
7132,3785,3856,182.01,40,0,
7133,3856,3927,145.07,50,0,
7134,3927,3998,128.94,40,0,
7135,3998,4069,255.16,30,1,
7136,4069,4140,105.25,30,0,
7137,3078,3149,83.74,50,0,Bulevardul 1 Decembrie
7138,3149,3220,147.85,30,0,
7139,3220,3291,257.26,30,0,
7140,3291,3362,120.21,40,0,
7141,3362,3433,145.82,50,0,
7142,3433,3504,191.62,50,0,Strada Libertatii
7143,3504,3575,138.12,30,0,
7144,3575,3646,170.85,30,0,
7145,3646,3717,114.47,40,0,
7146,3717,3788,152.06,30,0,
7147,3788,3859,197.16,50,0,Bulevardul 1 Decembrie
7148,3859,3930,127.82,50,0,
7149,3930,4001,217.03,50,0,
7150,4001,4072,142.97,40,0,
7151,4072,4143,178.73,50,0,
7152,2868,2939,223.83,40,1,
7153,2939,3010,44.42,40,0,
7154,3010,3081,235.97,30,0,
7155,3081,3152,106.26,40,1,
7156,3152,3223,290.41,50,0,Strada Libertatii
7157,3223,3294,140.54,50,0,
7158,3294,3365,99.46,50,0,
7159,3365,3436,195.43,30,0,
7160,3436,3507,101.71,40,0,
7161,3507,3578,170.94,50,0,Bulevardul 1 Decembrie
7162,3578,3649,139.55,30,0,
7163,3649,3720,99.11,30,0,
7164,3720,3791,245.04,30,0,
7165,3791,3862,93.71,30,0,
7166,3862,3933,180.98,50,0,Strada Principala
7167,3933,4004,269.63,40,0,
7168,4004,4075,148.61,30,0,
7169,4075,4146,185.72,30,1,
7170,2658,2729,156.66,50,0,
7171,2729,2800,150.09,30,0,
7172,2800,2871,205.28,30,0,
7173,2871,2942,148.2,30,0,
7174,2942,3013,128.94,40,0,
7175,3013,3084,128.84,40,0,
7176,3084,3155,184.12,30,0,
7177,3155,3226,165.93,30,0,
7178,3226,3297,181.39,30,0,
7179,3297,3368,132.15,30,1,
7180,3368,3439,217.54,30,0,
7181,3439,3510,155.23,40,0,
7182,3510,3581,131.02,40,0,
7183,3581,3652,225.71,30,0,
7184,3652,3723,147.29,30,0,
7185,3723,3794,101.73,30,0,
7186,3794,3865,150.63,50,0,
7187,3865,3936,221.69,40,0,
7188,3936,4007,126.67,30,0,
7189,4007,4078,143.17,30,0,
7190,4078,4149,191.14,40,0,
7191,2448,2519,186.5,40,0,
7192,2519,2590,108.31,30,0,
7193,2590,2661,146.36,30,0,
7194,2661,2732,169.18,40,0,
7195,2732,2803,217.38,30,0,
7196,2803,2874,117.36,40,0,
7197,2874,2945,199.68,40,0,
7198,2945,3016,160.37,50,0,
7199,3016,3087,181.98,40,1,
7200,3087,3158,158.93,30,0,
7201,3158,3229,224.19,30,0,
7202,3229,3300,212.21,40,0,
7203,3300,3371,154.22,30,0,
7204,3371,3442,94.5,30,0,
7205,3442,3513,180.96,40,1,
7206,3513,3584,181.99,40,0,
7207,3584,3655,101.76,50,0,
7208,3655,3726,186.87,50,0,
7209,3726,3797,159.92,40,0,
7210,3797,3868,185.89,50,0,
7211,3868,3939,158.73,30,0,
7212,3939,4010,147.87,30,0,
7213,4010,4081,127.05,50,0,
7214,4081,4152,182.35,50,0,
7215,2238,2309,185.5,30,0,
7216,2309,2380,166.99,50,0,
7217,2380,2451,94.33,40,0,
7218,2451,2522,194.07,30,0,
7219,2522,2593,262.16,30,0,
7220,2593,2664,170.44,30,0,
7221,2664,2735,110.36,40,0,
7222,2735,2806,227.26,40,0,
7223,2806,2877,81.48,50,0,
7224,2877,2948,211.07,30,0,
7225,2948,3019,163.27,30,1,
7226,3019,3090,138.75,30,0,
7227,3090,3161,120.42,30,0,
7228,3161,3232,185.48,30,0,
7229,3232,3303,115.87,30,0,
7230,3303,3374,219.49,40,0,
7231,3374,3445,200.96,30,0,
7232,3445,3516,112.17,30,0,
7233,3516,3587,179.76,40,0,
7234,3587,3658,208.55,30,0,
7235,3658,3729,147.8,50,0,
7236,3729,3800,166.03,50,1,
7237,3800,3871,133.62,50,0,
7238,3871,3942,137.89,40,0,
7239,3942,4013,260.44,50,0,
7240,4013,4084,110.69,30,0,
7241,4084,4155,166.68,50,0,
7242,2028,2099,228.02,50,0,Aleea Carpati
7243,2099,2170,143.4,30,0,
7244,2170,2241,115.08,30,0,
7245,2241,2312,149.66,30,0,
7246,2312,2383,197.63,40,0,
7247,2383,2454,139.5,50,0,
7248,2454,2525,247.29,50,0,
7249,2525,2596,35.71,50,0,
7250,2596,2667,216.05,50,0,
7251,2667,2738,127.71,30,0,
7252,2738,2809,207.39,50,0,Strada Principala
7253,2809,2880,137.09,50,0,
7254,2880,2951,106.58,50,0,
7255,2951,3022,225.64,30,1,
7256,3022,3093,200.14,30,0,
7257,3093,3164,128.17,50,0,Aleea Carpati
7258,3164,3235,209.16,30,1,
7259,3235,3306,167.66,40,0,
7260,3306,3377,150.13,40,1,
7261,3377,3448,201.96,40,0,
7262,3448,3519,131.49,50,0,
7263,3519,3590,124.82,30,0,
7264,3590,3661,212.55,30,0,
7265,3661,3732,185.59,30,1,
7266,3732,3803,90.99,50,0,
7267,3803,3874,161.05,50,0,Bulevardul 1 Decembrie
7268,3874,3945,148.18,30,0,
7269,3945,4016,183.46,40,0,
7270,4016,4087,161.8,40,1,
7271,4087,4158,141.07,30,0,
7272,1818,1889,149.0,30,0,
7273,1889,1960,248.39,30,0,
7274,1960,2031,251.25,40,0,
7275,2031,2102,28.97,30,0,
7276,2102,2173,233.93,50,0,Strada Principala
7277,2173,2244,196.4,30,0,
7278,2244,2315,80.25,30,0,
7279,2315,2386,140.17,40,0,
7280,2386,2457,163.42,30,0,
7281,2457,2528,150.94,50,0,Strada Garii
7282,2528,2599,238.33,50,1,
7283,2599,2670,157.82,40,0,
7284,2670,2741,143.21,30,0,
7285,2741,2812,167.73,30,0,
7286,2812,2883,188.55,50,0,Aleea Carpati
7287,2883,2954,110.08,30,0,
7288,2954,3025,214.66,50,0,
7289,3025,3096,114.41,40,0,
7290,3096,3167,198.62,40,0,
7291,3167,3238,133.36,50,0,Bulevardul 1 Decembrie
7292,3238,3309,173.96,40,0,
7293,3309,3380,170.48,30,0,
7294,3380,3451,167.58,50,0,
7295,3451,3522,143.37,50,0,
7296,3522,3593,101.97,50,0,Strada Garii
7297,3593,3664,194.78,50,1,
7298,3664,3735,187.23,40,0,
7299,3735,3806,174.55,30,0,
7300,3806,3877,116.98,30,0,
7301,3877,3948,154.88,50,0,
7302,3948,4019,149.85,30,0,
7303,4019,4090,155.91,40,0,
7304,4090,4161,252.19,40,1,
7305,1608,1679,124.67,50,0,
7306,1679,1750,146.37,30,0,
7307,1750,1821,147.11,30,0,
7308,1821,1892,246.65,40,1,
7309,1892,1963,104.37,30,0,
7310,1963,2034,211.61,50,0,
7311,2034,2105,95.16,40,1,
7312,2105,2176,224.01,30,1,
7313,2176,2247,151.68,40,0,
7314,2247,2318,165.38,50,0,
7315,2318,2389,205.62,30,0,
7316,2389,2460,146.51,40,0,
7317,2460,2531,251.68,50,0,
7318,2531,2602,179.72,50,0,
7319,2602,2673,263.59,30,0,
7320,2673,2744,28.19,50,0,
7321,2744,2815,177.03,40,0,
7322,2815,2886,133.7,40,1,
7323,2886,2957,121.5,30,0,
7324,2957,3028,227.61,30,0,
7325,3028,3099,198.04,30,0,
7326,3099,3170,152.2,50,0,
7327,3170,3241,232.03,30,0,
7328,3241,3312,44.68,40,0,
7329,3312,3383,173.42,30,1,
7330,3383,3454,117.29,30,0,
7331,3454,3525,259.49,40,0,
7332,3525,3596,92.66,40,0,
7333,3596,3667,170.58,30,0,
7334,3667,3738,197.55,40,1,
7335,3738,3809,172.49,50,0,
7336,3809,3880,111.9,40,0,
7337,3880,3951,156.18,40,0,
7338,3951,4022,162.75,40,0,
7339,4022,4093,189.51,40,0,
7340,4093,4164,167.28,30,0,
7341,1398,1469,130.49,40,0,
7342,1469,1540,216.45,30,0,
7343,1540,1611,124.82,50,0,
7344,1611,1682,82.1,40,0,
7345,1682,1753,229.37,50,0,
7346,1753,1824,130.92,30,0,
7347,1824,1895,300.36,30,0,
7348,1895,1966,39.23,40,0,
7349,1966,2037,226.74,50,0,
7350,2037,2108,167.74,30,0,
7351,2108,2179,117.37,40,0,
7352,2179,2250,180.68,30,0,
7353,2250,2321,213.21,50,0,
7354,2321,2392,173.6,40,0,
7355,2392,2463,116.45,40,0,
7356,2463,2534,171.66,50,0,
7357,2534,2605,149.37,30,0,
7358,2605,2676,169.25,30,0,
7359,2676,2747,199.13,30,0,
7360,2747,2818,191.92,30,1,
7361,2818,2889,142.98,50,0,
7362,2889,2960,107.6,40,1,
7363,2960,3031,211.64,50,0,
7364,3031,3102,160.74,50,0,
7365,3102,3173,182.77,30,0,
7366,3173,3244,129.74,30,0,
7367,3244,3315,216.81,30,0,
7368,3315,3386,125.41,40,0,
7369,3386,3457,147.52,40,0,
7370,3457,3528,163.85,40,0,
7371,3528,3599,234.1,40,0,
7372,3599,3670,153.74,30,0,
7373,3670,3741,108.33,30,1,
7374,3741,3812,138.0,50,0,
7375,3812,3883,197.01,30,0,
7376,3883,3954,222.87,30,0,
7377,3954,4025,110.44,30,0,
7378,4025,4096,214.53,30,0,
7379,4096,4167,97.64,30,0,
7380,1188,1259,179.6,30,0,
7381,1259,1330,187.89,30,0,
7382,1330,1401,183.02,30,0,
7383,1401,1472,189.07,30,0,
7384,1472,1543,149.87,40,0,
7385,1543,1614,169.23,50,0,
7386,1614,1685,146.51,40,0,
7387,1685,1756,198.51,30,0,
7388,1756,1827,155.09,40,0,
7389,1827,1898,125.71,30,0,
7390,1898,1969,116.47,30,0,
7391,1969,2040,219.95,30,0,
7392,2040,2111,172.86,30,0,
7393,2111,2182,198.93,50,0,
7394,2182,2253,171.15,40,1,
7395,2253,2324,50.65,50,0,
7396,2324,2395,146.6,30,0,
7397,2395,2466,203.15,50,0,
7398,2466,2537,169.42,30,0,
7399,2537,2608,202.36,30,0,
7400,2608,2679,117.33,30,0,
7401,2679,2750,301.75,50,1,
7402,2750,2821,216.12,40,0,
7403,2821,2892,113.16,40,0,
7404,2892,2963,106.22,30,0,
7405,2963,3034,150.42,30,1,
7406,3034,3105,132.08,30,0,
7407,3105,3176,169.73,40,0,
7408,3176,3247,227.16,40,0,
7409,3247,3318,153.6,50,0,
7410,3318,3389,285.31,40,0,
7411,3389,3460,56.84,40,0,
7412,3460,3531,215.06,30,0,
7413,3531,3602,128.44,50,1,
7414,3602,3673,272.49,50,1,
7415,3673,3744,112.61,40,1,
7416,3744,3815,158.09,30,0,
7417,3815,3886,92.57,30,0,
7418,3886,3957,300.18,30,0,
7419,3957,4028,63.18,50,0,
7420,4028,4099,126.99,50,0,
7421,4099,4170,216.01,30,0,
7422,978,1049,198.57,50,0,Bulevardul 1 Decembrie
7423,1049,1120,114.27,40,0,
7424,1120,1191,251.83,40,0,
7425,1191,1262,138.73,30,0,
7426,1262,1333,137.99,30,0,
7427,1333,1404,172.73,50,0,Strada Principala
7428,1404,1475,202.74,30,1,
7429,1475,1546,136.66,50,0,
7430,1546,1617,173.55,40,0,
7431,1617,1688,139.25,30,0,
7432,1688,1759,134.91,50,0,Strada Libertatii
7433,1759,1830,167.89,40,1,
7434,1830,1901,225.44,50,0,
7435,1901,1972,89.9,50,0,
7436,1972,2043,139.54,30,0,
7437,2043,2114,210.43,50,0,Calea Sighisoarei
7438,2114,2185,140.86,30,0,
7439,2185,2256,205.3,30,0,
7440,2256,2327,175.14,30,0,
7441,2327,2398,159.19,40,0,
7442,2398,2469,274.17,50,0,
7443,2469,2540,99.26,30,0,
7444,2540,2611,188.33,30,1,
7445,2611,2682,88.63,30,0,
7446,2682,2753,159.36,50,1,
7447,2753,2824,207.36,50,0,
7448,2824,2895,168.49,30,0,
7449,2895,2966,132.34,50,0,
7450,2966,3037,180.65,30,0,
7451,3037,3108,246.76,40,0,
7452,3108,3179,101.03,50,0,Bulevardul 1 Decembrie
7453,3179,3250,87.4,50,0,
7454,3250,3321,236.29,30,1,
7455,3321,3392,119.49,30,0,
7456,3392,3463,196.42,30,1,
7457,3463,3534,176.52,50,0,Bulevardul 1 Decembrie
7458,3534,3605,222.63,40,1,
7459,3605,3676,115.97,30,0,
7460,3676,3747,129.91,40,0,
7461,3747,3818,205.3,50,0,
7462,3818,3889,101.43,50,0,Calea Sighisoarei
7463,3889,3960,180.9,30,0,
7464,3960,4031,192.9,30,0,
7465,4031,4102,169.36,50,0,
7466,4102,4173,151.76,30,0,
7467,768,839,190.08,30,0,
7468,839,910,152.23,30,0,
7469,910,981,200.46,40,1,
7470,981,1052,219.32,30,0,
7471,1052,1123,153.04,50,0,Strada Garii
7472,1123,1194,188.99,50,0,
7473,1194,1265,117.03,30,0,
7474,1265,1336,175.54,30,1,
7475,1336,1407,116.3,40,0,
7476,1407,1478,181.37,50,0,Bulevardul 1 Decembrie
7477,1478,1549,136.85,30,0,
7478,1549,1620,248.39,30,1,
7479,1620,1691,96.84,40,0,
7480,1691,1762,174.46,30,0,
7481,1762,1833,143.8,50,0,Bulevardul 1 Decembrie
7482,1833,1904,221.96,50,0,
7483,1904,1975,202.92,30,0,
7484,1975,2046,95.57,30,0,
7485,2046,2117,224.99,30,0,
7486,2117,2188,100.46,50,0,Strada Libertatii
7487,2188,2259,180.18,40,0,
7488,2259,2330,123.26,50,0,
7489,2330,2401,110.97,30,0,
7490,2401,2472,217.9,30,0,
7491,2472,2543,244.57,50,0,Bulevardul 1 Decembrie
7492,2543,2614,90.56,30,0,
7493,2614,2685,214.67,40,0,
7494,2685,2756,132.57,30,0,
7495,2756,2827,129.24,50,0,
7496,2827,2898,245.39,50,0,Strada Garii
7497,2898,2969,107.77,30,1,
7498,2969,3040,152.7,40,0,
7499,3040,3111,216.75,40,0,
7500,3111,3182,172.73,50,0,
7501,3182,3253,161.48,50,0,
7502,3253,3324,99.64,30,1,
7503,3324,3395,163.35,40,0,
7504,3395,3466,215.26,30,1,
7505,3466,3537,156.05,30,1,
7506,3537,3608,119.34,50,0,Bulevardul 1 Decembrie
7507,3608,3679,170.76,40,0,
7508,3679,3750,132.49,30,0,
7509,3750,3821,175.29,40,0,
7510,3821,3892,175.88,30,0,
7511,3892,3963,85.81,50,0,Calea Sighisoarei
7512,3963,4034,205.67,30,0,
7513,4034,4105,180.53,50,1,
7514,4105,4176,155.13,30,0,
7515,558,629,107.02,50,0,
7516,629,700,233.16,30,0,
7517,700,771,163.17,50,0,
7518,771,842,129.04,50,0,
7519,842,913,182.68,40,0,
7520,913,984,115.3,40,0,
7521,984,1055,254.16,30,0,
7522,1055,1126,143.87,30,0,
7523,1126,1197,155.0,40,0,
7524,1197,1268,192.02,30,0,
7525,1268,1339,208.94,30,0,
7526,1339,1410,90.07,50,1,
7527,1410,1481,209.77,50,0,
7528,1481,1552,137.22,40,0,
7529,1552,1623,148.41,50,0,
7530,1623,1694,177.19,30,0,
7531,1694,1765,123.76,50,0,
7532,1765,1836,201.17,50,0,
7533,1836,1907,73.35,40,0,
7534,1907,1978,247.4,40,0,
7535,1978,2049,238.47,30,0,
7536,2049,2120,149.96,30,0,
7537,2120,2191,193.64,50,0,
7538,2191,2262,118.8,30,0,
7539,2262,2333,92.43,30,0,
7540,2333,2404,197.65,30,0,
7541,2404,2475,192.02,50,0,
7542,2475,2546,170.64,50,0,
7543,2546,2617,169.5,40,0,
7544,2617,2688,141.45,40,0,
7545,2688,2759,152.19,40,1,
7546,2759,2830,160.32,30,0,
7547,2830,2901,144.24,50,0,
7548,2901,2972,204.94,50,0,
7549,2972,3043,121.92,40,0,
7550,3043,3114,198.33,30,0,
7551,3114,3185,113.26,50,0,
7552,3185,3256,201.08,30,0,
7553,3256,3327,112.37,40,0,
7554,3327,3398,163.9,30,0,
7555,3398,3469,206.04,30,0,
7556,3469,3540,185.93,40,0,
7557,3540,3611,75.4,30,0,
7558,3611,3682,210.19,30,1,
7559,3682,3753,189.65,50,0,
7560,3753,3824,173.49,30,0,
7561,3824,3895,63.03,30,0,
7562,3895,3966,255.83,40,0,
7563,3966,4037,131.85,30,0,
7564,4037,4108,177.74,40,0,
7565,4108,4179,208.62,30,0,
7566,348,419,122.52,40,0,
7567,419,490,175.61,50,0,
7568,490,561,155.92,30,0,
7569,561,632,186.62,40,0,
7570,632,703,215.43,40,0,
7571,703,774,35.34,30,0,
7572,774,845,229.81,30,0,
7573,845,916,187.15,50,0,
7574,916,987,203.19,30,1,
7575,987,1058,119.81,40,0,
7576,1058,1129,226.41,30,0,
7577,1129,1200,173.96,50,0,
7578,1200,1271,78.22,40,0,
7579,1271,1342,241.18,30,1,
7580,1342,1413,100.35,30,0,
7581,1413,1484,211.09,50,0,
7582,1484,1555,155.96,50,1,
7583,1555,1626,93.28,30,0,
7584,1626,1697,245.18,40,0,
7585,1697,1768,124.12,30,0,
7586,1768,1839,163.86,40,0,
7587,1839,1910,161.64,30,0,
7588,1910,1981,167.55,50,0,
7589,1981,2052,157.89,50,0,
7590,2052,2123,111.22,50,0,
7591,2123,2194,100.55,30,0,
7592,2194,2265,195.51,30,0,
7593,2265,2336,153.91,50,0,
7594,2336,2407,111.47,30,1,
7595,2407,2478,263.59,30,0,
7596,2478,2549,131.03,40,0,
7597,2549,2620,139.14,40,0,
7598,2620,2691,156.62,30,0,
7599,2691,2762,207.94,40,0,
7600,2762,2833,86.62,40,0,
7601,2833,2904,182.63,50,1,
7602,2904,2975,163.12,40,0,
7603,2975,3046,155.82,40,0,
7604,3046,3117,172.18,40,0,
7605,3117,3188,160.28,50,0,
7606,3188,3259,198.82,40,0,
7607,3259,3330,133.68,30,0,
7608,3330,3401,187.62,30,0,
7609,3401,3472,92.15,30,0,
7610,3472,3543,197.9,30,0,
7611,3543,3614,235.67,30,0,
7612,3614,3685,86.96,40,0,
7613,3685,3756,316.98,30,0,
7614,3756,3827,66.94,40,0,
7615,3827,3898,166.98,50,0,
7616,3898,3969,172.96,30,0,
7617,3969,4040,285.15,50,0,
7618,4040,4111,78.31,30,0,
7619,4111,4182,152.41,30,0,
7620,140,210,220.87,30,1,
7621,210,281,196.85,30,0,
7622,281,351,68.63,30,0,
7623,351,422,173.95,30,1,
7624,422,493,170.0,40,0,
7625,493,564,142.28,50,0,
7626,564,635,195.02,40,0,
7627,635,706,232.11,50,0,
7628,706,777,91.97,30,0,
7629,777,848,241.59,40,0,
7630,848,919,109.67,30,0,
7631,919,990,143.86,30,0,
7632,990,1061,223.9,40,0,
7633,1061,1132,196.78,30,0,
7634,1132,1203,91.88,30,0,
7635,1203,1274,137.23,40,0,
7636,1274,1345,204.72,30,0,
7637,1345,1416,82.61,40,0,
7638,1416,1487,199.85,30,0,
7639,1487,1558,180.89,40,0,
7640,1558,1629,216.12,40,0,
7641,1629,1700,111.4,50,0,
7642,1700,1771,179.56,50,0,
7643,1771,1842,154.98,50,0,
7644,1842,1913,144.92,30,0,
7645,1913,1984,181.93,30,0,
7646,1984,2055,204.52,30,0,
7647,2055,2126,217.64,50,0,
7648,2126,2197,122.25,30,0,
7649,2197,2268,131.0,40,0,
7650,2268,2339,179.32,50,0,
7651,2339,2410,158.46,50,0,
7652,2410,2481,170.94,50,0,
7653,2481,2552,127.43,40,0,
7654,2552,2623,233.69,40,0,
7655,2623,2694,75.19,30,0,
7656,2694,2765,164.78,50,0,
7657,2765,2836,157.5,30,0,
7658,2836,2907,244.73,30,0,
7659,2907,2978,70.56,30,0,
7660,2978,3049,204.9,30,0,
7661,3049,3120,97.26,30,1,
7662,3120,3191,247.98,30,0,
7663,3191,3262,171.9,40,0,
7664,3262,3333,136.56,40,0,
7665,3333,3404,122.56,30,0,
7666,3404,3475,199.81,40,0,
7667,3475,3546,182.45,50,1,
7668,3546,3617,127.74,30,1,
7669,3617,3688,106.78,40,0,
7670,3688,3759,236.91,30,0,
7671,3759,3830,79.74,30,1,
7672,3830,3901,151.3,30,1,
7673,3901,3972,247.91,30,1,
7674,3972,4043,149.41,50,0,
7675,4043,4114,140.84,30,1,
7676,4114,4185,118.21,30,0,
7677,1,72,145.59,30,0,
7678,72,143,207.53,30,0,
7679,143,213,163.61,30,0,
7680,213,284,116.06,30,0,
7681,284,354,222.24,50,0,Strada Principala
7682,354,425,155.02,30,0,
7683,425,496,173.7,30,0,
7684,496,567,179.35,40,0,
7685,567,638,96.28,30,0,
7686,638,709,190.82,50,0,Calea Sighisoarei
7687,709,780,170.95,40,0,
7688,780,851,151.49,30,0,
7689,851,922,207.39,40,0,
7690,922,993,219.66,30,0,
7691,993,1064,105.43,50,0,Strada Principala
7692,1064,1135,167.04,30,0,
7693,1135,1206,216.17,30,1,
7694,1206,1277,106.18,40,1,
7695,1277,1348,222.43,30,0,
7696,1348,1419,130.18,50,0,
7697,1419,1490,182.25,30,0,
7698,1490,1561,193.39,50,0,
7699,1561,1632,97.04,30,0,
7700,1632,1703,230.22,30,0,
7701,1703,1774,80.85,50,0,Strada Principala
7702,1774,1845,202.2,40,0,
7703,1845,1916,117.74,30,0,
7704,1916,1987,184.67,50,0,
7705,1987,2058,160.78,30,0,
7706,2058,2129,180.56,50,0,Strada Libertatii
7707,2129,2200,108.51,30,1,
7708,2200,2271,168.07,30,0,
7709,2271,2342,212.14,30,0,
7710,2342,2413,134.01,30,0,
7711,2413,2484,144.8,50,0,Calea Sighisoarei
7712,2484,2555,176.51,30,0,
7713,2555,2626,80.17,50,0,
7714,2626,2697,218.27,50,0,
7715,2697,2768,127.68,40,0,
7716,2768,2839,226.2,50,0,Strada Principala
7717,2839,2910,143.42,30,0,
7718,2910,2981,137.2,40,0,
7719,2981,3052,141.51,30,1,
7720,3052,3123,217.48,50,0,
7721,3123,3194,106.72,50,0,Bulevardul 1 Decembrie
7722,3194,3265,177.56,30,0,
7723,3265,3336,170.54,30,0,
7724,3336,3407,151.22,40,0,
7725,3407,3478,136.11,50,0,
7726,3478,3549,157.38,50,0,Strada Garii
7727,3549,3620,160.76,50,0,
7728,3620,3691,146.14,40,0,
7729,3691,3762,174.56,30,0,
7730,3762,3833,81.89,30,0,
7731,3833,3904,232.58,50,0,Strada Libertatii
7732,3904,3975,211.36,40,0,
7733,3975,4046,157.99,50,0,
7734,4046,4117,145.44,30,0,
7735,4117,4188,85.54,40,0,
7736,4,75,115.55,50,0,Strada Libertatii
7737,75,145,199.18,40,0,
7738,145,216,125.58,50,1,
7739,216,287,72.54,40,0,
7740,287,357,265.17,30,0,
7741,357,428,172.37,50,0,Aleea Carpati
7742,428,499,149.86,40,1,
7743,499,570,177.32,30,0,
7744,570,641,260.49,40,1,
7745,641,712,97.66,40,0,
7746,712,783,123.49,50,0,Calea Sighisoarei
7747,783,854,160.37,50,1,
7748,854,925,200.1,30,0,
7749,925,996,143.31,40,1,
7750,996,1067,145.69,30,0,
7751,1067,1138,209.95,50,0,Strada Garii
7752,1138,1209,196.18,30,0,
7753,1209,1280,114.93,30,0,
7754,1280,1351,113.23,30,0,
7755,1351,1422,236.96,30,0,
7756,1422,1493,137.29,50,0,Aleea Carpati
7757,1493,1564,111.97,30,0,
7758,1564,1635,254.08,50,0,
7759,1635,1706,121.88,40,0,
7760,1706,1777,155.54,30,0,
7761,1777,1848,236.18,50,0,Aleea Carpati
7762,1848,1919,143.24,40,0,
7763,1919,1990,72.16,40,0,
7764,1990,2061,231.49,30,0,
7765,2061,2132,178.19,40,0,
7766,2132,2203,136.62,50,0,
7767,2203,2274,96.61,40,0,
7768,2274,2345,221.28,30,0,
7769,2345,2416,132.79,30,0,
7770,2416,2487,147.57,40,1,
7771,2487,2558,225.53,50,0,Strada Garii
7772,2558,2629,108.54,50,0,
7773,2629,2700,188.11,30,0,
7774,2700,2771,107.3,50,0,
7775,2771,2842,188.43,30,0,
7776,2842,2913,146.88,50,0,Aleea Carpati
7777,2913,2984,117.49,50,0,
7778,2984,3055,230.84,50,0,
7779,3055,3126,215.55,40,0,
7780,3126,3197,138.6,40,0,
7781,3197,3268,175.26,50,0,Aleea Carpati
7782,3268,3339,214.71,30,0,
7783,3339,3410,92.36,40,0,
7784,3410,3481,113.79,30,0,
7785,3481,3552,275.96,30,1,
7786,3552,3623,120.45,50,0,Bulevardul 1 Decembrie
7787,3623,3694,115.09,40,1,
7788,3694,3765,269.09,30,0,
7789,3765,3836,127.15,40,0,
7790,3836,3907,210.91,30,0,
7791,3907,3978,64.3,50,0,Strada Garii
7792,3978,4049,138.83,30,0,
7793,4049,4120,242.17,30,1,
7794,4120,4191,127.95,30,0,
7795,7,78,120.91,30,0,
7796,78,148,148.19,50,0,
7797,148,219,132.57,30,0,
7798,219,290,185.61,30,1,
7799,290,360,271.54,40,1,
7800,360,431,113.5,30,0,
7801,431,502,51.42,40,0,
7802,502,573,258.89,40,0,
7803,573,644,116.45,40,0,
7804,644,715,226.43,50,0,
7805,715,786,139.89,30,0,
7806,786,857,140.36,50,0,
7807,857,928,167.91,50,0,
7808,928,999,139.68,30,0,
7809,999,1070,110.83,30,0,
7810,1070,1141,218.76,40,0,
7811,1141,1212,107.99,30,0,
7812,1212,1283,236.88,50,0,
7813,1283,1354,160.44,40,0,
7814,1354,1425,186.1,30,1,
7815,1425,1496,64.4,50,0,
7816,1496,1567,186.11,50,1,
7817,1567,1638,218.22,30,0,
7818,1638,1709,147.51,50,0,
7819,1709,1780,191.3,40,0,
7820,1780,1851,153.9,50,0,
7821,1851,1922,142.41,50,0,
7822,1922,1993,95.39,30,0,
7823,1993,2064,289.13,50,1,
7824,2064,2135,100.34,30,0,
7825,2135,2206,186.4,50,0,
7826,2206,2277,180.77,40,0,
7827,2277,2348,182.96,40,0,
7828,2348,2419,150.83,30,1,
7829,2419,2490,207.95,40,0,
7830,2490,2561,115.98,30,0,
7831,2561,2632,187.42,40,0,
7832,2632,2703,124.42,50,0,
7833,2703,2774,188.92,50,0,
7834,2774,2845,185.22,30,1,
7835,2845,2916,146.09,40,0,
7836,2916,2987,134.17,30,0,
7837,2987,3058,226.63,30,0,
7838,3058,3129,117.39,40,0,
7839,3129,3200,156.05,30,0,
7840,3200,3271,96.17,30,0,
7841,3271,3342,160.98,50,0,
7842,3342,3413,241.04,40,0,
7843,3413,3484,169.37,40,0,
7844,3484,3555,117.28,30,0,
7845,3555,3626,186.85,30,1,
7846,3626,3697,98.12,30,0,
7847,3697,3768,149.98,40,0,
7848,3768,3839,176.08,30,1,
7849,3839,3910,149.0,50,0,
7850,3910,3981,271.13,50,0,
7851,3981,4052,72.15,40,0,
7852,4052,4123,274.83,50,0,
7853,4123,4194,73.51,50,0,
7854,10,81,169.95,30,0,
7855,81,151,196.95,30,0,
7856,151,222,116.68,50,0,
7857,222,293,202.67,30,0,
7858,293,363,177.66,40,0,
7859,363,434,185.29,30,0,
7860,434,505,165.17,30,0,
7861,505,576,82.08,50,0,
7862,576,647,249.03,50,0,
7863,647,718,109.8,40,0,
7864,718,789,235.47,30,0,
7865,789,860,137.69,40,0,
7866,860,931,165.84,40,0,
7867,931,1002,86.63,50,0,
7868,1002,1073,221.36,30,0,
7869,1073,1144,135.35,30,0,
7870,1144,1215,146.82,30,0,
7871,1215,1286,179.3,30,1,
7872,1286,1357,203.48,40,0,
7873,1357,1428,154.61,30,0,
7874,1428,1499,161.98,30,1,
7875,1499,1570,123.18,40,0,
7876,1570,1641,211.95,30,0,
7877,1641,1712,141.07,30,0,
7878,1712,1783,198.04,30,0,
7879,1783,1854,109.87,30,0,
7880,1854,1925,141.47,50,0,
7881,1925,1996,210.58,50,0,
7882,1996,2067,136.8,50,0,
7883,2067,2138,93.38,50,0,
7884,2138,2209,179.7,30,0,
7885,2209,2280,203.01,50,0,
7886,2280,2351,181.81,30,0,
7887,2351,2422,149.46,50,0,
7888,2422,2493,133.4,40,0,
7889,2493,2564,174.55,40,0,
7890,2564,2635,172.03,30,0,
7891,2635,2706,142.34,50,0,
7892,2706,2777,191.62,30,0,
7893,2777,2848,122.88,40,0,
7894,2848,2919,135.75,40,0,
7895,2919,2990,176.19,50,0,
7896,2990,3061,123.42,30,0,
7897,3061,3132,212.54,40,0,
7898,3132,3203,105.5,50,0,
7899,3203,3274,209.72,30,0,
7900,3274,3345,203.61,30,0,
7901,3345,3416,142.8,30,0,
7902,3416,3487,194.09,30,0,
7903,3487,3558,121.31,30,0,
7904,3558,3629,176.36,30,0,
7905,3629,3700,204.55,40,0,
7906,3700,3771,128.59,40,0,
7907,3771,3842,209.8,30,0,
7908,3842,3913,100.51,30,0,
7909,3913,3984,177.89,30,0,
7910,3984,4055,161.66,30,0,
7911,4055,4126,138.97,50,0,
7912,4126,4197,182.88,30,0,
7913,13,84,145.16,50,0,
7914,84,154,218.41,50,0,
7915,154,225,56.19,50,0,
7916,225,295,222.26,30,0,
7917,295,366,217.35,40,1,
7918,366,437,67.9,30,0,
7919,437,508,174.86,30,0,
7920,508,579,224.5,50,0,
7921,579,650,126.3,30,0,
7922,650,721,207.96,50,0,
7923,721,792,105.24,40,0,
7924,792,863,112.89,40,0,
7925,863,934,245.99,30,0,
7926,934,1005,150.24,30,1,
7927,1005,1076,163.95,30,0,
7928,1076,1147,104.98,50,0,
7929,1147,1218,227.09,50,0,
7930,1218,1289,170.62,40,0,
7931,1289,1360,76.83,30,0,
7932,1360,1431,158.88,50,0,
7933,1431,1502,161.3,30,1,
7934,1502,1573,198.91,40,0,
7935,1573,1644,143.51,30,0,
7936,1644,1715,199.42,50,0,
7937,1715,1786,130.85,40,1,
7938,1786,1857,146.17,40,0,
7939,1857,1928,217.73,50,0,
7940,1928,1999,65.89,50,1,
7941,1999,2070,174.54,30,0,
7942,2070,2141,204.14,30,0,
7943,2141,2212,119.94,30,0,
7944,2212,2283,191.26,30,0,
7945,2283,2354,126.83,30,0,
7946,2354,2425,235.32,30,0,
7947,2425,2496,91.79,40,0,
7948,2496,2567,226.13,30,0,
7949,2567,2638,44.11,40,0,
7950,2638,2709,296.03,50,0,
7951,2709,2780,65.93,50,0,
7952,2780,2851,175.44,50,0,
7953,2851,2922,174.49,40,0,
7954,2922,2993,224.22,30,0,
7955,2993,3064,153.63,30,0,
7956,3064,3135,175.36,30,0,
7957,3135,3206,133.52,50,0,
7958,3206,3277,150.85,30,0,
7959,3277,3348,192.29,50,0,
7960,3348,3419,95.49,30,0,
7961,3419,3490,190.49,30,0,
7962,3490,3561,226.3,40,1,
7963,3561,3632,102.36,50,0,
7964,3632,3703,233.45,50,0,
7965,3703,3774,143.85,30,0,
7966,3774,3845,195.44,40,0,
7967,3845,3916,222.07,30,0,
7968,3916,3987,92.9,30,0,
7969,16,87,167.04,50,0,
7970,87,157,207.31,50,0,
7971,157,228,132.3,30,0,
7972,228,298,207.2,30,0,
7973,298,369,132.94,50,0,Bulevardul 1 Decembrie
7974,369,440,166.17,30,0,
7975,440,511,122.12,30,0,
7976,511,582,138.69,50,0,
7977,582,653,265.83,40,1,
7978,653,724,116.32,50,0,Strada Garii
7979,724,795,194.54,30,1,
7980,795,866,128.78,50,0,
7981,866,937,116.96,50,1,
7982,937,1008,179.48,50,0,
7983,1008,1079,191.32,50,0,Strada Principala
7984,1079,1150,185.94,30,0,
7985,1150,1221,195.65,40,0,
7986,1221,1292,112.38,40,0,
7987,1292,1363,172.57,30,1,
7988,1363,1434,243.32,50,0,Strada Libertatii
7989,1434,1505,148.83,40,0,
7990,1505,1576,74.97,50,0,
7991,1576,1647,177.95,50,0,
7992,1647,1718,151.54,50,0,
7993,1718,1789,199.67,50,0,Calea Sighisoarei
7994,1789,1860,87.65,30,0,
7995,1860,1931,237.83,30,0,
7996,1931,2002,176.42,40,0,
7997,2002,2073,173.57,50,1,
7998,2073,2144,128.23,50,0,Bulevardul 1 Decembrie
7999,2144,2215,80.42,50,0,
8000,2215,2286,182.35,40,0,
8001,2286,2357,110.62,50,1,
8002,2357,2428,234.04,30,1,
8003,2428,2499,228.51,50,0,Strada Principala
8004,2499,2570,83.73,50,0,
8005,2570,2641,171.99,50,0,
8006,2641,2712,203.18,40,1,
8007,2712,2783,144.97,30,0,
8008,2783,2854,176.53,50,0,
8009,2854,2925,133.47,30,0,
8010,2925,2996,166.7,50,0,
8011,2996,3067,190.13,40,0,
8012,3067,3138,173.58,50,0,
8013,3138,3209,131.25,50,0,Calea Sighisoarei
8014,3209,3280,117.55,30,0,
8015,3280,3351,191.56,30,0,
8016,3351,3422,154.96,50,0,
8017,3422,3493,126.82,40,1,
8018,3493,3564,217.53,50,0,Bulevardul 1 Decembrie
8019,3564,3635,223.3,30,0,
8020,3635,3706,135.86,40,0,
8021,3706,3777,123.33,40,0,
8022,19,90,181.19,50,0,Strada Principala
8023,90,160,157.09,50,0,
8024,160,231,135.18,30,0,
8025,231,301,227.86,30,0,
8026,301,372,161.86,50,0,
8027,372,443,144.59,50,0,
8028,443,514,122.5,50,0,
8029,514,585,197.12,40,0,
8030,585,656,242.34,50,0,
8031,656,727,135.24,30,0,
8032,727,798,140.79,50,0,
8033,798,869,192.85,30,0,
8034,869,940,107.79,50,1,
8035,940,1011,190.77,40,0,
8036,1011,1082,107.25,30,0,
8037,1082,1153,204.11,50,0,Aleea Carpati
8038,1153,1224,214.46,50,1,
8039,1224,1295,152.82,30,0,
8040,1295,1366,171.97,50,0,
8041,1366,1437,142.37,40,1,
8042,1437,1508,152.8,50,0,Strada Garii
8043,1508,1579,191.91,40,1,
8044,1579,1650,173.07,50,0,
8045,1650,1721,90.44,50,0,
8046,1721,1792,210.53,50,0,
8047,1792,1863,149.51,50,0,Strada Garii
8048,1863,1934,143.65,30,0,
8049,1934,2005,94.59,30,0,
8050,2005,2076,219.02,30,0,
8051,2076,2147,145.25,40,0,
8052,2147,2218,142.88,50,0,Calea Sighisoarei
8053,2218,2289,199.14,40,0,
8054,2289,2360,114.08,40,0,
8055,2360,2431,244.92,40,0,
8056,2431,2502,138.74,30,0,
8057,2502,2573,117.8,50,0,Strada Principala
8058,2573,2644,115.9,30,0,
8059,2644,2715,207.99,40,0,
8060,2715,2786,190.48,50,0,
8061,2786,2857,152.8,30,0,
8062,2857,2928,148.8,50,0,Aleea Carpati
8063,2928,2999,183.9,40,0,
8064,2999,3070,130.52,40,0,
8065,3070,3141,134.92,30,1,
8066,3141,3212,152.85,40,0,
8067,3212,3283,217.71,50,0,Calea Sighisoarei
8068,3283,3354,167.48,40,0,
8069,3354,3425,158.58,30,0,
8070,3425,3496,47.21,40,0,
8071,3496,3567,245.97,30,0,
8072,22,93,224.22,30,1,
8073,93,163,62.03,30,0,
8074,163,234,176.95,30,0,
8075,234,304,206.42,50,0,
8076,304,375,155.87,30,0,
8077,375,446,165.26,50,0,
8078,446,517,135.53,30,0,
8079,517,588,197.75,50,0,
8080,588,659,172.01,30,0,
8081,659,730,162.88,30,0,
8082,730,801,213.97,30,0,
8083,801,872,102.83,40,0,
8084,872,943,128.24,30,0,
8085,943,1014,113.98,40,0,
8086,1014,1085,229.08,50,0,
8087,1085,1156,191.01,30,0,
8088,1156,1227,194.03,50,0,
8089,1227,1298,146.77,40,1,
8090,1298,1369,144.33,30,0,
8091,1369,1440,163.37,30,1,
8092,1440,1511,89.98,30,0,
8093,1511,1582,308.86,30,0,
8094,1582,1653,98.94,50,0,
8095,1653,1724,212.26,30,0,
8096,1724,1795,226.77,50,0,
8097,1795,1866,56.92,50,1,
8098,1866,1937,247.6,40,0,
8099,1937,2008,107.26,30,0,
8100,2008,2079,156.58,30,0,
8101,2079,2150,126.96,30,1,
8102,2150,2221,250.18,50,0,
8103,2221,2292,80.07,30,0,
8104,2292,2363,235.18,30,0,
8105,2363,2434,177.12,40,0,
8106,2434,2505,166.7,30,0,
8107,2505,2576,147.09,30,0,
8108,2576,2647,185.97,30,0,
8109,2647,2718,147.01,50,0,
8110,2718,2789,233.43,40,0,
8111,2789,2860,68.48,50,0,
8112,2860,2931,198.99,30,0,
8113,2931,3002,152.56,30,0,
8114,3002,3073,225.14,50,0,
8115,3073,3144,185.32,40,0,
8116,3144,3215,170.47,30,0,
8117,3215,3286,209.57,50,0,
8118,3286,3357,149.46,40,0,
8119,25,96,164.41,30,1,
8120,96,166,143.97,40,0,
8121,166,237,143.05,40,0,
8122,237,307,155.09,30,0,
8123,307,378,211.98,40,0,
8124,378,449,126.12,30,0,
8125,449,520,277.69,40,1,
8126,520,591,48.32,40,0,
8127,591,662,109.49,30,0,
8128,662,733,120.01,40,0,
8129,733,804,210.89,30,0,
8130,804,875,146.62,50,0,
8131,875,946,217.66,50,0,
8132,946,1017,118.53,40,0,
8133,1017,1088,218.23,30,0,
8134,1088,1159,156.42,40,0,
8135,1159,1230,180.54,30,0,
8136,1230,1301,172.95,50,0,
8137,1301,1372,158.18,30,0,
8138,1372,1443,108.87,30,1,
8139,1443,1514,232.02,30,0,
8140,1514,1585,142.38,30,0,
8141,1585,1656,210.03,50,0,
8142,1656,1727,110.03,30,0,
8143,1727,1798,185.72,30,0,
8144,1798,1869,140.93,30,0,
8145,1869,1940,214.24,40,1,
8146,1940,2011,177.28,30,0,
8147,2011,2082,71.67,40,0,
8148,2082,2153,294.94,50,0,
8149,2153,2224,170.05,50,0,
8150,2224,2295,72.33,30,1,
8151,2295,2366,166.95,30,0,
8152,2366,2437,185.66,30,0,
8153,2437,2508,183.81,50,0,
8154,2508,2579,135.47,30,0,
8155,2579,2650,180.86,30,0,
8156,2650,2721,141.92,40,0,
8157,2721,2792,209.98,40,0,
8158,2792,2863,182.91,40,1,
8159,2863,2934,140.82,30,0,
8160,2934,3005,184.46,40,0,
8161,3005,3076,158.81,30,0,
8162,3076,3147,150.38,30,0,
8163,28,99,43.17,40,0,
8164,99,169,299.12,50,0,
8165,169,240,65.67,30,0,
8166,240,310,202.98,50,1,
8167,310,381,120.67,40,0,
8168,381,452,143.15,50,0,
8169,452,523,210.88,30,0,
8170,523,594,167.16,30,0,
8171,594,665,114.67,30,0,
8172,665,736,122.75,40,0,
8173,736,807,203.74,50,0,
8174,807,878,259.39,50,0,
8175,878,949,125.38,30,0,
8176,949,1020,87.47,40,0,
8177,1020,1091,152.61,40,0,
8178,1091,1162,207.08,40,0,
8179,1162,1233,138.79,30,0,
8180,1233,1304,116.8,50,0,
8181,1304,1375,90.14,50,0,
8182,1375,1446,333.8,30,1,
8183,1446,1517,49.02,30,1,
8184,1517,1588,217.69,40,0,
8185,1588,1659,141.41,30,0,
8186,1659,1730,168.82,50,0,
8187,1730,1801,147.81,50,0,
8188,1801,1872,225.26,50,0,
8189,1872,1943,65.96,50,0,
8190,1943,2014,208.42,50,0,
8191,2014,2085,172.46,50,0,
8192,2085,2156,160.61,30,0,
8193,2156,2227,258.0,40,0,
8194,2227,2298,142.18,30,0,
8195,2298,2369,107.81,50,0,
8196,2369,2440,99.7,40,0,
8197,2440,2511,244.49,40,1,
8198,2511,2582,161.03,30,0,
8199,2582,2653,93.52,30,0,
8200,2653,2724,131.47,30,0,
8201,2724,2795,272.3,30,0,
8202,2795,2866,128.53,30,0,
8203,2866,2937,236.99,30,1,
8204,31,102,171.58,30,0,
8205,102,172,147.59,30,0,
8206,172,243,133.48,30,0,
8207,243,313,226.34,30,1,
8208,313,384,109.07,50,0,Strada Garii
8209,384,455,219.6,50,0,
8210,455,526,191.7,30,1,
8211,526,597,235.84,30,0,
8212,597,668,86.65,50,0,
8213,668,739,180.48,50,0,
8214,739,810,204.62,50,0,
8215,810,881,104.27,50,0,
8216,881,952,226.47,40,0,
8217,952,1023,89.51,30,0,
8218,1023,1094,95.65,50,0,Calea Sighisoarei
8219,1094,1165,249.99,40,0,
8220,1165,1236,223.29,30,0,
8221,1236,1307,166.54,40,0,
8222,1307,1378,176.06,40,1,
8223,1378,1449,133.92,50,0,Strada Garii
8224,1449,1520,100.95,30,0,
8225,1520,1591,162.43,50,0,
8226,1591,1662,202.71,30,1,
8227,1662,1733,185.5,30,1,
8228,1733,1804,146.25,50,0,Aleea Carpati
8229,1804,1875,230.72,50,0,
8230,1875,1946,104.18,50,0,
8231,1946,2017,205.35,30,0,
8232,2017,2088,116.98,30,0,
8233,2088,2159,160.7,50,0,Strada Garii
8234,2159,2230,191.06,40,0,
8235,2230,2301,134.19,30,1,
8236,2301,2372,183.51,50,0,
8237,2372,2443,221.68,30,0,
8238,2443,2514,79.58,50,0,Strada Libertatii
8239,2514,2585,152.16,30,1,
8240,2585,2656,145.65,30,0,
8241,2656,2727,156.57,30,0,
8242,34,105,230.35,50,0,Bulevardul 1 Decembrie
8243,105,175,202.68,40,0,
8244,175,246,61.0,30,0,
8245,246,316,225.44,30,0,
8246,316,387,178.32,50,1,
8247,387,458,70.55,50,0,Aleea Carpati
8248,458,529,180.87,30,0,
8249,529,600,219.79,30,0,
8250,600,671,155.21,40,1,
8251,671,742,148.44,30,0,
8252,742,813,190.77,50,0,
8253,813,884,167.14,40,0,
8254,884,955,150.93,40,0,
8255,955,1026,197.82,30,0,
8256,1026,1097,133.51,40,0,
8257,1097,1168,142.09,50,0,Bulevardul 1 Decembrie
8258,1168,1239,179.32,30,0,
8259,1239,1310,107.43,40,0,
8260,1310,1381,245.39,30,1,
8261,1381,1452,87.27,30,0,
8262,1452,1523,166.8,50,0,Strada Principala
8263,1523,1594,192.54,30,0,
8264,1594,1665,137.52,40,0,
8265,1665,1736,166.73,30,0,
8266,1736,1807,213.88,30,0,
8267,1807,1878,203.83,50,0,Bulevardul 1 Decembrie
8268,1878,1949,133.32,50,0,
8269,1949,2020,165.83,50,1,
8270,2020,2091,252.3,30,1,
8271,2091,2162,132.83,50,1,
8272,2162,2233,193.67,50,0,Strada Principala
8273,2233,2304,143.66,30,0,
8274,2304,2375,163.63,30,1,
8275,2375,2446,152.36,30,0,
8276,2446,2517,192.12,50,1,
8277,37,108,184.09,50,0,
8278,108,178,62.91,30,0,
8279,178,249,223.21,30,0,
8280,249,319,187.48,30,0,
8281,319,390,164.69,30,0,
8282,390,461,172.15,50,0,
8283,461,532,86.68,30,0,
8284,532,603,164.45,50,1,
8285,603,674,223.87,40,0,
8286,674,745,95.22,30,1,
8287,745,816,179.51,30,0,
8288,816,887,165.09,50,0,
8289,887,958,229.67,40,0,
8290,958,1029,95.22,40,0,
8291,1029,1100,130.03,30,0,
8292,1100,1171,232.2,40,0,
8293,1171,1242,149.3,40,1,
8294,1242,1313,160.76,50,0,
8295,1313,1384,90.19,40,0,
8296,1384,1455,232.32,40,0,
8297,1455,1526,145.75,40,0,
8298,1526,1597,142.15,40,0,
8299,1597,1668,160.33,30,0,
8300,1668,1739,254.7,30,0,
8301,1739,1810,59.18,50,0,
8302,1810,1881,216.3,30,0,
8303,1881,1952,128.84,30,0,
8304,1952,2023,174.63,40,0,
8305,2023,2094,179.55,50,0,
8306,2094,2165,210.55,40,0,
8307,2165,2236,82.07,40,0,
8308,2236,2307,133.27,30,0,
8309,40,111,183.4,50,0,
8310,111,181,143.42,40,0,
8311,181,252,83.13,40,0,
8312,252,322,201.26,30,1,
8313,322,393,223.69,30,0,
8314,393,464,71.1,40,0,
8315,464,535,195.4,30,0,
8316,535,606,174.63,50,0,
8317,606,677,129.34,30,0,
8318,677,748,188.99,50,0,
8319,748,819,210.86,50,0,
8320,819,890,112.51,30,0,
8321,890,961,128.76,50,1,
8322,961,1032,193.92,30,0,
8323,1032,1103,100.46,30,0,
8324,1103,1174,210.93,50,0,
8325,1174,1245,81.27,50,0,
8326,1245,1316,291.2,30,0,
8327,1316,1387,55.96,30,0,
8328,1387,1458,173.02,40,0,
8329,1458,1529,187.53,30,0,
8330,1529,1600,151.78,30,0,
8331,1600,1671,182.1,30,0,
8332,1671,1742,162.53,50,0,
8333,1742,1813,60.58,30,0,
8334,1813,1884,270.21,50,0,
8335,1884,1955,90.35,30,0,
8336,1955,2026,226.23,50,0,
8337,2026,2097,164.0,30,0,
8338,43,114,239.77,30,0,
8339,114,184,103.56,50,0,
8340,184,255,164.13,40,1,
8341,255,325,119.25,30,0,
8342,325,396,221.92,30,0,
8343,396,467,138.67,40,0,
8344,467,538,200.4,30,0,
8345,538,609,116.52,30,1,
8346,609,680,205.99,40,0,
8347,680,751,61.44,40,0,
8348,751,822,236.48,30,0,
8349,822,893,118.67,30,0,
8350,893,964,260.87,30,0,
8351,964,1035,139.28,40,0,
8352,1035,1106,138.78,40,0,
8353,1106,1177,169.55,40,0,
8354,1177,1248,149.68,50,0,
8355,1248,1319,200.61,40,0,
8356,1319,1390,209.2,30,0,
8357,1390,1461,173.54,30,0,
8358,1461,1532,127.81,30,0,
8359,1532,1603,157.53,30,0,
8360,1603,1674,148.66,50,0,
8361,1674,1745,246.69,30,0,
8362,1745,1816,161.46,30,0,
8363,1816,1887,149.79,30,1,
8364,46,117,171.98,50,1,
8365,117,187,165.59,30,0,
8366,187,258,188.99,30,0,
8367,258,328,110.85,30,0,
8368,328,399,155.36,50,0,Strada Garii
8369,399,470,185.92,30,0,
8370,470,541,245.76,30,0,
8371,541,612,107.92,40,0,
8372,612,683,163.35,50,0,
8373,683,754,115.8,50,0,Calea Sighisoarei
8374,754,825,250.73,50,0,
8375,825,896,67.7,40,1,
8376,896,967,219.89,30,1,
8377,967,1038,90.05,50,0,
8378,1038,1109,111.04,50,0,Strada Garii
8379,1109,1180,255.37,30,0,
8380,1180,1251,152.39,30,0,
8381,1251,1322,216.64,30,0,
8382,1322,1393,130.19,30,0,
8383,1393,1464,153.33,50,0,
8384,1464,1535,167.12,30,0,
8385,1535,1606,167.74,30,0,
8386,1606,1677,182.72,30,0,
8387,49,120,169.78,50,0,
8388,120,190,149.52,30,0,
8389,190,261,224.89,50,0,
8390,261,331,75.17,30,0,
8391,331,402,239.0,40,0,
8392,402,473,112.47,50,0,
8393,473,544,171.38,50,1,
8394,544,615,144.9,40,1,
8395,615,686,228.27,30,0,
8396,686,757,113.05,40,0,
8397,757,828,229.26,50,0,Bulevardul 1 Decembrie
8398,828,899,95.87,50,0,
8399,899,970,185.31,30,0,
8400,970,1041,124.7,40,0,
8401,1041,1112,217.08,30,0,
8402,1112,1183,156.24,50,0,Aleea Carpati
8403,1183,1254,121.01,30,0,
8404,1254,1325,186.89,30,1,
8405,1325,1396,187.67,30,1,
8406,1396,1467,171.98,50,0,
8407,52,123,104.9,50,0,
8408,123,193,225.0,40,1,
8409,193,264,187.91,50,1,
8410,264,334,158.34,30,0,
8411,334,405,186.11,40,0,
8412,405,476,192.39,50,0,
8413,476,547,94.69,50,0,
8414,547,618,210.65,40,0,
8415,618,689,131.13,40,0,
8416,689,760,165.61,50,1,
8417,760,831,166.95,30,0,
8418,831,902,215.81,50,0,
8419,902,973,181.02,50,0,
8420,973,1044,139.73,40,0,
8421,1044,1115,117.95,30,0,
8422,1115,1186,240.84,30,0,
8423,1186,1257,150.65,30,0,
8424,55,126,126.36,30,0,
8425,126,196,123.6,30,0,
8426,196,267,262.53,30,0,
8427,267,337,107.17,40,0,
8428,337,408,204.21,40,1,
8429,408,479,105.74,30,1,
8430,479,550,219.0,40,0,
8431,550,621,56.37,30,0,
8432,621,692,190.66,40,0,
8433,692,763,152.7,40,0,
8434,763,834,206.37,50,0,
8435,834,905,132.2,30,0,
8436,905,976,212.76,30,0,
8437,976,1047,90.09,30,0,
8438,58,129,189.6,30,0,
8439,129,199,179.78,30,0,
8440,199,270,89.39,40,0,
8441,270,340,194.23,50,0,
8442,340,411,100.38,50,0,
8443,411,482,178.98,30,1,
8444,482,553,249.63,40,0,
8445,553,624,168.22,30,1,
8446,624,695,129.7,40,0,
8447,695,766,141.81,30,0,
8448,766,837,225.38,30,0,
8449,727,796,134.03,40,0,
8450,738,809,141.79,30,0,
8451,794,795,184.39,50,0,
8452,794,863,181.8,30,0,
8453,795,864,117.0,40,0,
8454,811,882,148.46,30,0,
8455,862,931,137.84,40,0,
8456,863,932,195.55,30,0,
8457,882,953,144.09,30,0,
8458,883,954,166.45,50,0,
8459,931,1000,155.1,50,0,
8460,954,1025,131.22,30,0,
8461,1000,1069,172.02,40,0,
8462,1025,1096,164.2,30,0,
8463,1069,1138,110.23,50,0,Strada Libertatii
8464,1096,1167,136.67,30,0,
8465,1138,1207,220.21,40,0,
8466,1167,1238,221.83,30,1,
8467,1207,1276,207.25,30,0,
8468,1238,1309,108.22,30,0,
8469,1276,1345,151.16,30,0,
8470,1309,1380,164.83,40,0,
8471,1345,1346,78.77,30,1,
8472,1346,1415,123.56,50,0,
8473,1379,1450,123.3,30,0,
8474,1415,1484,216.39,30,0,
8475,1450,1521,222.68,30,0,
8476,1554,1623,122.71,30,1,
8477,1624,1693,129.11,50,0,
8478,1661,1732,154.87,50,1,
8479,1732,1802,84.89,30,0,
8480,1802,1872,195.03,40,0,
8481,1903,1972,39.86,40,0,
8482,1942,2013,237.2,30,0,
8483,1973,2042,187.35,40,0,
8484,2012,2083,107.7,40,0,
8485,2043,2112,149.92,50,0,Strada Libertatii
8486,2113,2182,72.75,30,1,
8487,2152,2223,206.61,50,0,Strada Principala
8488,2502,2571,126.05,30,0,
8489,2604,2675,204.6,30,0,
8490,2641,2711,109.01,40,0,
8491,2641,2710,41.32,30,0,
8492,2674,2745,143.01,50,0,
8493,2711,2780,191.57,40,0,
8494,2745,2816,81.48,50,0,
8495,2780,2850,153.49,30,0,
8496,2780,2849,145.33,40,0,
8497,2849,2919,171.63,40,0,
8498,2850,2919,210.5,30,0,
8499,2919,2988,123.57,30,0,
8500,2988,3057,179.83,30,0,
8501,3057,3126,179.82,30,1,
8502,3126,3195,111.17,30,0,
8503,3195,3264,220.94,30,0,
8504,3242,3313,202.44,40,0,
8505,3263,3264,153.34,50,0,
8506,3263,3332,96.51,40,0,
8507,3264,3333,86.87,50,0,
8508,3313,3384,156.4,30,0,
8509,3332,3401,198.8,30,0,
8510,3385,3456,119.34,40,0,
8511,3399,3468,210.85,40,0,
8512,3400,3469,141.6,50,0,
8513,3459,3460,96.86,50,1,
8514,3460,3461,91.87,30,0,
8515,3461,3532,132.09,30,0,
8516,3462,3533,194.2,30,0,
8517,3462,3531,93.38,30,0,
8518,3463,3532,139.4,50,0,Bulevardul 1 Decembrie
8519,3464,3533,236.38,30,0,
8520,3465,3534,115.78,40,0,
