id,coords
0,46.514910:24.520230 46.514949:24.520618 46.514921:24.521163
1,46.514910:24.520230 46.515474:24.520308 46.515950:24.520174
2,46.514921:24.521163 46.514798:24.521818 46.514674:24.522513
3,46.514921:24.521163 46.515697:24.520732 46.516711:24.520150
4,46.514674:24.522513 46.514982:24.523382 46.515389:24.524104
5,46.514674:24.522513 46.515129:24.522530 46.515674:24.522718
6,46.515389:24.524104 46.515474:24.524784 46.515363:24.525329
7,46.515363:24.525329 46.515297:24.525932 46.515138:24.526605
8,46.515363:24.525329 46.515680:24.525495 46.515917:24.525512
9,46.515138:24.526605 46.514758:24.527279 46.514417:24.528211
10,46.515138:24.526605 46.515683:24.526508 46.516167:24.526287
11,46.514417:24.528211 46.514737:24.528754 46.515177:24.529355
12,46.514417:24.528211 46.515679:24.528215 46.516918:24.527986
13,46.515177:24.529355 46.514750:24.529499 46.514408:24.529650
14,46.515177:24.529355 46.515425:24.529311 46.515874:24.529086
15,46.514408:24.529650 46.514567:24.530537 46.514689:24.531528
16,46.514408:24.529650 46.515207:24.530054 46.515989:24.530407
17,46.514689:24.531528 46.514907:24.532497 46.515107:24.533023
18,46.514689:24.531528 46.514944:24.531578 46.515113:24.531520
19,46.515107:24.533023 46.515103:24.533550 46.515182:24.534059
20,46.515107:24.533023 46.515710:24.532721 46.516421:24.532518
21,46.515182:24.534059 46.515092:24.535063 46.515108:24.535830
22,46.515182:24.534059 46.515591:24.534497 46.516044:24.534777
23,46.515108:24.535830 46.514879:24.536868 46.514769:24.537729
24,46.515108:24.535830 46.515697:24.536054 46.516367:24.536323
25,46.514769:24.537729 46.514958:24.538352 46.515195:24.538800
26,46.514769:24.537729 46.515156:24.537192 46.515472:24.536798
27,46.515195:24.538800 46.515058:24.539110 46.514783:24.539232
28,46.515195:24.538800 46.515535:24.538656 46.515948:24.538541
29,46.514783:24.539232 46.514777:24.540128 46.514880:24.540822
30,46.514783:24.539232 46.515649:24.538695 46.516450:24.538358
31,46.514880:24.540822 46.515049:24.541475 46.515221:24.542286
32,46.514880:24.540822 46.515700:24.540524 46.516449:24.540218
33,46.515221:24.542286 46.515058:24.542548 46.514843:24.543048
34,46.514843:24.543048 46.514848:24.544266 46.514818:24.545332
35,46.514843:24.543048 46.515492:24.543576 46.516129:24.544016
36,46.514818:24.545332 46.514744:24.545765 46.514717:24.546197
37,46.514818:24.545332 46.515536:24.545167 46.516016:24.544869
38,46.514717:24.546197 46.514867:24.546428 46.515149:24.546721
39,46.514717:24.546197 46.515542:24.546154 46.516347:24.546151
40,46.515149:24.546721 46.515090:24.547999 46.515017:24.549283
41,46.515149:24.546721 46.515680:24.547236 46.516037:24.548081
42,46.515017:24.549283 46.514681:24.549540 46.514295:24.549855
43,46.515017:24.549283 46.515759:24.548880 46.516435:24.548563
44,46.514295:24.549855 46.514493:24.550480 46.514963:24.550937
45,46.514295:24.549855 46.515611:24.549687 46.517029:24.549484
46,46.514963:24.550937 46.515083:24.551745 46.515174:24.552581
47,46.514963:24.550937 46.515629:24.551051 46.516388:24.551185
48,46.515174:24.552581 46.514770:24.553481 46.514487:24.554286
49,46.515174:24.552581 46.515623:24.552710 46.516114:24.552926
50,46.514487:24.554286 46.514774:24.554896 46.515234:24.555643
51,46.515234:24.555643 46.515350:24.556133 46.515504:24.556685
52,46.515234:24.555643 46.515452:24.555032 46.515533:24.554538
53,46.515504:24.556685 46.515279:24.557005 46.515042:24.557241
54,46.515504:24.556685 46.516010:24.556587 46.516283:24.556088
55,46.515042:24.557241 46.515231:24.558014 46.515215:24.558855
56,46.515042:24.557241 46.515408:24.557187 46.515708:24.557165
57,46.515215:24.558855 46.515004:24.559379 46.514842:24.559866
58,46.515215:24.558855 46.515891:24.559213 46.516511:24.559466
59,46.514842:24.559866 46.514697:24.560568 46.514661:24.561500
60,46.514842:24.559866 46.515804:24.559818 46.516583:24.560013
61,46.514661:24.561500 46.515118:24.561883 46.515451:24.562129
62,46.514661:24.561500 46.515430:24.561446 46.516068:24.561226
63,46.515451:24.562129 46.514954:24.563349 46.514490:24.564456
64,46.515451:24.562129 46.515860:24.562875 46.516336:24.563759
65,46.514490:24.564456 46.515111:24.565113 46.515505:24.565912
66,46.514490:24.564456 46.515197:24.564834 46.515756:24.565050
67,46.515505:24.565912 46.514814:24.565923 46.514335:24.565823
68,46.515505:24.565912 46.516035:24.565863 46.516414:24.565572
69,46.514335:24.565823 46.514707:24.566826 46.515125:24.567930
70,46.514335:24.565823 46.514828:24.566797 46.515378:24.567590
71,46.515125:24.567930 46.514858:24.568981 46.514608:24.570005
72,46.514608:24.570005 46.514996:24.570447 46.515386:24.570940
73,46.514608:24.570005 46.515424:24.569852 46.516208:24.569750
74,46.515386:24.570940 46.515097:24.571658 46.515086:24.572369
75,46.515086:24.572369 46.515195:24.573136 46.515558:24.573757
76,46.515086:24.572369 46.515701:24.572492 46.516465:24.572843
77,46.515558:24.573757 46.515261:24.574348 46.515182:24.575029
78,46.515558:24.573757 46.516037:24.573615 46.516576:24.573397
79,46.515182:24.575029 46.514852:24.575833 46.514451:24.576664
80,46.515182:24.575029 46.515439:24.575198 46.515807:24.575241
81,46.514451:24.576664 46.514816:24.577159 46.515334:24.577630
82,46.515334:24.577630 46.514694:24.577957 46.514309:24.578410
83,46.515334:24.577630 46.515956:24.577446 46.516566:24.577273
84,46.514309:24.578410 46.514778:24.578811 46.515295:24.579185
85,46.514309:24.578410 46.514716:24.578372 46.515264:24.578521
86,46.515295:24.579185 46.515150:24.580554 46.514936:24.581763
87,46.514936:24.581763 46.514747:24.582640 46.514541:24.583333
88,46.514936:24.581763 46.515513:24.581467 46.516179:24.581029
89,46.514541:24.583333 46.514963:24.583658 46.515193:24.583845
90,46.514541:24.583333 46.515358:24.583192 46.516064:24.582983
91,46.515193:24.583845 46.515239:24.584782 46.515114:24.585510
92,46.515193:24.583845 46.515682:24.584260 46.516095:24.584510
93,46.515114:24.585510 46.515006:24.586354 46.515042:24.587037
94,46.515114:24.585510 46.515634:24.585679 46.516046:24.585686
95,46.515042:24.587037 46.514951:24.587335 46.514768:24.587639
96,46.515042:24.587037 46.515945:24.587185 46.516590:24.587246
97,46.514768:24.587639 46.515042:24.588363 46.515365:24.589142
98,46.514768:24.587639 46.515308:24.588041 46.515833:24.588222
99,46.515365:24.589142 46.515017:24.590071 46.514692:24.590861
100,46.514692:24.590861 46.515076:24.591092 46.515513:24.591539
101,46.514692:24.590861 46.515128:24.590946 46.515381:24.590916
102,46.515513:24.591539 46.514987:24.592097 46.514517:24.592983
103,46.515513:24.591539 46.515497:24.591728 46.515637:24.591733
104,46.514517:24.592983 46.514705:24.593502 46.514948:24.594214
105,46.514517:24.592983 46.515272:24.592926 46.516001:24.593031
106,46.514948:24.594214 46.515251:24.594642 46.515492:24.595190
107,46.514948:24.594214 46.515449:24.594443 46.515861:24.594453
108,46.515492:24.595190 46.515454:24.595885 46.515441:24.596386
109,46.515492:24.595190 46.516057:24.595321 46.516695:24.595672
110,46.515441:24.596386 46.514944:24.597479 46.514725:24.598545
111,46.515441:24.596386 46.515780:24.597012 46.516254:24.597407
112,46.514725:24.598545 46.515049:24.599105 46.515395:24.599952
113,46.514725:24.598545 46.515364:24.597985 46.515999:24.597694
114,46.515395:24.599952 46.515270:24.600504 46.515121:24.600934
115,46.515395:24.599952 46.515706:24.599966 46.515873:24.600048
116,46.515121:24.600934 46.515063:24.601671 46.515053:24.602433
117,46.515053:24.602433 46.514992:24.602829 46.514938:24.603603
118,46.515053:24.602433 46.515689:24.602552 46.516420:24.602531
119,46.514938:24.603603 46.515122:24.604042 46.515200:24.604783
120,46.514938:24.603603 46.515490:24.603664 46.516070:24.603841
121,46.515200:24.604783 46.515298:24.605569 46.515267:24.606342
122,46.515200:24.604783 46.515680:24.604452 46.516126:24.604252
123,46.515267:24.606342 46.515430:24.606792 46.515704:24.607538
124,46.515267:24.606342 46.515321:24.606064 46.515520:24.605799
125,46.515704:24.607538 46.515336:24.607915 46.514850:24.608528
126,46.514850:24.608528 46.514849:24.609387 46.514995:24.610416
127,46.514850:24.608528 46.515295:24.608436 46.515752:24.608349
128,46.514995:24.610416 46.515276:24.610122 46.515532:24.609947
129,46.515950:24.520174 46.516397:24.520126 46.516711:24.520150
130,46.515950:24.520174 46.516312:24.520238 46.516723:24.520164
131,46.516711:24.520150 46.516431:24.520692 46.516310:24.521452
132,46.515674:24.522718 46.516277:24.522067 46.516911:24.521735
133,46.516207:24.524020 46.516205:24.524692 46.515917:24.525512
134,46.516207:24.524020 46.516877:24.524006 46.517389:24.523789
135,46.515917:24.525512 46.516001:24.525900 46.516167:24.526287
136,46.516167:24.526287 46.516562:24.527211 46.516918:24.527986
137,46.516167:24.526287 46.516735:24.526334 46.517237:24.526315
138,46.516918:24.527986 46.517172:24.528065 46.517409:24.528162
139,46.515874:24.529086 46.516638:24.529221 46.517369:24.529277
140,46.515989:24.530407 46.516783:24.530563 46.517602:24.530732
141,46.515113:24.531520 46.515697:24.531973 46.516421:24.532518
142,46.515113:24.531520 46.516070:24.531191 46.517294:24.530801
143,46.516421:24.532518 46.516270:24.533567 46.516044:24.534777
144,46.516421:24.532518 46.516980:24.533163 46.517449:24.533633
145,46.516367:24.536323 46.515919:24.536514 46.515472:24.536798
146,46.516367:24.536323 46.517147:24.535547 46.517815:24.534861
147,46.515472:24.536798 46.516477:24.537350 46.517300:24.538047
148,46.515948:24.538541 46.516115:24.538559 46.516450:24.538358
149,46.515948:24.538541 46.516374:24.538528 46.516811:24.538571
150,46.516450:24.538358 46.516459:24.539291 46.516449:24.540218
151,46.516450:24.538358 46.517119:24.538931 46.517796:24.539511
152,46.516307:24.541502 46.516370:24.542886 46.516129:24.544016
153,46.516307:24.541502 46.516575:24.541910 46.516819:24.542134
154,46.516129:24.544016 46.516079:24.544294 46.516016:24.544869
155,46.516129:24.544016 46.516686:24.543755 46.517238:24.543850
156,46.516016:24.544869 46.516163:24.545467 46.516347:24.546151
157,46.516016:24.544869 46.516550:24.544748 46.517124:24.544695
158,46.516347:24.546151 46.516294:24.547106 46.516037:24.548081
159,46.516347:24.546151 46.516565:24.546044 46.516780:24.545925
160,46.516037:24.548081 46.516179:24.548282 46.516435:24.548563
161,46.516435:24.548563 46.516862:24.549160 46.517029:24.549484
162,46.517029:24.549484 46.516658:24.550340 46.516388:24.551185
163,46.517029:24.549484 46.517558:24.550023 46.518069:24.550513
164,46.516388:24.551185 46.516217:24.552197 46.516114:24.552926
165,46.516388:24.551185 46.516907:24.550599 46.517359:24.550138
166,46.516114:24.552926 46.516268:24.553580 46.516146:24.554200
167,46.516114:24.552926 46.516661:24.553007 46.517353:24.552825
168,46.516146:24.554200 46.515873:24.554423 46.515533:24.554538
169,46.515533:24.554538 46.515959:24.555261 46.516283:24.556088
170,46.515533:24.554538 46.516353:24.555074 46.517112:24.555452
171,46.516283:24.556088 46.516304:24.556522 46.516455:24.556987
172,46.515708:24.557165 46.516021:24.558325 46.516511:24.559466
173,46.515708:24.557165 46.516606:24.557289 46.517249:24.557510
174,46.516511:24.559466 46.516554:24.559735 46.516583:24.560013
175,46.516511:24.559466 46.517043:24.559796 46.517600:24.559945
176,46.516583:24.560013 46.516319:24.560525 46.516068:24.561226
177,46.516583:24.560013 46.516569:24.560068 46.516645:24.560135
178,46.516068:24.561226 46.516326:24.562462 46.516336:24.563759
179,46.516068:24.561226 46.516675:24.561453 46.517238:24.561822
180,46.516336:24.563759 46.515937:24.564311 46.515756:24.565050
181,46.516336:24.563759 46.516761:24.563150 46.516996:24.562605
182,46.515756:24.565050 46.516796:24.564922 46.517878:24.564815
183,46.516414:24.565572 46.515852:24.566616 46.515378:24.567590
184,46.516414:24.565572 46.516591:24.565246 46.516718:24.565047
185,46.515378:24.567590 46.515730:24.567765 46.516034:24.567990
186,46.515378:24.567590 46.516680:24.567546 46.517732:24.567402
187,46.516034:24.567990 46.516042:24.568816 46.516208:24.569750
188,46.516034:24.567990 46.516952:24.568344 46.517773:24.568625
189,46.516208:24.569750 46.516329:24.569977 46.516592:24.570411
190,46.516208:24.569750 46.516438:24.569879 46.516830:24.569683
191,46.516592:24.570411 46.516470:24.571468 46.516465:24.572843
192,46.516592:24.570411 46.516466:24.570467 46.516380:24.570533
193,46.516465:24.572843 46.516683:24.572589 46.517115:24.572409
194,46.516576:24.573397 46.516212:24.574345 46.515807:24.575241
195,46.516576:24.573397 46.516806:24.573459 46.516881:24.573422
196,46.515807:24.575241 46.516020:24.575714 46.516108:24.576143
197,46.515807:24.575241 46.516496:24.575070 46.517296:24.574952
198,46.516108:24.576143 46.516666:24.576213 46.517359:24.576181
199,46.516566:24.577273 46.515885:24.577791 46.515264:24.578521
200,46.516566:24.577273 46.516796:24.577465 46.517022:24.577746
201,46.515264:24.578521 46.515306:24.579476 46.515419:24.580368
202,46.515264:24.578521 46.516135:24.578430 46.517153:24.578324
203,46.515419:24.580368 46.516147:24.580054 46.516917:24.580000
204,46.516179:24.581029 46.515967:24.581871 46.516064:24.582983
205,46.516179:24.581029 46.516543:24.581153 46.517097:24.581375
206,46.516064:24.582983 46.516097:24.583787 46.516095:24.584510
207,46.516064:24.582983 46.516568:24.582854 46.517135:24.582688
208,46.516095:24.584510 46.516108:24.585157 46.516046:24.585686
209,46.516095:24.584510 46.516606:24.583768 46.517089:24.583347
210,46.516046:24.585686 46.516811:24.585703 46.517283:24.585692
211,46.516590:24.587246 46.516157:24.587714 46.515833:24.588222
212,46.516590:24.587246 46.516979:24.586843 46.517288:24.586437
213,46.515833:24.588222 46.515656:24.588476 46.515411:24.588643
214,46.515833:24.588222 46.516525:24.587717 46.517292:24.587392
215,46.515411:24.588643 46.515936:24.588999 46.516472:24.589157
216,46.515381:24.590916 46.515414:24.591251 46.515637:24.591733
217,46.515381:24.590916 46.516019:24.590775 46.516810:24.590768
218,46.515637:24.591733 46.515714:24.592265 46.516001:24.593031
219,46.515637:24.591733 46.516118:24.591140 46.516756:24.590556
220,46.516001:24.593031 46.515875:24.593743 46.515861:24.594453
221,46.516001:24.593031 46.516420:24.593375 46.516772:24.593754
222,46.515861:24.594453 46.516295:24.594940 46.516695:24.595672
223,46.515861:24.594453 46.516565:24.594258 46.517002:24.593732
224,46.516695:24.595672 46.516746:24.595975 46.516868:24.595887
225,46.516254:24.597407 46.516729:24.597107 46.517309:24.597036
226,46.515999:24.597694 46.515910:24.598772 46.515873:24.600048
227,46.515999:24.597694 46.516891:24.598314 46.517655:24.598579
228,46.515873:24.600048 46.516517:24.599850 46.517128:24.599834
229,46.515492:24.600601 46.515808:24.601608 46.516420:24.602531
230,46.515492:24.600601 46.516587:24.601051 46.517715:24.601307
231,46.516420:24.602531 46.516986:24.602236 46.517494:24.601687
232,46.516070:24.603841 46.516084:24.604099 46.516126:24.604252
233,46.516126:24.604252 46.515817:24.604983 46.515520:24.605799
234,46.516126:24.604252 46.516592:24.604768 46.517032:24.605264
235,46.515520:24.605799 46.516113:24.606494 46.516391:24.607137
236,46.515520:24.605799 46.516412:24.606190 46.517344:24.606496
237,46.516391:24.607137 46.516100:24.607919 46.515752:24.608349
238,46.515752:24.608349 46.515616:24.609163 46.515532:24.609947
239,46.515752:24.608349 46.516739:24.608368 46.517570:24.608599
240,46.515532:24.609947 46.516244:24.610614 46.517167:24.611168
241,46.516723:24.520164 46.516512:24.520802 46.516310:24.521452
242,46.516723:24.520164 46.517232:24.520263 46.518083:24.520393
243,46.516310:24.521452 46.516572:24.521597 46.516911:24.521735
244,46.516310:24.521452 46.517508:24.521292 46.518547:24.521307
245,46.516911:24.521735 46.517130:24.522813 46.517389:24.523789
246,46.516911:24.521735 46.517363:24.522204 46.517795:24.522693
247,46.517389:24.523789 46.517972:24.524131 46.518329:24.524421
248,46.517237:24.526315 46.517300:24.527364 46.517409:24.528162
249,46.517237:24.526315 46.517810:24.526496 46.518502:24.526765
250,46.517409:24.528162 46.517849:24.527968 46.518276:24.527851
251,46.517369:24.529277 46.517532:24.529935 46.517602:24.530732
252,46.517369:24.529277 46.517853:24.529300 46.518118:24.529439
253,46.517294:24.530801 46.517257:24.532259 46.517449:24.533633
254,46.517294:24.530801 46.517727:24.530950 46.518205:24.531080
255,46.517449:24.533633 46.517710:24.532855 46.518051:24.532140
256,46.517032:24.534137 46.517366:24.534252 46.517815:24.534861
257,46.517032:24.534137 46.517465:24.534226 46.517964:24.534604
258,46.517815:24.534861 46.517555:24.536387 46.517300:24.538047
259,46.517300:24.538047 46.517019:24.538467 46.516811:24.538571
260,46.516811:24.538571 46.517456:24.538935 46.517796:24.539511
261,46.516811:24.538571 46.517920:24.538568 46.518843:24.538493
262,46.517796:24.539511 46.517551:24.540552 46.517332:24.541276
263,46.517796:24.539511 46.518143:24.539327 46.518586:24.539168
264,46.517332:24.541276 46.517825:24.540719 46.518139:24.540051
265,46.516819:24.542134 46.517068:24.542946 46.517238:24.543850
266,46.516819:24.542134 46.517615:24.542364 46.518477:24.542595
267,46.517238:24.543850 46.517316:24.544223 46.517124:24.544695
268,46.517238:24.543850 46.517443:24.543665 46.517539:24.543455
269,46.517124:24.544695 46.516896:24.545502 46.516780:24.545925
270,46.517124:24.544695 46.517728:24.544144 46.518424:24.543990
271,46.516780:24.545925 46.517021:24.546936 46.517448:24.547437
272,46.516780:24.545925 46.517322:24.545685 46.517564:24.545608
273,46.517448:24.547437 46.517234:24.547936 46.516837:24.548317
274,46.517448:24.547437 46.517768:24.547024 46.517983:24.546760
275,46.516837:24.548317 46.517555:24.548487 46.518214:24.548808
276,46.518069:24.550513 46.517659:24.550406 46.517359:24.550138
277,46.518069:24.550513 46.518279:24.550443 46.518425:24.550316
278,46.517359:24.550138 46.517459:24.551612 46.517353:24.552825
279,46.517359:24.550138 46.518019:24.550988 46.518729:24.551828
280,46.517353:24.552825 46.517518:24.553466 46.517725:24.554106
281,46.517353:24.552825 46.517543:24.552508 46.517744:24.552381
282,46.517725:24.554106 46.517482:24.554897 46.517112:24.555452
283,46.517725:24.554106 46.517752:24.553880 46.517832:24.553429
284,46.517112:24.555452 46.516758:24.556138 46.516455:24.556987
285,46.517112:24.555452 46.517680:24.555490 46.518175:24.555220
286,46.516455:24.556987 46.516837:24.557318 46.517249:24.557510
287,46.517249:24.557510 46.517377:24.558653 46.517600:24.559945
288,46.517600:24.559945 46.517242:24.560086 46.516645:24.560135
289,46.517600:24.559945 46.517863:24.559522 46.518134:24.558990
290,46.516645:24.560135 46.516889:24.561076 46.517238:24.561822
291,46.517238:24.561822 46.517092:24.562295 46.516996:24.562605
292,46.516996:24.562605 46.517428:24.563558 46.517878:24.564815
293,46.516996:24.562605 46.517539:24.562759 46.518173:24.562741
294,46.517878:24.564815 46.517316:24.564885 46.516718:24.565047
295,46.517878:24.564815 46.517937:24.563982 46.518142:24.563123
296,46.516718:24.565047 46.517247:24.566465 46.517732:24.567402
297,46.516718:24.565047 46.517256:24.565393 46.517860:24.565669
298,46.517732:24.567402 46.517686:24.567872 46.517773:24.568625
299,46.517732:24.567402 46.517651:24.567375 46.517677:24.567046
300,46.517773:24.568625 46.517978:24.568190 46.518255:24.567641
301,46.516830:24.569683 46.516457:24.570116 46.516380:24.570533
302,46.516830:24.569683 46.517511:24.569552 46.518116:24.569424
303,46.517115:24.572409 46.516949:24.572981 46.516881:24.573422
304,46.517115:24.572409 46.517719:24.572052 46.518191:24.571791
305,46.516881:24.573422 46.517098:24.574080 46.517296:24.574952
306,46.516881:24.573422 46.517621:24.573362 46.518153:24.573449
307,46.517296:24.574952 46.518019:24.574812 46.518460:24.574915
308,46.517359:24.576181 46.517150:24.576958 46.517022:24.577746
309,46.517359:24.576181 46.517652:24.575790 46.517950:24.575477
310,46.517022:24.577746 46.517057:24.577947 46.517153:24.578324
311,46.517022:24.577746 46.517473:24.577435 46.518073:24.577058
312,46.517153:24.578324 46.517065:24.579113 46.516917:24.580000
313,46.517153:24.578324 46.517430:24.578546 46.517814:24.578643
314,46.516917:24.580000 46.517033:24.580741 46.517097:24.581375
315,46.516917:24.580000 46.517448:24.579937 46.518032:24.580047
316,46.517097:24.581375 46.516974:24.582145 46.517135:24.582688
317,46.517135:24.582688 46.518190:24.582640 46.519017:24.582464
318,46.517089:24.583347 46.517804:24.583486 46.518589:24.583968
319,46.517283:24.585692 46.517310:24.586016 46.517288:24.586437
320,46.517283:24.585692 46.517905:24.584814 46.518594:24.584148
321,46.517288:24.586437 46.517331:24.586928 46.517292:24.587392
322,46.517288:24.586437 46.517521:24.586543 46.517940:24.586633
323,46.517292:24.587392 46.516738:24.588221 46.516472:24.589157
324,46.517292:24.587392 46.517869:24.588092 46.518414:24.588878
325,46.516472:24.589157 46.516606:24.590040 46.516810:24.590768
326,46.516472:24.589157 46.517454:24.589511 46.518316:24.589706
327,46.516810:24.590768 46.516710:24.590808 46.516756:24.590556
328,46.516810:24.590768 46.517609:24.590776 46.518472:24.590861
329,46.516756:24.590556 46.516755:24.592184 46.516772:24.593754
330,46.516756:24.590556 46.517574:24.591097 46.518382:24.591669
331,46.516772:24.593754 46.516837:24.593760 46.517002:24.593732
332,46.517002:24.593732 46.516911:24.594844 46.516868:24.595887
333,46.517002:24.593732 46.517844:24.593807 46.518617:24.593890
334,46.516868:24.595887 46.517197:24.596362 46.517309:24.597036
335,46.516868:24.595887 46.517528:24.596295 46.518291:24.596607
336,46.517309:24.597036 46.517512:24.597927 46.517655:24.598579
337,46.517309:24.597036 46.517743:24.597087 46.518125:24.596965
338,46.517655:24.598579 46.517326:24.599170 46.517128:24.599834
339,46.517655:24.598579 46.518194:24.598457 46.518610:24.598273
340,46.517128:24.599834 46.517460:24.600656 46.517715:24.601307
341,46.517128:24.599834 46.517592:24.599781 46.517921:24.599681
342,46.517715:24.601307 46.517575:24.601448 46.517494:24.601687
343,46.517715:24.601307 46.518115:24.601208 46.518407:24.601189
344,46.517494:24.601687 46.517339:24.602782 46.517084:24.603807
345,46.517494:24.601687 46.517636:24.602362 46.517933:24.602963
346,46.517084:24.603807 46.517008:24.604582 46.517032:24.605264
347,46.517084:24.603807 46.517794:24.603584 46.518787:24.603486
348,46.517032:24.605264 46.517206:24.605879 46.517344:24.606496
349,46.517032:24.605264 46.517689:24.604989 46.518297:24.604590
350,46.517344:24.606496 46.517169:24.607411 46.517061:24.608537
351,46.517344:24.606496 46.518039:24.606059 46.518698:24.605770
352,46.517061:24.608537 46.517431:24.608579 46.517570:24.608599
353,46.517570:24.608599 46.517412:24.609910 46.517167:24.611168
354,46.517167:24.611168 46.517922:24.610579 46.518670:24.609995
355,46.518083:24.520393 46.518192:24.520990 46.518547:24.521307
356,46.518083:24.520393 46.518614:24.520430 46.519034:24.520365
357,46.518547:24.521307 46.518039:24.522056 46.517795:24.522693
358,46.517795:24.522693 46.518027:24.523694 46.518329:24.524421
359,46.518329:24.524421 46.518375:24.524789 46.518477:24.525228
360,46.518329:24.524421 46.518668:24.524574 46.519089:24.524941
361,46.518477:24.525228 46.518466:24.525946 46.518502:24.526765
362,46.518477:24.525228 46.518840:24.525287 46.519272:24.525571
363,46.518502:24.526765 46.518388:24.527324 46.518276:24.527851
364,46.518502:24.526765 46.518700:24.526596 46.519045:24.526502
365,46.518276:24.527851 46.518503:24.528188 46.518659:24.528630
366,46.518118:24.529439 46.517937:24.529867 46.517834:24.530152
367,46.518118:24.529439 46.518948:24.529008 46.519749:24.528584
368,46.517834:24.530152 46.517934:24.530686 46.518205:24.531080
369,46.518205:24.531080 46.518095:24.531530 46.518051:24.532140
370,46.518205:24.531080 46.518965:24.531281 46.519683:24.531532
371,46.518051:24.532140 46.517978:24.533358 46.517964:24.534604
372,46.518051:24.532140 46.518614:24.532535 46.519250:24.532903
373,46.517964:24.534604 46.518238:24.535047 46.518402:24.535628
374,46.517964:24.534604 46.518538:24.534195 46.519229:24.533858
375,46.518402:24.535628 46.518238:24.536080 46.518122:24.536319
376,46.518402:24.535628 46.518858:24.535333 46.519280:24.535005
377,46.518122:24.536319 46.518495:24.537460 46.518843:24.538493
378,46.518122:24.536319 46.518604:24.536637 46.519246:24.537095
379,46.518843:24.538493 46.518711:24.538712 46.518586:24.539168
380,46.518843:24.538493 46.519245:24.538280 46.519435:24.538157
381,46.518586:24.539168 46.518807:24.539402 46.518955:24.539637
382,46.518139:24.540051 46.518327:24.541339 46.518477:24.542595
383,46.518477:24.542595 46.518032:24.543097 46.517539:24.543455
384,46.518477:24.542595 46.519096:24.542297 46.519540:24.542122
385,46.517539:24.543455 46.517996:24.543713 46.518424:24.543990
386,46.517539:24.543455 46.518334:24.543186 46.519106:24.543162
387,46.518424:24.543990 46.517992:24.544715 46.517564:24.545608
388,46.518424:24.543990 46.518666:24.544257 46.518943:24.544624
389,46.517564:24.545608 46.518515:24.545994 46.519374:24.546319
390,46.517983:24.546760 46.518140:24.547725 46.518214:24.548808
391,46.517983:24.546760 46.518699:24.547599 46.519470:24.548336
392,46.518214:24.548808 46.518668:24.548795 46.519024:24.548701
393,46.518425:24.550316 46.519322:24.549804 46.520249:24.549160
394,46.518729:24.551828 46.518211:24.552057 46.517744:24.552381
395,46.518729:24.551828 46.518889:24.551436 46.519089:24.551381
396,46.517744:24.552381 46.518511:24.552587 46.519325:24.552792
397,46.517832:24.553429 46.517894:24.554406 46.518175:24.555220
398,46.517832:24.553429 46.518540:24.553681 46.519188:24.554078
399,46.518175:24.555220 46.518326:24.555537 46.518375:24.555808
400,46.518175:24.555220 46.518719:24.555345 46.519290:24.555565
401,46.518375:24.555808 46.518523:24.556015 46.518609:24.556123
402,46.517770:24.557816 46.518047:24.558303 46.518134:24.558990
403,46.517770:24.557816 46.518571:24.557584 46.519270:24.557362
404,46.518134:24.558990 46.518536:24.559151 46.518906:24.559413
405,46.518181:24.560093 46.518331:24.561103 46.518449:24.561899
406,46.518181:24.560093 46.518618:24.560341 46.519044:24.560720
407,46.518449:24.561899 46.518299:24.562330 46.518173:24.562741
408,46.518449:24.561899 46.519011:24.561720 46.519532:24.561877
409,46.518173:24.562741 46.518776:24.562834 46.519449:24.562996
410,46.518142:24.563123 46.518031:24.564376 46.517860:24.565669
411,46.517860:24.565669 46.517831:24.566268 46.517677:24.567046
412,46.517860:24.565669 46.518768:24.565523 46.519430:24.565414
413,46.517677:24.567046 46.518038:24.567371 46.518255:24.567641
414,46.517677:24.567046 46.518368:24.567406 46.519236:24.567294
415,46.518255:24.567641 46.518597:24.568094 46.518964:24.568549
416,46.518116:24.569424 46.518983:24.569350 46.519923:24.569316
417,46.518364:24.571145 46.518290:24.571377 46.518191:24.571791
418,46.518364:24.571145 46.518914:24.570822 46.519322:24.570802
419,46.518191:24.571791 46.518139:24.572683 46.518153:24.573449
420,46.518191:24.571791 46.519030:24.572127 46.519810:24.572316
421,46.518153:24.573449 46.518233:24.574171 46.518460:24.574915
422,46.518153:24.573449 46.518930:24.573354 46.519585:24.573168
423,46.518460:24.574915 46.518304:24.575409 46.517950:24.575477
424,46.518460:24.574915 46.518906:24.574997 46.519266:24.574778
425,46.517950:24.575477 46.517952:24.576391 46.518073:24.577058
426,46.517950:24.575477 46.518274:24.576123 46.518650:24.576735
427,46.518073:24.577058 46.517862:24.577922 46.517814:24.578643
428,46.518073:24.577058 46.518872:24.576964 46.519586:24.576604
429,46.517814:24.578643 46.517938:24.579311 46.518032:24.580047
430,46.517814:24.578643 46.518714:24.578634 46.519532:24.578637
431,46.518032:24.580047 46.518284:24.580581 46.518387:24.581118
432,46.518032:24.580047 46.518702:24.580120 46.519428:24.580165
433,46.518387:24.581118 46.518749:24.581731 46.519017:24.582464
434,46.519017:24.582464 46.518908:24.583376 46.518589:24.583968
435,46.518589:24.583968 46.518601:24.583896 46.518594:24.584148
436,46.518589:24.583968 46.518703:24.583688 46.518913:24.583301
437,46.518594:24.584148 46.518361:24.585396 46.517940:24.586633
438,46.518594:24.584148 46.518652:24.584804 46.518844:24.585368
439,46.517940:24.586633 46.518143:24.587646 46.518414:24.588878
440,46.517940:24.586633 46.518984:24.586667 46.519864:24.586715
441,46.518414:24.588878 46.518472:24.589440 46.518316:24.589706
442,46.518414:24.588878 46.518849:24.588967 46.519357:24.588831
443,46.518316:24.589706 46.518384:24.590427 46.518472:24.590861
444,46.518316:24.589706 46.518726:24.589340 46.519089:24.588827
445,46.518472:24.590861 46.518336:24.591440 46.518382:24.591669
446,46.518382:24.591669 46.518374:24.592034 46.518382:24.592558
447,46.518382:24.591669 46.518590:24.591457 46.518916:24.591213
448,46.518382:24.592558 46.518851:24.592804 46.519373:24.593155
449,46.518617:24.593890 46.518418:24.595212 46.518291:24.596607
450,46.518617:24.593890 46.518664:24.593992 46.518814:24.594257
451,46.518291:24.596607 46.518124:24.596749 46.518125:24.596965
452,46.518291:24.596607 46.518638:24.596300 46.519081:24.595859
453,46.518125:24.596965 46.518317:24.597650 46.518610:24.598273
454,46.518125:24.596965 46.518649:24.597025 46.519230:24.596918
455,46.518610:24.598273 46.518246:24.599032 46.517921:24.599681
456,46.518610:24.598273 46.518921:24.598504 46.519147:24.598735
457,46.517921:24.599681 46.518822:24.599487 46.519758:24.599400
458,46.518407:24.601189 46.518143:24.602200 46.517933:24.602963
459,46.517933:24.602963 46.518381:24.603201 46.518787:24.603486
460,46.517933:24.602963 46.518595:24.602685 46.519296:24.602511
461,46.518787:24.603486 46.518516:24.604093 46.518297:24.604590
462,46.518787:24.603486 46.519249:24.603387 46.519801:24.603306
463,46.518297:24.604590 46.518547:24.605109 46.518698:24.605770
464,46.518297:24.604590 46.518849:24.604796 46.519245:24.604871
465,46.518698:24.605770 46.518603:24.606495 46.518439:24.607175
466,46.518698:24.605770 46.518643:24.605888 46.518747:24.606094
467,46.518439:24.607175 46.518225:24.608136 46.517960:24.609019
468,46.518439:24.607175 46.518699:24.607236 46.519035:24.607558
469,46.517960:24.609019 46.518296:24.609632 46.518670:24.609995
470,46.517960:24.609019 46.518324:24.608391 46.518876:24.607806
471,46.518670:24.609995 46.518917:24.610024 46.519285:24.610117
472,46.519034:24.520365 46.519167:24.520945 46.519254:24.521444
473,46.519034:24.520365 46.519577:24.520400 46.520147:24.520400
474,46.519254:24.521444 46.519562:24.522156 46.519804:24.523118
475,46.519254:24.521444 46.519777:24.521211 46.520243:24.521032
476,46.519804:24.523118 46.519531:24.524134 46.519089:24.524941
477,46.519089:24.524941 46.519288:24.525203 46.519272:24.525571
478,46.519089:24.524941 46.519544:24.524434 46.520102:24.523904
479,46.519272:24.525571 46.519212:24.525957 46.519045:24.526502
480,46.519272:24.525571 46.519888:24.525368 46.520636:24.525144
481,46.519045:24.526502 46.518839:24.527752 46.518659:24.528630
482,46.519045:24.526502 46.519617:24.526417 46.520447:24.526227
483,46.518659:24.528630 46.519208:24.528568 46.519749:24.528584
484,46.518659:24.528630 46.519448:24.528692 46.520445:24.528575
485,46.519749:24.528584 46.519180:24.529067 46.518744:24.529705
486,46.518744:24.529705 46.519299:24.530754 46.519683:24.531532
487,46.518744:24.529705 46.519449:24.530164 46.520114:24.530442
488,46.519683:24.531532 46.519444:24.532208 46.519250:24.532903
489,46.519683:24.531532 46.520085:24.532031 46.520400:24.532200
490,46.519250:24.532903 46.519331:24.533399 46.519229:24.533858
491,46.519250:24.532903 46.519549:24.532555 46.519906:24.532098
492,46.519229:24.533858 46.519236:24.534337 46.519280:24.535005
493,46.519229:24.533858 46.519959:24.534288 46.520551:24.534706
494,46.519280:24.535005 46.519972:24.536013 46.520557:24.536836
495,46.519246:24.537095 46.519351:24.537656 46.519435:24.538157
496,46.519246:24.537095 46.519816:24.537057 46.520411:24.537071
497,46.519435:24.538157 46.519226:24.538819 46.518955:24.539637
498,46.519435:24.538157 46.519963:24.538207 46.520664:24.538427
499,46.518955:24.539637 46.520091:24.539374 46.520921:24.539008
500,46.519540:24.542122 46.519220:24.542668 46.519106:24.543162
501,46.519540:24.542122 46.520123:24.542005 46.520623:24.542006
502,46.519106:24.543162 46.519054:24.543933 46.518943:24.544624
503,46.519106:24.543162 46.519834:24.543694 46.520662:24.544448
504,46.519374:24.546319 46.519448:24.547406 46.519470:24.548336
505,46.519374:24.546319 46.519670:24.545998 46.520164:24.545710
506,46.519470:24.548336 46.519318:24.548627 46.519024:24.548701
507,46.519024:24.548701 46.519682:24.548948 46.520249:24.549160
508,46.519024:24.548701 46.519642:24.548670 46.520352:24.548725
509,46.520249:24.549160 46.519668:24.550391 46.519089:24.551381
510,46.520249:24.549160 46.520206:24.549778 46.520278:24.550411
511,46.519089:24.551381 46.519153:24.552095 46.519325:24.552792
512,46.519089:24.551381 46.519746:24.551196 46.520512:24.551241
513,46.519325:24.552792 46.519267:24.553628 46.519188:24.554078
514,46.519325:24.552792 46.519862:24.552769 46.520572:24.552540
515,46.519188:24.554078 46.519159:24.554730 46.519290:24.555565
516,46.519290:24.555565 46.518997:24.555828 46.518609:24.556123
517,46.519290:24.555565 46.519843:24.554965 46.520502:24.554787
518,46.518609:24.556123 46.518997:24.556659 46.519270:24.557362
519,46.518609:24.556123 46.519801:24.556414 46.520717:24.556677
520,46.519270:24.557362 46.519214:24.558304 46.518906:24.559413
521,46.519270:24.557362 46.519621:24.558040 46.519791:24.558551
522,46.518906:24.559413 46.518940:24.560069 46.519044:24.560720
523,46.518906:24.559413 46.519706:24.559606 46.520456:24.559532
524,46.519044:24.560720 46.519292:24.561320 46.519532:24.561877
525,46.519044:24.560720 46.519791:24.560402 46.520408:24.560367
526,46.519532:24.561877 46.519763:24.562206 46.519797:24.562176
527,46.519449:24.562996 46.519105:24.563740 46.518778:24.564334
528,46.519449:24.562996 46.519834:24.562939 46.520350:24.562915
529,46.518778:24.564334 46.519045:24.564902 46.519430:24.565414
530,46.518778:24.564334 46.519631:24.564290 46.520462:24.564383
531,46.519430:24.565414 46.519375:24.566464 46.519236:24.567294
532,46.519430:24.565414 46.520089:24.565466 46.520575:24.565485
533,46.519236:24.567294 46.519160:24.567920 46.518964:24.568549
534,46.519236:24.567294 46.519798:24.566755 46.520326:24.565994
535,46.518964:24.568549 46.519400:24.569030 46.519923:24.569316
536,46.518964:24.568549 46.519531:24.568717 46.520191:24.568565
537,46.519923:24.569316 46.519576:24.570098 46.519322:24.570802
538,46.519923:24.569316 46.520313:24.569350 46.520807:24.569401
539,46.519322:24.570802 46.519554:24.571588 46.519810:24.572316
540,46.519322:24.570802 46.519799:24.571160 46.520297:24.571582
541,46.519810:24.572316 46.519639:24.572791 46.519585:24.573168
542,46.519810:24.572316 46.520111:24.572409 46.520225:24.572504
543,46.519585:24.573168 46.519411:24.573905 46.519266:24.574778
544,46.519585:24.573168 46.520344:24.573374 46.520926:24.573496
545,46.519266:24.574778 46.520112:24.574638 46.520768:24.574463
546,46.518650:24.576735 46.519121:24.576626 46.519586:24.576604
547,46.518650:24.576735 46.519526:24.576369 46.520412:24.576052
548,46.519586:24.576604 46.519550:24.577592 46.519532:24.578637
549,46.519532:24.578637 46.519468:24.579350 46.519428:24.580165
550,46.519532:24.578637 46.520370:24.578513 46.521175:24.578396
551,46.519428:24.580165 46.519129:24.580568 46.518747:24.581209
552,46.518747:24.581209 46.519295:24.581694 46.519794:24.582350
553,46.518747:24.581209 46.519281:24.581417 46.519970:24.581528
554,46.519794:24.582350 46.519410:24.582975 46.518913:24.583301
555,46.518913:24.583301 46.518908:24.584423 46.518844:24.585368
556,46.518913:24.583301 46.519687:24.583136 46.520525:24.583216
557,46.518844:24.585368 46.519301:24.586022 46.519864:24.586715
558,46.518844:24.585368 46.519777:24.584898 46.520605:24.584522
559,46.519864:24.586715 46.519901:24.586522 46.520095:24.586271
560,46.519357:24.588831 46.519210:24.588711 46.519089:24.588827
561,46.519357:24.588831 46.519784:24.588486 46.520199:24.588213
562,46.519089:24.588827 46.519306:24.589849 46.519456:24.590682
563,46.519089:24.588827 46.519631:24.588757 46.520368:24.588952
564,46.519456:24.590682 46.519215:24.591028 46.518916:24.591213
565,46.519456:24.590682 46.519957:24.590840 46.520529:24.591146
566,46.518916:24.591213 46.519561:24.591419 46.520341:24.591904
567,46.519373:24.593155 46.519043:24.593629 46.518814:24.594257
568,46.519373:24.593155 46.520142:24.593184 46.520773:24.593164
569,46.518814:24.594257 46.518872:24.594905 46.519081:24.595859
570,46.518814:24.594257 46.519386:24.594949 46.519890:24.595468
571,46.519081:24.595859 46.519215:24.596347 46.519230:24.596918
572,46.519081:24.595859 46.520161:24.595265 46.521112:24.594759
573,46.519230:24.596918 46.519276:24.597715 46.519147:24.598735
574,46.519230:24.596918 46.519752:24.597001 46.520325:24.597144
575,46.519147:24.598735 46.519872:24.598574 46.520677:24.598562
576,46.519758:24.599400 46.519535:24.600026 46.519567:24.600529
577,46.519758:24.599400 46.520061:24.599165 46.520244:24.599091
578,46.519567:24.600529 46.519416:24.601505 46.519296:24.602511
579,46.519567:24.600529 46.519915:24.600827 46.520375:24.601335
580,46.519296:24.602511 46.519538:24.602829 46.519801:24.603306
581,46.519296:24.602511 46.519665:24.602196 46.519958:24.601712
582,46.519801:24.603306 46.519644:24.604129 46.519245:24.604871
583,46.519801:24.603306 46.520158:24.602987 46.520330:24.602606
584,46.519245:24.604871 46.519805:24.604632 46.520248:24.604586
585,46.518747:24.606094 46.519000:24.606773 46.519035:24.607558
586,46.518747:24.606094 46.519473:24.605952 46.520497:24.605771
587,46.519035:24.607558 46.519009:24.607742 46.518876:24.607806
588,46.519035:24.607558 46.519530:24.607501 46.520030:24.607214
589,46.518876:24.607806 46.519100:24.609009 46.519285:24.610117
590,46.518876:24.607806 46.519657:24.608118 46.520322:24.608397
591,46.519285:24.610117 46.519904:24.610096 46.520343:24.610338
592,46.520147:24.520400 46.520200:24.520756 46.520243:24.521032
593,46.520147:24.520400 46.520898:24.520489 46.521822:24.520767
594,46.520243:24.521032 46.520365:24.521386 46.520506:24.521903
595,46.520243:24.521032 46.520710:24.521086 46.521133:24.521115
596,46.520506:24.521903 46.520376:24.522981 46.520102:24.523904
597,46.520102:24.523904 46.520431:24.524572 46.520636:24.525144
598,46.520102:24.523904 46.520674:24.523978 46.521153:24.523898
599,46.520636:24.525144 46.520623:24.525630 46.520447:24.526227
600,46.520447:24.526227 46.520397:24.527412 46.520445:24.528575
601,46.520447:24.526227 46.521001:24.526352 46.521569:24.526510
602,46.520445:24.528575 46.520204:24.529455 46.520099:24.530195
603,46.520445:24.528575 46.520577:24.528314 46.520768:24.527957
604,46.520099:24.530195 46.519997:24.530204 46.520114:24.530442
605,46.520099:24.530195 46.520982:24.529201 46.521825:24.528290
606,46.520114:24.530442 46.520166:24.531228 46.520400:24.532200
607,46.520114:24.530442 46.520969:24.530592 46.521689:24.530529
608,46.520400:24.532200 46.520178:24.532084 46.519906:24.532098
609,46.520400:24.532200 46.520939:24.531947 46.521573:24.531938
610,46.519906:24.532098 46.520180:24.533462 46.520551:24.534706
611,46.519906:24.532098 46.520870:24.532441 46.521863:24.532943
612,46.520551:24.534706 46.520494:24.535900 46.520557:24.536836
613,46.520557:24.536836 46.520425:24.536933 46.520411:24.537071
614,46.520411:24.537071 46.520491:24.537624 46.520664:24.538427
615,46.520664:24.538427 46.520775:24.538651 46.520921:24.539008
616,46.520664:24.538427 46.521000:24.538296 46.521563:24.538190
617,46.520921:24.539008 46.520578:24.539186 46.520208:24.539319
618,46.520921:24.539008 46.520947:24.539151 46.521006:24.539210
619,46.520208:24.539319 46.520347:24.540638 46.520623:24.542006
620,46.520623:24.542006 46.520614:24.543109 46.520662:24.544448
621,46.520623:24.542006 46.521161:24.542209 46.521556:24.542410
622,46.520662:24.544448 46.520565:24.544444 46.520337:24.544668
623,46.520662:24.544448 46.521030:24.544337 46.521392:24.544087
624,46.520337:24.544668 46.520204:24.545147 46.520164:24.545710
625,46.520337:24.544668 46.520788:24.544615 46.521270:24.544535
626,46.520164:24.545710 46.520112:24.546759 46.520118:24.547679
627,46.520164:24.545710 46.520985:24.545802 46.521718:24.546116
628,46.520118:24.547679 46.520239:24.548124 46.520352:24.548725
629,46.520118:24.547679 46.520714:24.547411 46.521309:24.547132
630,46.520352:24.548725 46.520251:24.549479 46.520278:24.550411
631,46.520352:24.548725 46.520862:24.548960 46.521317:24.548976
632,46.520278:24.550411 46.520394:24.550941 46.520512:24.551241
633,46.520278:24.550411 46.520872:24.549934 46.521531:24.549456
634,46.520512:24.551241 46.520575:24.551872 46.520572:24.552540
635,46.520512:24.551241 46.521041:24.551349 46.521556:24.551385
636,46.520572:24.552540 46.520170:24.553600 46.519935:24.554568
637,46.520572:24.552540 46.520872:24.552785 46.521057:24.552956
638,46.519935:24.554568 46.520230:24.554500 46.520502:24.554787
639,46.520502:24.554787 46.520706:24.555672 46.520717:24.556677
640,46.520502:24.554787 46.521074:24.555437 46.521685:24.555812
641,46.520717:24.556677 46.520185:24.557579 46.519791:24.558551
642,46.520717:24.556677 46.520792:24.556560 46.521166:24.556719
643,46.519791:24.558551 46.520142:24.558971 46.520456:24.559532
644,46.519791:24.558551 46.520432:24.558663 46.521100:24.558868
645,46.520456:24.559532 46.520489:24.559837 46.520408:24.560367
646,46.520456:24.559532 46.520873:24.559605 46.521234:24.559668
647,46.520408:24.560367 46.520144:24.561369 46.519797:24.562176
648,46.519797:24.562176 46.520056:24.562697 46.520350:24.562915
649,46.520350:24.562915 46.520457:24.563740 46.520462:24.564383
650,46.520350:24.562915 46.520851:24.563017 46.521255:24.563269
651,46.520462:24.564383 46.520623:24.564799 46.520575:24.565485
652,46.520462:24.564383 46.520977:24.564283 46.521374:24.564047
653,46.520575:24.565485 46.520509:24.565633 46.520326:24.565994
654,46.520575:24.565485 46.521352:24.565681 46.522160:24.565688
655,46.520326:24.565994 46.520247:24.567182 46.520191:24.568565
656,46.520326:24.565994 46.520619:24.566699 46.520831:24.567341
657,46.520191:24.568565 46.520472:24.568968 46.520807:24.569401
658,46.520807:24.569401 46.520473:24.570593 46.520297:24.571582
659,46.520807:24.569401 46.521025:24.569628 46.521205:24.569630
660,46.520297:24.571582 46.520226:24.571954 46.520225:24.572504
661,46.520225:24.572504 46.520557:24.572970 46.520926:24.573496
662,46.520225:24.572504 46.520606:24.571845 46.520920:24.571411
663,46.520926:24.573496 46.520796:24.574036 46.520768:24.574463
664,46.520926:24.573496 46.521403:24.573675 46.521821:24.573811
665,46.520768:24.574463 46.520588:24.575262 46.520412:24.576052
666,46.520768:24.574463 46.520984:24.574601 46.521121:24.575169
667,46.520412:24.576052 46.520356:24.576944 46.520379:24.577900
668,46.520412:24.576052 46.520939:24.576264 46.521581:24.576378
669,46.520379:24.577900 46.520797:24.578157 46.521175:24.578396
670,46.521175:24.578396 46.520554:24.579310 46.520138:24.580224
671,46.521175:24.578396 46.521418:24.578733 46.521722:24.579026
672,46.520138:24.580224 46.520036:24.580903 46.519970:24.581528
673,46.520138:24.580224 46.520866:24.579438 46.521715:24.578894
674,46.519970:24.581528 46.520237:24.582044 46.520539:24.582484
675,46.519970:24.581528 46.520789:24.581490 46.521466:24.581526
676,46.520539:24.582484 46.520513:24.582694 46.520525:24.583216
677,46.520539:24.582484 46.521514:24.582376 46.522300:24.582180
678,46.520525:24.583216 46.520581:24.583890 46.520605:24.584522
679,46.520525:24.583216 46.520886:24.583647 46.521292:24.583929
680,46.520605:24.584522 46.520353:24.585373 46.520095:24.586271
681,46.520605:24.584522 46.521070:24.584858 46.521717:24.585018
682,46.520095:24.586271 46.520064:24.587188 46.520199:24.588213
683,46.520095:24.586271 46.520959:24.586308 46.521808:24.586167
684,46.520199:24.588213 46.520254:24.588557 46.520368:24.588952
685,46.520199:24.588213 46.520868:24.587947 46.521500:24.587589
686,46.520368:24.588952 46.520522:24.590145 46.520529:24.591146
687,46.520368:24.588952 46.520858:24.588820 46.521462:24.588820
688,46.520529:24.591146 46.520380:24.591614 46.520341:24.591904
689,46.520529:24.591146 46.520631:24.591064 46.520848:24.590927
690,46.520341:24.591904 46.520598:24.592553 46.520773:24.593164
691,46.520341:24.591904 46.520947:24.591524 46.521513:24.591488
692,46.520773:24.593164 46.520431:24.594246 46.519890:24.595468
693,46.520773:24.593164 46.521010:24.593360 46.521477:24.593489
694,46.519890:24.595468 46.520496:24.595001 46.521112:24.594759
695,46.519890:24.595468 46.520516:24.594913 46.521065:24.594298
696,46.521112:24.594759 46.520800:24.595880 46.520325:24.597144
697,46.521112:24.594759 46.521416:24.595310 46.521595:24.595889
698,46.520325:24.597144 46.520528:24.598050 46.520677:24.598562
699,46.520325:24.597144 46.520785:24.596574 46.521289:24.596008
700,46.520677:24.598562 46.520480:24.598757 46.520244:24.599091
701,46.520677:24.598562 46.521377:24.598528 46.521842:24.598409
702,46.520244:24.599091 46.520202:24.600114 46.520375:24.601335
703,46.520244:24.599091 46.520781:24.599316 46.521411:24.599440
704,46.520375:24.601335 46.520136:24.601492 46.519958:24.601712
705,46.520375:24.601335 46.520942:24.600968 46.521499:24.600678
706,46.519958:24.601712 46.520069:24.602292 46.520330:24.602606
707,46.519958:24.601712 46.520555:24.601718 46.521048:24.601841
708,46.520330:24.602606 46.520194:24.603542 46.520248:24.604586
709,46.520330:24.602606 46.520783:24.602989 46.521198:24.603203
710,46.520248:24.604586 46.520385:24.605232 46.520497:24.605771
711,46.520248:24.604586 46.520504:24.604746 46.521001:24.605069
712,46.520497:24.605771 46.520270:24.606512 46.520030:24.607214
713,46.520497:24.605771 46.520765:24.606110 46.520948:24.606384
714,46.520030:24.607214 46.520200:24.607888 46.520322:24.608397
715,46.520030:24.607214 46.520516:24.607327 46.521052:24.607550
716,46.520322:24.608397 46.520298:24.609381 46.520343:24.610338
717,46.520322:24.608397 46.521127:24.608551 46.521888:24.608787
718,46.520343:24.610338 46.520768:24.610213 46.521151:24.610022
719,46.521822:24.520767 46.521410:24.520860 46.521133:24.521115
720,46.521822:24.520767 46.522130:24.519873 46.522526:24.519220
721,46.521133:24.521115 46.520887:24.522414 46.520538:24.523463
722,46.521133:24.521115 46.521654:24.521283 46.522262:24.521378
723,46.520538:24.523463 46.520814:24.523683 46.521153:24.523898
724,46.520538:24.523463 46.521399:24.522946 46.522310:24.522645
725,46.521153:24.523898 46.521347:24.524363 46.521590:24.524606
726,46.521153:24.523898 46.521930:24.523878 46.522731:24.524258
727,46.521590:24.524606 46.521613:24.525607 46.521569:24.526510
728,46.521569:24.526510 46.521300:24.527250 46.520768:24.527957
729,46.521569:24.526510 46.521931:24.526573 46.522374:24.526513
730,46.520768:24.527957 46.521251:24.528191 46.521825:24.528290
731,46.521825:24.528290 46.521721:24.529519 46.521689:24.530529
732,46.521825:24.528290 46.522064:24.528392 46.522412:24.528354
733,46.521689:24.530529 46.521660:24.531322 46.521573:24.531938
734,46.521573:24.531938 46.521796:24.532562 46.521863:24.532943
735,46.521573:24.531938 46.521782:24.531876 46.522134:24.531728
736,46.521863:24.532943 46.521782:24.533489 46.521713:24.534163
737,46.521863:24.532943 46.522244:24.533012 46.522655:24.532969
738,46.521713:24.534163 46.521687:24.534572 46.521662:24.535286
739,46.521713:24.534163 46.522367:24.533595 46.523201:24.533175
740,46.521662:24.535286 46.522001:24.535249 46.522402:24.534831
741,46.521369:24.537735 46.521470:24.537993 46.521563:24.538190
742,46.521369:24.537735 46.522180:24.538017 46.522818:24.538151
743,46.521563:24.538190 46.521429:24.538645 46.521006:24.539210
744,46.521563:24.538190 46.521509:24.538204 46.521599:24.538318
745,46.521006:24.539210 46.521273:24.540293 46.521475:24.541292
746,46.521006:24.539210 46.521777:24.539392 46.522656:24.539429
747,46.521475:24.541292 46.521488:24.541935 46.521556:24.542410
748,46.521475:24.541292 46.522069:24.540658 46.522668:24.539860
749,46.521556:24.542410 46.521395:24.543028 46.521392:24.544087
750,46.521556:24.542410 46.522209:24.542352 46.522773:24.542341
751,46.521392:24.544087 46.521303:24.544230 46.521270:24.544535
752,46.521392:24.544087 46.521944:24.543667 46.522483:24.543214
753,46.521270:24.544535 46.521442:24.545153 46.521718:24.546116
754,46.521270:24.544535 46.521964:24.544562 46.522698:24.544564
755,46.521718:24.546116 46.521545:24.546658 46.521309:24.547132
756,46.521718:24.546116 46.522083:24.545954 46.522553:24.545857
757,46.521309:24.547132 46.521293:24.547973 46.521317:24.548976
758,46.521309:24.547132 46.521393:24.547394 46.521688:24.547377
759,46.521317:24.548976 46.521402:24.549206 46.521531:24.549456
760,46.521317:24.548976 46.521923:24.549036 46.522545:24.549035
761,46.521531:24.549456 46.521512:24.550456 46.521556:24.551385
762,46.521531:24.549456 46.521855:24.549530 46.522168:24.549985
763,46.521556:24.551385 46.521281:24.552211 46.521057:24.552956
764,46.521057:24.552956 46.521211:24.553298 46.521309:24.553762
765,46.521057:24.552956 46.522017:24.553126 46.522909:24.553505
766,46.521309:24.553762 46.521529:24.554738 46.521685:24.555812
767,46.521685:24.555812 46.521366:24.556265 46.521166:24.556719
768,46.521685:24.555812 46.522119:24.555878 46.522774:24.555906
769,46.521166:24.556719 46.521063:24.557740 46.521100:24.558868
770,46.521166:24.556719 46.521905:24.556759 46.522797:24.556888
771,46.521100:24.558868 46.521147:24.559372 46.521234:24.559668
772,46.521100:24.558868 46.521585:24.558142 46.522258:24.557505
773,46.521234:24.559668 46.521220:24.560119 46.521180:24.560800
774,46.521234:24.559668 46.521986:24.559168 46.522786:24.558720
775,46.521180:24.560800 46.521467:24.560440 46.521840:24.559986
776,46.522183:24.560596 46.521772:24.561956 46.521255:24.563269
777,46.522183:24.560596 46.522771:24.561654 46.523347:24.562605
778,46.521255:24.563269 46.521404:24.563656 46.521374:24.564047
779,46.521255:24.563269 46.521797:24.563030 46.522234:24.562715
780,46.521374:24.564047 46.521761:24.565005 46.522160:24.565688
781,46.521374:24.564047 46.521948:24.563960 46.522556:24.564011
782,46.522160:24.565688 46.521506:24.566535 46.520831:24.567341
783,46.522160:24.565688 46.522523:24.565548 46.522933:24.565617
784,46.520831:24.567341 46.520838:24.568086 46.520804:24.568779
785,46.520831:24.567341 46.521471:24.567337 46.522094:24.567546
786,46.520804:24.568779 46.520979:24.569020 46.521205:24.569630
787,46.520804:24.568779 46.521581:24.568518 46.522270:24.568360
788,46.521205:24.569630 46.521396:24.570277 46.521848:24.570923
789,46.521848:24.570923 46.521388:24.571138 46.520920:24.571411
790,46.521848:24.570923 46.522142:24.570749 46.522588:24.570558
791,46.520920:24.571411 46.521366:24.572634 46.521821:24.573811
792,46.520920:24.571411 46.521209:24.571351 46.521829:24.571180
793,46.521821:24.573811 46.521418:24.574414 46.521121:24.575169
794,46.521821:24.573811 46.521935:24.573369 46.522031:24.573137
795,46.521121:24.575169 46.521301:24.575760 46.521581:24.576378
796,46.521121:24.575169 46.521777:24.575000 46.522467:24.574807
797,46.521581:24.576378 46.521150:24.576791 46.520616:24.577255
798,46.521581:24.576378 46.522204:24.576346 46.522669:24.576141
799,46.520616:24.577255 46.521086:24.578140 46.521722:24.579026
800,46.520616:24.577255 46.521302:24.577002 46.522197:24.577072
801,46.521722:24.579026 46.521659:24.578954 46.521715:24.578894
802,46.521722:24.579026 46.521626:24.578803 46.521733:24.578620
803,46.521715:24.578894 46.521562:24.580227 46.521466:24.581526
804,46.521466:24.581526 46.521898:24.581812 46.522300:24.582180
805,46.521466:24.581526 46.521866:24.581314 46.522432:24.581226
806,46.522300:24.582180 46.521807:24.583171 46.521292:24.583929
807,46.522300:24.582180 46.522489:24.582367 46.522802:24.582616
808,46.521292:24.583929 46.521442:24.584500 46.521717:24.585018
809,46.521292:24.583929 46.521973:24.584117 46.522733:24.584175
810,46.521717:24.585018 46.521749:24.585474 46.521808:24.586167
811,46.521717:24.585018 46.522193:24.585562 46.522549:24.585805
812,46.521808:24.586167 46.521639:24.586926 46.521500:24.587589
813,46.521808:24.586167 46.522019:24.586258 46.522274:24.586360
814,46.521500:24.587589 46.521441:24.588118 46.521462:24.588820
815,46.521500:24.587589 46.521798:24.587589 46.522192:24.587467
816,46.521462:24.588820 46.521246:24.589978 46.520848:24.590927
817,46.521462:24.588820 46.522176:24.589296 46.523019:24.589922
818,46.520848:24.590927 46.521181:24.591117 46.521513:24.591488
819,46.520848:24.590927 46.521799:24.590772 46.522483:24.590690
820,46.521513:24.591488 46.521507:24.592491 46.521477:24.593489
821,46.521513:24.591488 46.522217:24.591814 46.522886:24.592102
822,46.521477:24.593489 46.522239:24.592960 46.522896:24.592475
823,46.521065:24.594298 46.521319:24.595073 46.521595:24.595889
824,46.521065:24.594298 46.521594:24.594510 46.522251:24.594552
825,46.521595:24.595889 46.521430:24.595865 46.521289:24.596008
826,46.521595:24.595889 46.522296:24.595766 46.522977:24.595699
827,46.521289:24.596008 46.521499:24.597336 46.521842:24.598409
828,46.521289:24.596008 46.521816:24.596384 46.522174:24.596797
829,46.521842:24.598409 46.521598:24.598887 46.521411:24.599440
830,46.521842:24.598409 46.521955:24.598106 46.522243:24.597875
831,46.521411:24.599440 46.521447:24.600020 46.521499:24.600678
832,46.521411:24.599440 46.522080:24.599308 46.523000:24.599284
833,46.521499:24.600678 46.521183:24.601179 46.521048:24.601841
834,46.521499:24.600678 46.522057:24.601304 46.522482:24.601843
835,46.521048:24.601841 46.521253:24.602377 46.521198:24.603203
836,46.521048:24.601841 46.521921:24.602108 46.522889:24.602325
837,46.521198:24.603203 46.521198:24.604112 46.521001:24.605069
838,46.521198:24.603203 46.521822:24.603419 46.522260:24.603663
839,46.521001:24.605069 46.521994:24.604971 46.523042:24.605063
840,46.520948:24.606384 46.520915:24.607001 46.521052:24.607550
841,46.520948:24.606384 46.521857:24.606171 46.522916:24.606131
842,46.521052:24.607550 46.521391:24.608371 46.521888:24.608787
843,46.521052:24.607550 46.521908:24.607264 46.522655:24.607301
844,46.521888:24.608787 46.521525:24.609374 46.521151:24.610022
845,46.521888:24.608787 46.522420:24.609022 46.522624:24.609281
846,46.521151:24.610022 46.521571:24.610004 46.521974:24.609972
847,46.522526:24.519220 46.522391:24.520176 46.522262:24.521378
848,46.522526:24.519220 46.523142:24.519382 46.523626:24.519743
849,46.522262:24.521378 46.522243:24.521942 46.522310:24.522645
850,46.522262:24.521378 46.522811:24.521407 46.523435:24.521658
851,46.522310:24.522645 46.522543:24.523488 46.522731:24.524258
852,46.522731:24.524258 46.522836:24.524952 46.522792:24.525482
853,46.522731:24.524258 46.523096:24.523722 46.523657:24.523215
854,46.522792:24.525482 46.522614:24.525969 46.522374:24.526513
855,46.522792:24.525482 46.523526:24.525332 46.524217:24.525252
856,46.522374:24.526513 46.522360:24.527227 46.522380:24.527685
857,46.522374:24.526513 46.522917:24.526229 46.523531:24.526018
858,46.522380:24.527685 46.522386:24.528031 46.522412:24.528354
859,46.522412:24.528354 46.522376:24.529301 46.522358:24.530424
860,46.522412:24.528354 46.522966:24.529014 46.523567:24.529340
861,46.522358:24.530424 46.522274:24.530923 46.522134:24.531728
862,46.522358:24.530424 46.522994:24.530621 46.523553:24.530561
863,46.522134:24.531728 46.522442:24.532444 46.522655:24.532969
864,46.522134:24.531728 46.522723:24.532102 46.523244:24.532383
865,46.522655:24.532969 46.522942:24.532789 46.523314:24.532225
866,46.523201:24.533175 46.522755:24.533952 46.522402:24.534831
867,46.523201:24.533175 46.523364:24.533695 46.523477:24.534004
868,46.522402:24.534831 46.522692:24.536435 46.522818:24.538151
869,46.522402:24.534831 46.522788:24.535104 46.523189:24.535492
870,46.522818:24.538151 46.523257:24.537141 46.523644:24.536425
871,46.521599:24.538318 46.522088:24.538815 46.522656:24.539429
872,46.521599:24.538318 46.522600:24.538484 46.523494:24.538903
873,46.522656:24.539429 46.523208:24.539548 46.523781:24.539497
874,46.522668:24.539860 46.523260:24.540301 46.523587:24.540816
875,46.522773:24.542341 46.522743:24.542723 46.522483:24.543214
876,46.522773:24.542341 46.523280:24.542456 46.523526:24.542503
877,46.522483:24.543214 46.523058:24.542667 46.523510:24.542396
878,46.522698:24.544564 46.522629:24.545193 46.522553:24.545857
879,46.522698:24.544564 46.523112:24.544570 46.523535:24.544382
880,46.522553:24.545857 46.522104:24.546618 46.521688:24.547377
881,46.522553:24.545857 46.523108:24.545838 46.523770:24.545812
882,46.521688:24.547377 46.522029:24.548226 46.522545:24.549035
883,46.522545:24.549035 46.522742:24.548504 46.523176:24.548190
884,46.522168:24.549985 46.522272:24.550676 46.522691:24.551370
885,46.522691:24.551370 46.522741:24.551439 46.522885:24.551468
886,46.522909:24.553505 46.523037:24.552613 46.523319:24.551768
887,46.522157:24.553049 46.522553:24.554461 46.522774:24.555906
888,46.522157:24.553049 46.522539:24.553607 46.523023:24.554191
889,46.522774:24.555906 46.523032:24.555511 46.523271:24.555052
890,46.522258:24.557505 46.522605:24.558001 46.522786:24.558720
891,46.522258:24.557505 46.523234:24.557972 46.524222:24.558291
892,46.522786:24.558720 46.522286:24.559445 46.521840:24.559986
893,46.522786:24.558720 46.523176:24.558808 46.523593:24.559213
894,46.521840:24.559986 46.522666:24.561276 46.523347:24.562605
895,46.521840:24.559986 46.522959:24.560465 46.524173:24.561078
896,46.523347:24.562605 46.522918:24.562837 46.522234:24.562715
897,46.523347:24.562605 46.523379:24.562305 46.523434:24.561945
898,46.522234:24.562715 46.522388:24.563384 46.522556:24.564011
899,46.522234:24.562715 46.522860:24.562805 46.523643:24.563067
900,46.522556:24.564011 46.522743:24.564785 46.522933:24.565617
901,46.522556:24.564011 46.523082:24.563971 46.523367:24.563751
902,46.522933:24.565617 46.522500:24.566617 46.522094:24.567546
903,46.522933:24.565617 46.523221:24.565090 46.523355:24.564957
904,46.522094:24.567546 46.522131:24.567978 46.522270:24.568360
905,46.522094:24.567546 46.522971:24.567383 46.523971:24.567198
906,46.522270:24.568360 46.522279:24.568999 46.522470:24.569424
907,46.522270:24.568360 46.522779:24.568618 46.523120:24.568889
908,46.522470:24.569424 46.522581:24.570014 46.522588:24.570558
909,46.522470:24.569424 46.523111:24.569028 46.523854:24.568706
910,46.522588:24.570558 46.522227:24.570853 46.521829:24.571180
911,46.522588:24.570558 46.523269:24.570946 46.524187:24.571234
912,46.521829:24.571180 46.521930:24.572112 46.522031:24.573137
913,46.521829:24.571180 46.523040:24.571380 46.524265:24.571620
914,46.522031:24.573137 46.522289:24.573853 46.522467:24.574807
915,46.522031:24.573137 46.522908:24.573460 46.523728:24.573669
916,46.522467:24.574807 46.522623:24.575400 46.522669:24.576141
917,46.522467:24.574807 46.523026:24.574827 46.523613:24.574860
918,46.522669:24.576141 46.522463:24.576668 46.522197:24.577072
919,46.522197:24.577072 46.522049:24.577845 46.521733:24.578620
920,46.522197:24.577072 46.522615:24.576999 46.523108:24.576764
921,46.521733:24.578620 46.522229:24.579330 46.522644:24.580238
922,46.521733:24.578620 46.522547:24.578506 46.523347:24.578423
923,46.522644:24.580238 46.522587:24.580779 46.522432:24.581226
924,46.522644:24.580238 46.523166:24.580198 46.523671:24.580120
925,46.522432:24.581226 46.522707:24.581994 46.522802:24.582616
926,46.522432:24.581226 46.522991:24.581082 46.523553:24.581000
927,46.522802:24.582616 46.522789:24.583467 46.522733:24.584175
928,46.522802:24.582616 46.523009:24.582973 46.523388:24.583037
929,46.522733:24.584175 46.522606:24.585008 46.522549:24.585805
930,46.522733:24.584175 46.523352:24.584025 46.523810:24.583958
931,46.522549:24.585805 46.522357:24.586118 46.522274:24.586360
932,46.522549:24.585805 46.522976:24.585958 46.523429:24.585916
933,46.522274:24.586360 46.522255:24.586967 46.522192:24.587467
934,46.522274:24.586360 46.522839:24.586594 46.523334:24.586814
935,46.522192:24.587467 46.522566:24.588620 46.523019:24.589922
936,46.522192:24.587467 46.523022:24.587520 46.523946:24.587707
937,46.523019:24.589922 46.523519:24.589239 46.523831:24.588628
938,46.522483:24.590690 46.522809:24.591420 46.522886:24.592102
939,46.522483:24.590690 46.523317:24.590552 46.523897:24.590525
940,46.522886:24.592102 46.522882:24.592320 46.522896:24.592475
941,46.522886:24.592102 46.522820:24.592195 46.522987:24.592040
942,46.522896:24.592475 46.522552:24.593523 46.522251:24.594552
943,46.522251:24.594552 46.522755:24.595219 46.522977:24.595699
944,46.522251:24.594552 46.522634:24.594409 46.523305:24.594274
945,46.522977:24.595699 46.522620:24.596241 46.522174:24.596797
946,46.522977:24.595699 46.523424:24.595567 46.523641:24.595503
947,46.522174:24.596797 46.522178:24.597327 46.522243:24.597875
948,46.522174:24.596797 46.522911:24.596772 46.523633:24.596708
949,46.522243:24.597875 46.522602:24.598682 46.523000:24.599284
950,46.522243:24.597875 46.522954:24.597878 46.523778:24.598263
951,46.523000:24.599284 46.522736:24.600586 46.522482:24.601843
952,46.522482:24.601843 46.522699:24.602082 46.522889:24.602325
953,46.522482:24.601843 46.523173:24.601247 46.523949:24.600884
954,46.522889:24.602325 46.522649:24.602957 46.522260:24.603663
955,46.522889:24.602325 46.522836:24.602212 46.522918:24.602217
956,46.522260:24.603663 46.522930:24.603671 46.523706:24.603960
957,46.523042:24.605063 46.522977:24.605650 46.522916:24.606131
958,46.523042:24.605063 46.523106:24.605097 46.523163:24.605479
959,46.522655:24.607301 46.522691:24.608243 46.522624:24.609281
960,46.522655:24.607301 46.523043:24.607562 46.523491:24.607697
961,46.522624:24.609281 46.522285:24.609597 46.521974:24.609972
962,46.522624:24.609281 46.522917:24.608763 46.523414:24.608194
963,46.521974:24.609972 46.522905:24.610270 46.523926:24.610408
964,46.523626:24.519743 46.523444:24.520671 46.523435:24.521658
965,46.523626:24.519743 46.524473:24.520019 46.525149:24.520386
966,46.523435:24.521658 46.523954:24.522408 46.524243:24.522892
967,46.523435:24.521658 46.523956:24.521039 46.524410:24.520556
968,46.524243:24.522892 46.523895:24.523112 46.523657:24.523215
969,46.524243:24.522892 46.524212:24.522585 46.524382:24.522305
970,46.523657:24.523215 46.523936:24.524219 46.524217:24.525252
971,46.523657:24.523215 46.523980:24.523763 46.524325:24.524175
972,46.524217:24.525252 46.523822:24.525647 46.523531:24.526018
973,46.524217:24.525252 46.524497:24.525182 46.524725:24.525096
974,46.523531:24.526018 46.523563:24.526692 46.523522:24.527333
975,46.523531:24.526018 46.524142:24.526330 46.524671:24.526456
976,46.523522:24.527333 46.523542:24.528387 46.523567:24.529340
977,46.523522:24.527333 46.524013:24.527619 46.524685:24.528165
978,46.523567:24.529340 46.524232:24.529008 46.524946:24.528822
979,46.523553:24.530561 46.523388:24.531441 46.523244:24.532383
980,46.523244:24.532383 46.523367:24.532294 46.523314:24.532225
981,46.523244:24.532383 46.523935:24.532302 46.524650:24.532237
982,46.523314:24.532225 46.523334:24.533266 46.523477:24.534004
983,46.523314:24.532225 46.523693:24.532618 46.524035:24.532895
984,46.523477:24.534004 46.523322:24.534675 46.523189:24.535492
985,46.523477:24.534004 46.524124:24.533730 46.524620:24.533699
986,46.523189:24.535492 46.523365:24.535986 46.523644:24.536425
987,46.523644:24.536425 46.523627:24.537750 46.523494:24.538903
988,46.523494:24.538903 46.523721:24.539160 46.523781:24.539497
989,46.523494:24.538903 46.523969:24.538315 46.524308:24.537630
990,46.523781:24.539497 46.524316:24.539736 46.524792:24.539988
991,46.523526:24.542503 46.523632:24.542569 46.523510:24.542396
992,46.523526:24.542503 46.524264:24.542593 46.524884:24.542531
993,46.523510:24.542396 46.523577:24.543407 46.523535:24.544382
994,46.523535:24.544382 46.523661:24.545008 46.523770:24.545812
995,46.523535:24.544382 46.524024:24.544916 46.524717:24.545138
996,46.523770:24.545812 46.524135:24.545526 46.524415:24.545257
997,46.523176:24.548190 46.523101:24.548480 46.523048:24.548922
998,46.523048:24.548922 46.522967:24.550190 46.522885:24.551468
999,46.522885:24.551468 46.523129:24.551482 46.523319:24.551768
1000,46.522885:24.551468 46.523669:24.551439 46.524503:24.551561
1001,46.523319:24.551768 46.523170:24.552994 46.523023:24.554191
1002,46.523319:24.551768 46.524338:24.552029 46.525169:24.552496
1003,46.523023:24.554191 46.524128:24.554426 46.525329:24.554601
1004,46.523271:24.555052 46.524057:24.555278 46.524887:24.555482
1005,46.523658:24.557132 46.523914:24.557681 46.524222:24.558291
1006,46.523658:24.557132 46.524488:24.556817 46.525230:24.556441
1007,46.524222:24.558291 46.524063:24.558711 46.523593:24.559213
1008,46.523593:24.559213 46.523953:24.560132 46.524173:24.561078
1009,46.523593:24.559213 46.524112:24.559440 46.524776:24.559736
1010,46.524173:24.561078 46.523868:24.561405 46.523434:24.561945
1011,46.524173:24.561078 46.524534:24.560683 46.524797:24.560625
1012,46.523434:24.561945 46.523642:24.562368 46.523643:24.563067
1013,46.523434:24.561945 46.523912:24.561887 46.524540:24.561815
1014,46.523643:24.563067 46.523610:24.563583 46.523367:24.563751
1015,46.523643:24.563067 46.523829:24.563243 46.524111:24.563515
1016,46.523367:24.563751 46.523348:24.564331 46.523355:24.564957
1017,46.523367:24.563751 46.524017:24.563981 46.524467:24.563851
1018,46.523355:24.564957 46.523800:24.565040 46.524347:24.565281
1019,46.523971:24.567198 46.523538:24.568082 46.523120:24.568889
1020,46.523120:24.568889 46.523447:24.568929 46.523854:24.568706
1021,46.523120:24.568889 46.523573:24.568825 46.524135:24.568678
1022,46.523854:24.568706 46.524113:24.569872 46.524187:24.571234
1023,46.523854:24.568706 46.524433:24.569074 46.524921:24.569305
1024,46.524187:24.571234 46.524284:24.571554 46.524265:24.571620
1025,46.524187:24.571234 46.524268:24.570859 46.524090:24.570534
1026,46.524265:24.571620 46.524467:24.571955 46.524388:24.572328
1027,46.523728:24.573669 46.523659:24.574332 46.523613:24.574860
1028,46.523728:24.573669 46.524150:24.573205 46.524485:24.572566
1029,46.523613:24.574860 46.523764:24.575122 46.523911:24.575414
1030,46.523613:24.574860 46.524231:24.574494 46.524692:24.574092
1031,46.523911:24.575414 46.523584:24.576063 46.523108:24.576764
1032,46.523911:24.575414 46.524471:24.575489 46.524927:24.575544
1033,46.523108:24.576764 46.523738:24.576950 46.524368:24.577007
1034,46.523347:24.578423 46.523793:24.579049 46.524420:24.579280
1035,46.523671:24.580120 46.523618:24.580454 46.523553:24.581000
1036,46.523671:24.580120 46.524263:24.580178 46.524908:24.580271
1037,46.523553:24.581000 46.523493:24.582014 46.523388:24.583037
1038,46.523553:24.581000 46.524100:24.580773 46.524722:24.580608
1039,46.523388:24.583037 46.523503:24.583463 46.523810:24.583958
1040,46.523388:24.583037 46.523827:24.582578 46.524428:24.582360
1041,46.523810:24.583958 46.523613:24.584913 46.523429:24.585916
1042,46.523810:24.583958 46.524075:24.584161 46.524268:24.584142
1043,46.523429:24.585916 46.523400:24.586431 46.523334:24.586814
1044,46.523429:24.585916 46.523912:24.585274 46.524351:24.584898
1045,46.523334:24.586814 46.523695:24.587372 46.523946:24.587707
1046,46.523334:24.586814 46.523908:24.586185 46.524245:24.585596
1047,46.523946:24.587707 46.523925:24.588036 46.523831:24.588628
1048,46.523946:24.587707 46.524297:24.588182 46.524819:24.588425
1049,46.523831:24.588628 46.524198:24.588651 46.524671:24.588691
1050,46.523897:24.590525 46.523487:24.591276 46.522987:24.592040
1051,46.523897:24.590525 46.523830:24.590405 46.523663:24.590513
1052,46.522987:24.592040 46.523959:24.591845 46.525036:24.591873
1053,46.523230:24.593620 46.524140:24.593672 46.524935:24.593709
1054,46.523305:24.594274 46.524132:24.594156 46.525005:24.594149
1055,46.523641:24.595503 46.523661:24.596135 46.523633:24.596708
1056,46.523641:24.595503 46.524296:24.595740 46.524979:24.596001
1057,46.523633:24.596708 46.523672:24.597479 46.523778:24.598263
1058,46.523633:24.596708 46.523843:24.596640 46.524072:24.596774
1059,46.523778:24.598263 46.523658:24.598167 46.523616:24.598327
1060,46.523778:24.598263 46.523877:24.598277 46.524112:24.598212
1061,46.523616:24.598327 46.523742:24.599572 46.523949:24.600884
1062,46.523616:24.598327 46.524178:24.598738 46.524813:24.599085
1063,46.523949:24.600884 46.523308:24.601626 46.522918:24.602217
1064,46.523949:24.600884 46.523982:24.601025 46.523891:24.601454
1065,46.522918:24.602217 46.523276:24.603066 46.523706:24.603960
1066,46.523706:24.603960 46.523428:24.604674 46.523163:24.605479
1067,46.523706:24.603960 46.523864:24.603948 46.524147:24.603956
1068,46.523163:24.605479 46.523317:24.606379 46.523487:24.607165
1069,46.523163:24.605479 46.524247:24.605577 46.525336:24.605686
1070,46.523487:24.607165 46.523605:24.607461 46.523491:24.607697
1071,46.523487:24.607165 46.524000:24.606682 46.524537:24.606208
1072,46.523491:24.607697 46.523507:24.607901 46.523414:24.608194
1073,46.523491:24.607697 46.524063:24.607737 46.524556:24.607841
1074,46.523414:24.608194 46.524297:24.608430 46.524973:24.608735
1075,46.523926:24.610408 46.524128:24.610250 46.524134:24.610333
1076,46.525149:24.520386 46.525315:24.520245 46.525514:24.520283
1077,46.524410:24.520556 46.525111:24.521231 46.525770:24.522035
1078,46.524382:24.522305 46.524374:24.523197 46.524325:24.524175
1079,46.524382:24.522305 46.525184:24.522356 46.526076:24.522406
1080,46.524325:24.524175 46.524446:24.524662 46.524725:24.525096
1081,46.524325:24.524175 46.525086:24.524431 46.525800:24.524707
1082,46.524725:24.525096 46.524723:24.525801 46.524671:24.526456
1083,46.524725:24.525096 46.525062:24.525203 46.525490:24.525412
1084,46.524671:24.526456 46.524641:24.527325 46.524685:24.528165
1085,46.524671:24.526456 46.525474:24.526822 46.526095:24.527087
1086,46.524685:24.528165 46.524798:24.528605 46.524946:24.528822
1087,46.524685:24.528165 46.525274:24.527680 46.525859:24.527232
1088,46.524946:24.528822 46.524617:24.529971 46.524083:24.531077
1089,46.524946:24.528822 46.525150:24.529053 46.525237:24.529242
1090,46.524083:24.531077 46.524416:24.531729 46.524650:24.532237
1091,46.524083:24.531077 46.524951:24.531312 46.525814:24.531581
1092,46.524650:24.532237 46.524342:24.532566 46.524035:24.532895
1093,46.524035:24.532895 46.524297:24.533473 46.524620:24.533699
1094,46.524035:24.532895 46.524984:24.532571 46.525948:24.532291
1095,46.524620:24.533699 46.524509:24.534832 46.524430:24.535978
1096,46.524430:24.535978 46.524713:24.536950 46.524988:24.537674
1097,46.524430:24.535978 46.524956:24.535716 46.525505:24.535583
1098,46.524988:24.537674 46.524526:24.537725 46.524308:24.537630
1099,46.524988:24.537674 46.525361:24.536986 46.525843:24.536592
1100,46.524308:24.537630 46.524547:24.538760 46.524792:24.539988
1101,46.524308:24.537630 46.525087:24.537817 46.525841:24.537975
1102,46.524792:24.539988 46.524752:24.540109 46.524678:24.540284
1103,46.524792:24.539988 46.525184:24.539856 46.525487:24.539807
1104,46.524678:24.540284 46.524756:24.541361 46.524884:24.542531
1105,46.524678:24.540284 46.525051:24.540631 46.525477:24.540999
1106,46.524884:24.542531 46.524853:24.542919 46.524804:24.543259
1107,46.524884:24.542531 46.525582:24.542305 46.526238:24.542186
1108,46.524804:24.543259 46.525255:24.543628 46.525627:24.543809
1109,46.524415:24.545257 46.524506:24.546586 46.524725:24.547608
1110,46.524415:24.545257 46.524818:24.545982 46.525229:24.546365
1111,46.524725:24.547608 46.524717:24.548318 46.524615:24.549096
1112,46.524725:24.547608 46.525060:24.547477 46.525499:24.547032
1113,46.524615:24.549096 46.524459:24.549472 46.524405:24.549963
1114,46.524405:24.549963 46.524356:24.550703 46.524503:24.551561
1115,46.524405:24.549963 46.525345:24.550187 46.526293:24.550296
1116,46.524503:24.551561 46.524846:24.552079 46.525169:24.552496
1117,46.524503:24.551561 46.525505:24.551174 46.526187:24.550865
1118,46.525169:24.552496 46.525205:24.553491 46.525329:24.554601
1119,46.525169:24.552496 46.525609:24.553057 46.526098:24.553264
1120,46.525329:24.554601 46.524981:24.555025 46.524887:24.555482
1121,46.525329:24.554601 46.525532:24.554286 46.525637:24.553855
1122,46.524887:24.555482 46.525078:24.555958 46.525230:24.556441
1123,46.524887:24.555482 46.525718:24.555521 46.526538:24.555297
1124,46.525230:24.556441 46.525349:24.556312 46.525530:24.556238
1125,46.524571:24.557348 46.524555:24.558591 46.524776:24.559736
1126,46.524571:24.557348 46.525143:24.557714 46.525834:24.557975
1127,46.524776:24.559736 46.525422:24.559961 46.525740:24.559905
1128,46.524797:24.560625 46.524634:24.561175 46.524540:24.561815
1129,46.524540:24.561815 46.524270:24.562572 46.524111:24.563515
1130,46.524111:24.563515 46.524402:24.563706 46.524467:24.563851
1131,46.524111:24.563515 46.525139:24.563779 46.526042:24.563868
1132,46.524467:24.563851 46.524527:24.564438 46.524347:24.565281
1133,46.524347:24.565281 46.524593:24.566377 46.524910:24.567433
1134,46.524347:24.565281 46.524839:24.565088 46.525315:24.564821
1135,46.524910:24.567433 46.524512:24.568075 46.524135:24.568678
1136,46.524910:24.567433 46.525452:24.566754 46.525836:24.566121
1137,46.524135:24.568678 46.524542:24.569008 46.524921:24.569305
1138,46.524135:24.568678 46.524951:24.568930 46.525853:24.568915
1139,46.524921:24.569305 46.524467:24.569788 46.524090:24.570534
1140,46.524921:24.569305 46.525024:24.569394 46.525113:24.569423
1141,46.524090:24.570534 46.524303:24.571371 46.524388:24.572328
1142,46.524090:24.570534 46.524495:24.570985 46.525007:24.571220
1143,46.524388:24.572328 46.524507:24.572406 46.524485:24.572566
1144,46.524388:24.572328 46.525031:24.572188 46.525420:24.572054
1145,46.524485:24.572566 46.524609:24.573378 46.524692:24.574092
1146,46.524485:24.572566 46.524991:24.573151 46.525697:24.573724
1147,46.524692:24.574092 46.524746:24.574916 46.524927:24.575544
1148,46.524927:24.575544 46.524532:24.576348 46.524368:24.577007
1149,46.524927:24.575544 46.525184:24.575846 46.525487:24.576139
1150,46.524368:24.577007 46.524353:24.578092 46.524420:24.579280
1151,46.524420:24.579280 46.524717:24.579079 46.525002:24.578475
1152,46.524908:24.580271 46.524785:24.580415 46.524722:24.580608
1153,46.524908:24.580271 46.525602:24.580179 46.526348:24.580036
1154,46.524722:24.580608 46.524543:24.581474 46.524428:24.582360
1155,46.524722:24.580608 46.524933:24.581194 46.525237:24.581420
1156,46.524268:24.584142 46.524349:24.584521 46.524351:24.584898
1157,46.524268:24.584142 46.524764:24.584151 46.525420:24.584245
1158,46.524351:24.584898 46.524326:24.585235 46.524245:24.585596
1159,46.524351:24.584898 46.525082:24.585073 46.525812:24.585174
1160,46.524245:24.585596 46.524548:24.587045 46.524819:24.588425
1161,46.524819:24.588425 46.524802:24.588653 46.524671:24.588691
1162,46.524819:24.588425 46.525516:24.588057 46.526150:24.587936
1163,46.524671:24.588691 46.524098:24.589626 46.523663:24.590513
1164,46.524671:24.588691 46.525066:24.588493 46.525345:24.588181
1165,46.523663:24.590513 46.524356:24.591204 46.525036:24.591873
1166,46.523663:24.590513 46.524460:24.590992 46.525198:24.591549
1167,46.525036:24.591873 46.525000:24.592668 46.524935:24.593709
1168,46.525036:24.591873 46.525190:24.591819 46.525276:24.591705
1169,46.525005:24.594149 46.525010:24.595144 46.524979:24.596001
1170,46.524979:24.596001 46.524490:24.596347 46.524072:24.596774
1171,46.524072:24.596774 46.524652:24.597181 46.525413:24.597337
1172,46.524112:24.598212 46.524527:24.598761 46.524813:24.599085
1173,46.524112:24.598212 46.524720:24.598134 46.525085:24.598138
1174,46.524813:24.599085 46.524426:24.600117 46.523891:24.601454
1175,46.524813:24.599085 46.525276:24.599563 46.525769:24.600032
1176,46.523891:24.601454 46.524507:24.601281 46.525285:24.601138
1177,46.524742:24.602836 46.524363:24.603410 46.524147:24.603956
1178,46.524742:24.602836 46.525292:24.602242 46.525813:24.601842
1179,46.524147:24.603956 46.524688:24.604773 46.525336:24.605686
1180,46.524147:24.603956 46.524931:24.603534 46.525845:24.603074
1181,46.525336:24.605686 46.525000:24.605919 46.524537:24.606208
1182,46.525336:24.605686 46.525238:24.605221 46.525399:24.604774
1183,46.524537:24.606208 46.524551:24.606982 46.524556:24.607841
1184,46.524537:24.606208 46.524650:24.606151 46.524728:24.606038
1185,46.524556:24.607841 46.524901:24.607430 46.525328:24.606733
1186,46.524973:24.608735 46.524663:24.609430 46.524134:24.610333
1187,46.524973:24.608735 46.525255:24.608869 46.525529:24.609039
1188,46.525514:24.520283 46.525695:24.521190 46.525770:24.522035
1189,46.525514:24.520283 46.525932:24.519865 46.526340:24.519409
1190,46.525770:24.522035 46.525991:24.522273 46.526076:24.522406
1191,46.525770:24.522035 46.526494:24.521686 46.527289:24.521484
1192,46.526076:24.522406 46.525821:24.523557 46.525800:24.524707
1193,46.526076:24.522406 46.526590:24.522335 46.527077:24.522237
1194,46.525800:24.524707 46.525682:24.525098 46.525490:24.525412
1195,46.525800:24.524707 46.526373:24.524556 46.527027:24.524030
1196,46.525490:24.525412 46.525794:24.526235 46.526095:24.527087
1197,46.525490:24.525412 46.526172:24.525350 46.526973:24.525229
1198,46.526095:24.527087 46.525957:24.527076 46.525859:24.527232
1199,46.526095:24.527087 46.526613:24.526682 46.527168:24.526230
1200,46.525859:24.527232 46.525518:24.528434 46.525237:24.529242
1201,46.525237:24.529242 46.525564:24.530436 46.525814:24.531581
1202,46.525237:24.529242 46.526126:24.528995 46.527152:24.528798
1203,46.525814:24.531581 46.525587:24.531980 46.525376:24.532251
1204,46.525814:24.531581 46.526035:24.530783 46.526381:24.530012
1205,46.525376:24.532251 46.525584:24.532351 46.525948:24.532291
1206,46.525376:24.532251 46.526044:24.531662 46.526590:24.531167
1207,46.525948:24.532291 46.525596:24.533482 46.525392:24.534423
1208,46.525948:24.532291 46.526263:24.532561 46.526644:24.532761
1209,46.525392:24.534423 46.525494:24.535071 46.525505:24.535583
1210,46.525392:24.534423 46.526014:24.534174 46.526553:24.533916
1211,46.525505:24.535583 46.525690:24.535993 46.525843:24.536592
1212,46.525505:24.535583 46.526050:24.535530 46.526759:24.535445
1213,46.525843:24.536592 46.525875:24.537221 46.525841:24.537975
1214,46.525841:24.537975 46.525692:24.538873 46.525487:24.539807
1215,46.525841:24.537975 46.526274:24.537725 46.526865:24.537276
1216,46.525487:24.539807 46.525472:24.540421 46.525477:24.540999
1217,46.525487:24.539807 46.526055:24.539415 46.526558:24.539207
1218,46.525477:24.540999 46.525811:24.541530 46.526238:24.542186
1219,46.525477:24.540999 46.526301:24.540568 46.527017:24.540160
1220,46.526238:24.542186 46.525887:24.543064 46.525627:24.543809
1221,46.526238:24.542186 46.526388:24.542088 46.526496:24.542042
1222,46.525627:24.543809 46.525582:24.544523 46.525550:24.545270
1223,46.525627:24.543809 46.526112:24.543850 46.526628:24.543924
1224,46.525550:24.545270 46.525390:24.545841 46.525229:24.546365
1225,46.525550:24.545270 46.526107:24.545073 46.526591:24.545217
1226,46.525229:24.546365 46.525367:24.546463 46.525499:24.547032
1227,46.525229:24.546365 46.525758:24.545753 46.526233:24.545271
1228,46.525499:24.547032 46.525960:24.547554 46.526297:24.548313
1229,46.525499:24.547032 46.526288:24.547180 46.527173:24.547587
1230,46.526297:24.548313 46.526361:24.549503 46.526293:24.550296
1231,46.526297:24.548313 46.526511:24.548539 46.526916:24.548751
1232,46.526293:24.550296 46.526259:24.550658 46.526187:24.550865
1233,46.526293:24.550296 46.526611:24.549814 46.526915:24.549453
1234,46.526187:24.550865 46.526168:24.552000 46.526098:24.553264
1235,46.526187:24.550865 46.526595:24.550782 46.527078:24.551065
1236,46.526098:24.553264 46.525837:24.553553 46.525637:24.553855
1237,46.526098:24.553264 46.526507:24.552886 46.527091:24.552648
1238,46.525637:24.553855 46.526139:24.554674 46.526538:24.555297
1239,46.525637:24.553855 46.525889:24.553462 46.526055:24.553334
1240,46.526538:24.555297 46.525969:24.555753 46.525530:24.556238
1241,46.526538:24.555297 46.526864:24.555257 46.527140:24.555156
1242,46.525530:24.556238 46.525697:24.556989 46.525834:24.557975
1243,46.525530:24.556238 46.526026:24.556406 46.526607:24.556631
1244,46.525834:24.557975 46.525781:24.558945 46.525740:24.559905
1245,46.525834:24.557975 46.526145:24.557819 46.526597:24.557581
1246,46.525740:24.559905 46.525595:24.560318 46.525563:24.560648
1247,46.525740:24.559905 46.526231:24.559465 46.526782:24.559195
1248,46.525563:24.560648 46.525770:24.560862 46.526189:24.561287
1249,46.525563:24.560648 46.526423:24.560497 46.527277:24.560455
1250,46.526189:24.561287 46.526130:24.562481 46.526042:24.563868
1251,46.526189:24.561287 46.526823:24.561915 46.527404:24.562550
1252,46.526042:24.563868 46.525609:24.563813 46.525204:24.563854
1253,46.526042:24.563868 46.526597:24.563749 46.527347:24.563521
1254,46.525204:24.563854 46.525379:24.564355 46.525315:24.564821
1255,46.525204:24.563854 46.525907:24.564268 46.526791:24.564410
1256,46.525315:24.564821 46.525590:24.565636 46.525836:24.566121
1257,46.525315:24.564821 46.525969:24.565192 46.526696:24.565323
1258,46.525836:24.566121 46.525857:24.567375 46.525853:24.568915
1259,46.525836:24.566121 46.526303:24.566407 46.526723:24.566668
1260,46.525853:24.568915 46.525477:24.569148 46.525113:24.569423
1261,46.525853:24.568915 46.526616:24.568686 46.527320:24.568501
1262,46.525113:24.569423 46.525026:24.570332 46.525007:24.571220
1263,46.525113:24.569423 46.525843:24.569165 46.526589:24.568703
1264,46.525007:24.571220 46.525245:24.571538 46.525420:24.572054
1265,46.525007:24.571220 46.525822:24.571069 46.526727:24.570682
1266,46.525420:24.572054 46.525531:24.572856 46.525697:24.573724
1267,46.525420:24.572054 46.525958:24.572017 46.526366:24.571663
1268,46.525697:24.573724 46.525596:24.574172 46.525557:24.574789
1269,46.525697:24.573724 46.525811:24.573706 46.525958:24.573734
1270,46.525557:24.574789 46.525546:24.575580 46.525487:24.576139
1271,46.525557:24.574789 46.526081:24.575385 46.526723:24.575944
1272,46.525487:24.576139 46.525324:24.576786 46.525268:24.577420
1273,46.525487:24.576139 46.526074:24.576178 46.526735:24.576020
1274,46.525268:24.577420 46.525232:24.577981 46.525002:24.578475
1275,46.525002:24.578475 46.525788:24.579257 46.526348:24.580036
1276,46.525002:24.578475 46.526020:24.578655 46.526804:24.578528
1277,46.526348:24.580036 46.525766:24.580859 46.525237:24.581420
1278,46.525237:24.581420 46.525281:24.581578 46.525338:24.581866
1279,46.525237:24.581420 46.526155:24.581852 46.527096:24.582077
1280,46.525338:24.581866 46.525309:24.583000 46.525420:24.584245
1281,46.525420:24.584245 46.525783:24.584751 46.525812:24.585174
1282,46.525420:24.584245 46.525942:24.584322 46.526437:24.584348
1283,46.525812:24.585174 46.525652:24.585778 46.525354:24.586036
1284,46.525812:24.585174 46.525970:24.585387 46.526258:24.585471
1285,46.525354:24.586036 46.525831:24.587112 46.526150:24.587936
1286,46.525354:24.586036 46.526303:24.586621 46.527129:24.587157
1287,46.526150:24.587936 46.525806:24.587997 46.525345:24.588181
1288,46.526150:24.587936 46.526286:24.588149 46.526417:24.588316
1289,46.525345:24.588181 46.525293:24.589875 46.525198:24.591549
1290,46.525345:24.588181 46.525797:24.588549 46.526496:24.588790
1291,46.525198:24.591549 46.525294:24.591559 46.525276:24.591705
1292,46.525198:24.591549 46.525713:24.591194 46.526283:24.590955
1293,46.525276:24.591705 46.525494:24.592336 46.525751:24.592973
1294,46.525276:24.591705 46.526296:24.591460 46.527323:24.591472
1295,46.525751:24.592973 46.525723:24.593392 46.525581:24.593730
1296,46.525751:24.592973 46.526133:24.592833 46.526480:24.592891
1297,46.525581:24.593730 46.525444:24.595221 46.525310:24.596412
1298,46.525310:24.596412 46.525377:24.596903 46.525413:24.597337
1299,46.525310:24.596412 46.525889:24.595680 46.526556:24.594845
1300,46.525413:24.597337 46.525276:24.597712 46.525085:24.598138
1301,46.525085:24.598138 46.525380:24.599006 46.525769:24.600032
1302,46.525085:24.598138 46.526270:24.598162 46.527399:24.598141
1303,46.525769:24.600032 46.525622:24.600511 46.525285:24.601138
1304,46.525285:24.601138 46.525507:24.601614 46.525813:24.601842
1305,46.525285:24.601138 46.525705:24.601153 46.526086:24.601278
1306,46.525813:24.601842 46.525822:24.602537 46.525845:24.603074
1307,46.525845:24.603074 46.525670:24.603948 46.525399:24.604774
1308,46.525845:24.603074 46.526053:24.603052 46.526148:24.602907
1309,46.525399:24.604774 46.525012:24.605402 46.524728:24.606038
1310,46.525399:24.604774 46.526110:24.604721 46.526847:24.604439
1311,46.524728:24.606038 46.525028:24.606340 46.525328:24.606733
1312,46.524728:24.606038 46.525844:24.605985 46.527019:24.606091
1313,46.525328:24.606733 46.525401:24.607658 46.525529:24.609039
1314,46.525328:24.606733 46.525812:24.607248 46.526335:24.607671
1315,46.525529:24.609039 46.525435:24.609780 46.525536:24.610570
1316,46.525529:24.609039 46.526384:24.608479 46.527040:24.607835
1317,46.525536:24.610570 46.526570:24.610401 46.527385:24.610224
1318,46.526340:24.519409 46.526786:24.520378 46.527289:24.521484
1319,46.526340:24.519409 46.527159:24.519348 46.528080:24.519163
1320,46.527289:24.521484 46.527142:24.521797 46.527077:24.522237
1321,46.527289:24.521484 46.527447:24.521428 46.527562:24.521147
1322,46.527077:24.522237 46.526929:24.523209 46.527027:24.524030
1323,46.527077:24.522237 46.527588:24.522038 46.528191:24.521952
1324,46.527027:24.524030 46.526867:24.524560 46.526973:24.525229
1325,46.527027:24.524030 46.527269:24.523537 46.527504:24.523000
1326,46.526973:24.525229 46.527057:24.525630 46.527168:24.526230
1327,46.526973:24.525229 46.527398:24.525311 46.527729:24.525373
1328,46.527168:24.526230 46.527187:24.526255 46.527223:24.526256
1329,46.526408:24.527161 46.526852:24.527975 46.527152:24.528798
1330,46.526408:24.527161 46.527225:24.527840 46.527992:24.528540
1331,46.527152:24.528798 46.526687:24.529375 46.526381:24.530012
1332,46.527152:24.528798 46.527658:24.528784 46.528046:24.528994
1333,46.526381:24.530012 46.526544:24.530551 46.526590:24.531167
1334,46.526381:24.530012 46.526886:24.530100 46.527401:24.530013
1335,46.526590:24.531167 46.526606:24.532176 46.526644:24.532761
1336,46.526590:24.531167 46.527093:24.531432 46.527581:24.531805
1337,46.526644:24.532761 46.526576:24.533338 46.526553:24.533916
1338,46.526644:24.532761 46.527290:24.533234 46.527796:24.533794
1339,46.526553:24.533916 46.526675:24.534742 46.526759:24.535445
1340,46.526759:24.535445 46.527457:24.535710 46.528354:24.536079
1341,46.526786:24.537069 46.526803:24.537232 46.526865:24.537276
1342,46.526786:24.537069 46.527129:24.536752 46.527849:24.536632
1343,46.526865:24.537276 46.526620:24.538336 46.526558:24.539207
1344,46.526865:24.537276 46.526980:24.537655 46.527159:24.537801
1345,46.526558:24.539207 46.527348:24.539272 46.528133:24.539204
1346,46.527017:24.540160 46.526769:24.541153 46.526496:24.542042
1347,46.527017:24.540160 46.527168:24.540524 46.527352:24.540958
1348,46.526628:24.543924 46.526676:24.544505 46.526591:24.545217
1349,46.526628:24.543924 46.527224:24.544147 46.528043:24.544112
1350,46.526591:24.545217 46.526453:24.545315 46.526233:24.545271
1351,46.526591:24.545217 46.527106:24.545188 46.527520:24.545223
1352,46.526233:24.545271 46.526772:24.546396 46.527173:24.547587
1353,46.526233:24.545271 46.526913:24.545845 46.527468:24.546399
1354,46.527173:24.547587 46.526922:24.548094 46.526916:24.548751
1355,46.527173:24.547587 46.527531:24.547551 46.527876:24.547501
1356,46.526916:24.548751 46.526829:24.549063 46.526915:24.549453
1357,46.526916:24.548751 46.527634:24.548790 46.528152:24.548688
1358,46.526915:24.549453 46.527075:24.550454 46.527078:24.551065
1359,46.526915:24.549453 46.527495:24.549802 46.528203:24.550394
1360,46.527078:24.551065 46.527083:24.551743 46.527091:24.552648
1361,46.527078:24.551065 46.527415:24.550976 46.527861:24.551049
1362,46.527091:24.552648 46.526490:24.552997 46.526055:24.553334
1363,46.527091:24.552648 46.527248:24.552466 46.527550:24.552371
1364,46.526055:24.553334 46.526886:24.553672 46.527743:24.553902
1365,46.527140:24.555156 46.526993:24.556056 46.526607:24.556631
1366,46.527140:24.555156 46.527958:24.555307 46.528857:24.555505
1367,46.526607:24.556631 46.526648:24.557014 46.526597:24.557581
1368,46.526607:24.556631 46.527257:24.556436 46.528083:24.556134
1369,46.526597:24.557581 46.526763:24.558395 46.526782:24.559195
1370,46.526597:24.557581 46.527128:24.557657 46.527565:24.557683
1371,46.526782:24.559195 46.527013:24.559905 46.527277:24.560455
1372,46.526782:24.559195 46.527309:24.558839 46.527881:24.558664
1373,46.527277:24.560455 46.527858:24.560427 46.528378:24.560181
1374,46.527404:24.562550 46.527813:24.561644 46.528191:24.560688
1375,46.527347:24.563521 46.527150:24.564011 46.526791:24.564410
1376,46.527347:24.563521 46.527667:24.563358 46.527811:24.563168
1377,46.526791:24.564410 46.526764:24.564896 46.526696:24.565323
1378,46.526791:24.564410 46.527363:24.564477 46.527881:24.564619
1379,46.526696:24.565323 46.526751:24.566029 46.526723:24.566668
1380,46.526696:24.565323 46.527308:24.565537 46.527912:24.565725
1381,46.526723:24.566668 46.526911:24.566603 46.527151:24.566635
1382,46.527320:24.568501 46.526837:24.568609 46.526589:24.568703
1383,46.527320:24.568501 46.527147:24.568511 46.526994:24.568544
1384,46.526589:24.568703 46.526601:24.569787 46.526727:24.570682
1385,46.526589:24.568703 46.527331:24.569056 46.527921:24.569477
1386,46.526727:24.570682 46.526611:24.571229 46.526366:24.571663
1387,46.526727:24.570682 46.527104:24.570620 46.527526:24.570608
1388,46.526366:24.571663 46.526120:24.572795 46.525958:24.573734
1389,46.526366:24.571663 46.527365:24.572269 46.528459:24.572953
1390,46.525958:24.573734 46.526306:24.574852 46.526723:24.575944
1391,46.526723:24.575944 46.526714:24.576040 46.526735:24.576020
1392,46.526723:24.575944 46.527088:24.574978 46.527258:24.573912
1393,46.526735:24.576020 46.526952:24.576698 46.527251:24.577452
1394,46.526735:24.576020 46.527141:24.575880 46.527645:24.575693
1395,46.527251:24.577452 46.527029:24.577912 46.526804:24.578528
1396,46.526804:24.578528 46.526600:24.579599 46.526534:24.580675
1397,46.526804:24.578528 46.527806:24.578579 46.528872:24.578398
1398,46.526534:24.580675 46.526833:24.581402 46.527096:24.582077
1399,46.526534:24.580675 46.527094:24.580277 46.527831:24.580124
1400,46.527096:24.582077 46.526821:24.582351 46.526623:24.582622
1401,46.527096:24.582077 46.527554:24.581886 46.527802:24.581723
1402,46.526623:24.582622 46.526529:24.583421 46.526437:24.584348
1403,46.526623:24.582622 46.527535:24.582496 46.528435:24.582049
1404,46.526437:24.584348 46.526297:24.584947 46.526258:24.585471
1405,46.526437:24.584348 46.527170:24.584130 46.527870:24.583794
1406,46.526258:24.585471 46.526702:24.586351 46.527129:24.587157
1407,46.526258:24.585471 46.527087:24.584996 46.527938:24.584528
1408,46.527129:24.587157 46.527284:24.586342 46.527198:24.585479
1409,46.526417:24.588316 46.526423:24.588598 46.526496:24.588790
1410,46.526417:24.588316 46.527213:24.588153 46.527997:24.587912
1411,46.526496:24.588790 46.526372:24.589835 46.526283:24.590955
1412,46.526496:24.588790 46.527203:24.588429 46.527839:24.588065
1413,46.526283:24.590955 46.527064:24.590443 46.527683:24.590095
1414,46.527323:24.591472 46.526877:24.592132 46.526480:24.592891
1415,46.527323:24.591472 46.527409:24.591421 46.527319:24.591327
1416,46.526480:24.592891 46.527060:24.593912 46.527623:24.594800
1417,46.526480:24.592891 46.527199:24.592926 46.528058:24.593288
1418,46.527623:24.594800 46.527078:24.594695 46.526556:24.594845
1419,46.527623:24.594800 46.527690:24.594851 46.527806:24.594579
1420,46.526556:24.594845 46.526526:24.596078 46.526510:24.597491
1421,46.526510:24.597491 46.526950:24.597657 46.527399:24.598141
1422,46.526510:24.597491 46.527050:24.597299 46.527828:24.597206
1423,46.527399:24.598141 46.527681:24.598119 46.527789:24.598196
1424,46.526504:24.599336 46.526247:24.600315 46.526086:24.601278
1425,46.526086:24.601278 46.526350:24.601985 46.526366:24.602652
1426,46.526086:24.601278 46.527289:24.601212 46.528595:24.601101
1427,46.526366:24.602652 46.526238:24.602854 46.526148:24.602907
1428,46.526366:24.602652 46.527227:24.602783 46.527964:24.603205
1429,46.526148:24.602907 46.526510:24.603584 46.526847:24.604439
1430,46.526847:24.604439 46.526962:24.605210 46.527019:24.606091
1431,46.526847:24.604439 46.527528:24.604781 46.528057:24.605160
1432,46.527019:24.606091 46.526705:24.606947 46.526335:24.607671
1433,46.526335:24.607671 46.526712:24.607835 46.527040:24.607835
1434,46.527040:24.607835 46.527271:24.609130 46.527385:24.610224
1435,46.527040:24.607835 46.527290:24.608267 46.527509:24.608817
1436,46.527385:24.610224 46.527695:24.609816 46.527990:24.609540
1437,46.528080:24.519163 46.527855:24.520048 46.527562:24.521147
1438,46.528080:24.519163 46.528471:24.519482 46.528747:24.519820
1439,46.527562:24.521147 46.527841:24.521542 46.528191:24.521952
1440,46.528191:24.521952 46.527860:24.522487 46.527504:24.523000
1441,46.528191:24.521952 46.528492:24.521902 46.528781:24.522052
1442,46.527504:24.523000 46.527578:24.524186 46.527729:24.525373
1443,46.527504:24.523000 46.528400:24.523810 46.529316:24.524631
1444,46.527729:24.525373 46.527288:24.525872 46.527223:24.526256
1445,46.527729:24.525373 46.528242:24.525382 46.528844:24.525679
1446,46.527223:24.526256 46.527561:24.527438 46.527992:24.528540
1447,46.527223:24.526256 46.528142:24.526570 46.529037:24.526819
1448,46.527992:24.528540 46.528044:24.528735 46.528046:24.528994
1449,46.528046:24.528994 46.527665:24.529453 46.527401:24.530013
1450,46.528046:24.528994 46.528557:24.529150 46.529082:24.529585
1451,46.527401:24.530013 46.527586:24.530874 46.527581:24.531805
1452,46.527401:24.530013 46.527914:24.530629 46.528568:24.531320
1453,46.527581:24.531805 46.527641:24.532853 46.527796:24.533794
1454,46.527796:24.533794 46.527850:24.533858 46.527914:24.533865
1455,46.527796:24.533794 46.528832:24.533697 46.529578:24.533378
1456,46.527914:24.533865 46.528243:24.534925 46.528354:24.536079
1457,46.528354:24.536079 46.528120:24.536469 46.527849:24.536632
1458,46.528354:24.536079 46.528485:24.535991 46.528597:24.535704
1459,46.527849:24.536632 46.527495:24.537231 46.527159:24.537801
1460,46.527849:24.536632 46.528399:24.536927 46.528870:24.537258
1461,46.527159:24.537801 46.527606:24.538580 46.528133:24.539204
1462,46.527159:24.537801 46.527761:24.538629 46.528174:24.539301
1463,46.528133:24.539204 46.527888:24.540214 46.527352:24.540958
1464,46.528133:24.539204 46.529016:24.539360 46.529678:24.539553
1465,46.527352:24.540958 46.527624:24.541662 46.527899:24.542447
1466,46.527352:24.540958 46.528263:24.541035 46.529118:24.541084
1467,46.527899:24.542447 46.527915:24.543229 46.528043:24.544112
1468,46.527899:24.542447 46.528491:24.542366 46.528977:24.542080
1469,46.528043:24.544112 46.527844:24.544673 46.527520:24.545223
1470,46.528043:24.544112 46.528460:24.543539 46.528838:24.543107
1471,46.527520:24.545223 46.527456:24.545607 46.527468:24.546399
1472,46.527520:24.545223 46.528264:24.545046 46.528944:24.544772
1473,46.527468:24.546399 46.527652:24.546953 46.527876:24.547501
1474,46.527468:24.546399 46.528181:24.546098 46.528993:24.545702
1475,46.527876:24.547501 46.528044:24.548100 46.528152:24.548688
1476,46.528152:24.548688 46.528184:24.549554 46.528203:24.550394
1477,46.528152:24.548688 46.528647:24.548361 46.529093:24.548217
1478,46.528203:24.550394 46.528055:24.550721 46.527861:24.551049
1479,46.528203:24.550394 46.528502:24.550521 46.529028:24.550442
1480,46.527861:24.551049 46.527759:24.551780 46.527550:24.552371
1481,46.527861:24.551049 46.528411:24.551191 46.529090:24.551138
1482,46.527550:24.552371 46.527671:24.553119 46.527743:24.553902
1483,46.527550:24.552371 46.528163:24.552406 46.528709:24.552502
1484,46.527743:24.553902 46.528303:24.554583 46.528857:24.555505
1485,46.527743:24.553902 46.528297:24.554169 46.529137:24.554612
1486,46.528857:24.555505 46.528423:24.555699 46.528083:24.556134
1487,46.528857:24.555505 46.528716:24.555194 46.528826:24.554928
1488,46.528083:24.556134 46.527812:24.556974 46.527565:24.557683
1489,46.528083:24.556134 46.528609:24.556220 46.529013:24.556614
1490,46.527565:24.557683 46.528107:24.557545 46.528564:24.557494
1491,46.527881:24.558664 46.527991:24.559402 46.528378:24.560181
1492,46.527881:24.558664 46.528394:24.559103 46.528846:24.559433
1493,46.528378:24.560181 46.528215:24.560360 46.528191:24.560688
1494,46.528378:24.560181 46.528417:24.560084 46.528464:24.559977
1495,46.528191:24.560688 46.527848:24.561912 46.527811:24.563168
1496,46.528191:24.560688 46.528646:24.561015 46.529056:24.561188
1497,46.527811:24.563168 46.527841:24.563808 46.527881:24.564619
1498,46.527811:24.563168 46.528317:24.563249 46.528919:24.563202
1499,46.527881:24.564619 46.527866:24.565114 46.527912:24.565725
1500,46.527881:24.564619 46.528406:24.564278 46.528843:24.563890
1501,46.527912:24.565725 46.527489:24.566133 46.527151:24.566635
1502,46.527912:24.565725 46.528415:24.565543 46.528860:24.565503
1503,46.527151:24.566635 46.527151:24.567576 46.526994:24.568544
1504,46.527151:24.566635 46.528032:24.566569 46.528999:24.566579
1505,46.526994:24.568544 46.527431:24.569005 46.527921:24.569477
1506,46.526994:24.568544 46.528157:24.567971 46.529263:24.567507
1507,46.527921:24.569477 46.527796:24.570065 46.527526:24.570608
1508,46.527921:24.569477 46.528378:24.569530 46.528820:24.569569
1509,46.527526:24.570608 46.528062:24.571723 46.528459:24.572953
1510,46.528459:24.572953 46.528041:24.573527 46.527793:24.574058
1511,46.528459:24.572953 46.528771:24.572269 46.529072:24.571919
1512,46.527793:24.574058 46.527528:24.574102 46.527258:24.573912
1513,46.527793:24.574058 46.528451:24.574338 46.529140:24.574260
1514,46.527258:24.573912 46.527394:24.574779 46.527645:24.575693
1515,46.527258:24.573912 46.528031:24.574406 46.528741:24.574982
1516,46.527645:24.575693 46.528081:24.576097 46.528557:24.576525
1517,46.527618:24.577476 46.528229:24.577843 46.528872:24.578398
1518,46.527618:24.577476 46.528516:24.577516 46.529305:24.577407
1519,46.528872:24.578398 46.528306:24.579402 46.527831:24.580124
1520,46.528872:24.578398 46.528674:24.578513 46.528484:24.578877
1521,46.527831:24.580124 46.527814:24.580910 46.527802:24.581723
1522,46.527831:24.580124 46.528581:24.580282 46.529284:24.580490
1523,46.527802:24.581723 46.528117:24.581768 46.528435:24.582049
1524,46.528435:24.582049 46.528549:24.582626 46.528643:24.583249
1525,46.527870:24.583794 46.527860:24.584266 46.527938:24.584528
1526,46.527870:24.583794 46.528162:24.584009 46.528452:24.584422
1527,46.527938:24.584528 46.528767:24.584995 46.529540:24.585560
1528,46.527997:24.587912 46.527818:24.588049 46.527839:24.588065
1529,46.527839:24.588065 46.527797:24.588990 46.527683:24.590095
1530,46.527839:24.588065 46.528442:24.588579 46.528812:24.589109
1531,46.527683:24.590095 46.527526:24.590640 46.527319:24.591327
1532,46.527683:24.590095 46.528390:24.590169 46.529125:24.590370
1533,46.527319:24.591327 46.527651:24.592212 46.528058:24.593288
1534,46.527319:24.591327 46.528203:24.591710 46.528948:24.591930
1535,46.528058:24.593288 46.527891:24.593992 46.527806:24.594579
1536,46.528058:24.593288 46.528403:24.593518 46.528879:24.593873
1537,46.527806:24.594579 46.528451:24.594543 46.529036:24.594386
1538,46.527602:24.595684 46.528281:24.595411 46.528809:24.595371
1539,46.527828:24.597206 46.527937:24.597662 46.527789:24.598196
1540,46.527789:24.598196 46.527954:24.598832 46.527766:24.599275
1541,46.527789:24.598196 46.528184:24.598125 46.528504:24.598008
1542,46.527766:24.599275 46.528214:24.600102 46.528595:24.601101
1543,46.527766:24.599275 46.528286:24.599154 46.528834:24.599365
1544,46.528595:24.601101 46.528200:24.602122 46.527964:24.603205
1545,46.528595:24.601101 46.528825:24.600721 46.529261:24.600347
1546,46.527964:24.603205 46.528593:24.602771 46.529054:24.602238
1547,46.528305:24.602778 46.528232:24.604003 46.528057:24.605160
1548,46.528305:24.602778 46.528490:24.603145 46.528469:24.603500
1549,46.528057:24.605160 46.528225:24.605880 46.528473:24.606679
1550,46.528057:24.605160 46.528456:24.605047 46.528848:24.605008
1551,46.528473:24.606679 46.528195:24.606800 46.528083:24.606862
1552,46.528473:24.606679 46.528523:24.606584 46.528724:24.606223
1553,46.528083:24.606862 46.527743:24.607909 46.527509:24.608817
1554,46.528083:24.606862 46.528081:24.606810 46.528298:24.606904
1555,46.527509:24.608817 46.527763:24.609178 46.527990:24.609540
1556,46.527509:24.608817 46.528304:24.609060 46.529156:24.609164
1557,46.527990:24.609540 46.528490:24.609720 46.528877:24.609730
1558,46.528747:24.519820 46.528927:24.520633 46.528903:24.521456
1559,46.528747:24.519820 46.529419:24.519401 46.530328:24.519059
1560,46.528903:24.521456 46.528788:24.521783 46.528781:24.522052
1561,46.528903:24.521456 46.529264:24.521609 46.529669:24.521607
1562,46.528781:24.522052 46.529468:24.522072 46.530178:24.522144
1563,46.529316:24.524631 46.529006:24.525186 46.528844:24.525679
1564,46.528844:24.525679 46.528941:24.526228 46.529037:24.526819
1565,46.528844:24.525679 46.529455:24.525375 46.530003:24.524814
1566,46.529037:24.526819 46.529068:24.527084 46.529050:24.527483
1567,46.529037:24.526819 46.529553:24.526772 46.529968:24.526928
1568,46.529050:24.527483 46.529134:24.528592 46.529082:24.529585
1569,46.529082:24.529585 46.528751:24.530514 46.528568:24.531320
1570,46.528568:24.531320 46.529083:24.532013 46.529613:24.532560
1571,46.528568:24.531320 46.529462:24.530532 46.530219:24.529634
1572,46.529613:24.532560 46.529551:24.533016 46.529578:24.533378
1573,46.529578:24.533378 46.529228:24.533770 46.528763:24.534078
1574,46.529578:24.533378 46.530125:24.533174 46.530737:24.532769
1575,46.528763:24.534078 46.528731:24.534869 46.528597:24.535704
1576,46.528763:24.534078 46.529344:24.534425 46.529951:24.534819
1577,46.528597:24.535704 46.528814:24.536551 46.528870:24.537258
1578,46.528597:24.535704 46.529191:24.535598 46.529725:24.535335
1579,46.528870:24.537258 46.528513:24.538319 46.528174:24.539301
1580,46.528870:24.537258 46.529394:24.537187 46.529819:24.536924
1581,46.528174:24.539301 46.528931:24.539429 46.529678:24.539553
1582,46.528174:24.539301 46.528907:24.538846 46.529570:24.538479
1583,46.529678:24.539553 46.529418:24.540320 46.529118:24.541084
1584,46.529678:24.539553 46.529884:24.539469 46.530139:24.539597
1585,46.529118:24.541084 46.529131:24.541560 46.528977:24.542080
1586,46.529118:24.541084 46.529789:24.540839 46.530544:24.540722
1587,46.528977:24.542080 46.528860:24.542626 46.528838:24.543107
1588,46.528838:24.543107 46.528841:24.543866 46.528944:24.544772
1589,46.528838:24.543107 46.529473:24.542819 46.530214:24.542608
1590,46.528944:24.544772 46.528965:24.545147 46.528993:24.545702
1591,46.528993:24.545702 46.529417:24.545641 46.529776:24.545812
1592,46.528895:24.547413 46.528980:24.547694 46.529093:24.548217
1593,46.528895:24.547413 46.529458:24.547095 46.529828:24.547067
1594,46.529093:24.548217 46.529168:24.549410 46.529028:24.550442
1595,46.529093:24.548217 46.529116:24.548410 46.529182:24.548427
1596,46.529028:24.550442 46.529158:24.550869 46.529090:24.551138
1597,46.529028:24.550442 46.529466:24.550199 46.529757:24.549764
1598,46.529090:24.551138 46.528908:24.551834 46.528709:24.552502
1599,46.528709:24.552502 46.529390:24.552467 46.530224:24.552496
1600,46.529137:24.554612 46.529058:24.554841 46.528826:24.554928
1601,46.528826:24.554928 46.528862:24.555755 46.529013:24.556614
1602,46.528826:24.554928 46.529460:24.555302 46.530291:24.555632
1603,46.529013:24.556614 46.528667:24.557032 46.528564:24.557494
1604,46.529013:24.556614 46.529716:24.556415 46.530354:24.556375
1605,46.528564:24.557494 46.528666:24.558393 46.528846:24.559433
1606,46.528564:24.557494 46.529176:24.557845 46.529904:24.558327
1607,46.528846:24.559433 46.528727:24.559748 46.528464:24.559977
1608,46.528846:24.559433 46.529318:24.559277 46.529755:24.559077
1609,46.528464:24.559977 46.528827:24.560654 46.529056:24.561188
1610,46.529056:24.561188 46.528889:24.562210 46.528919:24.563202
1611,46.529056:24.561188 46.529495:24.561763 46.529852:24.562182
1612,46.528919:24.563202 46.528863:24.563567 46.528843:24.563890
1613,46.528919:24.563202 46.529408:24.563251 46.529887:24.563370
1614,46.528843:24.563890 46.528775:24.564751 46.528860:24.565503
1615,46.528843:24.563890 46.529519:24.564281 46.530324:24.564644
1616,46.528860:24.565503 46.528887:24.565995 46.528999:24.566579
1617,46.528860:24.565503 46.529563:24.565229 46.530206:24.565130
1618,46.528999:24.566579 46.529259:24.566642 46.529490:24.566678
1619,46.529263:24.567507 46.529047:24.568471 46.528820:24.569569
1620,46.529263:24.567507 46.529721:24.568240 46.530115:24.568936
1621,46.528820:24.569569 46.528974:24.570069 46.529218:24.570596
1622,46.528820:24.569569 46.529055:24.569760 46.529521:24.569703
1623,46.529218:24.570596 46.529430:24.570535 46.529650:24.570540
1624,46.529072:24.571919 46.529157:24.573090 46.529140:24.574260
1625,46.529072:24.571919 46.529518:24.572305 46.529852:24.572485
1626,46.529140:24.574260 46.528914:24.574600 46.528741:24.574982
1627,46.529140:24.574260 46.529571:24.574168 46.530024:24.574009
1628,46.528741:24.574982 46.528634:24.575638 46.528557:24.576525
1629,46.528741:24.574982 46.529196:24.575133 46.529604:24.575183
1630,46.528557:24.576525 46.528857:24.576882 46.529305:24.577407
1631,46.528557:24.576525 46.529488:24.576276 46.530275:24.576118
1632,46.529305:24.577407 46.528882:24.578274 46.528484:24.578877
1633,46.529305:24.577407 46.529708:24.577316 46.530116:24.577138
1634,46.528484:24.578877 46.528782:24.579578 46.529284:24.580490
1635,46.528484:24.578877 46.528988:24.578718 46.529568:24.578513
1636,46.529284:24.580490 46.529126:24.580332 46.529166:24.580481
1637,46.529284:24.580490 46.529443:24.580864 46.529724:24.581301
1638,46.529166:24.580481 46.528921:24.581891 46.528643:24.583249
1639,46.529166:24.580481 46.529460:24.581358 46.529779:24.582047
1640,46.528643:24.583249 46.528400:24.583853 46.528452:24.584422
1641,46.528643:24.583249 46.529403:24.582828 46.530020:24.582749
1642,46.528452:24.584422 46.528962:24.584959 46.529540:24.585560
1643,46.529540:24.585560 46.529871:24.585469 46.530270:24.585387
1644,46.529273:24.586372 46.528867:24.587129 46.528452:24.587780
1645,46.529273:24.586372 46.529352:24.586617 46.529419:24.586792
1646,46.528452:24.587780 46.528588:24.588427 46.528812:24.589109
1647,46.528452:24.587780 46.529350:24.587934 46.530143:24.588030
1648,46.528812:24.589109 46.529033:24.589795 46.529125:24.590370
1649,46.528812:24.589109 46.529651:24.588962 46.530504:24.588944
1650,46.529125:24.590370 46.529117:24.591295 46.528948:24.591930
1651,46.529125:24.590370 46.529647:24.590505 46.530128:24.590772
1652,46.528948:24.591930 46.529353:24.592083 46.529634:24.592279
1653,46.528879:24.593873 46.528905:24.594183 46.529036:24.594386
1654,46.528879:24.593873 46.529212:24.593208 46.529441:24.592458
1655,46.529036:24.594386 46.528963:24.594843 46.528809:24.595371
1656,46.529036:24.594386 46.529596:24.594117 46.530132:24.593858
1657,46.528809:24.595371 46.529112:24.596071 46.529352:24.597024
1658,46.528809:24.595371 46.529383:24.595192 46.529908:24.594912
1659,46.529352:24.597024 46.528867:24.597492 46.528504:24.598008
1660,46.528504:24.598008 46.528659:24.598758 46.528834:24.599365
1661,46.528504:24.598008 46.529340:24.597824 46.530069:24.597571
1662,46.528834:24.599365 46.529056:24.599890 46.529261:24.600347
1663,46.528834:24.599365 46.529422:24.599410 46.530106:24.599445
1664,46.529261:24.600347 46.529089:24.601289 46.529054:24.602238
1665,46.529261:24.600347 46.529620:24.600554 46.529972:24.600839
1666,46.529054:24.602238 46.528852:24.602885 46.528469:24.603500
1667,46.529054:24.602238 46.529452:24.601866 46.529995:24.601579
1668,46.528469:24.603500 46.528698:24.604491 46.528848:24.605008
1669,46.528469:24.603500 46.528923:24.603413 46.529051:24.603494
1670,46.528848:24.605008 46.528832:24.605701 46.528724:24.606223
1671,46.528848:24.605008 46.529328:24.604796 46.529622:24.604578
1672,46.528724:24.606223 46.528504:24.606523 46.528298:24.606904
1673,46.528724:24.606223 46.529299:24.605673 46.530098:24.605194
1674,46.528298:24.606904 46.528750:24.608015 46.529156:24.609164
1675,46.528298:24.606904 46.529093:24.606993 46.529682:24.607117
1676,46.529156:24.609164 46.529081:24.609307 46.528877:24.609730
1677,46.529156:24.609164 46.529321:24.608993 46.529579:24.608843
1678,46.528877:24.609730 46.529384:24.609598 46.529900:24.609631
1679,46.530328:24.519059 46.530156:24.520310 46.529669:24.521607
1680,46.530328:24.519059 46.530539:24.519841 46.530672:24.520363
1681,46.529669:24.521607 46.530032:24.521801 46.530178:24.522144
1682,46.529669:24.521607 46.530204:24.521504 46.530786:24.521568
1683,46.530178:24.522144 46.529716:24.523381 46.529289:24.524566
1684,46.529289:24.524566 46.529577:24.524671 46.530003:24.524814
1685,46.529289:24.524566 46.530001:24.524159 46.530638:24.523914
1686,46.530003:24.524814 46.530583:24.525244 46.531137:24.525568
1687,46.529968:24.526928 46.529431:24.527517 46.529042:24.528326
1688,46.529968:24.526928 46.530617:24.526994 46.531298:24.526987
1689,46.529042:24.528326 46.529623:24.528282 46.530208:24.528194
1690,46.529042:24.528326 46.530047:24.527878 46.530886:24.527731
1691,46.530219:24.529634 46.530300:24.530775 46.530348:24.531918
1692,46.530348:24.531918 46.530612:24.532290 46.530737:24.532769
1693,46.530348:24.531918 46.530882:24.531740 46.531246:24.531661
1694,46.530737:24.532769 46.530329:24.533759 46.529951:24.534819
1695,46.530737:24.532769 46.530498:24.533185 46.530329:24.533484
1696,46.529951:24.534819 46.529790:24.535116 46.529725:24.535335
1697,46.529951:24.534819 46.530465:24.534465 46.531126:24.534357
1698,46.529725:24.535335 46.529735:24.536096 46.529819:24.536924
1699,46.529725:24.535335 46.530236:24.535389 46.530640:24.535443
1700,46.529819:24.536924 46.529742:24.537706 46.529570:24.538479
1701,46.529819:24.536924 46.530707:24.536652 46.531546:24.536584
1702,46.529570:24.538479 46.529903:24.539094 46.530139:24.539597
1703,46.529570:24.538479 46.529587:24.538259 46.529802:24.537875
1704,46.530139:24.539597 46.530484:24.540091 46.530544:24.540722
1705,46.530139:24.539597 46.530436:24.539559 46.530597:24.539506
1706,46.530544:24.540722 46.530415:24.541385 46.530406:24.541928
1707,46.530544:24.540722 46.530759:24.540547 46.530879:24.540459
1708,46.530406:24.541928 46.530358:24.542262 46.530214:24.542608
1709,46.530406:24.541928 46.530477:24.542273 46.530722:24.542645
1710,46.530214:24.542608 46.530160:24.543651 46.530018:24.544704
1711,46.530214:24.542608 46.530284:24.543592 46.530512:24.544359
1712,46.530018:24.544704 46.529936:24.545273 46.529776:24.545812
1713,46.530018:24.544704 46.530462:24.544443 46.530827:24.544291
1714,46.529776:24.545812 46.529839:24.546348 46.529828:24.547067
1715,46.529776:24.545812 46.530430:24.546135 46.531292:24.546341
1716,46.529828:24.547067 46.530185:24.547492 46.530652:24.547728
1717,46.529182:24.548427 46.529415:24.549187 46.529757:24.549764
1718,46.529182:24.548427 46.529791:24.548488 46.530373:24.548280
1719,46.529757:24.549764 46.529614:24.550460 46.529579:24.551243
1720,46.529757:24.549764 46.530644:24.549960 46.531411:24.549885
1721,46.529579:24.551243 46.529992:24.551862 46.530224:24.552496
1722,46.529579:24.551243 46.530000:24.551436 46.530561:24.551536
1723,46.530224:24.552496 46.530025:24.553642 46.529777:24.554524
1724,46.530224:24.552496 46.530756:24.552516 46.531338:24.552599
1725,46.529777:24.554524 46.529994:24.554981 46.530291:24.555632
1726,46.530291:24.555632 46.530275:24.555915 46.530354:24.556375
1727,46.530291:24.555632 46.530806:24.555743 46.531163:24.555563
1728,46.530354:24.556375 46.530111:24.557411 46.529904:24.558327
1729,46.530354:24.556375 46.531032:24.556396 46.531666:24.556408
1730,46.529904:24.558327 46.529808:24.558580 46.529755:24.559077
1731,46.529904:24.558327 46.530448:24.558049 46.530848:24.557809
1732,46.529755:24.559077 46.530607:24.558790 46.531439:24.558707
1733,46.530081:24.560603 46.530733:24.559833 46.531474:24.559198
1734,46.529852:24.562182 46.529934:24.562811 46.529887:24.563370
1735,46.529852:24.562182 46.530561:24.561703 46.531296:24.561435
1736,46.529887:24.563370 46.530086:24.563980 46.530324:24.564644
1737,46.529887:24.563370 46.530542:24.563392 46.531178:24.563353
1738,46.530324:24.564644 46.530318:24.564799 46.530206:24.565130
1739,46.530324:24.564644 46.530431:24.564575 46.530603:24.564309
1740,46.530206:24.565130 46.530717:24.565496 46.531101:24.565916
1741,46.529490:24.566678 46.529698:24.567897 46.530115:24.568936
1742,46.529490:24.566678 46.530151:24.566535 46.530691:24.566510
1743,46.530115:24.568936 46.529875:24.569175 46.529521:24.569703
1744,46.530115:24.568936 46.530295:24.569083 46.530344:24.569404
1745,46.529521:24.569703 46.530083:24.569734 46.530950:24.569465
1746,46.529650:24.570540 46.529803:24.571397 46.529852:24.572485
1747,46.529650:24.570540 46.530082:24.570853 46.530494:24.571288
1748,46.529852:24.572485 46.529974:24.573291 46.530024:24.574009
1749,46.529852:24.572485 46.530340:24.572829 46.530830:24.572820
1750,46.530024:24.574009 46.529776:24.574671 46.529604:24.575183
1751,46.530024:24.574009 46.530594:24.573692 46.531315:24.573488
1752,46.529604:24.575183 46.529959:24.575694 46.530275:24.576118
1753,46.529604:24.575183 46.530412:24.574729 46.531271:24.574282
1754,46.530275:24.576118 46.530100:24.576593 46.530116:24.577138
1755,46.530275:24.576118 46.530578:24.576015 46.530903:24.575828
1756,46.530116:24.577138 46.529834:24.577701 46.529568:24.578513
1757,46.530116:24.577138 46.530311:24.577221 46.530573:24.577399
1758,46.529568:24.578513 46.529567:24.579938 46.529724:24.581301
1759,46.529568:24.578513 46.530302:24.578875 46.530966:24.579342
1760,46.529724:24.581301 46.529839:24.581690 46.529779:24.582047
1761,46.529724:24.581301 46.529824:24.580603 46.529843:24.579698
1762,46.529779:24.582047 46.529988:24.582379 46.530020:24.582749
1763,46.529779:24.582047 46.530331:24.581499 46.530695:24.581095
1764,46.530020:24.582749 46.530090:24.583328 46.530209:24.583562
1765,46.530020:24.582749 46.530571:24.582672 46.531165:24.582790
1766,46.530209:24.583562 46.530257:24.584591 46.530270:24.585387
1767,46.530209:24.583562 46.530509:24.583756 46.531027:24.583700
1768,46.530270:24.585387 46.530767:24.585360 46.531190:24.585379
1769,46.529419:24.586792 46.529765:24.587378 46.530143:24.588030
1770,46.529419:24.586792 46.529906:24.586707 46.530372:24.586404
1771,46.530143:24.588030 46.530413:24.587724 46.530536:24.587294
1772,46.530504:24.588944 46.530422:24.590101 46.530128:24.590772
1773,46.530504:24.588944 46.530806:24.588982 46.531068:24.589158
1774,46.530128:24.590772 46.529894:24.591420 46.529634:24.592279
1775,46.530128:24.590772 46.530678:24.590412 46.531057:24.590041
1776,46.529634:24.592279 46.529511:24.592235 46.529441:24.592458
1777,46.529634:24.592279 46.530220:24.591849 46.530947:24.591328
1778,46.529441:24.592458 46.530335:24.592859 46.531151:24.593353
1779,46.530132:24.593858 46.530065:24.594441 46.529908:24.594912
1780,46.530132:24.593858 46.530840:24.594362 46.531631:24.594918
1781,46.529908:24.594912 46.529983:24.595588 46.529973:24.596446
1782,46.529908:24.594912 46.530312:24.595242 46.530735:24.595446
1783,46.529973:24.596446 46.529926:24.597016 46.530069:24.597571
1784,46.530069:24.597571 46.530166:24.598429 46.530106:24.599445
1785,46.530069:24.597571 46.530756:24.598052 46.531710:24.598580
1786,46.530106:24.599445 46.530057:24.600230 46.529972:24.600839
1787,46.530106:24.599445 46.530092:24.599215 46.530247:24.598999
1788,46.529972:24.600839 46.529952:24.601207 46.529995:24.601579
1789,46.529972:24.600839 46.530180:24.600893 46.530565:24.601101
1790,46.529995:24.601579 46.529452:24.602542 46.529051:24.603494
1791,46.529051:24.603494 46.530345:24.603219 46.531640:24.603106
1792,46.529622:24.604578 46.529905:24.604931 46.530098:24.605194
1793,46.529622:24.604578 46.530364:24.605113 46.530720:24.605667
1794,46.530098:24.605194 46.529806:24.606225 46.529682:24.607117
1795,46.530098:24.605194 46.530665:24.605623 46.531137:24.605736
1796,46.529682:24.607117 46.529549:24.608027 46.529579:24.608843
1797,46.529682:24.607117 46.529954:24.606842 46.530307:24.606705
1798,46.529579:24.608843 46.529761:24.609360 46.529900:24.609631
1799,46.529900:24.609631 46.530518:24.610067 46.531032:24.610447
1800,46.530672:24.520363 46.530786:24.520929 46.530786:24.521568
1801,46.530672:24.520363 46.531312:24.519931 46.532036:24.519688
1802,46.530786:24.521568 46.530937:24.521656 46.531174:24.521756
1803,46.530786:24.521568 46.531293:24.521788 46.531825:24.522160
1804,46.531174:24.521756 46.530925:24.522595 46.530638:24.523914
1805,46.531174:24.521756 46.531344:24.522258 46.531467:24.522687
1806,46.530638:24.523914 46.530861:24.524730 46.531137:24.525568
1807,46.530638:24.523914 46.531271:24.524130 46.532094:24.524191
1808,46.531137:24.525568 46.531198:24.526157 46.531298:24.526987
1809,46.531137:24.525568 46.531466:24.525397 46.531943:24.525442
1810,46.531298:24.526987 46.531017:24.527387 46.530886:24.527731
1811,46.531298:24.526987 46.531981:24.526771 46.532370:24.526455
1812,46.530886:24.527731 46.531069:24.528281 46.531288:24.528939
1813,46.530886:24.527731 46.531352:24.527679 46.531925:24.527742
1814,46.531288:24.528939 46.531363:24.529345 46.531387:24.529720
1815,46.531288:24.528939 46.531525:24.528975 46.531747:24.529037
1816,46.531387:24.529720 46.531262:24.530722 46.531246:24.531661
1817,46.531246:24.531661 46.530800:24.532424 46.530329:24.533484
1818,46.531246:24.531661 46.531843:24.531989 46.532552:24.532328
1819,46.530329:24.533484 46.530697:24.533897 46.531126:24.534357
1820,46.530329:24.533484 46.531138:24.533391 46.531929:24.533315
1821,46.531126:24.534357 46.530962:24.534923 46.530640:24.535443
1822,46.531126:24.534357 46.531685:24.534508 46.532188:24.534691
1823,46.530640:24.535443 46.531043:24.536152 46.531546:24.536584
1824,46.530640:24.535443 46.531420:24.535547 46.532092:24.535772
1825,46.531546:24.536584 46.530693:24.537139 46.529802:24.537875
1826,46.531546:24.536584 46.531758:24.536547 46.531921:24.536603
1827,46.529802:24.537875 46.530231:24.538700 46.530597:24.539506
1828,46.529802:24.537875 46.530982:24.538317 46.532390:24.538845
1829,46.530597:24.539506 46.530757:24.539985 46.530879:24.540459
1830,46.530597:24.539506 46.531484:24.539749 46.532317:24.539761
1831,46.530879:24.540459 46.530797:24.541685 46.530722:24.542645
1832,46.530722:24.542645 46.530604:24.543524 46.530512:24.544359
1833,46.530722:24.542645 46.531148:24.542682 46.531461:24.542472
1834,46.530512:24.544359 46.530612:24.544349 46.530827:24.544291
1835,46.530512:24.544359 46.531313:24.543811 46.532154:24.543229
1836,46.530827:24.544291 46.530911:24.545097 46.531292:24.546341
1837,46.531292:24.546341 46.530966:24.546976 46.530652:24.547728
1838,46.531292:24.546341 46.531374:24.546568 46.531453:24.546880
1839,46.530652:24.547728 46.530414:24.547987 46.530373:24.548280
1840,46.530652:24.547728 46.531502:24.548037 46.532309:24.548458
1841,46.530373:24.548280 46.530934:24.549044 46.531411:24.549885
1842,46.531411:24.549885 46.530985:24.550719 46.530561:24.551536
1843,46.531411:24.549885 46.531640:24.550097 46.531907:24.550070
1844,46.530561:24.551536 46.530940:24.552133 46.531338:24.552599
1845,46.531338:24.552599 46.530791:24.553228 46.530385:24.553757
1846,46.531338:24.552599 46.531863:24.552440 46.532461:24.552255
1847,46.530385:24.553757 46.530864:24.554669 46.531163:24.555563
1848,46.530385:24.553757 46.531210:24.553916 46.531907:24.554163
1849,46.531163:24.555563 46.531385:24.556118 46.531666:24.556408
1850,46.531163:24.555563 46.531545:24.555353 46.531897:24.555022
1851,46.531666:24.556408 46.531245:24.557270 46.530848:24.557809
1852,46.530848:24.557809 46.531251:24.558272 46.531439:24.558707
1853,46.530848:24.557809 46.531293:24.557818 46.531648:24.557780
1854,46.531439:24.558707 46.531545:24.558802 46.531474:24.559198
1855,46.531439:24.558707 46.531751:24.559320 46.532008:24.559898
1856,46.531474:24.559198 46.531377:24.560315 46.531296:24.561435
1857,46.531474:24.559198 46.531604:24.559955 46.531701:24.560871
1858,46.531296:24.561435 46.531288:24.562493 46.531178:24.563353
1859,46.531296:24.561435 46.531522:24.561493 46.531810:24.561579
1860,46.531178:24.563353 46.530914:24.564070 46.530603:24.564309
1861,46.531178:24.563353 46.531514:24.563374 46.531970:24.563165
1862,46.530603:24.564309 46.530828:24.565052 46.531101:24.565916
1863,46.530603:24.564309 46.531534:24.564802 46.532387:24.565135
1864,46.531101:24.565916 46.530860:24.566048 46.530691:24.566510
1865,46.531101:24.565916 46.531448:24.565931 46.531862:24.566251
1866,46.530691:24.566510 46.530543:24.567960 46.530344:24.569404
1867,46.530344:24.569404 46.530699:24.569420 46.530950:24.569465
1868,46.530344:24.569404 46.531037:24.569164 46.531819:24.568666
1869,46.530950:24.569465 46.530746:24.570352 46.530494:24.571288
1870,46.530950:24.569465 46.531474:24.569568 46.532047:24.569724
1871,46.530494:24.571288 46.530621:24.572105 46.530830:24.572820
1872,46.530494:24.571288 46.531196:24.571307 46.531991:24.571168
1873,46.530830:24.572820 46.531002:24.573080 46.531315:24.573488
1874,46.530830:24.572820 46.531616:24.572800 46.532475:24.572683
1875,46.531315:24.573488 46.531320:24.573818 46.531271:24.574282
1876,46.531315:24.573488 46.531679:24.573797 46.532013:24.573926
1877,46.531271:24.574282 46.531115:24.575166 46.530903:24.575828
1878,46.531271:24.574282 46.531949:24.574308 46.532593:24.574362
1879,46.530903:24.575828 46.530721:24.576602 46.530573:24.577399
1880,46.530903:24.575828 46.531780:24.575541 46.532600:24.575486
1881,46.530573:24.577399 46.530793:24.578306 46.530966:24.579342
1882,46.530966:24.579342 46.530363:24.579435 46.529843:24.579698
1883,46.530966:24.579342 46.531736:24.579201 46.532604:24.578821
1884,46.529843:24.579698 46.530360:24.580417 46.530695:24.581095
1885,46.529843:24.579698 46.531033:24.579639 46.531917:24.579641
1886,46.530695:24.581095 46.530847:24.581853 46.531165:24.582790
1887,46.530695:24.581095 46.531191:24.581377 46.531647:24.581649
1888,46.531165:24.582790 46.531094:24.583315 46.531027:24.583700
1889,46.531165:24.582790 46.531579:24.582507 46.532002:24.582286
1890,46.531027:24.583700 46.531064:24.584608 46.531190:24.585379
1891,46.531027:24.583700 46.531635:24.583758 46.532271:24.583569
1892,46.531190:24.585379 46.530839:24.585880 46.530372:24.586404
1893,46.531190:24.585379 46.531722:24.585166 46.531932:24.585011
1894,46.530372:24.586404 46.530317:24.586831 46.530536:24.587294
1895,46.530536:24.587294 46.530935:24.588115 46.531068:24.589158
1896,46.530536:24.587294 46.531251:24.587295 46.532029:24.587119
1897,46.531068:24.589158 46.531029:24.589677 46.531057:24.590041
1898,46.531068:24.589158 46.531585:24.589091 46.532182:24.589163
1899,46.531057:24.590041 46.530939:24.590528 46.530947:24.591328
1900,46.531057:24.590041 46.531618:24.590303 46.532207:24.590689
1901,46.530947:24.591328 46.530992:24.592290 46.531151:24.593353
1902,46.530947:24.591328 46.531467:24.591792 46.531973:24.592155
1903,46.531151:24.593353 46.531382:24.594096 46.531631:24.594918
1904,46.531151:24.593353 46.531683:24.593244 46.532378:24.593138
1905,46.531631:24.594918 46.531217:24.595216 46.530735:24.595446
1906,46.531631:24.594918 46.531848:24.594627 46.531943:24.594132
1907,46.530735:24.595446 46.530638:24.596326 46.530688:24.597094
1908,46.530688:24.597094 46.531160:24.597774 46.531710:24.598580
1909,46.530688:24.597094 46.531265:24.596779 46.532029:24.596619
1910,46.531710:24.598580 46.530881:24.598584 46.530247:24.598999
1911,46.531710:24.598580 46.531590:24.598595 46.531597:24.598533
1912,46.530247:24.598999 46.530404:24.600042 46.530565:24.601101
1913,46.530247:24.598999 46.530948:24.599375 46.532076:24.599581
1914,46.530565:24.601101 46.530761:24.601547 46.531017:24.602309
1915,46.530565:24.601101 46.531410:24.600852 46.532391:24.600197
1916,46.531017:24.602309 46.531269:24.602659 46.531640:24.603106
1917,46.531640:24.603106 46.531225:24.604493 46.530720:24.605667
1918,46.531640:24.603106 46.532044:24.602787 46.532376:24.602990
1919,46.530720:24.605667 46.530922:24.605737 46.531137:24.605736
1920,46.530720:24.605667 46.531621:24.605236 46.532335:24.604881
1921,46.531137:24.605736 46.530662:24.606198 46.530307:24.606705
1922,46.531137:24.605736 46.531872:24.606158 46.532559:24.606599
1923,46.530307:24.606705 46.530158:24.607463 46.530161:24.608726
1924,46.530161:24.608726 46.530573:24.609530 46.531032:24.610447
1925,46.530161:24.608726 46.531155:24.608537 46.532084:24.608505
1926,46.531032:24.610447 46.531403:24.609959 46.531965:24.609577
1927,46.532036:24.519688 46.531930:24.520942 46.531825:24.522160
1928,46.532036:24.519688 46.532622:24.519526 46.533142:24.519155
1929,46.531825:24.522160 46.531556:24.522473 46.531467:24.522687
1930,46.531825:24.522160 46.532473:24.521828 46.533123:24.521496
1931,46.531467:24.522687 46.531757:24.523352 46.532094:24.524191
1932,46.531467:24.522687 46.532522:24.522692 46.533499:24.522452
1933,46.532094:24.524191 46.531952:24.524758 46.531943:24.525442
1934,46.532094:24.524191 46.532809:24.524017 46.533639:24.523620
1935,46.531943:24.525442 46.532087:24.526021 46.532370:24.526455
1936,46.531943:24.525442 46.532447:24.525085 46.533105:24.524372
1937,46.532370:24.526455 46.532212:24.527004 46.531925:24.527742
1938,46.532370:24.526455 46.532603:24.526410 46.532886:24.526166
1939,46.531925:24.527742 46.531898:24.528385 46.531747:24.529037
1940,46.531925:24.527742 46.532858:24.527909 46.533663:24.528059
1941,46.531979:24.530529 46.532265:24.531428 46.532552:24.532328
1942,46.532552:24.532328 46.532166:24.532909 46.531929:24.533315
1943,46.532552:24.532328 46.532897:24.531947 46.533160:24.531605
1944,46.531929:24.533315 46.532068:24.534123 46.532188:24.534691
1945,46.531929:24.533315 46.532460:24.532721 46.532967:24.532265
1946,46.532188:24.534691 46.532165:24.535182 46.532092:24.535772
1947,46.532188:24.534691 46.532740:24.534766 46.533122:24.534912
1948,46.532092:24.535772 46.532041:24.536265 46.531921:24.536603
1949,46.531921:24.536603 46.532070:24.537618 46.532390:24.538845
1950,46.531921:24.536603 46.532448:24.536752 46.532897:24.536864
1951,46.532390:24.538845 46.532479:24.539335 46.532317:24.539761
1952,46.532390:24.538845 46.532882:24.538661 46.533459:24.538415
1953,46.532317:24.539761 46.532271:24.540086 46.532178:24.540667
1954,46.532317:24.539761 46.532702:24.539721 46.532953:24.539724
1955,46.532178:24.540667 46.531845:24.541519 46.531461:24.542472
1956,46.531461:24.542472 46.531824:24.542901 46.532154:24.543229
1957,46.531461:24.542472 46.532399:24.542092 46.533013:24.541528
1958,46.532154:24.543229 46.531950:24.544129 46.531747:24.545358
1959,46.532154:24.543229 46.532599:24.543382 46.533172:24.543812
1960,46.531747:24.545358 46.531624:24.546201 46.531453:24.546880
1961,46.531747:24.545358 46.532289:24.545005 46.532774:24.544735
1962,46.531453:24.546880 46.531976:24.547605 46.532309:24.548458
1963,46.531453:24.546880 46.532502:24.546595 46.533452:24.545923
1964,46.532309:24.548458 46.532743:24.548296 46.532930:24.548282
1965,46.531834:24.548686 46.531820:24.549388 46.531907:24.550070
1966,46.531834:24.548686 46.532538:24.549030 46.533436:24.549146
1967,46.531907:24.550070 46.532026:24.550445 46.532011:24.550968
1968,46.532011:24.550968 46.532259:24.551487 46.532461:24.552255
1969,46.532011:24.550968 46.532257:24.551024 46.532588:24.551077
1970,46.532461:24.552255 46.532283:24.553198 46.531907:24.554163
1971,46.532461:24.552255 46.533003:24.552755 46.533405:24.553192
1972,46.531907:24.554163 46.531903:24.554734 46.531897:24.555022
1973,46.531897:24.555022 46.532077:24.555593 46.532209:24.556356
1974,46.531897:24.555022 46.532657:24.554669 46.533219:24.554373
1975,46.532209:24.556356 46.531949:24.556964 46.531648:24.557780
1976,46.532209:24.556356 46.532837:24.556587 46.533370:24.556767
1977,46.532008:24.559898 46.531828:24.560367 46.531701:24.560871
1978,46.532008:24.559898 46.532752:24.559662 46.533417:24.559266
1979,46.531701:24.560871 46.531736:24.561155 46.531810:24.561579
1980,46.531701:24.560871 46.532522:24.560801 46.533330:24.561096
1981,46.531810:24.561579 46.531867:24.562428 46.531970:24.563165
1982,46.531810:24.561579 46.532462:24.561813 46.532990:24.561810
1983,46.531970:24.563165 46.532501:24.563556 46.532975:24.563495
1984,46.532387:24.565135 46.532024:24.565699 46.531862:24.566251
1985,46.532387:24.565135 46.532687:24.564951 46.533014:24.564555
1986,46.531862:24.566251 46.532078:24.566920 46.532433:24.567322
1987,46.531862:24.566251 46.532520:24.565874 46.533199:24.565681
1988,46.532433:24.567322 46.532091:24.567770 46.531819:24.568666
1989,46.532433:24.567322 46.533065:24.567082 46.533735:24.566919
1990,46.531819:24.568666 46.531998:24.569324 46.532047:24.569724
1991,46.531819:24.568666 46.532700:24.568618 46.533633:24.568621
1992,46.532047:24.569724 46.532122:24.570476 46.531991:24.571168
1993,46.532047:24.569724 46.532658:24.569735 46.533600:24.569493
1994,46.531991:24.571168 46.532325:24.571904 46.532475:24.572683
1995,46.531991:24.571168 46.532729:24.571193 46.533467:24.571199
1996,46.532475:24.572683 46.532222:24.573365 46.532013:24.573926
1997,46.532475:24.572683 46.532722:24.572487 46.532945:24.572291
1998,46.532013:24.573926 46.532305:24.574137 46.532593:24.574362
1999,46.532013:24.573926 46.532543:24.573659 46.533109:24.573463
2000,46.532593:24.574362 46.532646:24.574967 46.532600:24.575486
2001,46.532600:24.575486 46.532460:24.576469 46.532275:24.577659
2002,46.532600:24.575486 46.532520:24.575266 46.532584:24.575330
2003,46.532275:24.577659 46.532447:24.578288 46.532604:24.578821
2004,46.532275:24.577659 46.532640:24.577358 46.533000:24.577111
2005,46.532604:24.578821 46.532890:24.578832 46.533157:24.578941
2006,46.531917:24.579641 46.532908:24.579769 46.533747:24.580134
2007,46.531647:24.581649 46.531870:24.581884 46.532002:24.582286
2008,46.532002:24.582286 46.532200:24.582904 46.532271:24.583569
2009,46.532002:24.582286 46.532636:24.582797 46.533349:24.583199
2010,46.532271:24.583569 46.532113:24.584185 46.531932:24.585011
2011,46.532271:24.583569 46.532977:24.583347 46.533605:24.583065
2012,46.531932:24.585011 46.532338:24.585947 46.532664:24.587180
2013,46.531932:24.585011 46.532627:24.585493 46.533453:24.585905
2014,46.532664:24.587180 46.533103:24.586473 46.533431:24.585873
2015,46.532029:24.587119 46.532470:24.587702 46.533049:24.588081
2016,46.532182:24.589163 46.532224:24.590058 46.532207:24.590689
2017,46.532182:24.589163 46.532793:24.588900 46.533293:24.588779
2018,46.532207:24.590689 46.532104:24.591300 46.531973:24.592155
2019,46.532207:24.590689 46.532475:24.590632 46.532852:24.590854
2020,46.531973:24.592155 46.532222:24.592684 46.532378:24.593138
2021,46.531973:24.592155 46.532286:24.592352 46.532703:24.592361
2022,46.532378:24.593138 46.532093:24.593647 46.531943:24.594132
2023,46.532378:24.593138 46.532709:24.593272 46.533159:24.593174
2024,46.531943:24.594132 46.532085:24.594554 46.532327:24.595157
2025,46.531943:24.594132 46.532204:24.594167 46.532703:24.594090
2026,46.532327:24.595157 46.532131:24.596049 46.532029:24.596619
2027,46.532327:24.595157 46.532833:24.595144 46.533385:24.595015
2028,46.532029:24.596619 46.531937:24.597666 46.531597:24.598533
2029,46.532029:24.596619 46.532993:24.596371 46.533850:24.596349
2030,46.531597:24.598533 46.531877:24.599072 46.532076:24.599581
2031,46.531597:24.598533 46.532110:24.598466 46.532741:24.598280
2032,46.532076:24.599581 46.532344:24.599898 46.532391:24.600197
2033,46.532076:24.599581 46.532730:24.599742 46.533315:24.599883
2034,46.532391:24.600197 46.532626:24.600549 46.533028:24.600780
2035,46.532061:24.602304 46.532225:24.602797 46.532376:24.602990
2036,46.532061:24.602304 46.532588:24.602086 46.533073:24.601925
2037,46.532376:24.602990 46.532444:24.603998 46.532335:24.604881
2038,46.532376:24.602990 46.532284:24.603450 46.532285:24.603894
2039,46.532335:24.604881 46.532424:24.605640 46.532559:24.606599
2040,46.532335:24.604881 46.532873:24.604794 46.533237:24.604851
2041,46.532559:24.606599 46.532498:24.607474 46.532277:24.608358
2042,46.532277:24.608358 46.532701:24.607902 46.533148:24.607358
2043,46.532084:24.608505 46.532080:24.609207 46.531965:24.609577
2044,46.532084:24.608505 46.532785:24.608247 46.533524:24.607951
2045,46.531965:24.609577 46.532608:24.609586 46.533237:24.609539
2046,46.533142:24.519155 46.533102:24.520426 46.533123:24.521496
2047,46.533142:24.519155 46.533569:24.519878 46.534113:24.520648
2048,46.533123:24.521496 46.533222:24.522151 46.533499:24.522452
2049,46.533123:24.521496 46.533482:24.521370 46.533856:24.521261
2050,46.533499:24.522452 46.533531:24.523171 46.533639:24.523620
2051,46.533499:24.522452 46.533800:24.522756 46.534021:24.523019
2052,46.533639:24.523620 46.533419:24.523902 46.533105:24.524372
2053,46.533639:24.523620 46.533725:24.523379 46.533891:24.523186
2054,46.533105:24.524372 46.533714:24.524775 46.534393:24.525064
2055,46.532886:24.526166 46.533290:24.527141 46.533663:24.528059
2056,46.532886:24.526166 46.533442:24.526547 46.534113:24.526989
2057,46.533663:24.528059 46.533280:24.528579 46.532775:24.529365
2058,46.533663:24.528059 46.533707:24.527760 46.533922:24.527665
2059,46.532775:24.529365 46.533016:24.529834 46.533317:24.530332
2060,46.532775:24.529365 46.533498:24.529267 46.534270:24.529309
2061,46.533317:24.530332 46.533239:24.530980 46.533160:24.531605
2062,46.533317:24.530332 46.533808:24.530707 46.534047:24.530882
2063,46.532967:24.532265 46.532958:24.533628 46.533122:24.534912
2064,46.532967:24.532265 46.533918:24.532319 46.534849:24.532132
2065,46.533122:24.534912 46.533935:24.534554 46.534693:24.534199
2066,46.533642:24.535530 46.533931:24.535424 46.534266:24.535505
2067,46.532897:24.536864 46.533211:24.537684 46.533459:24.538415
2068,46.532897:24.536864 46.533482:24.536665 46.534006:24.536404
2069,46.533459:24.538415 46.533208:24.538865 46.532953:24.539724
2070,46.533459:24.538415 46.533783:24.538684 46.534088:24.538821
2071,46.532953:24.539724 46.533082:24.540411 46.533082:24.541096
2072,46.532953:24.539724 46.533743:24.539587 46.534604:24.539415
2073,46.533082:24.541096 46.532970:24.541370 46.533013:24.541528
2074,46.533082:24.541096 46.533541:24.540731 46.534043:24.540566
2075,46.533013:24.541528 46.533177:24.542644 46.533172:24.543812
2076,46.533013:24.541528 46.533343:24.542290 46.533817:24.542953
2077,46.533172:24.543812 46.533030:24.544285 46.532774:24.544735
2078,46.533172:24.543812 46.533814:24.543730 46.534443:24.543529
2079,46.532774:24.544735 46.533084:24.545364 46.533452:24.545923
2080,46.533452:24.545923 46.533180:24.547126 46.532930:24.548282
2081,46.533452:24.545923 46.533979:24.546149 46.534663:24.546424
2082,46.532930:24.548282 46.533238:24.548846 46.533436:24.549146
2083,46.532930:24.548282 46.533514:24.548144 46.533900:24.547819
2084,46.533436:24.549146 46.533169:24.549813 46.532830:24.550716
2085,46.533436:24.549146 46.533706:24.549074 46.533848:24.548973
2086,46.532830:24.550716 46.533269:24.550214 46.533897:24.549821
2087,46.532588:24.551077 46.533057:24.552182 46.533405:24.553192
2088,46.533405:24.553192 46.533055:24.553523 46.532836:24.553622
2089,46.533405:24.553192 46.533953:24.552871 46.534560:24.552247
2090,46.532836:24.553622 46.533040:24.554179 46.533219:24.554373
2091,46.532836:24.553622 46.533829:24.554164 46.534751:24.554494
2092,46.533219:24.554373 46.533314:24.555458 46.533370:24.556767
2093,46.533219:24.554373 46.533830:24.554817 46.534217:24.555418
2094,46.533370:24.556767 46.533124:24.557322 46.533000:24.558061
2095,46.533370:24.556767 46.533636:24.556777 46.533959:24.556456
2096,46.533000:24.558061 46.533169:24.558775 46.533417:24.559266
2097,46.533000:24.558061 46.533500:24.558138 46.533777:24.557865
2098,46.533417:24.559266 46.533401:24.560264 46.533330:24.561096
2099,46.533417:24.559266 46.533764:24.559413 46.534287:24.559711
2100,46.533330:24.561096 46.533268:24.561326 46.532990:24.561810
2101,46.533330:24.561096 46.534065:24.561028 46.534539:24.560787
2102,46.532990:24.561810 46.533056:24.562823 46.532975:24.563495
2103,46.532990:24.561810 46.533554:24.561741 46.534099:24.561642
2104,46.532975:24.563495 46.533105:24.564083 46.533014:24.564555
2105,46.532975:24.563495 46.533546:24.563217 46.534106:24.563140
2106,46.533014:24.564555 46.533059:24.565147 46.533199:24.565681
2107,46.533199:24.565681 46.533415:24.566324 46.533735:24.566919
2108,46.533199:24.565681 46.533524:24.565588 46.533694:24.565430
2109,46.533735:24.566919 46.534007:24.566722 46.534228:24.566735
2110,46.533633:24.568621 46.533788:24.569047 46.533600:24.569493
2111,46.533633:24.568621 46.534162:24.568246 46.534779:24.568219
2112,46.533600:24.569493 46.533636:24.570329 46.533467:24.571199
2113,46.533600:24.569493 46.534178:24.569887 46.534748:24.570072
2114,46.533467:24.571199 46.533236:24.571645 46.532945:24.572291
2115,46.533467:24.571199 46.533820:24.571178 46.534053:24.571043
2116,46.532945:24.572291 46.532962:24.572895 46.533109:24.573463
2117,46.532945:24.572291 46.533734:24.572221 46.534657:24.572030
2118,46.533109:24.573463 46.533371:24.573983 46.533593:24.574469
2119,46.533109:24.573463 46.533656:24.573432 46.534250:24.573237
2120,46.533593:24.574469 46.533025:24.575041 46.532584:24.575330
2121,46.533593:24.574469 46.533894:24.574523 46.534240:24.574630
2122,46.532584:24.575330 46.532717:24.576138 46.533000:24.577111
2123,46.532584:24.575330 46.533318:24.575948 46.534248:24.576520
2124,46.533000:24.577111 46.533111:24.577901 46.533157:24.578941
2125,46.533157:24.578941 46.533429:24.579569 46.533747:24.580134
2126,46.533157:24.578941 46.533844:24.579143 46.534288:24.579066
2127,46.533747:24.580134 46.534025:24.579761 46.534123:24.579543
2128,46.533309:24.580985 46.533286:24.582107 46.533349:24.583199
2129,46.533349:24.583199 46.533407:24.583187 46.533605:24.583065
2130,46.533349:24.583199 46.533956:24.582740 46.534533:24.582192
2131,46.533605:24.583065 46.533579:24.584456 46.533453:24.585905
2132,46.533605:24.583065 46.534190:24.583321 46.534835:24.583462
2133,46.533453:24.585905 46.533513:24.586011 46.533431:24.585873
2134,46.533453:24.585905 46.534017:24.585911 46.534506:24.585865
2135,46.533431:24.585873 46.533286:24.586840 46.533049:24.588081
2136,46.533049:24.588081 46.533095:24.588598 46.533293:24.588779
2137,46.533049:24.588081 46.533471:24.587571 46.533944:24.587064
2138,46.533293:24.588779 46.533156:24.589769 46.532852:24.590854
2139,46.533293:24.588779 46.533873:24.588942 46.534463:24.589433
2140,46.532852:24.590854 46.532725:24.591638 46.532703:24.592361
2141,46.532703:24.592361 46.532916:24.592767 46.533159:24.593174
2142,46.532703:24.592361 46.533433:24.591899 46.534202:24.591607
2143,46.533159:24.593174 46.533587:24.592985 46.534093:24.592918
2144,46.532703:24.594090 46.533033:24.594535 46.533385:24.595015
2145,46.533385:24.595015 46.533628:24.595638 46.533850:24.596349
2146,46.533385:24.595015 46.534116:24.595642 46.534825:24.596320
2147,46.533850:24.596349 46.533385:24.597360 46.532741:24.598280
2148,46.533850:24.596349 46.533854:24.596445 46.534099:24.596649
2149,46.532741:24.598280 46.532972:24.599080 46.533315:24.599883
2150,46.532741:24.598280 46.533560:24.598544 46.534354:24.598720
2151,46.533315:24.599883 46.533197:24.600346 46.533028:24.600780
2152,46.533028:24.600780 46.533036:24.601259 46.533073:24.601925
2153,46.533073:24.601925 46.532589:24.602932 46.532285:24.603894
2154,46.533073:24.601925 46.533825:24.602293 46.534704:24.602691
2155,46.532285:24.603894 46.532727:24.604287 46.533237:24.604851
2156,46.533237:24.604851 46.533046:24.605439 46.532941:24.606196
2157,46.533237:24.604851 46.533630:24.605108 46.534088:24.605447
2158,46.532941:24.606196 46.533044:24.606626 46.533148:24.607358
2159,46.532941:24.606196 46.533530:24.606234 46.534077:24.606258
2160,46.533148:24.607358 46.533400:24.607485 46.533524:24.607951
2161,46.533524:24.607951 46.533833:24.607878 46.533984:24.607936
2162,46.533237:24.609539 46.533766:24.609810 46.534276:24.609976
2163,46.534113:24.520648 46.534748:24.520362 46.535178:24.520215
2164,46.533856:24.521261 46.533921:24.522172 46.534021:24.523019
2165,46.533856:24.521261 46.534233:24.521259 46.534577:24.521294
2166,46.534021:24.523019 46.534732:24.522815 46.535317:24.522494
2167,46.533891:24.523186 46.534187:24.524102 46.534393:24.525064
2168,46.533891:24.523186 46.534665:24.523888 46.535555:24.524670
2169,46.534393:24.525064 46.534334:24.526074 46.534113:24.526989
2170,46.534393:24.525064 46.534821:24.525013 46.535138:24.524811
2171,46.534113:24.526989 46.534027:24.527406 46.533922:24.527665
2172,46.534113:24.526989 46.534526:24.526825 46.535085:24.526562
2173,46.533922:24.527665 46.534084:24.528343 46.534270:24.529309
2174,46.533922:24.527665 46.534637:24.527597 46.535485:24.527454
2175,46.534270:24.529309 46.534131:24.530011 46.534047:24.530882
2176,46.534270:24.529309 46.534882:24.528988 46.535624:24.528688
2177,46.534047:24.530882 46.534557:24.531348 46.534974:24.531563
2178,46.534047:24.530882 46.534900:24.530757 46.535566:24.530619
2179,46.534974:24.531563 46.534983:24.532009 46.534849:24.532132
2180,46.534974:24.531563 46.535289:24.532114 46.535444:24.532671
2181,46.534849:24.532132 46.534835:24.533195 46.534693:24.534199
2182,46.534849:24.532132 46.534974:24.532555 46.535200:24.532972
2183,46.534693:24.534199 46.534550:24.534760 46.534266:24.535505
2184,46.534693:24.534199 46.535081:24.534499 46.535448:24.534721
2185,46.534266:24.535505 46.534059:24.535923 46.534006:24.536404
2186,46.534266:24.535505 46.534573:24.535620 46.534838:24.535771
2187,46.534006:24.536404 46.533936:24.537582 46.534088:24.538821
2188,46.534006:24.536404 46.534491:24.536877 46.535039:24.537229
2189,46.534088:24.538821 46.534291:24.539033 46.534604:24.539415
2190,46.534088:24.538821 46.534928:24.538525 46.535748:24.538283
2191,46.534604:24.539415 46.534255:24.540042 46.534043:24.540566
2192,46.534604:24.539415 46.534978:24.539574 46.535252:24.539644
2193,46.534043:24.540566 46.534245:24.540872 46.534295:24.541202
2194,46.533817:24.542953 46.534086:24.543218 46.534443:24.543529
2195,46.533817:24.542953 46.534636:24.542680 46.535477:24.542245
2196,46.534443:24.543529 46.534216:24.543746 46.534055:24.544341
2197,46.534443:24.543529 46.534795:24.543358 46.535155:24.543163
2198,46.534055:24.544341 46.534339:24.545377 46.534663:24.546424
2199,46.534663:24.546424 46.534169:24.547154 46.533900:24.547819
2200,46.534663:24.546424 46.535005:24.546550 46.535254:24.546669
2201,46.533900:24.547819 46.533831:24.548416 46.533848:24.548973
2202,46.533900:24.547819 46.534124:24.547403 46.534424:24.547193
2203,46.533848:24.548973 46.533803:24.549438 46.533897:24.549821
2204,46.533897:24.549821 46.534194:24.550838 46.534387:24.551491
2205,46.533897:24.549821 46.534420:24.549713 46.534730:24.549713
2206,46.534387:24.551491 46.534513:24.551927 46.534560:24.552247
2207,46.534387:24.551491 46.535057:24.551114 46.535708:24.550746
2208,46.534560:24.552247 46.534732:24.553426 46.534751:24.554494
2209,46.534560:24.552247 46.534728:24.552130 46.534955:24.552135
2210,46.534217:24.555418 46.534095:24.555931 46.533959:24.556456
2211,46.534217:24.555418 46.534876:24.554773 46.535488:24.554340
2212,46.533959:24.556456 46.533944:24.557025 46.533777:24.557865
2213,46.533959:24.556456 46.534863:24.556345 46.535779:24.556266
2214,46.533777:24.557865 46.534038:24.558766 46.534287:24.559711
2215,46.534287:24.559711 46.534384:24.560255 46.534539:24.560787
2216,46.534287:24.559711 46.534665:24.559195 46.535261:24.558595
2217,46.534539:24.560787 46.534253:24.561226 46.534099:24.561642
2218,46.534539:24.560787 46.534855:24.560504 46.535073:24.560121
2219,46.534099:24.561642 46.534561:24.561634 46.534949:24.561595
2220,46.534106:24.563140 46.533792:24.563867 46.533572:24.564681
2221,46.534106:24.563140 46.534973:24.563010 46.535583:24.563195
2222,46.533572:24.564681 46.533670:24.565174 46.533694:24.565430
2223,46.533572:24.564681 46.534202:24.565057 46.534824:24.565552
2224,46.533694:24.565430 46.534000:24.566032 46.534228:24.566735
2225,46.533694:24.565430 46.534305:24.565519 46.534956:24.565702
2226,46.534228:24.566735 46.534637:24.566919 46.535299:24.567285
2227,46.534779:24.568219 46.534630:24.569200 46.534748:24.570072
2228,46.534779:24.568219 46.534899:24.568245 46.535178:24.568458
2229,46.534748:24.570072 46.535347:24.569845 46.535996:24.569607
2230,46.534053:24.571043 46.534428:24.571552 46.534657:24.572030
2231,46.534053:24.571043 46.534481:24.571022 46.534924:24.571011
2232,46.534657:24.572030 46.534769:24.572027 46.535018:24.572014
2233,46.534250:24.573237 46.534239:24.573977 46.534240:24.574630
2234,46.534250:24.573237 46.534853:24.573366 46.535351:24.573624
2235,46.534240:24.574630 46.534161:24.575609 46.534248:24.576520
2236,46.534248:24.576520 46.534441:24.577159 46.534688:24.577449
2237,46.534248:24.576520 46.534739:24.575923 46.535223:24.575523
2238,46.534688:24.577449 46.534499:24.578221 46.534288:24.579066
2239,46.534688:24.577449 46.535222:24.577319 46.535583:24.577234
2240,46.534288:24.579066 46.534273:24.579252 46.534123:24.579543
2241,46.534288:24.579066 46.534935:24.578634 46.535696:24.578413
2242,46.534123:24.579543 46.534364:24.580222 46.534593:24.580901
2243,46.534593:24.580901 46.534505:24.581606 46.534533:24.582192
2244,46.534593:24.580901 46.534550:24.580748 46.534382:24.580659
2245,46.534533:24.582192 46.534624:24.582779 46.534835:24.583462
2246,46.534533:24.582192 46.534767:24.582628 46.534912:24.583216
2247,46.534835:24.583462 46.534703:24.583958 46.534654:24.584308
2248,46.534506:24.585865 46.534085:24.586595 46.533897:24.587163
2249,46.534506:24.585865 46.535128:24.585543 46.535655:24.585431
2250,46.533897:24.587163 46.533939:24.587186 46.533944:24.587064
2251,46.533897:24.587163 46.534606:24.586686 46.535515:24.586308
2252,46.533944:24.587064 46.534321:24.588273 46.534463:24.589433
2253,46.534463:24.589433 46.534335:24.589437 46.534152:24.589344
2254,46.534463:24.589433 46.534956:24.589284 46.535430:24.589436
2255,46.534152:24.589344 46.534121:24.590478 46.534202:24.591607
2256,46.534152:24.589344 46.534633:24.589542 46.535219:24.590132
2257,46.534202:24.591607 46.534170:24.592251 46.534093:24.592918
2258,46.534202:24.591607 46.534683:24.591825 46.535099:24.591917
2259,46.534093:24.592918 46.533804:24.593349 46.533619:24.594103
2260,46.534093:24.592918 46.534476:24.592704 46.534730:24.592502
2261,46.533619:24.594103 46.534304:24.595230 46.534825:24.596320
2262,46.533619:24.594103 46.534359:24.594056 46.535150:24.594109
2263,46.534825:24.596320 46.534504:24.596436 46.534099:24.596649
2264,46.534825:24.596320 46.535022:24.595366 46.535197:24.594502
2265,46.534099:24.596649 46.534224:24.597701 46.534354:24.598720
2266,46.534099:24.596649 46.534669:24.596702 46.535174:24.596848
2267,46.534354:24.598720 46.534423:24.598854 46.534463:24.599060
2268,46.534354:24.598720 46.534969:24.597955 46.535549:24.597406
2269,46.534463:24.599060 46.534388:24.599948 46.534275:24.600930
2270,46.534463:24.599060 46.534805:24.599444 46.535185:24.599770
2271,46.534275:24.600930 46.534394:24.601912 46.534704:24.602691
2272,46.534275:24.600930 46.534899:24.601082 46.535453:24.601386
2273,46.534704:24.602691 46.534516:24.603333 46.534396:24.604004
2274,46.534704:24.602691 46.535239:24.602364 46.535643:24.601720
2275,46.534396:24.604004 46.534228:24.604719 46.534088:24.605447
2276,46.534396:24.604004 46.534949:24.603652 46.535502:24.603333
2277,46.534088:24.605447 46.534586:24.605409 46.535018:24.605446
2278,46.534077:24.606258 46.534287:24.606779 46.534529:24.606997
2279,46.534077:24.606258 46.534493:24.606037 46.535076:24.605718
2280,46.534529:24.606997 46.534855:24.607138 46.535151:24.607023
2281,46.533984:24.607936 46.534105:24.608867 46.534276:24.609976
2282,46.533984:24.607936 46.534731:24.608338 46.535627:24.608860
2283,46.534276:24.609976 46.535042:24.610242 46.535759:24.610178
2284,46.535178:24.520215 46.534799:24.520792 46.534577:24.521294
2285,46.535178:24.520215 46.535642:24.520364 46.536149:24.520453
2286,46.534577:24.521294 46.534926:24.521896 46.535317:24.522494
2287,46.534577:24.521294 46.535312:24.521134 46.536136:24.521104
2288,46.535317:24.522494 46.535480:24.523613 46.535555:24.524670
2289,46.535555:24.524670 46.535380:24.524684 46.535138:24.524811
2290,46.535555:24.524670 46.536144:24.524279 46.536758:24.523651
2291,46.535138:24.524811 46.535173:24.525758 46.535085:24.526562
2292,46.535138:24.524811 46.535730:24.524934 46.536474:24.525205
2293,46.535085:24.526562 46.535166:24.527043 46.535485:24.527454
2294,46.535085:24.526562 46.535572:24.526260 46.535932:24.526048
2295,46.535485:24.527454 46.535528:24.528106 46.535624:24.528688
2296,46.535485:24.527454 46.535800:24.527666 46.536282:24.528001
2297,46.535624:24.528688 46.535564:24.529526 46.535566:24.530619
2298,46.535624:24.528688 46.536024:24.528876 46.536464:24.529338
2299,46.535566:24.530619 46.535503:24.531716 46.535444:24.532671
2300,46.535566:24.530619 46.535906:24.530357 46.536372:24.530241
2301,46.535444:24.532671 46.535271:24.532813 46.535200:24.532972
2302,46.535444:24.532671 46.536027:24.531993 46.536500:24.531305
2303,46.535200:24.532972 46.535274:24.533768 46.535448:24.534721
2304,46.535200:24.532972 46.535539:24.532993 46.535903:24.532899
2305,46.535448:24.534721 46.535245:24.535325 46.534838:24.535771
2306,46.535448:24.534721 46.535699:24.534469 46.535874:24.534125
2307,46.534838:24.535771 46.534924:24.536581 46.535039:24.537229
2308,46.535039:24.537229 46.535392:24.537690 46.535748:24.538283
2309,46.535039:24.537229 46.535684:24.536971 46.536341:24.536610
2310,46.535748:24.538283 46.535519:24.538931 46.535252:24.539644
2311,46.535748:24.538283 46.535906:24.537914 46.536213:24.537519
2312,46.535252:24.539644 46.534806:24.540246 46.534295:24.541202
2313,46.535252:24.539644 46.535868:24.539350 46.536405:24.539183
2314,46.534295:24.541202 46.535019:24.541745 46.535477:24.542245
2315,46.534295:24.541202 46.535453:24.540421 46.536492:24.539643
2316,46.535477:24.542245 46.535773:24.542235 46.536085:24.542279
2317,46.535155:24.543163 46.535153:24.544089 46.535228:24.545307
2318,46.535155:24.543163 46.535288:24.543101 46.535532:24.543322
2319,46.535228:24.545307 46.535204:24.546000 46.535254:24.546669
2320,46.535228:24.545307 46.535802:24.545164 46.536388:24.544827
2321,46.535254:24.546669 46.534773:24.546862 46.534424:24.547193
2322,46.535254:24.546669 46.535484:24.546557 46.535851:24.546187
2323,46.534424:24.547193 46.534872:24.547764 46.535380:24.548690
2324,46.534424:24.547193 46.535351:24.547050 46.536406:24.546969
2325,46.535380:24.548690 46.535913:24.548786 46.536607:24.548674
2326,46.534730:24.549713 46.535147:24.550322 46.535708:24.550746
2327,46.534730:24.549713 46.535462:24.549806 46.536362:24.549805
2328,46.535708:24.550746 46.535279:24.551422 46.534955:24.552135
2329,46.534955:24.552135 46.535046:24.553162 46.535103:24.554191
2330,46.534955:24.552135 46.535811:24.552563 46.536740:24.552805
2331,46.535103:24.554191 46.535616:24.554017 46.536147:24.553816
2332,46.535488:24.554340 46.535610:24.555321 46.535779:24.556266
2333,46.535488:24.554340 46.535984:24.554592 46.536666:24.555059
2334,46.535779:24.556266 46.535439:24.557564 46.535090:24.558547
2335,46.535779:24.556266 46.536128:24.556473 46.536485:24.556749
2336,46.535090:24.558547 46.535177:24.558756 46.535261:24.558595
2337,46.535090:24.558547 46.535705:24.557665 46.536295:24.556814
2338,46.535261:24.558595 46.535195:24.559379 46.535073:24.560121
2339,46.535261:24.558595 46.535783:24.559018 46.536401:24.559223
2340,46.535073:24.560121 46.535067:24.560868 46.534949:24.561595
2341,46.535073:24.560121 46.535814:24.560253 46.536402:24.560105
2342,46.534949:24.561595 46.535302:24.562416 46.535583:24.563195
2343,46.534949:24.561595 46.535963:24.561648 46.536765:24.561681
2344,46.535583:24.563195 46.535136:24.564389 46.534824:24.565552
2345,46.535583:24.563195 46.535864:24.562817 46.536145:24.562731
2346,46.534824:24.565552 46.534901:24.565627 46.534956:24.565702
2347,46.534824:24.565552 46.535653:24.564717 46.536477:24.563873
2348,46.534956:24.565702 46.535205:24.566517 46.535299:24.567285
2349,46.534956:24.565702 46.535431:24.566105 46.536017:24.566522
2350,46.535299:24.567285 46.535128:24.567808 46.535178:24.568458
2351,46.535299:24.567285 46.535931:24.567325 46.536799:24.567415
2352,46.535178:24.568458 46.535581:24.569026 46.535996:24.569607
2353,46.535178:24.568458 46.535999:24.568561 46.536818:24.568520
2354,46.535996:24.569607 46.535416:24.570385 46.534924:24.571011
2355,46.535996:24.569607 46.535819:24.569844 46.535786:24.570085
2356,46.534924:24.571011 46.535046:24.571614 46.535018:24.572014
2357,46.534924:24.571011 46.535742:24.570964 46.536775:24.571083
2358,46.535018:24.572014 46.535076:24.572838 46.535351:24.573624
2359,46.535018:24.572014 46.535339:24.572379 46.535693:24.572715
2360,46.535351:24.573624 46.535306:24.574474 46.535193:24.575149
2361,46.535351:24.573624 46.536090:24.573438 46.536818:24.573264
2362,46.535193:24.575149 46.535287:24.575246 46.535223:24.575523
2363,46.535193:24.575149 46.535801:24.575178 46.536399:24.575121
2364,46.535223:24.575523 46.535342:24.576444 46.535583:24.577234
2365,46.535223:24.575523 46.535958:24.576068 46.536327:24.576565
2366,46.535583:24.577234 46.535909:24.577414 46.536383:24.577693
2367,46.535696:24.578413 46.535568:24.579216 46.535481:24.580136
2368,46.535696:24.578413 46.535991:24.578272 46.536385:24.578051
2369,46.535481:24.580136 46.534937:24.580259 46.534382:24.580659
2370,46.534382:24.580659 46.534610:24.581961 46.534912:24.583216
2371,46.534382:24.580659 46.535429:24.581337 46.536451:24.581876
2372,46.534912:24.583216 46.534790:24.583791 46.534654:24.584308
2373,46.534912:24.583216 46.535849:24.583193 46.536742:24.583356
2374,46.534654:24.584308 46.535088:24.584732 46.535655:24.585431
2375,46.534654:24.584308 46.535589:24.584139 46.536544:24.583653
2376,46.535655:24.585431 46.535610:24.585968 46.535515:24.586308
2377,46.535655:24.585431 46.536007:24.584873 46.536362:24.584380
2378,46.535515:24.586308 46.535461:24.587237 46.535285:24.587923
2379,46.535515:24.586308 46.535893:24.586562 46.536292:24.586917
2380,46.535285:24.587923 46.535405:24.588629 46.535430:24.589436
2381,46.535285:24.587923 46.535356:24.587837 46.535622:24.587912
2382,46.535430:24.589436 46.535229:24.589782 46.535219:24.590132
2383,46.535430:24.589436 46.536049:24.589584 46.536636:24.589710
2384,46.535219:24.590132 46.535091:24.591028 46.535099:24.591917
2385,46.535219:24.590132 46.535699:24.590206 46.536041:24.590150
2386,46.535099:24.591917 46.534870:24.592235 46.534730:24.592502
2387,46.535099:24.591917 46.535374:24.591519 46.535719:24.591294
2388,46.534730:24.592502 46.534900:24.593434 46.535150:24.594109
2389,46.535150:24.594109 46.535129:24.594369 46.535197:24.594502
2390,46.535150:24.594109 46.535566:24.594637 46.535967:24.594950
2391,46.535197:24.594502 46.535170:24.595736 46.535174:24.596848
2392,46.535197:24.594502 46.535957:24.594854 46.536501:24.595436
2393,46.535174:24.596848 46.535314:24.597041 46.535549:24.597406
2394,46.535174:24.596848 46.536150:24.596320 46.537101:24.595855
2395,46.535549:24.597406 46.535352:24.598522 46.535185:24.599770
2396,46.535549:24.597406 46.535949:24.597833 46.536333:24.598356
2397,46.535185:24.599770 46.535306:24.600636 46.535453:24.601386
2398,46.535185:24.599770 46.536099:24.600038 46.537080:24.600351
2399,46.535453:24.601386 46.535547:24.601504 46.535643:24.601720
2400,46.535453:24.601386 46.536196:24.601154 46.537126:24.600928
2401,46.535643:24.601720 46.535686:24.602581 46.535502:24.603333
2402,46.535643:24.601720 46.536167:24.602281 46.536689:24.602770
2403,46.535502:24.603333 46.535233:24.604397 46.535018:24.605446
2404,46.535502:24.603333 46.536047:24.603497 46.536530:24.603636
2405,46.535018:24.605446 46.535631:24.605095 46.536294:24.604604
2406,46.535076:24.605718 46.535109:24.606290 46.535151:24.607023
2407,46.535076:24.605718 46.535452:24.606372 46.535938:24.606939
2408,46.535151:24.607023 46.535350:24.607889 46.535627:24.608860
2409,46.535151:24.607023 46.535702:24.606676 46.536204:24.606482
2410,46.535627:24.608860 46.535765:24.609538 46.535759:24.610178
2411,46.535627:24.608860 46.536096:24.608851 46.536446:24.608681
2412,46.535759:24.610178 46.536036:24.610502 46.536416:24.610794
2413,46.536149:24.520453 46.536108:24.520723 46.536136:24.521104
2414,46.536149:24.520453 46.536730:24.520189 46.537388:24.519884
2415,46.536136:24.521104 46.536211:24.521859 46.536300:24.522626
2416,46.536136:24.521104 46.536693:24.521230 46.537170:24.521295
2417,46.536300:24.522626 46.536466:24.523220 46.536758:24.523651
2418,46.536300:24.522626 46.536901:24.522673 46.537274:24.522698
2419,46.536758:24.523651 46.536539:24.524483 46.536474:24.525205
2420,46.536758:24.523651 46.537620:24.523872 46.538487:24.524085
2421,46.536474:24.525205 46.536274:24.525598 46.535932:24.526048
2422,46.535932:24.526048 46.536081:24.527073 46.536282:24.528001
2423,46.535932:24.526048 46.536682:24.526522 46.537718:24.526879
2424,46.536282:24.528001 46.536451:24.528682 46.536464:24.529338
2425,46.536282:24.528001 46.537006:24.528167 46.537667:24.528185
2426,46.536464:24.529338 46.536451:24.529782 46.536372:24.530241
2427,46.536464:24.529338 46.537030:24.529554 46.537653:24.529748
2428,46.536372:24.530241 46.536392:24.530874 46.536500:24.531305
2429,46.536500:24.531305 46.536176:24.532055 46.535903:24.532899
2430,46.536500:24.531305 46.537025:24.531564 46.537253:24.531738
2431,46.535903:24.532899 46.535971:24.533471 46.535874:24.534125
2432,46.535903:24.532899 46.536527:24.533159 46.537175:24.533463
2433,46.535874:24.534125 46.536040:24.534848 46.536104:24.535412
2434,46.536104:24.535412 46.536120:24.536070 46.536341:24.536610
2435,46.536104:24.535412 46.536954:24.536099 46.537623:24.536802
2436,46.536341:24.536610 46.536215:24.537000 46.536213:24.537519
2437,46.536341:24.536610 46.537104:24.536462 46.537845:24.536468
2438,46.536213:24.537519 46.536343:24.538291 46.536405:24.539183
2439,46.536213:24.537519 46.536801:24.537976 46.537392:24.538539
2440,46.536405:24.539183 46.536496:24.539365 46.536492:24.539643
2441,46.536405:24.539183 46.536898:24.539459 46.537412:24.539735
2442,46.536492:24.539643 46.536222:24.540926 46.536085:24.542279
2443,46.536492:24.539643 46.537129:24.540306 46.537826:24.541013
2444,46.536085:24.542279 46.535774:24.542793 46.535532:24.543322
2445,46.536085:24.542279 46.536581:24.542305 46.537050:24.542487
2446,46.535532:24.543322 46.536077:24.544031 46.536388:24.544827
2447,46.535532:24.543322 46.536446:24.543435 46.537391:24.543528
2448,46.536388:24.544827 46.536225:24.545421 46.535851:24.546187
2449,46.535851:24.546187 46.536130:24.546438 46.536406:24.546969
2450,46.535851:24.546187 46.536420:24.546141 46.536999:24.545932
2451,46.536406:24.546969 46.536618:24.547814 46.536607:24.548674
2452,46.536406:24.546969 46.536644:24.546571 46.537059:24.546201
2453,46.536607:24.548674 46.536487:24.549194 46.536362:24.549805
2454,46.536607:24.548674 46.537279:24.548359 46.537815:24.548187
2455,46.536362:24.549805 46.536427:24.550577 46.536541:24.551347
2456,46.536362:24.549805 46.536735:24.550175 46.537177:24.550233
2457,46.536541:24.551347 46.536619:24.552064 46.536740:24.552805
2458,46.536740:24.552805 46.536447:24.553391 46.536147:24.553816
2459,46.536740:24.552805 46.536885:24.552830 46.537162:24.552898
2460,46.536147:24.553816 46.536346:24.554423 46.536666:24.555059
2461,46.536147:24.553816 46.536782:24.554031 46.537260:24.554047
2462,46.536666:24.555059 46.536556:24.555829 46.536485:24.556749
2463,46.536666:24.555059 46.537057:24.555081 46.537460:24.555217
2464,46.536485:24.556749 46.536387:24.556823 46.536295:24.556814
2465,46.536485:24.556749 46.536662:24.556215 46.536801:24.555878
2466,46.536295:24.556814 46.536271:24.557936 46.536401:24.559223
2467,46.536295:24.556814 46.536934:24.557723 46.537410:24.558444
2468,46.536401:24.559223 46.536370:24.559716 46.536402:24.560105
2469,46.536401:24.559223 46.536873:24.559410 46.537238:24.559364
2470,46.536402:24.560105 46.536686:24.561064 46.536765:24.561681
2471,46.536402:24.560105 46.537028:24.560261 46.537479:24.560647
2472,46.536765:24.561681 46.536459:24.562176 46.536145:24.562731
2473,46.536765:24.561681 46.537314:24.561388 46.537762:24.561082
2474,46.536145:24.562731 46.536421:24.563341 46.536477:24.563873
2475,46.536145:24.562731 46.536807:24.562831 46.537517:24.562966
2476,46.536477:24.563873 46.536277:24.565154 46.536017:24.566522
2477,46.536477:24.563873 46.537021:24.563918 46.537317:24.563974
2478,46.536017:24.566522 46.536312:24.567113 46.536799:24.567415
2479,46.536017:24.566522 46.536562:24.565800 46.537156:24.565201
2480,46.536799:24.567415 46.536799:24.567876 46.536818:24.568520
2481,46.536799:24.567415 46.536928:24.567845 46.537049:24.568057
2482,46.536818:24.568520 46.536333:24.569251 46.535786:24.570085
2483,46.536818:24.568520 46.537337:24.568244 46.538003:24.568265
2484,46.535786:24.570085 46.536395:24.570687 46.536775:24.571083
2485,46.535786:24.570085 46.536779:24.569676 46.537677:24.569137
2486,46.536775:24.571083 46.536277:24.571887 46.535693:24.572715
2487,46.535693:24.572715 46.536254:24.572937 46.536818:24.573264
2488,46.535693:24.572715 46.536620:24.572686 46.537472:24.572805
2489,46.536818:24.573264 46.536545:24.574226 46.536399:24.575121
2490,46.536818:24.573264 46.537217:24.573059 46.537409:24.573040
2491,46.536399:24.575121 46.536365:24.575842 46.536327:24.576565
2492,46.536399:24.575121 46.536965:24.574697 46.537341:24.574345
2493,46.536327:24.576565 46.536326:24.577130 46.536383:24.577693
2494,46.536383:24.577693 46.536329:24.577944 46.536385:24.578051
2495,46.536383:24.577693 46.536828:24.577288 46.537287:24.577035
2496,46.536385:24.578051 46.536180:24.579900 46.536019:24.581380
2497,46.536385:24.578051 46.536790:24.578190 46.537122:24.578288
2498,46.536019:24.581380 46.536325:24.581581 46.536451:24.581876
2499,46.536019:24.581380 46.536749:24.581027 46.537504:24.580611
2500,46.536451:24.581876 46.536558:24.582635 46.536742:24.583356
2501,46.536451:24.581876 46.536812:24.582024 46.537352:24.582285
2502,46.536742:24.583356 46.536634:24.583459 46.536544:24.583653
2503,46.536742:24.583356 46.536843:24.583087 46.536872:24.582729
2504,46.536544:24.583653 46.536433:24.584155 46.536362:24.584380
2505,46.536544:24.583653 46.536801:24.583654 46.537029:24.583842
2506,46.536362:24.584380 46.536338:24.585621 46.536292:24.586917
2507,46.536362:24.584380 46.536872:24.584963 46.537459:24.585462
2508,46.536292:24.586917 46.535944:24.587594 46.535622:24.587912
2509,46.536292:24.586917 46.536976:24.586626 46.537809:24.586278
2510,46.535622:24.587912 46.536147:24.588766 46.536636:24.589710
2511,46.535622:24.587912 46.536335:24.587774 46.537000:24.587744
2512,46.536636:24.589710 46.536335:24.590008 46.536041:24.590150
2513,46.536636:24.589710 46.537076:24.589142 46.537524:24.588824
2514,46.536041:24.590150 46.535866:24.590796 46.535719:24.591294
2515,46.535719:24.591294 46.536182:24.592538 46.536537:24.593947
2516,46.535719:24.591294 46.536308:24.591560 46.536939:24.591898
2517,46.536537:24.593947 46.536239:24.594407 46.535967:24.594950
2518,46.536537:24.593947 46.537085:24.593053 46.537770:24.592201
2519,46.535967:24.594950 46.536248:24.595077 46.536501:24.595436
2520,46.535967:24.594950 46.536644:24.594643 46.537494:24.594249
2521,46.536501:24.595436 46.536751:24.595767 46.537101:24.595855
2522,46.536501:24.595436 46.536656:24.595772 46.536938:24.596229
2523,46.537101:24.595855 46.536694:24.597123 46.536333:24.598356
2524,46.537101:24.595855 46.537390:24.596318 46.537498:24.596747
2525,46.536333:24.598356 46.536712:24.599481 46.537080:24.600351
2526,46.536333:24.598356 46.536948:24.598568 46.537575:24.598543
2527,46.537080:24.600351 46.537174:24.600645 46.537126:24.600928
2528,46.537080:24.600351 46.537409:24.600009 46.537686:24.599820
2529,46.537126:24.600928 46.536897:24.601794 46.536689:24.602770
2530,46.537126:24.600928 46.537267:24.600472 46.537563:24.600354
2531,46.536689:24.602770 46.536602:24.603197 46.536530:24.603636
2532,46.536689:24.602770 46.536916:24.602349 46.537280:24.602230
2533,46.536530:24.603636 46.536432:24.604083 46.536294:24.604604
2534,46.536530:24.603636 46.536537:24.603968 46.536480:24.604413
2535,46.536294:24.604604 46.536030:24.605706 46.535938:24.606939
2536,46.536294:24.604604 46.536835:24.604549 46.537294:24.604320
2537,46.535938:24.606939 46.536058:24.606533 46.536204:24.606482
2538,46.535938:24.606939 46.536517:24.606677 46.536803:24.606196
2539,46.536204:24.606482 46.536274:24.607662 46.536446:24.608681
2540,46.536204:24.606482 46.536913:24.606747 46.537435:24.607135
2541,46.536446:24.608681 46.536504:24.609781 46.536416:24.610794
2542,46.536446:24.608681 46.536842:24.608424 46.537282:24.608306
2543,46.537388:24.519884 46.537269:24.520498 46.537170:24.521295
2544,46.537388:24.519884 46.537812:24.520157 46.538272:24.520298
2545,46.537170:24.521295 46.537179:24.521931 46.537274:24.522698
2546,46.537170:24.521295 46.537886:24.521397 46.538443:24.521362
2547,46.537274:24.522698 46.537917:24.523485 46.538487:24.524085
2548,46.537274:24.522698 46.537979:24.522845 46.538630:24.523166
2549,46.538487:24.524085 46.537836:24.525126 46.537132:24.526062
2550,46.537132:24.526062 46.537399:24.526347 46.537718:24.526879
2551,46.537718:24.526879 46.537729:24.527392 46.537667:24.528185
2552,46.537718:24.526879 46.538002:24.526851 46.538375:24.526821
2553,46.537667:24.528185 46.538136:24.527989 46.538569:24.527656
2554,46.537767:24.531025 46.537357:24.531444 46.537253:24.531738
2555,46.537767:24.531025 46.538043:24.530879 46.538601:24.530885
2556,46.537253:24.531738 46.537175:24.532529 46.537175:24.533463
2557,46.537253:24.531738 46.537950:24.531468 46.538619:24.531137
2558,46.537175:24.533463 46.537479:24.533767 46.537707:24.534144
2559,46.537175:24.533463 46.537850:24.533329 46.538419:24.533141
2560,46.537707:24.534144 46.537722:24.535270 46.537623:24.536802
2561,46.537707:24.534144 46.537890:24.534226 46.538178:24.534500
2562,46.537623:24.536802 46.537857:24.536574 46.537845:24.536468
2563,46.537623:24.536802 46.537992:24.535974 46.538423:24.535286
2564,46.537845:24.536468 46.537772:24.537556 46.537392:24.538539
2565,46.537845:24.536468 46.537941:24.536872 46.538068:24.537312
2566,46.537392:24.538539 46.537449:24.539101 46.537412:24.539735
2567,46.537392:24.538539 46.537956:24.538134 46.538613:24.537872
2568,46.537412:24.539735 46.537702:24.540570 46.537826:24.541013
2569,46.537412:24.539735 46.537759:24.539722 46.538146:24.539956
2570,46.537826:24.541013 46.537405:24.541836 46.537050:24.542487
2571,46.537826:24.541013 46.538273:24.540934 46.538695:24.540736
2572,46.537050:24.542487 46.537329:24.542939 46.537391:24.543528
2573,46.537050:24.542487 46.537962:24.542302 46.539035:24.542047
2574,46.537391:24.543528 46.537345:24.543918 46.537231:24.544177
2575,46.537231:24.544177 46.537159:24.545103 46.536999:24.545932
2576,46.537231:24.544177 46.538037:24.544696 46.538427:24.544934
2577,46.536999:24.545932 46.537002:24.546128 46.537059:24.546201
2578,46.536999:24.545932 46.537619:24.545808 46.538504:24.545648
2579,46.537059:24.546201 46.537399:24.547389 46.537815:24.548187
2580,46.537059:24.546201 46.537619:24.546875 46.538087:24.547306
2581,46.537815:24.548187 46.537435:24.549334 46.537177:24.550233
2582,46.537177:24.550233 46.536863:24.551130 46.536602:24.551892
2583,46.537177:24.550233 46.538004:24.550239 46.538955:24.550097
2584,46.536602:24.551892 46.536804:24.552432 46.537162:24.552898
2585,46.536602:24.551892 46.537376:24.551578 46.538112:24.551421
2586,46.537162:24.552898 46.537226:24.553525 46.537260:24.554047
2587,46.537162:24.552898 46.537947:24.552458 46.538685:24.552215
2588,46.537260:24.554047 46.537394:24.554613 46.537460:24.555217
2589,46.537260:24.554047 46.537607:24.554123 46.537766:24.554069
2590,46.537460:24.555217 46.537058:24.555550 46.536801:24.555878
2591,46.537460:24.555217 46.537846:24.555344 46.538113:24.555410
2592,46.536801:24.555878 46.537254:24.556183 46.537840:24.556460
2593,46.537410:24.558444 46.537787:24.557786 46.538216:24.557178
2594,46.537238:24.559364 46.537299:24.560026 46.537479:24.560647
2595,46.537238:24.559364 46.537867:24.559279 46.538409:24.559205
2596,46.537479:24.560647 46.537936:24.560261 46.538302:24.559918
2597,46.537762:24.561082 46.537568:24.562064 46.537517:24.562966
2598,46.537762:24.561082 46.538130:24.561002 46.538564:24.560973
2599,46.537517:24.562966 46.537403:24.563352 46.537317:24.563974
2600,46.537517:24.562966 46.538098:24.563170 46.538674:24.563258
2601,46.537317:24.563974 46.537258:24.564576 46.537156:24.565201
2602,46.537156:24.565201 46.537095:24.566647 46.537049:24.568057
2603,46.537156:24.565201 46.537886:24.565354 46.538612:24.565768
2604,46.537049:24.568057 46.537619:24.568130 46.538003:24.568265
2605,46.537049:24.568057 46.537719:24.567224 46.538501:24.566376
2606,46.538003:24.568265 46.537755:24.568729 46.537677:24.569137
2607,46.538003:24.568265 46.538436:24.568282 46.538989:24.568491
2608,46.537677:24.569137 46.536979:24.569827 46.536475:24.570071
2609,46.537677:24.569137 46.538010:24.569085 46.538394:24.569064
2610,46.536475:24.570071 46.537064:24.571455 46.537472:24.572805
2611,46.536475:24.570071 46.537572:24.570720 46.538996:24.571102
2612,46.537472:24.572805 46.537810:24.572706 46.538088:24.572468
2613,46.537409:24.573040 46.538265:24.573192 46.539136:24.573468
2614,46.537341:24.574345 46.537169:24.575112 46.536948:24.575985
2615,46.536948:24.575985 46.537516:24.576191 46.538278:24.576556
2616,46.537287:24.577035 46.537250:24.577719 46.537122:24.578288
2617,46.537122:24.578288 46.537793:24.578701 46.538449:24.579042
2618,46.537504:24.580611 46.537873:24.580453 46.538388:24.580319
2619,46.537352:24.582285 46.537072:24.582498 46.536872:24.582729
2620,46.537352:24.582285 46.538081:24.581596 46.538773:24.580860
2621,46.536872:24.582729 46.536982:24.583371 46.537029:24.583842
2622,46.536872:24.582729 46.537428:24.582543 46.538127:24.582576
2623,46.537029:24.583842 46.537182:24.584440 46.537459:24.585462
2624,46.537029:24.583842 46.537891:24.583965 46.538775:24.584034
2625,46.537459:24.585462 46.538198:24.584951 46.538913:24.584616
2626,46.537809:24.586278 46.537505:24.587085 46.537000:24.587744
2627,46.537000:24.587744 46.537202:24.588261 46.537524:24.588824
2628,46.537000:24.587744 46.537786:24.587888 46.538526:24.587967
2629,46.537524:24.588824 46.537589:24.590094 46.537728:24.591173
2630,46.537524:24.588824 46.537722:24.588969 46.538162:24.589031
2631,46.537728:24.591173 46.537394:24.591583 46.536939:24.591898
2632,46.537728:24.591173 46.537945:24.590976 46.538096:24.590551
2633,46.536939:24.591898 46.537388:24.591960 46.537770:24.592201
2634,46.536939:24.591898 46.537545:24.591636 46.538203:24.591523
2635,46.537770:24.592201 46.537676:24.593213 46.537494:24.594249
2636,46.537770:24.592201 46.538154:24.592472 46.538566:24.592758
2637,46.537494:24.594249 46.537236:24.595331 46.536938:24.596229
2638,46.537494:24.594249 46.538272:24.594076 46.538882:24.594070
2639,46.536938:24.596229 46.537331:24.596550 46.537498:24.596747
2640,46.536938:24.596229 46.537752:24.596086 46.538780:24.595776
2641,46.537498:24.596747 46.537397:24.597701 46.537575:24.598543
2642,46.537498:24.596747 46.537905:24.596994 46.538140:24.596861
2643,46.537575:24.598543 46.537637:24.599193 46.537686:24.599820
2644,46.537575:24.598543 46.537928:24.598442 46.538207:24.598103
2645,46.537686:24.599820 46.537972:24.600010 46.538399:24.600359
2646,46.537563:24.600354 46.537425:24.601323 46.537280:24.602230
2647,46.537563:24.600354 46.537858:24.600837 46.538349:24.601554
2648,46.537280:24.602230 46.536957:24.603368 46.536480:24.604413
2649,46.537280:24.602230 46.537932:24.601866 46.538643:24.601604
2650,46.536480:24.604413 46.536895:24.604314 46.537294:24.604320
2651,46.536480:24.604413 46.537190:24.603981 46.537707:24.603774
2652,46.537294:24.604320 46.537068:24.605382 46.536803:24.606196
2653,46.537294:24.604320 46.537537:24.604716 46.537816:24.605096
2654,46.537435:24.607135 46.537373:24.607670 46.537282:24.608306
2655,46.537282:24.608306 46.537334:24.609157 46.537168:24.609957
2656,46.537282:24.608306 46.537929:24.608466 46.538579:24.608564
2657,46.538272:24.520298 46.538259:24.520872 46.538443:24.521362
2658,46.538272:24.520298 46.539066:24.520053 46.539956:24.519729
2659,46.538443:24.521362 46.538387:24.522306 46.538630:24.523166
2660,46.538443:24.521362 46.539030:24.520981 46.539688:24.520802
2661,46.538630:24.523166 46.538596:24.523551 46.538697:24.524013
2662,46.538630:24.523166 46.538935:24.522522 46.539318:24.522010
2663,46.538697:24.524013 46.538596:24.524530 46.538436:24.524864
2664,46.538436:24.524864 46.538441:24.525922 46.538375:24.526821
2665,46.538436:24.524864 46.539058:24.525001 46.539663:24.525003
2666,46.538375:24.526821 46.538402:24.527178 46.538569:24.527656
2667,46.538375:24.526821 46.539140:24.526555 46.539767:24.526371
2668,46.538569:24.527656 46.538422:24.527940 46.538037:24.528458
2669,46.538569:24.527656 46.539085:24.527825 46.539686:24.527945
2670,46.538037:24.528458 46.538895:24.528279 46.539743:24.528051
2671,46.538601:24.530885 46.538538:24.530962 46.538619:24.531137
2672,46.538619:24.531137 46.538463:24.532048 46.538419:24.533141
2673,46.538419:24.533141 46.538278:24.533829 46.538178:24.534500
2674,46.538419:24.533141 46.538894:24.532941 46.539480:24.532803
2675,46.538178:24.534500 46.538365:24.534957 46.538423:24.535286
2676,46.538423:24.535286 46.538231:24.536307 46.538068:24.537312
2677,46.538423:24.535286 46.539365:24.535634 46.540202:24.535874
2678,46.538068:24.537312 46.538283:24.537557 46.538613:24.537872
2679,46.538068:24.537312 46.538771:24.537401 46.539490:24.537272
2680,46.538613:24.537872 46.538309:24.538812 46.538146:24.539956
2681,46.538613:24.537872 46.538887:24.537969 46.539293:24.538066
2682,46.538146:24.539956 46.538707:24.539857 46.539371:24.539469
2683,46.538695:24.540736 46.538752:24.541393 46.539035:24.542047
2684,46.538695:24.540736 46.539298:24.540639 46.539823:24.540660
2685,46.539035:24.542047 46.538428:24.542999 46.538131:24.543957
2686,46.539035:24.542047 46.539285:24.541995 46.539668:24.541957
2687,46.538131:24.543957 46.538291:24.544480 46.538427:24.544934
2688,46.538131:24.543957 46.538923:24.543122 46.539858:24.542279
2689,46.538427:24.544934 46.538447:24.545308 46.538504:24.545648
2690,46.538427:24.544934 46.538955:24.544772 46.539489:24.544856
2691,46.538504:24.545648 46.538330:24.546497 46.538087:24.547306
2692,46.538504:24.545648 46.538838:24.546060 46.539194:24.546528
2693,46.538087:24.547306 46.538573:24.547927 46.538971:24.548256
2694,46.538087:24.547306 46.538776:24.547730 46.539633:24.547949
2695,46.538971:24.548256 46.538970:24.549243 46.538955:24.550097
2696,46.538955:24.550097 46.538533:24.550751 46.538112:24.551421
2697,46.538955:24.550097 46.539313:24.549835 46.539509:24.549527
2698,46.538112:24.551421 46.538433:24.551791 46.538685:24.552215
2699,46.538685:24.552215 46.538170:24.553258 46.537766:24.554069
2700,46.538685:24.552215 46.539135:24.552387 46.539644:24.552406
2701,46.537766:24.554069 46.538050:24.554672 46.538113:24.555410
2702,46.538113:24.555410 46.539060:24.555288 46.539957:24.555013
2703,46.537840:24.556460 46.538083:24.556806 46.538216:24.557178
2704,46.537840:24.556460 46.538575:24.556617 46.539477:24.556924
2705,46.538216:24.557178 46.538382:24.558266 46.538409:24.559205
2706,46.538216:24.557178 46.538910:24.557309 46.539560:24.557299
2707,46.538409:24.559205 46.538340:24.559640 46.538302:24.559918
2708,46.538409:24.559205 46.539154:24.559084 46.539699:24.559046
2709,46.538302:24.559918 46.538332:24.560487 46.538564:24.560973
2710,46.538302:24.559918 46.538689:24.560293 46.538863:24.560521
2711,46.538564:24.560973 46.539003:24.561169 46.539203:24.561416
2712,46.538674:24.563258 46.538868:24.563982 46.539063:24.564735
2713,46.538674:24.563258 46.539234:24.563231 46.539722:24.563174
2714,46.539063:24.564735 46.538760:24.565148 46.538612:24.565768
2715,46.539063:24.564735 46.539334:24.564982 46.539461:24.565291
2716,46.538612:24.565768 46.538589:24.566077 46.538501:24.566376
2717,46.538612:24.565768 46.539184:24.565531 46.539701:24.565385
2718,46.538501:24.566376 46.538811:24.567371 46.538989:24.568491
2719,46.538501:24.566376 46.539021:24.566770 46.539639:24.566904
2720,46.538989:24.568491 46.538783:24.568874 46.538394:24.569064
2721,46.538394:24.569064 46.538780:24.570084 46.538996:24.571102
2722,46.538394:24.569064 46.538747:24.569790 46.539089:24.570463
2723,46.538996:24.571102 46.538458:24.571757 46.538088:24.572468
2724,46.538996:24.571102 46.539243:24.570967 46.539497:24.570750
2725,46.538088:24.572468 46.538663:24.572500 46.539368:24.572600
2726,46.539136:24.573468 46.538993:24.573991 46.538628:24.574601
2727,46.538628:24.574601 46.538447:24.575598 46.538278:24.576556
2728,46.538278:24.576556 46.538908:24.576985 46.539539:24.577442
2729,46.538278:24.576556 46.538932:24.576230 46.539520:24.576250
2730,46.539539:24.577442 46.539021:24.578168 46.538449:24.579042
2731,46.539539:24.577442 46.539438:24.577438 46.539413:24.577318
2732,46.538449:24.579042 46.538454:24.579760 46.538388:24.580319
2733,46.538449:24.579042 46.538761:24.578863 46.538975:24.578443
2734,46.538388:24.580319 46.538559:24.580705 46.538773:24.580860
2735,46.538773:24.580860 46.538504:24.581813 46.538127:24.582576
2736,46.538773:24.580860 46.539307:24.581003 46.539970:24.581418
2737,46.538127:24.582576 46.538404:24.583272 46.538775:24.584034
2738,46.538775:24.584034 46.538891:24.584392 46.538913:24.584616
2739,46.538775:24.584034 46.539265:24.583991 46.539870:24.584349
2740,46.538913:24.584616 46.538808:24.585453 46.538659:24.586250
2741,46.538913:24.584616 46.539026:24.585059 46.539355:24.585566
2742,46.538659:24.586250 46.538626:24.587084 46.538526:24.587967
2743,46.538659:24.586250 46.539026:24.586277 46.539451:24.586292
2744,46.538526:24.587967 46.538410:24.588585 46.538162:24.589031
2745,46.538526:24.587967 46.539215:24.588388 46.539963:24.588765
2746,46.538162:24.589031 46.538097:24.589676 46.538096:24.590551
2747,46.538162:24.589031 46.538704:24.589447 46.539229:24.589884
2748,46.538096:24.590551 46.538118:24.590885 46.538203:24.591523
2749,46.538203:24.591523 46.538373:24.592124 46.538566:24.592758
2750,46.538203:24.591523 46.538920:24.591658 46.539651:24.591900
2751,46.538566:24.592758 46.538777:24.593495 46.538882:24.594070
2752,46.538566:24.592758 46.539192:24.592860 46.539686:24.592889
2753,46.538882:24.594070 46.538877:24.594916 46.538780:24.595776
2754,46.538882:24.594070 46.538980:24.594307 46.539126:24.594361
2755,46.538780:24.595776 46.538423:24.596358 46.538140:24.596861
2756,46.538780:24.595776 46.539323:24.595916 46.539850:24.595993
2757,46.538140:24.596861 46.538201:24.597289 46.538207:24.598103
2758,46.538140:24.596861 46.539028:24.597150 46.539782:24.597434
2759,46.538207:24.598103 46.538478:24.599232 46.538399:24.600359
2760,46.538207:24.598103 46.538640:24.598112 46.539225:24.598243
2761,46.538399:24.600359 46.538387:24.601043 46.538349:24.601554
2762,46.538349:24.601554 46.538592:24.601537 46.538643:24.601604
2763,46.538349:24.601554 46.538878:24.601340 46.539612:24.601094
2764,46.538643:24.601604 46.538283:24.602734 46.537707:24.603774
2765,46.538643:24.601604 46.539189:24.602375 46.539604:24.603084
2766,46.537707:24.603774 46.538328:24.603588 46.538823:24.603468
2767,46.537816:24.605096 46.538275:24.605650 46.538841:24.606257
2768,46.537816:24.605096 46.539110:24.604989 46.540394:24.604885
2769,46.538841:24.606257 46.538654:24.606906 46.538420:24.607282
2770,46.538841:24.606257 46.538872:24.606213 46.538942:24.606145
2771,46.538420:24.607282 46.538887:24.607189 46.539076:24.607097
2772,46.538579:24.608564 46.538507:24.609090 46.538310:24.609839
2773,46.538310:24.609839 46.538954:24.609951 46.539715:24.610290
2774,46.539956:24.519729 46.540388:24.519849 46.540970:24.520087
2775,46.539688:24.520802 46.539961:24.520921 46.540338:24.521262
2776,46.539318:24.522010 46.539467:24.523142 46.539492:24.524211
2777,46.539492:24.524211 46.539675:24.524536 46.539663:24.525003
2778,46.539492:24.524211 46.539958:24.524077 46.540402:24.523757
2779,46.539767:24.526371 46.539741:24.527290 46.539686:24.527945
2780,46.539767:24.526371 46.540170:24.526338 46.540597:24.526365
2781,46.539686:24.527945 46.539597:24.527950 46.539743:24.528051
2782,46.539686:24.527945 46.540202:24.528300 46.540640:24.528434
2783,46.539743:24.528051 46.540332:24.528652 46.540728:24.529116
2784,46.539118:24.530772 46.539439:24.531930 46.539523:24.532716
2785,46.539523:24.532716 46.539516:24.532695 46.539480:24.532803
2786,46.539523:24.532716 46.540150:24.532021 46.540754:24.531361
2787,46.539480:24.532803 46.539733:24.533697 46.540065:24.534590
2788,46.539480:24.532803 46.540074:24.532692 46.540772:24.532578
2789,46.540065:24.534590 46.540512:24.534586 46.540672:24.534316
2790,46.539490:24.537272 46.540040:24.537084 46.540502:24.537063
2791,46.539293:24.538066 46.540003:24.538507 46.540646:24.538993
2792,46.539371:24.539469 46.539969:24.539344 46.540540:24.539333
2793,46.539823:24.540660 46.539589:24.541418 46.539668:24.541957
2794,46.539668:24.541957 46.539617:24.542110 46.539858:24.542279
2795,46.539668:24.541957 46.540205:24.542161 46.540706:24.542474
2796,46.539858:24.542279 46.539669:24.543625 46.539489:24.544856
2797,46.539858:24.542279 46.540039:24.543489 46.540161:24.544551
2798,46.539489:24.544856 46.539246:24.545825 46.539194:24.546528
2799,46.539489:24.544856 46.540362:24.544876 46.541247:24.544769
2800,46.539194:24.546528 46.539481:24.547342 46.539633:24.547949
2801,46.539194:24.546528 46.539736:24.546378 46.540220:24.546154
2802,46.539633:24.547949 46.540275:24.547212 46.540767:24.546425
2803,46.539885:24.548975 46.540261:24.548470 46.540632:24.548056
2804,46.539509:24.549527 46.539569:24.550316 46.539485:24.551104
2805,46.539509:24.549527 46.540007:24.549961 46.540781:24.550598
2806,46.539485:24.551104 46.539627:24.551797 46.539644:24.552406
2807,46.539485:24.551104 46.540322:24.550982 46.540975:24.550652
2808,46.539644:24.552406 46.540140:24.552796 46.540593:24.553218
2809,46.539644:24.552406 46.540314:24.552726 46.541092:24.553001
2810,46.540593:24.553218 46.540605:24.553631 46.540506:24.554130
2811,46.539957:24.555013 46.539684:24.555941 46.539477:24.556924
2812,46.539957:24.555013 46.540610:24.555082 46.541138:24.555074
2813,46.539477:24.556924 46.539550:24.557184 46.539560:24.557299
2814,46.539477:24.556924 46.540039:24.556597 46.540622:24.556280
2815,46.539560:24.557299 46.539628:24.558064 46.539699:24.559046
2816,46.539560:24.557299 46.540351:24.557144 46.541017:24.556893
2817,46.539699:24.559046 46.539263:24.559724 46.538863:24.560521
2818,46.539699:24.559046 46.540472:24.558959 46.541105:24.558711
2819,46.538863:24.560521 46.538913:24.560833 46.539203:24.561416
2820,46.538863:24.560521 46.539872:24.560115 46.540939:24.559731
2821,46.539203:24.561416 46.539745:24.561495 46.540312:24.561480
2822,46.539722:24.563174 46.539551:24.564199 46.539461:24.565291
2823,46.539722:24.563174 46.540237:24.562734 46.540906:24.562341
2824,46.539461:24.565291 46.539551:24.565380 46.539701:24.565385
2825,46.539461:24.565291 46.540171:24.564652 46.540830:24.564073
2826,46.539701:24.565385 46.539559:24.566290 46.539639:24.566904
2827,46.539701:24.565385 46.540314:24.565392 46.541045:24.565517
2828,46.539639:24.566904 46.540130:24.566913 46.540791:24.566882
2829,46.538814:24.567576 46.539977:24.567853 46.541231:24.568105
2830,46.539089:24.570463 46.539409:24.570563 46.539497:24.570750
2831,46.539089:24.570463 46.539909:24.570521 46.540619:24.570424
2832,46.539497:24.570750 46.539471:24.571837 46.539368:24.572600
2833,46.539497:24.570750 46.540120:24.571072 46.540653:24.571167
2834,46.539368:24.572600 46.539598:24.573567 46.539569:24.574219
2835,46.539368:24.572600 46.539766:24.572284 46.540379:24.572260
2836,46.539569:24.574219 46.539776:24.573841 46.539863:24.573524
2837,46.539826:24.575497 46.539598:24.575838 46.539520:24.576250
2838,46.539826:24.575497 46.540086:24.574944 46.540409:24.574132
2839,46.539520:24.576250 46.539329:24.576785 46.539413:24.577318
2840,46.539520:24.576250 46.539741:24.576436 46.540150:24.576581
2841,46.539413:24.577318 46.539196:24.577942 46.538975:24.578443
2842,46.539413:24.577318 46.540039:24.577127 46.540771:24.576735
2843,46.538975:24.578443 46.539092:24.579156 46.539238:24.579717
2844,46.538975:24.578443 46.540096:24.578574 46.541238:24.578394
2845,46.539970:24.581418 46.539991:24.582096 46.539973:24.582981
2846,46.539970:24.581418 46.540092:24.580988 46.540244:24.580604
2847,46.539973:24.582981 46.540012:24.583526 46.539870:24.584349
2848,46.539973:24.582981 46.540224:24.583163 46.540376:24.583120
2849,46.539870:24.584349 46.539525:24.585063 46.539355:24.585566
2850,46.539870:24.584349 46.540423:24.583950 46.540948:24.583229
2851,46.539355:24.585566 46.539452:24.585991 46.539451:24.586292
2852,46.539355:24.585566 46.540154:24.585363 46.541033:24.585232
2853,46.539451:24.586292 46.540160:24.586341 46.540796:24.586544
2854,46.539963:24.588765 46.539604:24.589314 46.539229:24.589884
2855,46.539963:24.588765 46.540397:24.588014 46.540766:24.587393
2856,46.539229:24.589884 46.539558:24.590017 46.539840:24.590067
2857,46.539229:24.589884 46.539812:24.589380 46.540321:24.588826
2858,46.539840:24.590067 46.539831:24.590993 46.539651:24.591900
2859,46.539840:24.590067 46.540164:24.590566 46.540503:24.590703
2860,46.539651:24.591900 46.539748:24.592480 46.539686:24.592889
2861,46.539651:24.591900 46.539958:24.592177 46.540218:24.592429
2862,46.539686:24.592889 46.540042:24.592805 46.540414:24.592789
2863,46.539126:24.594361 46.539909:24.594430 46.540864:24.594536
2864,46.539850:24.595993 46.539668:24.596656 46.539782:24.597434
2865,46.539782:24.597434 46.539502:24.597823 46.539225:24.598243
2866,46.539782:24.597434 46.540125:24.596871 46.540290:24.596264
2867,46.539225:24.598243 46.539461:24.599020 46.539674:24.599998
2868,46.539225:24.598243 46.540127:24.598545 46.541012:24.598730
2869,46.539674:24.599998 46.539666:24.600485 46.539612:24.601094
2870,46.539674:24.599998 46.540437:24.599767 46.541256:24.599781
2871,46.539612:24.601094 46.539630:24.601844 46.539604:24.603084
2872,46.539612:24.601094 46.540133:24.601191 46.540739:24.601197
2873,46.539604:24.603084 46.539134:24.603155 46.538823:24.603468
2874,46.539604:24.603084 46.540335:24.602605 46.540948:24.602062
2875,46.538823:24.603468 46.539587:24.604159 46.540394:24.604885
2876,46.538823:24.603468 46.539812:24.604053 46.540746:24.604411
2877,46.540394:24.604885 46.539695:24.605588 46.538942:24.606145
2878,46.540394:24.604885 46.540201:24.604807 46.540057:24.604174
2879,46.538942:24.606145 46.539045:24.606539 46.539076:24.607097
2880,46.538942:24.606145 46.539666:24.606330 46.540303:24.606413
2881,46.539076:24.607097 46.539298:24.608143 46.539635:24.609439
2882,46.539076:24.607097 46.540039:24.607124 46.541027:24.607245
2883,46.539635:24.609439 46.539801:24.609774 46.539715:24.610290
2884,46.539635:24.609439 46.540122:24.609122 46.540853:24.608675
2885,46.539715:24.610290 46.540242:24.610056 46.540728:24.609766
2886,46.540970:24.520087 46.540596:24.520571 46.540338:24.521262
2887,46.540970:24.520087 46.541285:24.520051 46.541686:24.519998
2888,46.540338:24.521262 46.540592:24.521900 46.540741:24.522489
2889,46.540338:24.521262 46.541181:24.521749 46.542076:24.522271
2890,46.540741:24.522489 46.540525:24.523035 46.540402:24.523757
2891,46.540741:24.522489 46.540841:24.522692 46.541083:24.522839
2892,46.540402:24.523757 46.540270:24.524234 46.540121:24.524773
2893,46.540402:24.523757 46.541042:24.523983 46.541693:24.524332
2894,46.540121:24.524773 46.540238:24.525559 46.540597:24.526365
2895,46.540121:24.524773 46.541075:24.525366 46.542053:24.525556
2896,46.540597:24.526365 46.540714:24.527514 46.540640:24.528434
2897,46.540597:24.526365 46.541278:24.526232 46.541967:24.526110
2898,46.540640:24.528434 46.540618:24.528850 46.540728:24.529116
2899,46.540640:24.528434 46.540803:24.528578 46.541120:24.528549
2900,46.540728:24.529116 46.540450:24.529446 46.540232:24.529968
2901,46.540728:24.529116 46.541462:24.528947 46.542102:24.528718
2902,46.540232:24.529968 46.540522:24.530635 46.540754:24.531361
2903,46.540232:24.529968 46.541291:24.530326 46.542130:24.530724
2904,46.540754:24.531361 46.540835:24.531761 46.540772:24.532578
2905,46.540754:24.531361 46.540770:24.531789 46.540868:24.532129
2906,46.540772:24.532578 46.540706:24.533431 46.540672:24.534316
2907,46.540772:24.532578 46.541114:24.533053 46.541362:24.533549
2908,46.540672:24.534316 46.541074:24.534118 46.541465:24.534026
2909,46.540963:24.535482 46.540668:24.536196 46.540502:24.537063
2910,46.540963:24.535482 46.540953:24.535600 46.541174:24.535558
2911,46.540502:24.537063 46.540534:24.538017 46.540646:24.538993
2912,46.540502:24.537063 46.541406:24.536845 46.542038:24.536666
2913,46.540646:24.538993 46.540650:24.539278 46.540540:24.539333
2914,46.540646:24.538993 46.540928:24.539012 46.541068:24.539190
2915,46.540540:24.539333 46.540618:24.540160 46.540520:24.541075
2916,46.540540:24.539333 46.541492:24.539529 46.542317:24.539864
2917,46.540520:24.541075 46.541094:24.540836 46.541514:24.540344
2918,46.540706:24.542474 46.540453:24.543426 46.540161:24.544551
2919,46.540706:24.542474 46.540960:24.542547 46.541142:24.542416
2920,46.540161:24.544551 46.541111:24.543894 46.542133:24.543019
2921,46.541247:24.544769 46.540744:24.545381 46.540220:24.546154
2922,46.541247:24.544769 46.541480:24.544840 46.541695:24.544662
2923,46.540220:24.546154 46.540512:24.546127 46.540767:24.546425
2924,46.540220:24.546154 46.540891:24.546268 46.541608:24.546304
2925,46.540767:24.546425 46.540682:24.547227 46.540632:24.548056
2926,46.540632:24.548056 46.540683:24.549242 46.540781:24.550598
2927,46.540632:24.548056 46.541397:24.548639 46.541982:24.549168
2928,46.540781:24.550598 46.540815:24.550706 46.540975:24.550652
2929,46.540781:24.550598 46.541292:24.550398 46.541599:24.549935
2930,46.540975:24.550652 46.541157:24.551179 46.541242:24.551772
2931,46.541092:24.553001 46.540870:24.553624 46.540506:24.554130
2932,46.541092:24.553001 46.541284:24.552816 46.541516:24.552325
2933,46.540506:24.554130 46.540849:24.554619 46.541138:24.555074
2934,46.540506:24.554130 46.541139:24.553942 46.541718:24.553541
2935,46.541138:24.555074 46.540857:24.555718 46.540622:24.556280
2936,46.541138:24.555074 46.541216:24.555115 46.541343:24.555088
2937,46.540622:24.556280 46.541400:24.556371 46.542196:24.556433
2938,46.541017:24.556893 46.541498:24.556878 46.541873:24.557190
2939,46.541105:24.558711 46.541080:24.559261 46.541038:24.559919
2940,46.540939:24.559731 46.541234:24.559713 46.541561:24.559767
2941,46.540312:24.561480 46.540500:24.562004 46.540906:24.562341
2942,46.540312:24.561480 46.541026:24.561741 46.541659:24.562003
2943,46.540906:24.562341 46.540835:24.563117 46.540830:24.564073
2944,46.540906:24.562341 46.541041:24.562452 46.541112:24.562661
2945,46.540830:24.564073 46.540949:24.564736 46.541045:24.565517
2946,46.540830:24.564073 46.541249:24.563986 46.541782:24.563948
2947,46.541045:24.565517 46.540950:24.566217 46.540791:24.566882
2948,46.541045:24.565517 46.541440:24.565972 46.541964:24.566070
2949,46.540791:24.566882 46.541287:24.566811 46.541844:24.566770
2950,46.541231:24.568105 46.540905:24.569232 46.540619:24.570424
2951,46.541231:24.568105 46.541471:24.567955 46.541679:24.567986
2952,46.540619:24.570424 46.540618:24.570744 46.540653:24.571167
2953,46.540653:24.571167 46.540513:24.571737 46.540379:24.572260
2954,46.540653:24.571167 46.541161:24.571181 46.541594:24.571292
2955,46.540379:24.572260 46.540175:24.572815 46.539863:24.573524
2956,46.540379:24.572260 46.541478:24.572132 46.542571:24.571936
2957,46.539863:24.573524 46.540195:24.573788 46.540409:24.574132
2958,46.539863:24.573524 46.540813:24.573693 46.541811:24.573836
2959,46.540409:24.574132 46.541186:24.574434 46.541913:24.574679
2960,46.540150:24.576581 46.540422:24.576583 46.540771:24.576735
2961,46.540150:24.576581 46.540807:24.576699 46.541533:24.576523
2962,46.540771:24.576735 46.541461:24.577222 46.541906:24.577611
2963,46.541238:24.578394 46.540782:24.579445 46.540503:24.580107
2964,46.541238:24.578394 46.541274:24.578763 46.541423:24.578970
2965,46.540503:24.580107 46.540337:24.580470 46.540244:24.580604
2966,46.540503:24.580107 46.541138:24.580060 46.541964:24.579920
2967,46.540244:24.580604 46.540352:24.581877 46.540376:24.583120
2968,46.540244:24.580604 46.541132:24.581408 46.541913:24.582248
2969,46.540376:24.583120 46.540656:24.583141 46.541060:24.582872
2970,46.540948:24.583229 46.540940:24.584173 46.541033:24.585232
2971,46.540948:24.583229 46.541132:24.583406 46.541299:24.583320
2972,46.541033:24.585232 46.540937:24.586113 46.540796:24.586544
2973,46.541033:24.585232 46.541255:24.585355 46.541615:24.585455
2974,46.540796:24.586544 46.540814:24.586904 46.540766:24.587393
2975,46.540796:24.586544 46.541285:24.586407 46.541712:24.586015
2976,46.540766:24.587393 46.540921:24.587502 46.541208:24.587584
2977,46.540321:24.588826 46.540355:24.589848 46.540503:24.590703
2978,46.540503:24.590703 46.540306:24.591589 46.540218:24.592429
2979,46.540218:24.592429 46.540295:24.592672 46.540414:24.592789
2980,46.540218:24.592429 46.540786:24.592085 46.541411:24.591671
2981,46.540414:24.592789 46.540867:24.592787 46.541509:24.592789
2982,46.540864:24.594536 46.540730:24.594956 46.540513:24.595189
2983,46.540864:24.594536 46.541226:24.594336 46.541709:24.594218
2984,46.540513:24.595189 46.540437:24.595672 46.540290:24.596264
2985,46.540513:24.595189 46.541155:24.595117 46.541905:24.595137
2986,46.540290:24.596264 46.540617:24.597490 46.541012:24.598730
2987,46.540290:24.596264 46.540745:24.597003 46.541192:24.597805
2988,46.541012:24.598730 46.541102:24.599361 46.541256:24.599781
2989,46.541012:24.598730 46.541241:24.598711 46.541669:24.598595
2990,46.541256:24.599781 46.540943:24.600505 46.540739:24.601197
2991,46.541256:24.599781 46.541574:24.599812 46.542094:24.599806
2992,46.540739:24.601197 46.540732:24.601812 46.540948:24.602062
2993,46.540739:24.601197 46.541209:24.600754 46.541707:24.600192
2994,46.540948:24.602062 46.540836:24.603113 46.540746:24.604411
2995,46.540948:24.602062 46.541161:24.602407 46.541152:24.602600
2996,46.540746:24.604411 46.540309:24.604298 46.540057:24.604174
2997,46.540746:24.604411 46.541346:24.604059 46.541924:24.603726
2998,46.540057:24.604174 46.540180:24.605287 46.540303:24.606413
2999,46.540057:24.604174 46.540609:24.604037 46.541133:24.603854
3000,46.540303:24.606413 46.540712:24.606630 46.541027:24.607245
3001,46.541027:24.607245 46.541433:24.607142 46.541749:24.606946
3002,46.540853:24.608675 46.540806:24.609201 46.540728:24.609766
3003,46.540853:24.608675 46.541609:24.608458 46.542231:24.608424
3004,46.540728:24.609766 46.541068:24.610076 46.541504:24.610377
3005,46.541686:24.519998 46.541997:24.521125 46.542076:24.522271
3006,46.541686:24.519998 46.542383:24.519872 46.542874:24.519608
3007,46.542076:24.522271 46.541496:24.522548 46.541083:24.522839
3008,46.542076:24.522271 46.542509:24.522141 46.543041:24.522143
3009,46.541083:24.522839 46.541494:24.523631 46.541693:24.524332
3010,46.541083:24.522839 46.541640:24.522660 46.542346:24.522500
3011,46.541693:24.524332 46.541764:24.524904 46.542053:24.525556
3012,46.541693:24.524332 46.542049:24.523657 46.542397:24.523066
3013,46.542053:24.525556 46.542060:24.525804 46.541967:24.526110
3014,46.541967:24.526110 46.541649:24.527283 46.541120:24.528549
3015,46.541967:24.526110 46.542562:24.526307 46.543094:24.526709
3016,46.541120:24.528549 46.541490:24.528639 46.542102:24.528718
3017,46.541120:24.528549 46.541660:24.528200 46.542079:24.527814
3018,46.542102:24.528718 46.542001:24.529893 46.542130:24.530724
3019,46.542102:24.528718 46.542207:24.528611 46.542536:24.528617
3020,46.542130:24.530724 46.541527:24.531505 46.540868:24.532129
3021,46.542130:24.530724 46.542237:24.530709 46.542387:24.530769
3022,46.540868:24.532129 46.541074:24.532806 46.541362:24.533549
3023,46.540868:24.532129 46.541776:24.532341 46.542662:24.532598
3024,46.541362:24.533549 46.541383:24.533839 46.541465:24.534026
3025,46.541362:24.533549 46.542107:24.532879 46.542923:24.532209
3026,46.541465:24.534026 46.541324:24.534749 46.541174:24.535558
3027,46.541465:24.534026 46.542344:24.534419 46.543067:24.534894
3028,46.541174:24.535558 46.541697:24.536259 46.542038:24.536666
3029,46.541174:24.535558 46.541977:24.535295 46.542773:24.535122
3030,46.542038:24.536666 46.541627:24.538035 46.541068:24.539190
3031,46.542038:24.536666 46.542733:24.536575 46.543364:24.536382
3032,46.541068:24.539190 46.541742:24.539542 46.542317:24.539864
3033,46.541068:24.539190 46.541925:24.538278 46.542734:24.537427
3034,46.542317:24.539864 46.541894:24.540144 46.541514:24.540344
3035,46.542317:24.539864 46.542449:24.539420 46.542336:24.538821
3036,46.541514:24.540344 46.541420:24.541293 46.541142:24.542416
3037,46.541514:24.540344 46.542338:24.540748 46.543133:24.541385
3038,46.541142:24.542416 46.541641:24.542798 46.542133:24.543019
3039,46.541142:24.542416 46.541884:24.542041 46.542625:24.541580
3040,46.542133:24.543019 46.541872:24.543809 46.541695:24.544662
3041,46.541695:24.544662 46.541739:24.545491 46.541608:24.546304
3042,46.541608:24.546304 46.542061:24.546716 46.542400:24.547115
3043,46.541608:24.546304 46.542205:24.546325 46.542728:24.546395
3044,46.542400:24.547115 46.542108:24.548071 46.541982:24.549168
3045,46.542400:24.547115 46.542490:24.547395 46.542788:24.547588
3046,46.541982:24.549168 46.541742:24.549458 46.541599:24.549935
3047,46.541982:24.549168 46.542143:24.548269 46.542337:24.547604
3048,46.541599:24.549935 46.541425:24.550809 46.541242:24.551772
3049,46.541599:24.549935 46.542177:24.549913 46.542869:24.549598
3050,46.541242:24.551772 46.541308:24.551993 46.541516:24.552325
3051,46.541242:24.551772 46.541957:24.551435 46.542720:24.551139
3052,46.541516:24.552325 46.541646:24.552956 46.541718:24.553541
3053,46.541516:24.552325 46.542165:24.552316 46.542927:24.552270
3054,46.541718:24.553541 46.541513:24.554424 46.541343:24.555088
3055,46.541718:24.553541 46.542530:24.553640 46.543256:24.553927
3056,46.541343:24.555088 46.541878:24.555876 46.542196:24.556433
3057,46.541343:24.555088 46.542026:24.555389 46.542943:24.555494
3058,46.542196:24.556433 46.542036:24.556858 46.541873:24.557190
3059,46.542196:24.556433 46.542655:24.556637 46.543117:24.556699
3060,46.541873:24.557190 46.541502:24.558374 46.541038:24.559919
3061,46.541873:24.557190 46.542013:24.557439 46.542165:24.557550
3062,46.541038:24.559919 46.541270:24.559853 46.541561:24.559767
3063,46.541038:24.559919 46.542215:24.559587 46.543399:24.559338
3064,46.541561:24.559767 46.541584:24.560890 46.541659:24.562003
3065,46.541561:24.559767 46.542203:24.560277 46.542954:24.560640
3066,46.541659:24.562003 46.541397:24.562439 46.541112:24.562661
3067,46.541112:24.562661 46.541506:24.563434 46.541782:24.563948
3068,46.541112:24.562661 46.541790:24.563115 46.542542:24.563553
3069,46.541782:24.563948 46.541855:24.565103 46.541964:24.566070
3070,46.541964:24.566070 46.541977:24.566413 46.541844:24.566770
3071,46.541964:24.566070 46.542492:24.566212 46.542933:24.566484
3072,46.541844:24.566770 46.541688:24.567411 46.541679:24.567986
3073,46.541679:24.567986 46.541688:24.568907 46.541651:24.569703
3074,46.541679:24.567986 46.542516:24.568102 46.543359:24.568410
3075,46.541651:24.569703 46.541588:24.570540 46.541594:24.571292
3076,46.541651:24.569703 46.542369:24.569710 46.543171:24.569660
3077,46.541594:24.571292 46.542105:24.571592 46.542571:24.571936
3078,46.541594:24.571292 46.542084:24.571189 46.542651:24.570944
3079,46.542571:24.571936 46.542204:24.572943 46.541811:24.573836
3080,46.542571:24.571936 46.542514:24.571833 46.542378:24.571647
3081,46.541811:24.573836 46.541899:24.574165 46.541913:24.574679
3082,46.541811:24.573836 46.542158:24.573422 46.542458:24.573247
3083,46.541913:24.574679 46.541726:24.575651 46.541533:24.576523
3084,46.541913:24.574679 46.542088:24.574689 46.542297:24.574737
3085,46.541533:24.576523 46.541746:24.577018 46.541906:24.577611
3086,46.541533:24.576523 46.542150:24.576806 46.542867:24.576982
3087,46.541906:24.577611 46.541637:24.578156 46.541423:24.578970
3088,46.541906:24.577611 46.542669:24.577334 46.543395:24.577369
3089,46.541423:24.578970 46.541712:24.579435 46.541964:24.579920
3090,46.541423:24.578970 46.542284:24.578715 46.543066:24.578599
3091,46.541964:24.579920 46.541929:24.581140 46.541913:24.582248
3092,46.541964:24.579920 46.542482:24.580059 46.542897:24.579985
3093,46.541913:24.582248 46.541472:24.582493 46.541060:24.582872
3094,46.541913:24.582248 46.542134:24.581683 46.542577:24.581338
3095,46.541060:24.582872 46.541203:24.583087 46.541299:24.583320
3096,46.541060:24.582872 46.541724:24.582841 46.542254:24.582803
3097,46.541299:24.583320 46.541479:24.584291 46.541615:24.585455
3098,46.541615:24.585455 46.541621:24.585723 46.541712:24.586015
3099,46.541615:24.585455 46.542069:24.585530 46.542639:24.585462
3100,46.541712:24.586015 46.541411:24.586909 46.541208:24.587584
3101,46.541712:24.586015 46.542092:24.586589 46.542529:24.586732
3102,46.541208:24.587584 46.541414:24.588177 46.541700:24.588769
3103,46.541208:24.587584 46.542192:24.587909 46.542959:24.588516
3104,46.541700:24.588769 46.541419:24.589885 46.541186:24.591198
3105,46.541186:24.591198 46.541201:24.591452 46.541411:24.591671
3106,46.541411:24.591671 46.541362:24.592138 46.541509:24.592789
3107,46.541411:24.591671 46.542185:24.591818 46.542853:24.592073
3108,46.541509:24.592789 46.541599:24.593565 46.541709:24.594218
3109,46.541509:24.592789 46.541917:24.592927 46.542257:24.592785
3110,46.541709:24.594218 46.541799:24.594733 46.541905:24.595137
3111,46.541709:24.594218 46.542603:24.594425 46.543335:24.594222
3112,46.541905:24.595137 46.541591:24.596515 46.541192:24.597805
3113,46.541905:24.595137 46.542656:24.595275 46.543508:24.595329
3114,46.541192:24.597805 46.541433:24.598308 46.541669:24.598595
3115,46.541669:24.598595 46.541790:24.599394 46.542094:24.599806
3116,46.541669:24.598595 46.542440:24.598368 46.542982:24.598378
3117,46.542094:24.599806 46.541940:24.599737 46.541707:24.600192
3118,46.541707:24.600192 46.541380:24.601307 46.541152:24.602600
3119,46.541707:24.600192 46.542126:24.600137 46.542676:24.600245
3120,46.541152:24.602600 46.541548:24.603118 46.541924:24.603726
3121,46.541152:24.602600 46.541977:24.602670 46.542734:24.602594
3122,46.541924:24.603726 46.541631:24.603760 46.541133:24.603854
3123,46.541924:24.603726 46.542458:24.603764 46.543018:24.604023
3124,46.541133:24.603854 46.541159:24.604725 46.541337:24.605572
3125,46.541133:24.603854 46.542129:24.604348 46.543061:24.604762
3126,46.541337:24.605572 46.541547:24.606162 46.541749:24.606946
3127,46.541337:24.605572 46.542074:24.605922 46.542972:24.606164
3128,46.541749:24.606946 46.541979:24.607822 46.542231:24.608424
3129,46.541749:24.606946 46.541989:24.607477 46.542302:24.608152
3130,46.542231:24.608424 46.541835:24.609466 46.541504:24.610377
3131,46.542231:24.608424 46.542577:24.608344 46.542892:24.608229
3132,46.542874:24.519608 46.543526:24.520162 46.544175:24.520642
3133,46.543041:24.522143 46.542772:24.522274 46.542346:24.522500
3134,46.543041:24.522143 46.542956:24.521915 46.542779:24.521551
3135,46.542346:24.522500 46.543383:24.522178 46.544360:24.522187
3136,46.542397:24.523066 46.542719:24.524408 46.542975:24.525522
3137,46.542397:24.523066 46.542732:24.523659 46.543188:24.524037
3138,46.542975:24.525522 46.543037:24.526078 46.543094:24.526709
3139,46.542975:24.525522 46.543559:24.525453 46.543947:24.525373
3140,46.543094:24.526709 46.542599:24.527218 46.542079:24.527814
3141,46.543094:24.526709 46.543329:24.526514 46.543446:24.526314
3142,46.542079:24.527814 46.542965:24.527936 46.543898:24.528158
3143,46.542536:24.528617 46.542432:24.529744 46.542387:24.530769
3144,46.542387:24.530769 46.542456:24.531768 46.542662:24.532598
3145,46.542387:24.530769 46.542960:24.530229 46.543622:24.529384
3146,46.542662:24.532598 46.542741:24.532320 46.542923:24.532209
3147,46.542662:24.532598 46.543381:24.532138 46.544203:24.531680
3148,46.542923:24.532209 46.542971:24.533532 46.543067:24.534894
3149,46.542923:24.532209 46.543329:24.532378 46.543792:24.532603
3150,46.543067:24.534894 46.542985:24.535047 46.542773:24.535122
3151,46.543067:24.534894 46.543562:24.534148 46.544085:24.533549
3152,46.542773:24.535122 46.543057:24.535783 46.543364:24.536382
3153,46.542773:24.535122 46.543267:24.535333 46.543868:24.535706
3154,46.543364:24.536382 46.543003:24.536810 46.542734:24.537427
3155,46.543364:24.536382 46.543753:24.536909 46.543935:24.537538
3156,46.542734:24.537427 46.542425:24.538159 46.542336:24.538821
3157,46.542734:24.537427 46.543150:24.537895 46.543796:24.538303
3158,46.542336:24.538821 46.542672:24.540100 46.543133:24.541385
3159,46.542336:24.538821 46.543318:24.538816 46.544128:24.538873
3160,46.543133:24.541385 46.542786:24.541607 46.542625:24.541580
3161,46.543133:24.541385 46.543339:24.541224 46.543729:24.540900
3162,46.542742:24.543644 46.542478:24.543983 46.542243:24.544275
3163,46.542243:24.544275 46.542438:24.545397 46.542728:24.546395
3164,46.542243:24.544275 46.542753:24.544254 46.543314:24.544122
3165,46.542728:24.546395 46.542770:24.547086 46.542788:24.547588
3166,46.542728:24.546395 46.543068:24.546174 46.543333:24.546149
3167,46.542788:24.547588 46.542505:24.547647 46.542337:24.547604
3168,46.542788:24.547588 46.543263:24.547799 46.543902:24.547714
3169,46.542337:24.547604 46.542522:24.548600 46.542869:24.549598
3170,46.542337:24.547604 46.543255:24.548070 46.544116:24.548449
3171,46.542869:24.549598 46.542763:24.550338 46.542720:24.551139
3172,46.542869:24.549598 46.543507:24.550020 46.544202:24.550366
3173,46.542720:24.551139 46.542766:24.551691 46.542927:24.552270
3174,46.542720:24.551139 46.543410:24.551365 46.543995:24.551519
3175,46.542927:24.552270 46.543059:24.553049 46.543256:24.553927
3176,46.542927:24.552270 46.543008:24.552531 46.543383:24.552770
3177,46.543256:24.553927 46.543052:24.554809 46.542943:24.555494
3178,46.543256:24.553927 46.543334:24.553787 46.543471:24.553380
3179,46.542943:24.555494 46.543103:24.556041 46.543117:24.556699
3180,46.542943:24.555494 46.543334:24.555471 46.543709:24.555280
3181,46.543117:24.556699 46.542599:24.557142 46.542165:24.557550
3182,46.543117:24.556699 46.543498:24.556559 46.543812:24.556374
3183,46.542165:24.557550 46.542853:24.558450 46.543399:24.559338
3184,46.542165:24.557550 46.542806:24.557775 46.543483:24.557909
3185,46.543399:24.559338 46.543273:24.560165 46.542954:24.560640
3186,46.543399:24.559338 46.543533:24.559019 46.543573:24.558501
3187,46.542954:24.560640 46.542720:24.561003 46.542543:24.561441
3188,46.542954:24.560640 46.543380:24.560985 46.543863:24.561085
3189,46.542543:24.561441 46.542603:24.562568 46.542542:24.563553
3190,46.542542:24.563553 46.542727:24.564339 46.542887:24.565131
3191,46.542542:24.563553 46.543456:24.563656 46.544312:24.563810
3192,46.542887:24.565131 46.542890:24.565897 46.542933:24.566484
3193,46.542887:24.565131 46.543342:24.564712 46.543728:24.564253
3194,46.542933:24.566484 46.543488:24.566662 46.543904:24.566973
3195,46.542919:24.566436 46.543122:24.567489 46.543359:24.568410
3196,46.542919:24.566436 46.543428:24.566920 46.543877:24.567402
3197,46.543359:24.568410 46.543226:24.569013 46.543171:24.569660
3198,46.543359:24.568410 46.543692:24.567902 46.543985:24.567446
3199,46.543171:24.569660 46.542874:24.570318 46.542651:24.570944
3200,46.542651:24.570944 46.543335:24.570975 46.543981:24.570917
3201,46.542378:24.571647 46.543345:24.571797 46.544454:24.572053
3202,46.542458:24.573247 46.542368:24.573869 46.542297:24.574737
3203,46.542458:24.573247 46.543077:24.573366 46.543938:24.573512
3204,46.542297:24.574737 46.542444:24.575742 46.542867:24.576982
3205,46.542297:24.574737 46.543052:24.575304 46.543879:24.575820
3206,46.542867:24.576982 46.543101:24.577271 46.543395:24.577369
3207,46.542867:24.576982 46.543399:24.576861 46.543930:24.576747
3208,46.543395:24.577369 46.543224:24.578004 46.543066:24.578599
3209,46.543395:24.577369 46.543738:24.577203 46.544283:24.577119
3210,46.543066:24.578599 46.543499:24.578516 46.544069:24.578525
3211,46.542897:24.579985 46.542790:24.580632 46.542577:24.581338
3212,46.542577:24.581338 46.542391:24.581938 46.542254:24.582803
3213,46.542577:24.581338 46.543377:24.581190 46.543838:24.581094
3214,46.542254:24.582803 46.542544:24.583194 46.542663:24.583434
3215,46.542663:24.583434 46.542691:24.584585 46.542639:24.585462
3216,46.542663:24.583434 46.543300:24.584038 46.544076:24.584666
3217,46.542639:24.585462 46.542558:24.586017 46.542529:24.586732
3218,46.542639:24.585462 46.543373:24.585482 46.544049:24.585678
3219,46.542529:24.586732 46.542747:24.587742 46.542959:24.588516
3220,46.542529:24.586732 46.543388:24.586849 46.544315:24.587010
3221,46.542959:24.588516 46.543713:24.587825 46.544430:24.587185
3222,46.542389:24.589081 46.542634:24.590161 46.542939:24.591099
3223,46.542389:24.589081 46.543468:24.589033 46.544514:24.589143
3224,46.542939:24.591099 46.542885:24.591621 46.542853:24.592073
3225,46.542939:24.591099 46.543045:24.590514 46.543221:24.590147
3226,46.542853:24.592073 46.543042:24.591788 46.543344:24.591729
3227,46.542257:24.592785 46.542853:24.593618 46.543335:24.594222
3228,46.542257:24.592785 46.542775:24.592661 46.543311:24.592592
3229,46.543335:24.594222 46.543411:24.594759 46.543508:24.595329
3230,46.543335:24.594222 46.543784:24.594332 46.543934:24.594418
3231,46.542667:24.596250 46.542716:24.597334 46.542982:24.598378
3232,46.542667:24.596250 46.543284:24.596672 46.543796:24.596990
3233,46.542982:24.598378 46.543223:24.599027 46.543459:24.599639
3234,46.542982:24.598378 46.543478:24.598387 46.543828:24.598162
3235,46.543459:24.599639 46.543131:24.599905 46.542676:24.600245
3236,46.543459:24.599639 46.543749:24.599285 46.544137:24.598844
3237,46.542676:24.600245 46.542743:24.601405 46.542734:24.602594
3238,46.542676:24.600245 46.543230:24.600587 46.543658:24.600930
3239,46.542734:24.602594 46.542897:24.603301 46.543018:24.604023
3240,46.542734:24.602594 46.543289:24.602201 46.543690:24.601926
3241,46.543018:24.604023 46.543022:24.604403 46.543061:24.604762
3242,46.543018:24.604023 46.543360:24.603846 46.543678:24.603572
3243,46.543061:24.604762 46.543013:24.605541 46.542972:24.606164
3244,46.543061:24.604762 46.543587:24.604768 46.544266:24.604699
3245,46.542972:24.606164 46.542549:24.607330 46.542302:24.608152
3246,46.542972:24.606164 46.543401:24.606183 46.543737:24.606247
3247,46.542302:24.608152 46.542990:24.607374 46.543746:24.606522
3248,46.542892:24.608229 46.542834:24.609121 46.542896:24.610128
3249,46.542892:24.608229 46.543366:24.608396 46.543924:24.608526
3250,46.542896:24.610128 46.543186:24.610104 46.543630:24.610283
3251,46.544175:24.520642 46.543498:24.521148 46.542779:24.521551
3252,46.544175:24.520642 46.544565:24.520313 46.544914:24.519746
3253,46.542779:24.521551 46.543579:24.521923 46.544360:24.522187
3254,46.542779:24.521551 46.543414:24.521154 46.544137:24.520531
3255,46.544360:24.522187 46.543820:24.523209 46.543188:24.524037
3256,46.543188:24.524037 46.543543:24.524849 46.543947:24.525373
3257,46.543188:24.524037 46.544100:24.524015 46.545052:24.524013
3258,46.543947:24.525373 46.543746:24.525804 46.543446:24.526314
3259,46.543947:24.525373 46.544275:24.525088 46.544731:24.524649
3260,46.543446:24.526314 46.543730:24.527375 46.543898:24.528158
3261,46.543446:24.526314 46.543976:24.526506 46.544515:24.526459
3262,46.543898:24.528158 46.544343:24.528693 46.544590:24.529261
3263,46.543898:24.528158 46.544208:24.528129 46.544496:24.528166
3264,46.544590:24.529261 46.544148:24.529289 46.543622:24.529384
3265,46.544590:24.529261 46.544479:24.528825 46.544434:24.528325
3266,46.543622:24.529384 46.543832:24.530419 46.544203:24.531680
3267,46.543622:24.529384 46.544269:24.529531 46.544830:24.529636
3268,46.544203:24.531680 46.543957:24.532097 46.543792:24.532603
3269,46.544203:24.531680 46.544839:24.531458 46.545468:24.531293
3270,46.543792:24.532603 46.543937:24.533150 46.544085:24.533549
3271,46.543792:24.532603 46.544325:24.532700 46.544880:24.532934
3272,46.544085:24.533549 46.544009:24.534506 46.543868:24.535706
3273,46.544085:24.533549 46.544353:24.533625 46.544611:24.533553
3274,46.543868:24.535706 46.543946:24.536589 46.543935:24.537538
3275,46.543868:24.535706 46.544030:24.535866 46.544247:24.536041
3276,46.543935:24.537538 46.543963:24.537993 46.543796:24.538303
3277,46.543935:24.537538 46.544499:24.537752 46.545256:24.537930
3278,46.543796:24.538303 46.543899:24.538732 46.544128:24.538873
3279,46.543796:24.538303 46.544083:24.538532 46.544387:24.538513
3280,46.544128:24.538873 46.544589:24.539253 46.544893:24.539946
3281,46.543729:24.540900 46.544247:24.541132 46.544719:24.541194
3282,46.544162:24.541817 46.544139:24.542755 46.544110:24.543650
3283,46.544162:24.541817 46.544622:24.542154 46.545212:24.542447
3284,46.544110:24.543650 46.543687:24.543873 46.543314:24.544122
3285,46.543314:24.544122 46.543340:24.545038 46.543333:24.546149
3286,46.543314:24.544122 46.544362:24.544263 46.545439:24.544467
3287,46.543333:24.546149 46.544360:24.545550 46.545482:24.544851
3288,46.543902:24.547714 46.543977:24.548137 46.544116:24.548449
3289,46.543902:24.547714 46.544497:24.547434 46.544903:24.547031
3290,46.544116:24.548449 46.544200:24.549476 46.544202:24.550366
3291,46.544116:24.548449 46.544423:24.548796 46.544899:24.549160
3292,46.544202:24.550366 46.544141:24.550902 46.543995:24.551519
3293,46.544202:24.550366 46.544732:24.550205 46.545150:24.550043
3294,46.543383:24.552770 46.543421:24.553233 46.543471:24.553380
3295,46.543383:24.552770 46.544035:24.552962 46.544613:24.553288
3296,46.543471:24.553380 46.543547:24.554325 46.543709:24.555280
3297,46.543471:24.553380 46.544370:24.553234 46.545013:24.552980
3298,46.543709:24.555280 46.544317:24.554970 46.545018:24.554684
3299,46.543812:24.556374 46.543552:24.557154 46.543483:24.557909
3300,46.543812:24.556374 46.544641:24.556660 46.545415:24.557036
3301,46.543483:24.557909 46.544108:24.558102 46.544707:24.558408
3302,46.543573:24.558501 46.543606:24.559829 46.543863:24.561085
3303,46.543573:24.558501 46.544018:24.558844 46.544607:24.559545
3304,46.543863:24.561085 46.543777:24.561216 46.543690:24.561264
3305,46.543863:24.561085 46.544510:24.560809 46.545101:24.560378
3306,46.543690:24.561264 46.544156:24.561569 46.544401:24.561613
3307,46.544312:24.563810 46.544003:24.564027 46.543728:24.564253
3308,46.544312:24.563810 46.544286:24.563204 46.544097:24.562790
3309,46.543728:24.564253 46.543801:24.565760 46.543904:24.566973
3310,46.543728:24.564253 46.544015:24.564668 46.544251:24.564895
3311,46.543904:24.566973 46.543904:24.567190 46.543877:24.567402
3312,46.543904:24.566973 46.544151:24.565838 46.544560:24.564558
3313,46.543877:24.567402 46.544465:24.567367 46.545103:24.567123
3314,46.543447:24.569013 46.544350:24.569383 46.545169:24.569595
3315,46.543981:24.570917 46.544254:24.571354 46.544454:24.572053
3316,46.544454:24.572053 46.544681:24.572407 46.545066:24.572606
3317,46.543938:24.573512 46.543925:24.574735 46.543879:24.575820
3318,46.543938:24.573512 46.544280:24.573306 46.544691:24.572842
3319,46.543879:24.575820 46.543940:24.576331 46.543930:24.576747
3320,46.543879:24.575820 46.544443:24.574903 46.544884:24.574030
3321,46.543930:24.576747 46.544161:24.576773 46.544283:24.577119
3322,46.543930:24.576747 46.544453:24.576674 46.544901:24.576434
3323,46.544283:24.577119 46.544135:24.577684 46.544069:24.578525
3324,46.544069:24.578525 46.544567:24.578770 46.544967:24.579033
3325,46.543869:24.580071 46.543750:24.580639 46.543838:24.581094
3326,46.543869:24.580071 46.544491:24.580042 46.545388:24.579856
3327,46.543838:24.581094 46.544193:24.581700 46.544373:24.582490
3328,46.544373:24.582490 46.544128:24.583632 46.544076:24.584666
3329,46.544373:24.582490 46.544391:24.582381 46.544458:24.582209
3330,46.544076:24.584666 46.544071:24.585172 46.544049:24.585678
3331,46.544076:24.584666 46.544459:24.584357 46.544856:24.584067
3332,46.544049:24.585678 46.544218:24.586293 46.544315:24.587010
3333,46.544049:24.585678 46.544494:24.585646 46.544953:24.585249
3334,46.544315:24.587010 46.544314:24.587047 46.544430:24.587185
3335,46.544315:24.587010 46.544626:24.586866 46.544773:24.586712
3336,46.544430:24.587185 46.544503:24.588054 46.544514:24.589143
3337,46.544430:24.587185 46.544801:24.587596 46.545208:24.588168
3338,46.544514:24.589143 46.543828:24.589649 46.543221:24.590147
3339,46.544514:24.589143 46.544917:24.589153 46.545422:24.589000
3340,46.543221:24.590147 46.544026:24.590533 46.544810:24.591197
3341,46.543344:24.591729 46.543358:24.592156 46.543311:24.592592
3342,46.543344:24.591729 46.544093:24.591955 46.544969:24.591925
3343,46.543311:24.592592 46.543754:24.593558 46.543934:24.594418
3344,46.543311:24.592592 46.544092:24.592978 46.544781:24.593479
3345,46.543934:24.594418 46.543783:24.595086 46.543552:24.595547
3346,46.543934:24.594418 46.544421:24.594153 46.544757:24.593894
3347,46.543552:24.595547 46.543624:24.596121 46.543796:24.596990
3348,46.543552:24.595547 46.544145:24.595540 46.544877:24.595453
3349,46.543828:24.598162 46.544338:24.598099 46.544942:24.598163
3350,46.544137:24.598844 46.544568:24.599028 46.545017:24.599282
3351,46.543658:24.600930 46.544482:24.600453 46.545285:24.600229
3352,46.543690:24.601926 46.543724:24.602815 46.543678:24.603572
3353,46.543690:24.601926 46.544232:24.601992 46.544763:24.601855
3354,46.543678:24.603572 46.543984:24.604062 46.544266:24.604699
3355,46.543678:24.603572 46.544375:24.603555 46.545125:24.603496
3356,46.544266:24.604699 46.543896:24.605503 46.543737:24.606247
3357,46.544266:24.604699 46.544743:24.604670 46.545068:24.604634
3358,46.543737:24.606247 46.543714:24.606371 46.543746:24.606522
3359,46.543924:24.608526 46.543752:24.609489 46.543630:24.610283
3360,46.543924:24.608526 46.544474:24.608618 46.544996:24.608855
3361,46.544914:24.519746 46.544459:24.520085 46.544137:24.520531
3362,46.544914:24.519746 46.545323:24.519718 46.545704:24.519523
3363,46.544137:24.520531 46.544529:24.521611 46.544903:24.522556
3364,46.544137:24.520531 46.545115:24.520936 46.545988:24.521467
3365,46.544903:24.522556 46.545037:24.523105 46.545052:24.524013
3366,46.544903:24.522556 46.545775:24.522675 46.546648:24.522691
3367,46.545052:24.524013 46.544821:24.524354 46.544731:24.524649
3368,46.545052:24.524013 46.545863:24.524453 46.546581:24.524756
3369,46.544731:24.524649 46.544625:24.525409 46.544515:24.526459
3370,46.544731:24.524649 46.545201:24.525259 46.545599:24.525762
3371,46.544515:24.526459 46.545467:24.526884 46.546364:24.527127
3372,46.544496:24.528166 46.544525:24.528297 46.544434:24.528325
3373,46.544496:24.528166 46.545175:24.528171 46.545963:24.528256
3374,46.544434:24.528325 46.544674:24.529103 46.544830:24.529636
3375,46.544830:24.529636 46.545142:24.530575 46.545468:24.531293
3376,46.544830:24.529636 46.545394:24.530502 46.545973:24.531237
3377,46.545468:24.531293 46.545263:24.532083 46.544880:24.532934
3378,46.545468:24.531293 46.545735:24.531739 46.545891:24.532169
3379,46.544880:24.532934 46.544716:24.533218 46.544611:24.533553
3380,46.544880:24.532934 46.545362:24.532893 46.545989:24.532724
3381,46.544611:24.533553 46.544445:24.534828 46.544247:24.536041
3382,46.544611:24.533553 46.545314:24.534209 46.546051:24.534645
3383,46.544247:24.536041 46.544715:24.536840 46.545256:24.537930
3384,46.544247:24.536041 46.545023:24.535845 46.545717:24.535938
3385,46.545256:24.537930 46.544821:24.538210 46.544387:24.538513
3386,46.545256:24.537930 46.545344:24.537314 46.545717:24.536562
3387,46.544387:24.538513 46.544602:24.539177 46.544893:24.539946
3388,46.544387:24.538513 46.545262:24.538456 46.546043:24.538155
3389,46.544893:24.539946 46.544762:24.540596 46.544719:24.541194
3390,46.544893:24.539946 46.545344:24.539466 46.545622:24.538832
3391,46.544719:24.541194 46.545074:24.541847 46.545212:24.542447
3392,46.544719:24.541194 46.545459:24.541012 46.545974:24.540979
3393,46.545212:24.542447 46.545236:24.543142 46.545405:24.543400
3394,46.545212:24.542447 46.545510:24.542304 46.545805:24.542258
3395,46.545439:24.544467 46.545318:24.544794 46.545482:24.544851
3396,46.545439:24.544467 46.545705:24.544692 46.546112:24.544908
3397,46.545482:24.544851 46.545220:24.545836 46.544903:24.547031
3398,46.545482:24.544851 46.545576:24.545459 46.545752:24.546123
3399,46.544903:24.547031 46.544849:24.548080 46.544899:24.549160
3400,46.544903:24.547031 46.545421:24.547467 46.546012:24.547873
3401,46.544899:24.549160 46.545114:24.549606 46.545150:24.550043
3402,46.544899:24.549160 46.545516:24.548941 46.546063:24.548810
3403,46.545150:24.550043 46.545565:24.550353 46.545713:24.550388
3404,46.545494:24.550640 46.545004:24.551892 46.544613:24.553288
3405,46.545494:24.550640 46.545916:24.550891 46.546376:24.551082
3406,46.544613:24.553288 46.544925:24.553100 46.545013:24.552980
3407,46.544613:24.553288 46.545330:24.553031 46.546190:24.552747
3408,46.545013:24.552980 46.545099:24.553844 46.545018:24.554684
3409,46.545013:24.552980 46.545535:24.553177 46.545950:24.553335
3410,46.545018:24.554684 46.545251:24.555823 46.545415:24.557036
3411,46.545018:24.554684 46.545854:24.554525 46.546581:24.554378
3412,46.545415:24.557036 46.545062:24.557828 46.544707:24.558408
3413,46.545415:24.557036 46.545810:24.556764 46.546072:24.556353
3414,46.544707:24.558408 46.544808:24.558853 46.544607:24.559545
3415,46.544707:24.558408 46.545610:24.558117 46.546367:24.557636
3416,46.544607:24.559545 46.544820:24.559959 46.545101:24.560378
3417,46.544607:24.559545 46.545357:24.559585 46.545980:24.559405
3418,46.545101:24.560378 46.544761:24.561059 46.544401:24.561613
3419,46.545101:24.560378 46.545705:24.560321 46.546126:24.560201
3420,46.544401:24.561613 46.544203:24.562275 46.544097:24.562790
3421,46.544401:24.561613 46.545296:24.561557 46.546204:24.561915
3422,46.544097:24.562790 46.544323:24.563743 46.544251:24.564895
3423,46.544097:24.562790 46.545200:24.562853 46.546312:24.562814
3424,46.544251:24.564895 46.544359:24.564489 46.544560:24.564558
3425,46.544251:24.564895 46.545077:24.564700 46.545950:24.564172
3426,46.544560:24.564558 46.544826:24.565873 46.545103:24.567123
3427,46.544560:24.564558 46.545090:24.565070 46.545673:24.565767
3428,46.545103:24.567123 46.544993:24.568154 46.544721:24.569214
3429,46.545103:24.567123 46.545554:24.567335 46.546109:24.567594
3430,46.544721:24.569214 46.544987:24.569470 46.545169:24.569595
3431,46.544721:24.569214 46.545272:24.568877 46.545852:24.568435
3432,46.545169:24.569595 46.544835:24.569524 46.544673:24.569540
3433,46.545169:24.569595 46.545795:24.569490 46.546365:24.569514
3434,46.544673:24.569540 46.544865:24.570965 46.545066:24.572606
3435,46.544673:24.569540 46.545289:24.570169 46.545988:24.570930
3436,46.545066:24.572606 46.544877:24.572633 46.544691:24.572842
3437,46.545066:24.572606 46.545393:24.572137 46.545725:24.571730
3438,46.544691:24.572842 46.544742:24.573452 46.544884:24.574030
3439,46.544691:24.572842 46.545566:24.573323 46.546356:24.573556
3440,46.544884:24.574030 46.544959:24.575298 46.544901:24.576434
3441,46.544884:24.574030 46.545289:24.574173 46.545940:24.574225
3442,46.544901:24.576434 46.545195:24.576979 46.545427:24.577511
3443,46.544901:24.576434 46.545367:24.576459 46.546007:24.576613
3444,46.544967:24.579033 46.545624:24.579393 46.546353:24.579337
3445,46.545388:24.579856 46.544933:24.580392 46.544468:24.580948
3446,46.545388:24.579856 46.545839:24.579694 46.546508:24.579752
3447,46.544468:24.580948 46.544424:24.581580 46.544458:24.582209
3448,46.544458:24.582209 46.544654:24.583152 46.544856:24.584067
3449,46.544458:24.582209 46.545358:24.582495 46.546148:24.582445
3450,46.544856:24.584067 46.544962:24.584714 46.544953:24.585249
3451,46.544856:24.584067 46.545423:24.584323 46.546034:24.584514
3452,46.544953:24.585249 46.544926:24.586052 46.544773:24.586712
3453,46.544953:24.585249 46.545602:24.585130 46.546084:24.585110
3454,46.544773:24.586712 46.544880:24.587443 46.545208:24.588168
3455,46.544773:24.586712 46.545505:24.586648 46.545986:24.586641
3456,46.545208:24.588168 46.545243:24.588539 46.545422:24.589000
3457,46.545208:24.588168 46.545492:24.588240 46.545787:24.587919
3458,46.545422:24.589000 46.545056:24.590084 46.544810:24.591197
3459,46.545422:24.589000 46.545728:24.589316 46.546175:24.589829
3460,46.544810:24.591197 46.544907:24.591538 46.544969:24.591925
3461,46.544810:24.591197 46.545142:24.590583 46.545248:24.589902
3462,46.544969:24.591925 46.544858:24.592700 46.544781:24.593479
3463,46.544969:24.591925 46.545279:24.592097 46.545535:24.592131
3464,46.544781:24.593479 46.544844:24.593674 46.544757:24.593894
3465,46.544757:24.593894 46.544851:24.594650 46.544877:24.595453
3466,46.544877:24.595453 46.545043:24.596157 46.545190:24.596787
3467,46.544877:24.595453 46.544813:24.595437 46.545116:24.595572
3468,46.545190:24.596787 46.545078:24.597493 46.544942:24.598163
3469,46.545190:24.596787 46.545028:24.596957 46.544882:24.597026
3470,46.544942:24.598163 46.544937:24.598638 46.545017:24.599282
3471,46.544942:24.598163 46.545328:24.598153 46.545789:24.598044
3472,46.545017:24.599282 46.545485:24.599256 46.546084:24.599304
3473,46.545285:24.600229 46.545911:24.600687 46.546353:24.600868
3474,46.544763:24.601855 46.544994:24.602641 46.545125:24.603496
3475,46.544763:24.601855 46.545366:24.602517 46.546099:24.603308
3476,46.545125:24.603496 46.545430:24.603795 46.545810:24.603892
3477,46.545068:24.604634 46.544835:24.605142 46.544647:24.605583
3478,46.545068:24.604634 46.545363:24.604950 46.545679:24.605340
3479,46.544647:24.605583 46.544752:24.606387 46.544781:24.607150
3480,46.544647:24.605583 46.545433:24.605805 46.546301:24.606150
3481,46.544781:24.607150 46.544873:24.608079 46.544996:24.608855
3482,46.544781:24.607150 46.545487:24.607633 46.546311:24.608110
3483,46.544996:24.608855 46.544995:24.609372 46.545240:24.609952
3484,46.545240:24.609952 46.545719:24.610281 46.545947:24.610495
3485,46.545704:24.519523 46.545862:24.520389 46.545988:24.521467
3486,46.545704:24.519523 46.546146:24.519705 46.546523:24.519731
3487,46.545988:24.521467 46.546372:24.522005 46.546648:24.522691
3488,46.546648:24.522691 46.547238:24.522877 46.547680:24.523394
3489,46.546581:24.524756 46.546070:24.525337 46.545599:24.525762
3490,46.546581:24.524756 46.546917:24.524586 46.547146:24.524110
3491,46.545599:24.525762 46.546065:24.526498 46.546364:24.527127
3492,46.545599:24.525762 46.546087:24.525572 46.546576:24.525135
3493,46.546364:24.527127 46.546165:24.527773 46.545963:24.528256
3494,46.546364:24.527127 46.546784:24.526755 46.547125:24.526421
3495,46.545963:24.528256 46.545764:24.528667 46.545798:24.529099
3496,46.545963:24.528256 46.546484:24.528197 46.547055:24.528097
3497,46.545798:24.529099 46.545954:24.530257 46.545973:24.531237
3498,46.545798:24.529099 46.546211:24.529055 46.546704:24.528877
3499,46.545973:24.531237 46.545961:24.531755 46.545891:24.532169
3500,46.545973:24.531237 46.546274:24.531053 46.546418:24.530945
3501,46.545891:24.532169 46.545861:24.532492 46.545989:24.532724
3502,46.545891:24.532169 46.546259:24.531455 46.546668:24.530980
3503,46.545989:24.532724 46.545900:24.533632 46.546051:24.534645
3504,46.545989:24.532724 46.546622:24.532869 46.547301:24.532948
3505,46.546051:24.534645 46.545823:24.535212 46.545717:24.535938
3506,46.546051:24.534645 46.546714:24.534533 46.547369:24.534184
3507,46.545717:24.535938 46.545791:24.536292 46.545717:24.536562
3508,46.545717:24.535938 46.546749:24.535855 46.547770:24.535970
3509,46.545717:24.536562 46.546375:24.536685 46.547086:24.537008
3510,46.546043:24.538155 46.545878:24.538445 46.545622:24.538832
3511,46.546043:24.538155 46.546484:24.538362 46.546963:24.538621
3512,46.545622:24.538832 46.545858:24.539865 46.545974:24.540979
3513,46.545622:24.538832 46.546526:24.539023 46.547726:24.539377
3514,46.545974:24.540979 46.545970:24.541636 46.545805:24.542258
3515,46.545974:24.540979 46.546352:24.540984 46.546657:24.541135
3516,46.545805:24.542258 46.545564:24.542855 46.545432:24.543655
3517,46.545805:24.542258 46.546654:24.541711 46.547403:24.541510
3518,46.545432:24.543655 46.545780:24.544262 46.546112:24.544908
3519,46.545752:24.546123 46.545885:24.546912 46.546012:24.547873
3520,46.545752:24.546123 46.546254:24.545999 46.546780:24.545586
3521,46.546012:24.547873 46.546091:24.548289 46.546063:24.548810
3522,46.546012:24.547873 46.546653:24.547133 46.547270:24.546477
3523,46.546063:24.548810 46.545895:24.549681 46.545713:24.550388
3524,46.546063:24.548810 46.546676:24.548724 46.547257:24.548627
3525,46.545713:24.550388 46.546053:24.550782 46.546376:24.551082
3526,46.545713:24.550388 46.546740:24.550610 46.547697:24.550442
3527,46.546376:24.551082 46.546266:24.551747 46.546190:24.552747
3528,46.546190:24.552747 46.546057:24.552955 46.545950:24.553335
3529,46.546190:24.552747 46.546433:24.552431 46.546938:24.552286
3530,46.545950:24.553335 46.546299:24.553890 46.546581:24.554378
3531,46.545950:24.553335 46.546541:24.553837 46.547062:24.554341
3532,46.546581:24.554378 46.546284:24.555440 46.546072:24.556353
3533,46.546072:24.556353 46.546171:24.557011 46.546367:24.557636
3534,46.546072:24.556353 46.546887:24.556601 46.547549:24.556851
3535,46.545980:24.559405 46.546078:24.559732 46.546126:24.560201
3536,46.545980:24.559405 46.546477:24.558908 46.546739:24.558418
3537,46.546126:24.560201 46.546822:24.560347 46.547431:24.560466
3538,46.546204:24.561915 46.546295:24.562477 46.546312:24.562814
3539,46.546204:24.561915 46.546419:24.561547 46.546793:24.561103
3540,46.546312:24.562814 46.546517:24.562941 46.546901:24.562817
3541,46.545950:24.564172 46.545873:24.564984 46.545673:24.565767
3542,46.545673:24.565767 46.546406:24.565950 46.547074:24.566127
3543,46.546109:24.567594 46.546093:24.567912 46.545852:24.568435
3544,46.546109:24.567594 46.546589:24.567405 46.547264:24.566876
3545,46.545852:24.568435 46.546176:24.568640 46.546282:24.568882
3546,46.546365:24.569514 46.546160:24.570234 46.545988:24.570930
3547,46.545988:24.570930 46.545844:24.571323 46.545725:24.571730
3548,46.545725:24.571730 46.546113:24.571610 46.546724:24.571517
3549,46.546356:24.573556 46.546207:24.573826 46.545940:24.574225
3550,46.546356:24.573556 46.546857:24.573510 46.547207:24.573708
3551,46.545940:24.574225 46.546028:24.575319 46.546007:24.576613
3552,46.546007:24.576613 46.545717:24.576773 46.545565:24.576991
3553,46.545565:24.576991 46.545882:24.578035 46.546353:24.579337
3554,46.546353:24.579337 46.546427:24.579592 46.546508:24.579752
3555,46.546353:24.579337 46.546889:24.579103 46.547442:24.578975
3556,46.546508:24.579752 46.546315:24.580287 46.546175:24.580968
3557,46.546508:24.579752 46.546866:24.579825 46.547463:24.579791
3558,46.546175:24.580968 46.546321:24.581748 46.546148:24.582445
3559,46.546175:24.580968 46.546441:24.581519 46.546697:24.581858
3560,46.546148:24.582445 46.546145:24.583540 46.546034:24.584514
3561,46.546148:24.582445 46.546523:24.582546 46.546833:24.582716
3562,46.546034:24.584514 46.546021:24.584767 46.546084:24.585110
3563,46.546084:24.585110 46.545960:24.585750 46.545986:24.586641
3564,46.546084:24.585110 46.546533:24.584973 46.546941:24.584979
3565,46.545986:24.586641 46.545961:24.587364 46.545787:24.587919
3566,46.545986:24.586641 46.546167:24.587056 46.546421:24.587364
3567,46.545787:24.587919 46.546074:24.588877 46.546175:24.589829
3568,46.545787:24.587919 46.546441:24.587573 46.547104:24.586976
3569,46.546175:24.589829 46.546502:24.589148 46.546722:24.588633
3570,46.545248:24.589902 46.545430:24.591005 46.545535:24.592131
3571,46.545248:24.589902 46.546078:24.589707 46.546779:24.589310
3572,46.545535:24.592131 46.546135:24.592735 46.546816:24.593130
3573,46.545535:24.592131 46.546473:24.592177 46.547231:24.592463
3574,46.546816:24.593130 46.546341:24.594024 46.546008:24.594857
3575,46.546008:24.594857 46.545529:24.595317 46.545116:24.595572
3576,46.546008:24.594857 46.546655:24.594309 46.547240:24.593798
3577,46.545116:24.595572 46.546296:24.595251 46.547452:24.594908
3578,46.544882:24.597026 46.545270:24.597649 46.545789:24.598044
3579,46.544882:24.597026 46.545888:24.596971 46.546836:24.596798
3580,46.545789:24.598044 46.545907:24.598757 46.546084:24.599304
3581,46.545789:24.598044 46.546637:24.598201 46.547465:24.598313
3582,46.546084:24.599304 46.546231:24.600071 46.546353:24.600868
3583,46.546084:24.599304 46.546458:24.599316 46.546991:24.599211
3584,46.546353:24.600868 46.546259:24.602172 46.546099:24.603308
3585,46.546353:24.600868 46.546696:24.600897 46.547065:24.600888
3586,46.546099:24.603308 46.546727:24.602947 46.547284:24.602789
3587,46.545810:24.603892 46.545658:24.604625 46.545679:24.605340
3588,46.545810:24.603892 46.546564:24.603691 46.547287:24.603486
3589,46.545679:24.605340 46.546351:24.605266 46.546982:24.605489
3590,46.546301:24.606150 46.546275:24.607088 46.546311:24.608110
3591,46.546445:24.608696 46.546257:24.609719 46.545947:24.610495
3592,46.546445:24.608696 46.546802:24.608659 46.547229:24.608648
3593,46.545947:24.610495 46.546432:24.610463 46.546817:24.610470
3594,46.546523:24.519731 46.546860:24.520666 46.547202:24.521558
3595,46.546523:24.519731 46.547255:24.520127 46.547946:24.520423
3596,46.547202:24.521558 46.547522:24.522547 46.547680:24.523394
3597,46.547202:24.521558 46.547419:24.521426 46.547833:24.521350
3598,46.547680:24.523394 46.547348:24.523685 46.547146:24.524110
3599,46.547680:24.523394 46.547938:24.523075 46.548240:24.522672
3600,46.547146:24.524110 46.546854:24.524777 46.546576:24.525135
3601,46.547146:24.524110 46.547725:24.524032 46.548182:24.524081
3602,46.546576:24.525135 46.546873:24.525780 46.547125:24.526421
3603,46.546576:24.525135 46.547023:24.524931 46.547717:24.524729
3604,46.547125:24.526421 46.547183:24.527360 46.547055:24.528097
3605,46.547125:24.526421 46.547555:24.526876 46.548051:24.527316
3606,46.547055:24.528097 46.546870:24.528507 46.546704:24.528877
3607,46.547055:24.528097 46.547572:24.527902 46.548059:24.527418
3608,46.546704:24.528877 46.546530:24.529813 46.546418:24.530945
3609,46.546704:24.528877 46.547408:24.528970 46.547876:24.529145
3610,46.546418:24.530945 46.546451:24.530978 46.546668:24.530980
3611,46.546668:24.530980 46.546860:24.532261 46.547301:24.532948
3612,46.546668:24.530980 46.547531:24.531338 46.548294:24.531821
3613,46.547301:24.532948 46.547330:24.533652 46.547369:24.534184
3614,46.547301:24.532948 46.547678:24.532724 46.547980:24.532628
3615,46.547369:24.534184 46.547517:24.535092 46.547770:24.535970
3616,46.547369:24.534184 46.547828:24.534206 46.548050:24.534030
3617,46.547770:24.535970 46.547443:24.536455 46.547086:24.537008
3618,46.547770:24.535970 46.548055:24.535420 46.548286:24.534878
3619,46.547086:24.537008 46.547032:24.537698 46.546963:24.538621
3620,46.547086:24.537008 46.547720:24.537199 46.548488:24.537290
3621,46.546963:24.538621 46.547320:24.539149 46.547726:24.539377
3622,46.546963:24.538621 46.547645:24.538542 46.548300:24.538919
3623,46.547726:24.539377 46.547250:24.540129 46.546657:24.541135
3624,46.547726:24.539377 46.548035:24.539184 46.548308:24.538814
3625,46.546657:24.541135 46.546958:24.541378 46.547403:24.541510
3626,46.546657:24.541135 46.547423:24.541043 46.548120:24.541067
3627,46.547403:24.541510 46.547076:24.542224 46.546795:24.543035
3628,46.547403:24.541510 46.547752:24.541469 46.547868:24.541677
3629,46.546795:24.543035 46.547085:24.544023 46.547228:24.545008
3630,46.546795:24.543035 46.547565:24.543406 46.548250:24.543703
3631,46.547228:24.545008 46.547034:24.545363 46.546780:24.545586
3632,46.547228:24.545008 46.547605:24.544891 46.547956:24.544676
3633,46.546780:24.545586 46.547066:24.545969 46.547270:24.546477
3634,46.546780:24.545586 46.547436:24.545673 46.547929:24.545838
3635,46.547270:24.546477 46.547230:24.547598 46.547257:24.548627
3636,46.547270:24.546477 46.547637:24.547256 46.548082:24.547863
3637,46.547257:24.548627 46.547506:24.549450 46.547697:24.550442
3638,46.547257:24.548627 46.547352:24.548508 46.547552:24.548546
3639,46.547697:24.550442 46.547292:24.550684 46.546834:24.551183
3640,46.547697:24.550442 46.548054:24.550277 46.548653:24.550139
3641,46.546834:24.551183 46.546885:24.551635 46.546938:24.552286
3642,46.546834:24.551183 46.547479:24.551556 46.548154:24.551671
3643,46.546938:24.552286 46.547019:24.553315 46.547062:24.554341
3644,46.546938:24.552286 46.547346:24.552296 46.547759:24.552078
3645,46.547062:24.554341 46.546832:24.554770 46.546513:24.555116
3646,46.547062:24.554341 46.547359:24.553839 46.547535:24.553273
3647,46.546513:24.555116 46.547019:24.555940 46.547549:24.556851
3648,46.546513:24.555116 46.547303:24.555356 46.548187:24.555590
3649,46.547549:24.556851 46.547079:24.557120 46.546753:24.557468
3650,46.547549:24.556851 46.547779:24.556502 46.547960:24.556223
3651,46.546753:24.557468 46.546718:24.557904 46.546739:24.558418
3652,46.546753:24.557468 46.547490:24.557809 46.548240:24.558095
3653,46.546739:24.558418 46.547145:24.559416 46.547431:24.560466
3654,46.546739:24.558418 46.547489:24.558390 46.548189:24.558295
3655,46.547431:24.560466 46.547025:24.560808 46.546793:24.561103
3656,46.547431:24.560466 46.547711:24.560087 46.547916:24.559324
3657,46.546793:24.561103 46.546795:24.562057 46.546901:24.562817
3658,46.546793:24.561103 46.547500:24.561377 46.548185:24.561367
3659,46.546901:24.562817 46.547324:24.563453 46.547627:24.564144
3660,46.546901:24.562817 46.547361:24.563217 46.547878:24.563703
3661,46.547627:24.564144 46.547359:24.565129 46.547074:24.566127
3662,46.547627:24.564144 46.548059:24.564319 46.548552:24.564559
3663,46.547074:24.566127 46.547036:24.566574 46.547264:24.566876
3664,46.547074:24.566127 46.547700:24.565722 46.548196:24.565728
3665,46.547264:24.566876 46.546827:24.567654 46.546282:24.568882
3666,46.547264:24.566876 46.547606:24.566826 46.547902:24.566934
3667,46.546282:24.568882 46.546692:24.569009 46.547240:24.569373
3668,46.547240:24.569373 46.547153:24.569946 46.547003:24.570446
3669,46.547240:24.569373 46.547583:24.569507 46.547876:24.569636
3670,46.547003:24.570446 46.546842:24.570982 46.546724:24.571517
3671,46.546724:24.571517 46.546924:24.572581 46.547207:24.573708
3672,46.546724:24.571517 46.547167:24.571961 46.547772:24.572117
3673,46.547207:24.573708 46.547076:24.574566 46.547094:24.575128
3674,46.547207:24.573708 46.547529:24.573391 46.548011:24.572938
3675,46.547094:24.575128 46.547168:24.575592 46.547218:24.576141
3676,46.547094:24.575128 46.547572:24.574987 46.548128:24.574572
3677,46.547218:24.576141 46.546964:24.576853 46.546730:24.577653
3678,46.546730:24.577653 46.547055:24.578343 46.547442:24.578975
3679,46.547442:24.578975 46.547434:24.579457 46.547463:24.579791
3680,46.547442:24.578975 46.547823:24.578651 46.547980:24.578418
3681,46.547463:24.579791 46.547151:24.580876 46.546697:24.581858
3682,46.547463:24.579791 46.547697:24.580213 46.547936:24.580466
3683,46.546697:24.581858 46.546788:24.582217 46.546833:24.582716
3684,46.546697:24.581858 46.547349:24.581128 46.547961:24.580554
3685,46.546833:24.582716 46.546865:24.583372 46.546968:24.583923
3686,46.546833:24.582716 46.547432:24.582932 46.547838:24.582962
3687,46.546968:24.583923 46.547044:24.584390 46.546941:24.584979
3688,46.546941:24.584979 46.546642:24.586070 46.546421:24.587364
3689,46.546941:24.584979 46.547365:24.585053 46.547981:24.585074
3690,46.546421:24.587364 46.546744:24.587290 46.547104:24.586976
3691,46.546421:24.587364 46.546955:24.586983 46.547623:24.586698
3692,46.547104:24.586976 46.546911:24.587738 46.546722:24.588633
3693,46.547104:24.586976 46.547536:24.587470 46.548084:24.587948
3694,46.546722:24.588633 46.546799:24.588991 46.546779:24.589310
3695,46.546779:24.589310 46.547031:24.590923 46.547231:24.592463
3696,46.546779:24.589310 46.547538:24.590070 46.548372:24.590800
3697,46.547231:24.592463 46.547011:24.593046 46.546949:24.593372
3698,46.547231:24.592463 46.547524:24.591904 46.547885:24.591480
3699,46.546949:24.593372 46.547191:24.593587 46.547240:24.593798
3700,46.546949:24.593372 46.547780:24.593447 46.548632:24.593357
3701,46.547240:24.593798 46.547441:24.594341 46.547452:24.594908
3702,46.547240:24.593798 46.547727:24.593755 46.548151:24.593869
3703,46.547452:24.594908 46.547069:24.595825 46.546836:24.596798
3704,46.547452:24.594908 46.548000:24.595384 46.548402:24.595883
3705,46.546836:24.596798 46.547250:24.597613 46.547465:24.598313
3706,46.547465:24.598313 46.547231:24.598847 46.546991:24.599211
3707,46.547465:24.598313 46.547885:24.598320 46.548375:24.598378
3708,46.546991:24.599211 46.547000:24.600070 46.547065:24.600888
3709,46.546991:24.599211 46.547631:24.599302 46.548123:24.599324
3710,46.547065:24.600888 46.547210:24.601854 46.547284:24.602789
3711,46.547065:24.600888 46.547648:24.600778 46.548207:24.600976
3712,46.547284:24.602789 46.547135:24.603075 46.547287:24.603486
3713,46.547284:24.602789 46.547785:24.602573 46.548324:24.602649
3714,46.547287:24.603486 46.547204:24.604444 46.546982:24.605489
3715,46.547287:24.603486 46.547855:24.603269 46.548208:24.603241
3716,46.546982:24.605489 46.547027:24.605747 46.547103:24.606080
3717,46.546982:24.605489 46.547738:24.605484 46.548376:24.605462
3718,46.547103:24.606080 46.547318:24.607062 46.547650:24.608083
3719,46.547103:24.606080 46.547439:24.606249 46.547818:24.606271
3720,46.547650:24.608083 46.547412:24.608330 46.547229:24.608648
3721,46.547650:24.608083 46.548026:24.608019 46.548288:24.607626
3722,46.547229:24.608648 46.547004:24.609519 46.546817:24.610470
3723,46.547229:24.608648 46.547684:24.608540 46.548274:24.608656
3724,46.546817:24.610470 46.547438:24.610458 46.548067:24.610738
3725,46.547946:24.520423 46.547897:24.520873 46.547833:24.521350
3726,46.547946:24.520423 46.548994:24.519819 46.549759:24.519387
3727,46.547833:24.521350 46.548010:24.521881 46.548240:24.522672
3728,46.547833:24.521350 46.548049:24.521351 46.548306:24.521496
3729,46.548240:24.522672 46.548586:24.522513 46.548940:24.522383
3730,46.548182:24.524081 46.547970:24.524331 46.547717:24.524729
3731,46.548182:24.524081 46.548537:24.523886 46.548627:24.524068
3732,46.547717:24.524729 46.547899:24.525917 46.548051:24.527316
3733,46.548051:24.527316 46.548082:24.527253 46.548059:24.527418
3734,46.548051:24.527316 46.548653:24.527415 46.549475:24.527586
3735,46.547876:24.529145 46.548262:24.529607 46.548506:24.530186
3736,46.547876:24.529145 46.548364:24.529349 46.549030:24.529419
3737,46.548506:24.530186 46.548406:24.531052 46.548294:24.531821
3738,46.548294:24.531821 46.548166:24.532169 46.547980:24.532628
3739,46.548294:24.531821 46.548811:24.531804 46.549368:24.531724
3740,46.547980:24.532628 46.548051:24.533468 46.548050:24.534030
3741,46.547980:24.532628 46.548611:24.532690 46.549358:24.532730
3742,46.548050:24.534030 46.548144:24.534579 46.548286:24.534878
3743,46.548050:24.534030 46.548804:24.534679 46.549439:24.535006
3744,46.548286:24.534878 46.548366:24.536111 46.548488:24.537290
3745,46.548286:24.534878 46.548685:24.535493 46.549047:24.535895
3746,46.548488:24.537290 46.548318:24.538112 46.548300:24.538919
3747,46.548488:24.537290 46.548528:24.537295 46.548603:24.537366
3748,46.548300:24.538919 46.548248:24.538775 46.548308:24.538814
3749,46.548300:24.538919 46.548946:24.538411 46.549468:24.537815
3750,46.548308:24.538814 46.548319:24.539973 46.548120:24.541067
3751,46.548308:24.538814 46.549075:24.539047 46.549762:24.539615
3752,46.547868:24.541677 46.548010:24.542681 46.548250:24.543703
3753,46.547868:24.541677 46.548599:24.541963 46.549467:24.542055
3754,46.548250:24.543703 46.548061:24.544302 46.547956:24.544676
3755,46.548250:24.543703 46.548796:24.543266 46.549545:24.542801
3756,46.547956:24.544676 46.547955:24.545271 46.547929:24.545838
3757,46.547956:24.544676 46.548538:24.544954 46.549136:24.545210
3758,46.547929:24.545838 46.547987:24.546924 46.548082:24.547863
3759,46.547929:24.545838 46.548495:24.546097 46.548939:24.546384
3760,46.548082:24.547863 46.547795:24.548202 46.547552:24.548546
3761,46.548082:24.547863 46.548546:24.547789 46.549047:24.547542
3762,46.547552:24.548546 46.548109:24.549485 46.548653:24.550139
3763,46.547552:24.548546 46.548360:24.549157 46.549279:24.549672
3764,46.548653:24.550139 46.548317:24.550779 46.548154:24.551671
3765,46.548653:24.550139 46.548663:24.550325 46.548749:24.550341
3766,46.548154:24.551671 46.548053:24.551947 46.547759:24.552078
3767,46.548154:24.551671 46.548906:24.551140 46.549616:24.550813
3768,46.547759:24.552078 46.548429:24.552797 46.549197:24.553618
3769,46.547535:24.553273 46.547974:24.554460 46.548187:24.555590
3770,46.547535:24.553273 46.548508:24.553001 46.549527:24.552616
3771,46.548187:24.555590 46.548119:24.555949 46.547960:24.556223
3772,46.548187:24.555590 46.548607:24.554976 46.549089:24.554470
3773,46.547960:24.556223 46.548111:24.557207 46.548240:24.558095
3774,46.547960:24.556223 46.548609:24.556061 46.549273:24.556204
3775,46.548240:24.558095 46.548645:24.557938 46.548979:24.557460
3776,46.548189:24.558295 46.548085:24.558770 46.547916:24.559324
3777,46.548189:24.558295 46.548652:24.558519 46.549270:24.558927
3778,46.547916:24.559324 46.548473:24.559906 46.548862:24.560336
3779,46.548185:24.561367 46.548747:24.561468 46.549308:24.561365
3780,46.547878:24.563703 46.548723:24.563191 46.549547:24.562318
3781,46.548552:24.564559 46.548341:24.565245 46.548196:24.565728
3782,46.548196:24.565728 46.548094:24.566185 46.547902:24.566934
3783,46.548196:24.565728 46.548925:24.565540 46.549705:24.565371
3784,46.547902:24.566934 46.548247:24.567422 46.548754:24.567877
3785,46.547902:24.566934 46.548484:24.566687 46.548944:24.566370
3786,46.548754:24.567877 46.548158:24.568737 46.547876:24.569636
3787,46.547876:24.569636 46.548064:24.570164 46.548406:24.571235
3788,46.548406:24.571235 46.547993:24.571669 46.547772:24.572117
3789,46.548406:24.571235 46.548532:24.571319 46.548844:24.571535
3790,46.547772:24.572117 46.547990:24.572490 46.548011:24.572938
3791,46.547772:24.572117 46.548579:24.571644 46.549312:24.571284
3792,46.548011:24.572938 46.547983:24.573788 46.548128:24.574572
3793,46.548128:24.574572 46.548295:24.575367 46.548415:24.576277
3794,46.548128:24.574572 46.548582:24.574743 46.549170:24.574990
3795,46.548415:24.576277 46.548170:24.576950 46.547836:24.577427
3796,46.548415:24.576277 46.548782:24.576139 46.549132:24.576178
3797,46.547836:24.577427 46.547906:24.578003 46.547980:24.578418
3798,46.547980:24.578418 46.547941:24.579396 46.547936:24.580466
3799,46.547980:24.578418 46.548616:24.578644 46.549288:24.578768
3800,46.547936:24.580466 46.548008:24.580420 46.547961:24.580554
3801,46.547936:24.580466 46.548515:24.579885 46.549156:24.579701
3802,46.547961:24.580554 46.547797:24.581667 46.547838:24.582962
3803,46.547961:24.580554 46.548311:24.581017 46.548825:24.581412
3804,46.547838:24.582962 46.548199:24.583192 46.548835:24.583452
3805,46.547838:24.582962 46.548694:24.582319 46.549450:24.581552
3806,46.548835:24.583452 46.548801:24.583929 46.548988:24.584505
3807,46.547981:24.585074 46.547816:24.585823 46.547623:24.586698
3808,46.547981:24.585074 46.548792:24.584904 46.549481:24.584906
3809,46.547623:24.586698 46.547849:24.587449 46.548084:24.587948
3810,46.547623:24.586698 46.548620:24.586366 46.549629:24.586090
3811,46.548084:24.587948 46.548507:24.588520 46.548864:24.589014
3812,46.548084:24.587948 46.548469:24.588364 46.548901:24.588674
3813,46.548864:24.589014 46.548597:24.590112 46.548372:24.590800
3814,46.548864:24.589014 46.548986:24.589117 46.549021:24.589036
3815,46.548372:24.590800 46.548175:24.591090 46.547885:24.591480
3816,46.548372:24.590800 46.548617:24.590375 46.548608:24.589993
3817,46.547885:24.591480 46.548228:24.592447 46.548632:24.593357
3818,46.547885:24.591480 46.548405:24.591429 46.548770:24.591679
3819,46.548632:24.593357 46.548504:24.593564 46.548151:24.593869
3820,46.548632:24.593357 46.548529:24.593432 46.548545:24.593509
3821,46.548151:24.593869 46.548271:24.594953 46.548402:24.595883
3822,46.548402:24.595883 46.548621:24.596888 46.548850:24.597602
3823,46.548402:24.595883 46.548643:24.595961 46.548954:24.595978
3824,46.548850:24.597602 46.548538:24.598091 46.548375:24.598378
3825,46.548850:24.597602 46.549281:24.597198 46.549691:24.596778
3826,46.548375:24.598378 46.548301:24.598803 46.548123:24.599324
3827,46.548375:24.598378 46.549009:24.598681 46.549719:24.598966
3828,46.548123:24.599324 46.548872:24.599625 46.549626:24.599696
3829,46.548207:24.600976 46.548487:24.600912 46.548663:24.601165
3830,46.548324:24.602649 46.548383:24.602973 46.548208:24.603241
3831,46.548324:24.602649 46.548699:24.602386 46.549030:24.602259
3832,46.548208:24.603241 46.548226:24.604335 46.548376:24.605462
3833,46.548208:24.603241 46.548381:24.603248 46.548528:24.603355
3834,46.548376:24.605462 46.548011:24.605915 46.547818:24.606271
3835,46.548376:24.605462 46.548801:24.604941 46.549249:24.604373
3836,46.547818:24.606271 46.548029:24.606977 46.548288:24.607626
3837,46.547818:24.606271 46.548352:24.606512 46.549270:24.606819
3838,46.548288:24.607626 46.548750:24.607270 46.549248:24.607091
3839,46.548274:24.608656 46.548165:24.609647 46.548067:24.610738
3840,46.548274:24.608656 46.549154:24.608228 46.549981:24.607753
3841,46.548067:24.610738 46.548413:24.610672 46.548856:24.610179
3842,46.549759:24.519387 46.549189:24.520398 46.548306:24.521496
3843,46.549759:24.519387 46.549959:24.519111 46.550036:24.518996
3844,46.548306:24.521496 46.548672:24.521900 46.548940:24.522383
3845,46.548306:24.521496 46.549380:24.521605 46.550326:24.521668
3846,46.548940:24.522383 46.548769:24.523129 46.548627:24.524068
3847,46.548940:24.522383 46.549493:24.522884 46.549967:24.523251
3848,46.548627:24.524068 46.548967:24.524463 46.549151:24.524981
3849,46.548627:24.524068 46.549515:24.524113 46.550408:24.524435
3850,46.549151:24.524981 46.549330:24.526292 46.549475:24.527586
3851,46.549475:24.527586 46.549499:24.528003 46.549671:24.528340
3852,46.549475:24.527586 46.550154:24.527499 46.550782:24.527405
3853,46.549671:24.528340 46.549342:24.529011 46.549030:24.529419
3854,46.549030:24.529419 46.549008:24.530260 46.549157:24.530941
3855,46.549030:24.529419 46.549654:24.529232 46.550300:24.528856
3856,46.549157:24.530941 46.549240:24.531196 46.549368:24.531724
3857,46.549157:24.530941 46.549856:24.530500 46.550612:24.530130
3858,46.549368:24.531724 46.549355:24.532251 46.549358:24.532730
3859,46.549358:24.532730 46.549524:24.533277 46.549724:24.533824
3860,46.549439:24.535006 46.549284:24.535406 46.549047:24.535895
3861,46.549439:24.535006 46.549876:24.534781 46.550257:24.534442
3862,46.549047:24.535895 46.548695:24.536631 46.548603:24.537366
3863,46.549047:24.535895 46.549298:24.535709 46.549488:24.535638
3864,46.548603:24.537366 46.549058:24.537584 46.549468:24.537815
3865,46.548603:24.537366 46.549836:24.536768 46.550944:24.536300
3866,46.549468:24.537815 46.549520:24.538646 46.549762:24.539615
3867,46.549468:24.537815 46.549444:24.537900 46.549426:24.538190
3868,46.549762:24.539615 46.549207:24.540080 46.548581:24.540271
3869,46.549762:24.539615 46.549902:24.539502 46.550056:24.539473
3870,46.548581:24.540271 46.548936:24.541298 46.549467:24.542055
3871,46.548581:24.540271 46.549257:24.540276 46.549808:24.540274
3872,46.549467:24.542055 46.549661:24.542294 46.549815:24.542455
3873,46.549545:24.542801 46.549392:24.543945 46.549136:24.545210
3874,46.549545:24.542801 46.549772:24.543278 46.550221:24.543839
3875,46.549136:24.545210 46.548879:24.545868 46.548939:24.546384
3876,46.549136:24.545210 46.549470:24.545166 46.549869:24.545042
3877,46.548939:24.546384 46.549020:24.546999 46.549047:24.547542
3878,46.548939:24.546384 46.549591:24.546212 46.550086:24.546126
3879,46.549047:24.547542 46.549146:24.548685 46.549279:24.549672
3880,46.549047:24.547542 46.549914:24.547470 46.550556:24.547406
3881,46.549279:24.549672 46.548965:24.549882 46.548749:24.550341
3882,46.549279:24.549672 46.549762:24.548886 46.550117:24.547964
3883,46.548749:24.550341 46.549539:24.550392 46.550259:24.550345
3884,46.549616:24.550813 46.549287:24.552127 46.549197:24.553618
3885,46.549616:24.550813 46.549851:24.551070 46.550021:24.551275
3886,46.549197:24.553618 46.549281:24.552904 46.549632:24.552022
3887,46.549527:24.552616 46.549339:24.553600 46.549089:24.554470
3888,46.549527:24.552616 46.550025:24.553513 46.550375:24.554483
3889,46.549089:24.554470 46.549620:24.554519 46.550131:24.554482
3890,46.549273:24.556204 46.549105:24.556845 46.548979:24.557460
3891,46.549273:24.556204 46.549675:24.555952 46.550107:24.555833
3892,46.548979:24.557460 46.549060:24.558286 46.549270:24.558927
3893,46.548979:24.557460 46.549579:24.558089 46.550143:24.558677
3894,46.549270:24.558927 46.549027:24.559655 46.548862:24.560336
3895,46.549270:24.558927 46.549790:24.559114 46.550340:24.559063
3896,46.548862:24.560336 46.549036:24.560899 46.549308:24.561365
3897,46.548862:24.560336 46.549792:24.560286 46.550593:24.560267
3898,46.549308:24.561365 46.549410:24.561683 46.549547:24.562318
3899,46.549308:24.561365 46.549870:24.561627 46.550351:24.561827
3900,46.549547:24.562318 46.549580:24.563057 46.549308:24.564178
3901,46.549547:24.562318 46.549975:24.562322 46.550390:24.562396
3902,46.549308:24.564178 46.549447:24.564820 46.549705:24.565371
3903,46.549308:24.564178 46.549908:24.564452 46.550481:24.564737
3904,46.549705:24.565371 46.549248:24.565961 46.548944:24.566370
3905,46.549705:24.565371 46.549618:24.564796 46.549454:24.564455
3906,46.548944:24.566370 46.549365:24.567602 46.549845:24.568531
3907,46.548944:24.566370 46.549459:24.566966 46.549930:24.567615
3908,46.549845:24.568531 46.550053:24.568581 46.550244:24.568560
3909,46.548801:24.569418 46.548756:24.570684 46.548844:24.571535
3910,46.548801:24.569418 46.549559:24.569570 46.550428:24.569958
3911,46.548844:24.571535 46.549049:24.571401 46.549312:24.571284
3912,46.548844:24.571535 46.549421:24.571049 46.550018:24.570611
3913,46.549312:24.571284 46.549270:24.572388 46.549241:24.573878
3914,46.549312:24.571284 46.549849:24.571949 46.550366:24.572443
3915,46.549241:24.573878 46.549114:24.574534 46.549170:24.574990
3916,46.549241:24.573878 46.549835:24.573853 46.550435:24.573628
3917,46.549170:24.574990 46.549048:24.575445 46.549132:24.576178
3918,46.549170:24.574990 46.549628:24.575199 46.550071:24.575271
3919,46.549132:24.576178 46.549205:24.576581 46.549242:24.577082
3920,46.549242:24.577082 46.549308:24.577976 46.549288:24.578768
3921,46.549288:24.578768 46.549187:24.579201 46.549156:24.579701
3922,46.549288:24.578768 46.549391:24.578749 46.549398:24.578789
3923,46.549156:24.579701 46.548971:24.580637 46.548825:24.581412
3924,46.549156:24.579701 46.549547:24.580012 46.550009:24.580053
3925,46.548825:24.581412 46.549178:24.581408 46.549450:24.581552
3926,46.548825:24.581412 46.549456:24.581430 46.550073:24.581167
3927,46.549450:24.581552 46.549263:24.583023 46.548988:24.584505
3928,46.549450:24.581552 46.549862:24.582108 46.550304:24.582762
3929,46.548988:24.584505 46.549271:24.584689 46.549481:24.584906
3930,46.548988:24.584505 46.549545:24.583596 46.549962:24.582792
3931,46.549481:24.584906 46.549717:24.585093 46.549968:24.585457
3932,46.549629:24.586090 46.549265:24.587324 46.548901:24.588674
3933,46.548901:24.588674 46.548991:24.588841 46.549021:24.589036
3934,46.548901:24.588674 46.549479:24.588170 46.550110:24.587408
3935,46.549021:24.589036 46.548728:24.589483 46.548608:24.589993
3936,46.549021:24.589036 46.549773:24.589332 46.550640:24.589866
3937,46.548608:24.589993 46.549380:24.590228 46.550202:24.590412
3938,46.548770:24.591679 46.549582:24.591432 46.550568:24.591150
3939,46.548545:24.593509 46.548807:24.593763 46.549049:24.594083
3940,46.548545:24.593509 46.549146:24.593465 46.549936:24.593546
3941,46.549049:24.594083 46.548922:24.595108 46.548954:24.595978
3942,46.549049:24.594083 46.549797:24.594173 46.550548:24.594129
3943,46.548954:24.595978 46.549389:24.596338 46.549691:24.596778
3944,46.548954:24.595978 46.549585:24.595938 46.549969:24.595808
3945,46.549691:24.596778 46.549727:24.597852 46.549719:24.598966
3946,46.549719:24.598966 46.550011:24.598126 46.550157:24.597167
3947,46.549626:24.599696 46.549138:24.600610 46.548663:24.601165
3948,46.549626:24.599696 46.550021:24.599710 46.550442:24.599905
3949,46.548663:24.601165 46.548841:24.601691 46.549030:24.602259
3950,46.548663:24.601165 46.549582:24.600669 46.550606:24.600230
3951,46.549030:24.602259 46.549433:24.601954 46.549793:24.601811
3952,46.548528:24.603355 46.548898:24.603928 46.549249:24.604373
3953,46.549249:24.604373 46.549234:24.605748 46.549270:24.606819
3954,46.549249:24.604373 46.549527:24.604510 46.549899:24.604643
3955,46.549270:24.606819 46.549814:24.606603 46.550309:24.606290
3956,46.549248:24.607091 46.549665:24.607445 46.549981:24.607753
3957,46.549248:24.607091 46.550028:24.607142 46.550740:24.606906
3958,46.549981:24.607753 46.549454:24.609089 46.548856:24.610179
3959,46.549981:24.607753 46.550197:24.608164 46.550542:24.608762
3960,46.548856:24.610179 46.549287:24.610082 46.549831:24.610067
3961,46.550036:24.518996 46.550300:24.520171 46.550326:24.521668
3962,46.550036:24.518996 46.550336:24.519809 46.550819:24.520723
3963,46.550326:24.521668 46.550751:24.521711 46.551052:24.521753
3964,46.549967:24.523251 46.550215:24.523852 46.550408:24.524435
3965,46.549717:24.525216 46.550244:24.526293 46.550782:24.527405
3966,46.549717:24.525216 46.550241:24.525418 46.550941:24.525619
3967,46.550782:24.527405 46.550676:24.527605 46.550686:24.527826
3968,46.550782:24.527405 46.551087:24.526839 46.551366:24.526181
3969,46.550686:24.527826 46.550546:24.528298 46.550300:24.528856
3970,46.550686:24.527826 46.550784:24.528094 46.551067:24.528150
3971,46.550300:24.528856 46.550483:24.529396 46.550801:24.529885
3972,46.550612:24.530130 46.550526:24.530414 46.550279:24.530834
3973,46.550279:24.530834 46.549936:24.532378 46.549724:24.533824
3974,46.550279:24.530834 46.550592:24.531656 46.550984:24.532465
3975,46.549724:24.533824 46.550037:24.534128 46.550257:24.534442
3976,46.549724:24.533824 46.550581:24.533692 46.551591:24.533625
3977,46.550257:24.534442 46.549855:24.535057 46.549488:24.535638
3978,46.550257:24.534442 46.550915:24.534276 46.551532:24.534388
3979,46.549488:24.535638 46.550616:24.535839 46.551895:24.535949
3980,46.550944:24.536300 46.550198:24.537270 46.549426:24.538190
3981,46.550944:24.536300 46.551278:24.536753 46.551457:24.537215
3982,46.549426:24.538190 46.549652:24.538933 46.550056:24.539473
3983,46.549426:24.538190 46.550396:24.538321 46.551561:24.538386
3984,46.550056:24.539473 46.549884:24.539930 46.549808:24.540274
3985,46.550056:24.539473 46.550631:24.539157 46.551247:24.538851
3986,46.549808:24.540274 46.550949:24.540221 46.552022:24.540287
3987,46.549815:24.542455 46.550000:24.543246 46.550221:24.543839
3988,46.550221:24.543839 46.551065:24.544024 46.551979:24.544025
3989,46.549869:24.545042 46.549908:24.545510 46.550086:24.546126
3990,46.549869:24.545042 46.550420:24.545043 46.551095:24.544901
3991,46.550086:24.546126 46.550358:24.546788 46.550556:24.547406
3992,46.550086:24.546126 46.550714:24.545687 46.551297:24.545197
3993,46.550556:24.547406 46.550319:24.547568 46.550117:24.547964
3994,46.550556:24.547406 46.550917:24.547477 46.551188:24.547522
3995,46.550117:24.547964 46.550162:24.549192 46.550259:24.550345
3996,46.550117:24.547964 46.550933:24.548029 46.551714:24.548156
3997,46.550259:24.550345 46.550059:24.550852 46.550021:24.551275
3998,46.550259:24.550345 46.550434:24.549789 46.550518:24.549293
3999,46.550021:24.551275 46.549819:24.551630 46.549632:24.552022
4000,46.550021:24.551275 46.550863:24.551347 46.551420:24.551341
4001,46.549632:24.552022 46.549998:24.553257 46.550375:24.554483
4002,46.549632:24.552022 46.550519:24.552368 46.551357:24.552675
4003,46.550375:24.554483 46.550299:24.554372 46.550131:24.554482
4004,46.550375:24.554483 46.550796:24.553742 46.551177:24.553300
4005,46.550131:24.554482 46.550115:24.555154 46.550107:24.555833
4006,46.550131:24.554482 46.550781:24.554885 46.551463:24.555391
4007,46.550107:24.555833 46.550142:24.557252 46.550143:24.558677
4008,46.550107:24.555833 46.550871:24.556338 46.551507:24.557081
4009,46.550143:24.558677 46.550262:24.558948 46.550340:24.559063
4010,46.550143:24.558677 46.550553:24.557747 46.550872:24.556775
4011,46.550340:24.559063 46.550521:24.559622 46.550593:24.560267
4012,46.550340:24.559063 46.550519:24.559540 46.550682:24.560091
4013,46.550593:24.560267 46.550549:24.561059 46.550351:24.561827
4014,46.550593:24.560267 46.550812:24.560534 46.550986:24.560614
4015,46.550351:24.561827 46.550363:24.562034 46.550390:24.562396
4016,46.550351:24.561827 46.550810:24.561980 46.551300:24.562067
4017,46.550390:24.562396 46.551377:24.562578 46.552428:24.562811
4018,46.550481:24.564737 46.549862:24.564573 46.549454:24.564455
4019,46.549454:24.564455 46.549828:24.566053 46.549930:24.567615
4020,46.549454:24.564455 46.550305:24.565179 46.551391:24.565886
4021,46.549930:24.567615 46.550500:24.567469 46.550966:24.567549
4022,46.550244:24.568560 46.550342:24.569229 46.550428:24.569958
4023,46.550244:24.568560 46.550926:24.568454 46.551706:24.568461
4024,46.550428:24.569958 46.550820:24.569702 46.551267:24.569459
4025,46.550018:24.570611 46.550194:24.571298 46.550366:24.572443
4026,46.550366:24.572443 46.550478:24.573042 46.550435:24.573628
4027,46.550366:24.572443 46.550675:24.572158 46.550964:24.571948
4028,46.550435:24.573628 46.550246:24.574350 46.550071:24.575271
4029,46.550435:24.573628 46.551137:24.573354 46.551654:24.573065
4030,46.550071:24.575271 46.550186:24.575981 46.550399:24.576557
4031,46.550399:24.576557 46.549801:24.577272 46.549363:24.577838
4032,46.550399:24.576557 46.551185:24.576129 46.551955:24.575776
4033,46.549363:24.577838 46.549332:24.578350 46.549398:24.578789
4034,46.549363:24.577838 46.550506:24.577393 46.551691:24.577097
4035,46.549398:24.578789 46.549708:24.579501 46.550009:24.580053
4036,46.549398:24.578789 46.550384:24.578973 46.551441:24.578913
4037,46.550009:24.580053 46.550125:24.580711 46.550073:24.581167
4038,46.550009:24.580053 46.550491:24.580244 46.550907:24.580461
4039,46.550073:24.581167 46.550050:24.581929 46.550304:24.582762
4040,46.550073:24.581167 46.550985:24.581225 46.551935:24.581328
4041,46.550304:24.582762 46.550057:24.582706 46.549962:24.582792
4042,46.550304:24.582762 46.550761:24.582403 46.551399:24.582081
4043,46.549962:24.582792 46.549986:24.584142 46.549968:24.585457
4044,46.549962:24.582792 46.550991:24.583436 46.551931:24.583941
4045,46.549968:24.585457 46.549934:24.586149 46.549947:24.586712
4046,46.549968:24.585457 46.550398:24.585527 46.550858:24.585561
4047,46.549947:24.586712 46.549948:24.587149 46.550110:24.587408
4048,46.549947:24.586712 46.550409:24.586405 46.550794:24.586213
4049,46.550110:24.587408 46.550209:24.588698 46.550640:24.589866
4050,46.550110:24.587408 46.550313:24.588026 46.550559:24.588445
4051,46.550640:24.589866 46.550487:24.590136 46.550202:24.590412
4052,46.550640:24.589866 46.551386:24.589407 46.552079:24.588845
4053,46.550202:24.590412 46.550493:24.590737 46.550568:24.591150
4054,46.550202:24.590412 46.550680:24.590162 46.551076:24.590175
4055,46.550568:24.591150 46.550361:24.592273 46.549936:24.593546
4056,46.550568:24.591150 46.550887:24.591690 46.551107:24.591988
4057,46.549936:24.593546 46.550286:24.593721 46.550548:24.594129
4058,46.549936:24.593546 46.550883:24.592944 46.551816:24.592590
4059,46.550548:24.594129 46.550259:24.594788 46.549969:24.595808
4060,46.550548:24.594129 46.551019:24.593848 46.551459:24.593537
4061,46.549969:24.595808 46.549926:24.596353 46.549751:24.596735
4062,46.549969:24.595808 46.550899:24.595708 46.551838:24.595612
4063,46.549751:24.596735 46.550002:24.596840 46.550157:24.597167
4064,46.549751:24.596735 46.550392:24.597201 46.551060:24.597645
4065,46.550157:24.597167 46.550631:24.597889 46.551268:24.598877
4066,46.550442:24.599905 46.550468:24.600123 46.550606:24.600230
4067,46.550442:24.599905 46.551138:24.600149 46.551681:24.600311
4068,46.550606:24.600230 46.550131:24.601049 46.549793:24.601811
4069,46.550606:24.600230 46.550779:24.600466 46.551025:24.600895
4070,46.549793:24.601811 46.549810:24.603147 46.549786:24.604393
4071,46.549793:24.601811 46.550581:24.601843 46.551434:24.602087
4072,46.549786:24.604393 46.549874:24.604614 46.549899:24.604643
4073,46.549786:24.604393 46.550820:24.603891 46.551838:24.603157
4074,46.549899:24.604643 46.550752:24.604920 46.551656:24.605396
4075,46.550309:24.606290 46.550498:24.606619 46.550740:24.606906
4076,46.550309:24.606290 46.550610:24.606057 46.550621:24.605651
4077,46.550740:24.606906 46.550606:24.607876 46.550542:24.608762
4078,46.550740:24.606906 46.550772:24.607003 46.550989:24.607146
4079,46.550542:24.608762 46.550143:24.609406 46.549831:24.610067
4080,46.550542:24.608762 46.550874:24.608689 46.551442:24.608617
4081,46.550819:24.520723 46.551591:24.520679 46.552344:24.520218
4082,46.551052:24.521753 46.551434:24.521993 46.551756:24.522333
4083,46.551052:24.521753 46.551955:24.521284 46.552634:24.520953
4084,46.551756:24.522333 46.551351:24.523133 46.550994:24.523972
4085,46.551756:24.522333 46.552002:24.522251 46.552333:24.522266
4086,46.550994:24.523972 46.550988:24.524735 46.550941:24.525619
4087,46.550994:24.523972 46.551663:24.523545 46.552310:24.523267
4088,46.550941:24.525619 46.551163:24.525916 46.551366:24.526181
4089,46.550941:24.525619 46.551931:24.525560 46.552707:24.525520
4090,46.551366:24.526181 46.551305:24.527135 46.551067:24.528150
4091,46.551366:24.526181 46.551789:24.526096 46.552330:24.526214
4092,46.551067:24.528150 46.551665:24.527862 46.552213:24.527527
4093,46.550801:24.529885 46.550852:24.530158 46.551032:24.530347
4094,46.550801:24.529885 46.551332:24.530003 46.551833:24.529865
4095,46.551032:24.530347 46.552424:24.530082 46.553524:24.529882
4096,46.550984:24.532465 46.551317:24.533157 46.551591:24.533625
4097,46.551591:24.533625 46.551536:24.533927 46.551532:24.534388
4098,46.551591:24.533625 46.552131:24.532974 46.552585:24.532336
4099,46.551532:24.534388 46.551753:24.535052 46.551895:24.535949
4100,46.551532:24.534388 46.551571:24.534439 46.551701:24.534592
4101,46.551895:24.535949 46.551723:24.536633 46.551457:24.537215
4102,46.551895:24.535949 46.551862:24.536123 46.551676:24.536293
4103,46.551457:24.537215 46.551811:24.536971 46.552200:24.536995
4104,46.551561:24.538386 46.551488:24.538535 46.551247:24.538851
4105,46.551561:24.538386 46.552039:24.538179 46.552372:24.538009
4106,46.551247:24.538851 46.551546:24.539539 46.552022:24.540287
4107,46.551247:24.538851 46.551806:24.539122 46.552323:24.539430
4108,46.552022:24.540287 46.551462:24.541105 46.550555:24.541854
4109,46.552022:24.540287 46.552443:24.540546 46.552808:24.540828
4110,46.550555:24.541854 46.551292:24.543053 46.551979:24.544025
4111,46.550555:24.541854 46.551412:24.541988 46.552362:24.541936
4112,46.551979:24.544025 46.551524:24.544515 46.551095:24.544901
4113,46.551979:24.544025 46.552119:24.543725 46.552151:24.543147
4114,46.551095:24.544901 46.551248:24.544950 46.551297:24.545197
4115,46.551095:24.544901 46.551828:24.545213 46.552377:24.545609
4116,46.551297:24.545197 46.551280:24.546383 46.551188:24.547522
4117,46.551297:24.545197 46.552020:24.545760 46.552763:24.546193
4118,46.551188:24.547522 46.552010:24.547841 46.552957:24.547848
4119,46.551714:24.548156 46.551022:24.548770 46.550518:24.549293
4120,46.551714:24.548156 46.551977:24.548370 46.552445:24.548622
4121,46.550518:24.549293 46.551275:24.549648 46.551989:24.550112
4122,46.551420:24.551341 46.551450:24.552001 46.551357:24.552675
4123,46.551357:24.552675 46.551211:24.553011 46.551177:24.553300
4124,46.551357:24.552675 46.551675:24.553138 46.551923:24.553480
4125,46.551177:24.553300 46.551218:24.554162 46.551463:24.555391
4126,46.551177:24.553300 46.551736:24.553625 46.552448:24.554137
4127,46.551463:24.555391 46.551898:24.555178 46.552443:24.555008
4128,46.551507:24.557081 46.551199:24.556965 46.550872:24.556775
4129,46.550872:24.556775 46.551468:24.557527 46.552265:24.558057
4130,46.550682:24.560091 46.551746:24.559494 46.552732:24.558913
4131,46.550986:24.560614 46.551147:24.561340 46.551300:24.562067
4132,46.550986:24.560614 46.551743:24.560292 46.552432:24.560102
4133,46.551300:24.562067 46.551876:24.562525 46.552428:24.562811
4134,46.551300:24.562067 46.551898:24.561819 46.552584:24.561573
4135,46.552428:24.562811 46.551806:24.563446 46.551246:24.564079
4136,46.551246:24.564079 46.552078:24.564252 46.552964:24.564208
4137,46.551391:24.565886 46.551186:24.566790 46.550966:24.567549
4138,46.551391:24.565886 46.551658:24.565644 46.552079:24.565245
4139,46.550966:24.567549 46.551712:24.567181 46.552605:24.566571
4140,46.551706:24.568461 46.551495:24.568996 46.551267:24.569459
4141,46.551706:24.568461 46.552366:24.568722 46.553004:24.568838
4142,46.551267:24.569459 46.551013:24.570221 46.550730:24.571165
4143,46.551267:24.569459 46.551788:24.569295 46.552554:24.568925
4144,46.550730:24.571165 46.550768:24.571700 46.550964:24.571948
4145,46.550730:24.571165 46.551600:24.570793 46.552364:24.570543
4146,46.550964:24.571948 46.551297:24.572505 46.551654:24.573065
4147,46.550964:24.571948 46.551378:24.572127 46.551739:24.572365
4148,46.551654:24.573065 46.551497:24.574028 46.551122:24.575169
4149,46.551654:24.573065 46.552528:24.573265 46.553143:24.573237
4150,46.551122:24.575169 46.551495:24.575429 46.551955:24.575776
4151,46.551955:24.575776 46.551801:24.576573 46.551691:24.577097
4152,46.551955:24.575776 46.552085:24.575873 46.552037:24.575934
4153,46.551691:24.577097 46.552109:24.577455 46.552467:24.577604
4154,46.551441:24.578913 46.551113:24.579598 46.550907:24.580461
4155,46.551441:24.578913 46.551767:24.578933 46.551972:24.578793
4156,46.550907:24.580461 46.551476:24.580913 46.551935:24.581328
4157,46.550907:24.580461 46.551548:24.580243 46.552335:24.580428
4158,46.551935:24.581328 46.551736:24.581667 46.551399:24.582081
4159,46.551935:24.581328 46.551897:24.581209 46.551814:24.581050
4160,46.551399:24.582081 46.551588:24.583032 46.551931:24.583941
4161,46.551931:24.583941 46.551490:24.584926 46.550858:24.585561
4162,46.551931:24.583941 46.552219:24.583756 46.552626:24.583630
4163,46.550858:24.585561 46.552151:24.585205 46.553331:24.584899
4164,46.550794:24.586213 46.550614:24.587321 46.550559:24.588445
4165,46.550559:24.588445 46.551405:24.588661 46.552079:24.588845
4166,46.550559:24.588445 46.551619:24.588002 46.552711:24.587734
4167,46.552079:24.588845 46.551494:24.589476 46.551076:24.590175
4168,46.551076:24.590175 46.551087:24.591237 46.551107:24.591988
4169,46.551076:24.590175 46.551980:24.590423 46.552606:24.590489
4170,46.551107:24.591988 46.551795:24.591872 46.552577:24.591998
4171,46.551816:24.592590 46.551605:24.593046 46.551459:24.593537
4172,46.551459:24.593537 46.551599:24.594549 46.551838:24.595612
4173,46.551838:24.595612 46.551806:24.596024 46.551818:24.596489
4174,46.551060:24.597645 46.551267:24.598330 46.551268:24.598877
4175,46.551060:24.597645 46.551515:24.597076 46.552081:24.596536
4176,46.551268:24.598877 46.551397:24.599492 46.551681:24.600311
4177,46.551268:24.598877 46.551898:24.598408 46.552711:24.597752
4178,46.551681:24.600311 46.551308:24.600576 46.551025:24.600895
4179,46.551681:24.600311 46.551834:24.600216 46.552068:24.600037
4180,46.551025:24.600895 46.551309:24.601408 46.551434:24.602087
4181,46.551025:24.600895 46.551528:24.601363 46.552086:24.601998
4182,46.551434:24.602087 46.551663:24.602625 46.551838:24.603157
4183,46.551434:24.602087 46.551847:24.602735 46.552407:24.603382
4184,46.551838:24.603157 46.551615:24.604297 46.551656:24.605396
4185,46.551838:24.603157 46.552098:24.603323 46.552418:24.603503
4186,46.551656:24.605396 46.551086:24.605478 46.550621:24.605651
4187,46.551656:24.605396 46.551987:24.605054 46.552148:24.604682
4188,46.550621:24.605651 46.550760:24.606301 46.550989:24.607146
4189,46.550621:24.605651 46.551440:24.605777 46.552198:24.606076
4190,46.550989:24.607146 46.551253:24.607883 46.551442:24.608617
4191,46.550989:24.607146 46.551841:24.607067 46.552643:24.606819
4192,46.551442:24.608617 46.551787:24.608197 46.552052:24.607754
4193,46.551333:24.609793 46.552057:24.609807 46.552899:24.609966
4194,46.552344:24.520218 46.552493:24.520580 46.552634:24.520953
4195,46.552344:24.520218 46.552937:24.520181 46.553436:24.519974
4196,46.552634:24.520953 46.552490:24.521658 46.552333:24.522266
4197,46.552634:24.520953 46.553090:24.520984 46.553792:24.521449
4198,46.552333:24.522266 46.552306:24.522813 46.552310:24.523267
4199,46.552333:24.522266 46.553111:24.522263 46.553738:24.522533
4200,46.552310:24.523267 46.552467:24.524514 46.552707:24.525520
4201,46.552310:24.523267 46.552895:24.523514 46.553398:24.523888
4202,46.552707:24.525520 46.552503:24.525903 46.552330:24.526214
4203,46.552707:24.525520 46.552663:24.525659 46.552789:24.525708
4204,46.552330:24.526214 46.552278:24.526787 46.552213:24.527527
4205,46.552330:24.526214 46.552546:24.526171 46.552888:24.526074
4206,46.552213:24.527527 46.552005:24.528599 46.551833:24.529865
4207,46.552213:24.527527 46.552827:24.527553 46.553675:24.527851
4208,46.551833:24.529865 46.552676:24.529998 46.553524:24.529882
4209,46.553524:24.529882 46.552711:24.530905 46.551964:24.531999
4210,46.553524:24.529882 46.553829:24.530460 46.554092:24.531057
4211,46.551964:24.531999 46.552344:24.532237 46.552585:24.532336
4212,46.551964:24.531999 46.552598:24.532357 46.553362:24.532661
4213,46.552585:24.532336 46.552149:24.533491 46.551701:24.534592
4214,46.552585:24.532336 46.552920:24.532733 46.553133:24.533005
4215,46.551701:24.534592 46.551625:24.535425 46.551676:24.536293
4216,46.551701:24.534592 46.552673:24.534295 46.553789:24.534252
4217,46.551676:24.536293 46.551951:24.536696 46.552200:24.536995
4218,46.551676:24.536293 46.552502:24.536014 46.553398:24.535493
4219,46.552200:24.536995 46.552312:24.537382 46.552372:24.538009
4220,46.552200:24.536995 46.553038:24.536619 46.553918:24.535846
4221,46.552372:24.538009 46.552317:24.538869 46.552323:24.539430
4222,46.552372:24.538009 46.553113:24.538393 46.553886:24.538738
4223,46.552323:24.539430 46.552695:24.540106 46.552808:24.540828
4224,46.552323:24.539430 46.552753:24.539584 46.553415:24.539818
4225,46.552808:24.540828 46.552582:24.541232 46.552362:24.541936
4226,46.552808:24.540828 46.553011:24.541052 46.553102:24.541369
4227,46.552362:24.541936 46.552232:24.542573 46.552151:24.543147
4228,46.552362:24.541936 46.553452:24.541763 46.554512:24.541760
4229,46.552151:24.543147 46.552263:24.544366 46.552377:24.545609
4230,46.552151:24.543147 46.553115:24.543285 46.553929:24.543453
4231,46.552377:24.545609 46.552618:24.545876 46.552763:24.546193
4232,46.552377:24.545609 46.552757:24.545100 46.553322:24.544563
4233,46.552763:24.546193 46.552856:24.547170 46.552957:24.547848
4234,46.552763:24.546193 46.553084:24.546001 46.553374:24.545524
4235,46.552957:24.547848 46.552628:24.548302 46.552445:24.548622
4236,46.552957:24.547848 46.553049:24.547871 46.552965:24.548139
4237,46.552445:24.548622 46.552243:24.549382 46.551989:24.550112
4238,46.552445:24.548622 46.552908:24.548708 46.553435:24.548944
4239,46.551989:24.550112 46.552094:24.550464 46.552262:24.550591
4240,46.551989:24.550112 46.552729:24.550194 46.553549:24.550215
4241,46.552262:24.550591 46.552163:24.552076 46.551923:24.553480
4242,46.551923:24.553480 46.552236:24.553752 46.552448:24.554137
4243,46.551923:24.553480 46.552740:24.553264 46.553662:24.553058
4244,46.552448:24.554137 46.552404:24.554562 46.552443:24.555008
4245,46.552448:24.554137 46.552728:24.553886 46.553040:24.553653
4246,46.552443:24.555008 46.552503:24.555925 46.552534:24.557009
4247,46.552443:24.555008 46.552800:24.555220 46.553067:24.555511
4248,46.552534:24.557009 46.552414:24.557655 46.552265:24.558057
4249,46.552534:24.557009 46.552978:24.556570 46.553561:24.556537
4250,46.552265:24.558057 46.552517:24.558577 46.552732:24.558913
4251,46.552732:24.558913 46.552485:24.559484 46.552432:24.560102
4252,46.552732:24.558913 46.553100:24.558881 46.553452:24.558796
4253,46.552432:24.560102 46.552608:24.560735 46.552584:24.561573
4254,46.552432:24.560102 46.552890:24.560158 46.553557:24.560136
4255,46.552584:24.561573 46.552690:24.562050 46.552774:24.562700
4256,46.552584:24.561573 46.553153:24.561924 46.553774:24.562021
4257,46.552774:24.562700 46.552899:24.563494 46.552964:24.564208
4258,46.552964:24.564208 46.552549:24.564666 46.552079:24.565245
4259,46.552964:24.564208 46.553168:24.564132 46.553464:24.564030
4260,46.552079:24.565245 46.552388:24.565946 46.552605:24.566571
4261,46.552079:24.565245 46.552600:24.564979 46.553121:24.564904
4262,46.552605:24.566571 46.552855:24.567773 46.553004:24.568838
4263,46.552605:24.566571 46.552729:24.566806 46.553045:24.567113
4264,46.553004:24.568838 46.552816:24.568889 46.552554:24.568925
4265,46.553004:24.568838 46.553545:24.568407 46.553863:24.567978
4266,46.552554:24.568925 46.552546:24.569835 46.552364:24.570543
4267,46.552554:24.568925 46.552913:24.569188 46.553497:24.569720
4268,46.552364:24.570543 46.552037:24.571463 46.551739:24.572365
4269,46.552364:24.570543 46.553035:24.570850 46.553714:24.571069
4270,46.551739:24.572365 46.552459:24.572881 46.553143:24.573237
4271,46.551739:24.572365 46.552779:24.572413 46.553870:24.572519
4272,46.553143:24.573237 46.552813:24.574426 46.552656:24.575360
4273,46.553143:24.573237 46.553192:24.573439 46.553174:24.573657
4274,46.552656:24.575360 46.552312:24.575612 46.552037:24.575934
4275,46.552037:24.575934 46.552358:24.576706 46.552467:24.577604
4276,46.552037:24.575934 46.552792:24.576159 46.553448:24.576348
4277,46.552467:24.577604 46.552181:24.578125 46.551972:24.578793
4278,46.552467:24.577604 46.552931:24.577703 46.553335:24.577766
4279,46.551972:24.578793 46.552227:24.579613 46.552335:24.580428
4280,46.551972:24.578793 46.552983:24.578531 46.553903:24.578318
4281,46.552335:24.580428 46.552134:24.580813 46.551814:24.581050
4282,46.552335:24.580428 46.552695:24.580449 46.553251:24.580117
4283,46.551814:24.581050 46.551986:24.581771 46.552197:24.582466
4284,46.551814:24.581050 46.552726:24.581285 46.553612:24.581369
4285,46.552197:24.582466 46.552400:24.582954 46.552626:24.583630
4286,46.552197:24.582466 46.552957:24.582242 46.553732:24.582077
4287,46.552626:24.583630 46.552871:24.584187 46.553331:24.584899
4288,46.552626:24.583630 46.553194:24.584031 46.553712:24.584438
4289,46.553331:24.584899 46.553018:24.585853 46.552667:24.586981
4290,46.553331:24.584899 46.553547:24.585040 46.553829:24.585409
4291,46.552667:24.586981 46.552634:24.587342 46.552711:24.587734
4292,46.552711:24.587734 46.552458:24.588281 46.552083:24.589016
4293,46.552711:24.587734 46.553135:24.587487 46.553414:24.587112
4294,46.552083:24.589016 46.552308:24.589708 46.552606:24.590489
4295,46.552083:24.589016 46.552660:24.589141 46.553229:24.589112
4296,46.552606:24.590489 46.552517:24.591199 46.552577:24.591998
4297,46.552606:24.590489 46.553057:24.590290 46.553260:24.590015
4298,46.552577:24.591998 46.552285:24.592411 46.552064:24.592623
4299,46.552577:24.591998 46.553039:24.591684 46.553360:24.591572
4300,46.552064:24.592623 46.552534:24.593378 46.552877:24.594129
4301,46.552877:24.594129 46.552246:24.595279 46.551818:24.596489
4302,46.552877:24.594129 46.553082:24.594387 46.553501:24.594795
4303,46.551818:24.596489 46.551957:24.596578 46.552081:24.596536
4304,46.552081:24.596536 46.552446:24.596982 46.552711:24.597752
4305,46.552081:24.596536 46.552478:24.596084 46.553013:24.595630
4306,46.552711:24.597752 46.552442:24.599014 46.552068:24.600037
4307,46.552711:24.597752 46.553031:24.598254 46.553301:24.598566
4308,46.552068:24.600037 46.552063:24.601044 46.552086:24.601998
4309,46.552068:24.600037 46.552714:24.599545 46.553322:24.599285
4310,46.552086:24.601998 46.552198:24.602583 46.552407:24.603382
4311,46.552086:24.601998 46.552626:24.601758 46.553007:24.601271
4312,46.552407:24.603382 46.552292:24.603323 46.552418:24.603503
4313,46.552407:24.603382 46.552804:24.602834 46.553256:24.602284
4314,46.552418:24.603503 46.552287:24.604106 46.552148:24.604682
4315,46.552418:24.603503 46.553187:24.603667 46.553836:24.603720
4316,46.552148:24.604682 46.552339:24.605395 46.552198:24.606076
4317,46.552148:24.604682 46.553274:24.604648 46.554226:24.604723
4318,46.552198:24.606076 46.552330:24.606399 46.552643:24.606819
4319,46.552198:24.606076 46.553049:24.606340 46.553775:24.606399
4320,46.552643:24.606819 46.552339:24.607440 46.552052:24.607754
4321,46.552643:24.606819 46.552966:24.607220 46.553211:24.607413
4322,46.552052:24.607754 46.552424:24.608757 46.552899:24.609966
4323,46.552899:24.609966 46.553188:24.609839 46.553546:24.609651
4324,46.553436:24.519974 46.554353:24.519905 46.555096:24.519667
4325,46.553792:24.521449 46.553751:24.522040 46.553738:24.522533
4326,46.553792:24.521449 46.554096:24.521374 46.554318:24.521345
4327,46.553738:24.522533 46.553665:24.523173 46.553398:24.523888
4328,46.553738:24.522533 46.554039:24.522516 46.554327:24.522633
4329,46.553398:24.523888 46.553097:24.524665 46.552789:24.525708
4330,46.552789:24.525708 46.552735:24.525908 46.552888:24.526074
4331,46.552789:24.525708 46.553142:24.525192 46.553664:24.524637
4332,46.552888:24.526074 46.553856:24.526538 46.555041:24.526722
4333,46.553675:24.527851 46.553801:24.528819 46.553725:24.529898
4334,46.553725:24.529898 46.553932:24.530528 46.554092:24.531057
4335,46.554092:24.531057 46.553741:24.531820 46.553362:24.532661
4336,46.553362:24.532661 46.553304:24.532813 46.553133:24.533005
4337,46.553362:24.532661 46.553854:24.532420 46.554197:24.532306
4338,46.553133:24.533005 46.553546:24.533548 46.553789:24.534252
4339,46.553133:24.533005 46.553679:24.533214 46.554139:24.533571
4340,46.553789:24.534252 46.553646:24.534829 46.553398:24.535493
4341,46.553789:24.534252 46.553954:24.534881 46.554345:24.535575
4342,46.553398:24.535493 46.553683:24.535812 46.553918:24.535846
4343,46.553918:24.535846 46.553815:24.537276 46.553886:24.538738
4344,46.553918:24.535846 46.554371:24.536546 46.554981:24.537350
4345,46.553886:24.538738 46.554395:24.538336 46.554837:24.537780
4346,46.553415:24.539818 46.553179:24.540594 46.553102:24.541369
4347,46.553415:24.539818 46.553961:24.539950 46.554906:24.540321
4348,46.553102:24.541369 46.553837:24.540890 46.554473:24.540652
4349,46.554512:24.541760 46.554140:24.542623 46.553929:24.543453
4350,46.554512:24.541760 46.554308:24.542129 46.554126:24.542632
4351,46.553929:24.543453 46.553587:24.543990 46.553322:24.544563
4352,46.553929:24.543453 46.554379:24.543431 46.554611:24.543481
4353,46.553322:24.544563 46.553277:24.545054 46.553374:24.545524
4354,46.553374:24.545524 46.553277:24.546750 46.552965:24.548139
4355,46.553374:24.545524 46.554099:24.545892 46.554815:24.546078
4356,46.552965:24.548139 46.553268:24.548461 46.553435:24.548944
4357,46.553435:24.548944 46.554035:24.548674 46.554817:24.548246
4358,46.553549:24.550215 46.554262:24.550072 46.555002:24.549876
4359,46.552907:24.550877 46.553942:24.551051 46.554937:24.551117
4360,46.553662:24.553058 46.554204:24.552981 46.554648:24.553123
4361,46.553040:24.553653 46.553089:24.554594 46.553067:24.555511
4362,46.553040:24.553653 46.553576:24.553931 46.554193:24.553957
4363,46.553067:24.555511 46.553434:24.556047 46.553561:24.556537
4364,46.553067:24.555511 46.553692:24.555587 46.554215:24.555601
4365,46.553561:24.556537 46.553343:24.557305 46.553213:24.557981
4366,46.553561:24.556537 46.553854:24.556384 46.554297:24.556354
4367,46.553213:24.557981 46.553238:24.558392 46.553452:24.558796
4368,46.553213:24.557981 46.553804:24.558243 46.554438:24.558350
4369,46.553452:24.558796 46.553489:24.559566 46.553557:24.560136
4370,46.553452:24.558796 46.553875:24.558942 46.554144:24.559119
4371,46.553557:24.560136 46.553718:24.561106 46.553774:24.562021
4372,46.553557:24.560136 46.553858:24.560110 46.554393:24.560187
4373,46.553774:24.562021 46.553466:24.562613 46.553200:24.563308
4374,46.553774:24.562021 46.554044:24.561914 46.554233:24.561667
4375,46.553200:24.563308 46.553294:24.563731 46.553464:24.564030
4376,46.553200:24.563308 46.553805:24.562775 46.554577:24.562347
4377,46.553464:24.564030 46.553266:24.564298 46.553121:24.564904
4378,46.553464:24.564030 46.554051:24.563962 46.554590:24.563815
4379,46.553121:24.564904 46.553082:24.565903 46.553045:24.567113
4380,46.553121:24.564904 46.553835:24.565928 46.554514:24.566678
4381,46.553045:24.567113 46.553483:24.567515 46.553863:24.567978
4382,46.553863:24.567978 46.553624:24.568890 46.553497:24.569720
4383,46.553863:24.567978 46.554174:24.568278 46.554419:24.568703
4384,46.553714:24.571069 46.553780:24.571053 46.553945:24.570949
4385,46.553870:24.572519 46.553542:24.572956 46.553174:24.573657
4386,46.553870:24.572519 46.554318:24.572617 46.554597:24.572654
4387,46.553174:24.573657 46.552889:24.574158 46.552621:24.574702
4388,46.553174:24.573657 46.553780:24.573746 46.554321:24.573778
4389,46.552621:24.574702 46.553078:24.575434 46.553448:24.576348
4390,46.552621:24.574702 46.553343:24.575055 46.554136:24.575366
4391,46.553448:24.576348 46.553814:24.576020 46.554484:24.575782
4392,46.553335:24.577766 46.553571:24.578161 46.553903:24.578318
4393,46.553335:24.577766 46.554105:24.577980 46.554571:24.578176
4394,46.553903:24.578318 46.553513:24.579390 46.553251:24.580117
4395,46.553903:24.578318 46.554105:24.578270 46.554212:24.578138
4396,46.553251:24.580117 46.553402:24.580859 46.553612:24.581369
4397,46.553251:24.580117 46.553819:24.579838 46.554153:24.579480
4398,46.553612:24.581369 46.553721:24.581823 46.553732:24.582077
4399,46.553612:24.581369 46.554065:24.581381 46.554491:24.581462
4400,46.553732:24.582077 46.553720:24.583162 46.553712:24.584438
4401,46.553732:24.582077 46.553942:24.582454 46.554451:24.582697
4402,46.553712:24.584438 46.553758:24.584985 46.553829:24.585409
4403,46.553829:24.585409 46.553563:24.585875 46.553358:24.586702
4404,46.553829:24.585409 46.554017:24.584673 46.554070:24.584189
4405,46.553358:24.586702 46.553341:24.587006 46.553414:24.587112
4406,46.553358:24.586702 46.553985:24.586460 46.554593:24.586216
4407,46.553414:24.587112 46.553963:24.587481 46.554421:24.588010
4408,46.553229:24.589112 46.553229:24.589504 46.553260:24.590015
4409,46.553229:24.589112 46.554064:24.588741 46.554670:24.588425
4410,46.553260:24.590015 46.553278:24.590804 46.553360:24.591572
4411,46.553260:24.590015 46.553680:24.589992 46.554173:24.590468
4412,46.553360:24.591572 46.553395:24.592263 46.553465:24.593022
4413,46.553360:24.591572 46.553928:24.591901 46.554458:24.592255
4414,46.553465:24.593022 46.553532:24.593944 46.553501:24.594795
4415,46.553465:24.593022 46.553968:24.592466 46.554333:24.592114
4416,46.553501:24.594795 46.553538:24.595297 46.553488:24.595835
4417,46.553501:24.594795 46.554118:24.594226 46.554918:24.593612
4418,46.553488:24.595835 46.553242:24.595749 46.553013:24.595630
4419,46.553488:24.595835 46.553793:24.595840 46.554169:24.595827
4420,46.553013:24.595630 46.553106:24.596943 46.553301:24.598566
4421,46.553013:24.595630 46.553622:24.596868 46.554138:24.598076
4422,46.553301:24.598566 46.553933:24.598473 46.554592:24.598502
4423,46.553322:24.599285 46.553189:24.600357 46.553007:24.601271
4424,46.553322:24.599285 46.553851:24.599998 46.554356:24.600563
4425,46.553007:24.601271 46.553090:24.601867 46.553256:24.602284
4426,46.553007:24.601271 46.553908:24.600852 46.554697:24.600547
4427,46.553256:24.602284 46.553497:24.602948 46.553836:24.603720
4428,46.553256:24.602284 46.554140:24.601859 46.554948:24.601414
4429,46.553836:24.603720 46.554149:24.603581 46.554303:24.603608
4430,46.554226:24.604723 46.553997:24.605483 46.553775:24.606399
4431,46.554226:24.604723 46.554305:24.604480 46.554557:24.604351
4432,46.553775:24.606399 46.553525:24.606997 46.553211:24.607413
4433,46.553775:24.606399 46.554428:24.606595 46.555061:24.606749
4434,46.553211:24.607413 46.553284:24.607870 46.553243:24.608235
4435,46.553211:24.607413 46.553630:24.607537 46.554181:24.607559
4436,46.553243:24.608235 46.553789:24.608331 46.554286:24.608501
4437,46.553546:24.609651 46.554239:24.609917 46.554854:24.610057
4438,46.555096:24.519667 46.554756:24.520459 46.554318:24.521345
4439,46.555096:24.519667 46.555280:24.519657 46.555538:24.520046
4440,46.554318:24.521345 46.554290:24.522075 46.554327:24.522633
4441,46.554318:24.521345 46.554740:24.521554 46.555166:24.521854
4442,46.554327:24.522633 46.554325:24.522987 46.554296:24.523273
4443,46.554327:24.522633 46.554811:24.522828 46.555313:24.523197
4444,46.553664:24.524637 46.554260:24.525762 46.555041:24.526722
4445,46.553664:24.524637 46.554916:24.525056 46.556096:24.525303
4446,46.555041:24.526722 46.554719:24.527254 46.554562:24.527617
4447,46.555041:24.526722 46.555242:24.526623 46.555352:24.526281
4448,46.554562:24.527617 46.554565:24.528353 46.554458:24.529265
4449,46.554562:24.527617 46.555204:24.528203 46.555788:24.528668
4450,46.554458:24.529265 46.554188:24.529829 46.554022:24.530076
4451,46.554458:24.529265 46.555096:24.529061 46.555791:24.528953
4452,46.554022:24.530076 46.554076:24.531072 46.554197:24.532306
4453,46.554022:24.530076 46.554638:24.530257 46.555184:24.530132
4454,46.554197:24.532306 46.554108:24.532998 46.554139:24.533571
4455,46.554197:24.532306 46.554890:24.531956 46.555535:24.531849
4456,46.554139:24.533571 46.554293:24.534604 46.554345:24.535575
4457,46.554139:24.533571 46.554764:24.533599 46.555347:24.533619
4458,46.554345:24.535575 46.554462:24.535700 46.554481:24.535667
4459,46.554345:24.535575 46.554834:24.534968 46.555241:24.534027
4460,46.554481:24.535667 46.554671:24.536377 46.554981:24.537350
4461,46.554481:24.535667 46.555056:24.535898 46.555750:24.535869
4462,46.554981:24.537350 46.554932:24.537620 46.554837:24.537780
4463,46.554837:24.537780 46.554827:24.539054 46.554906:24.540321
4464,46.554906:24.540321 46.554674:24.540497 46.554473:24.540652
4465,46.554906:24.540321 46.555636:24.540480 46.556342:24.540444
4466,46.554473:24.540652 46.554346:24.541715 46.554126:24.542632
4467,46.554473:24.540652 46.555103:24.541141 46.555618:24.541755
4468,46.554126:24.542632 46.554467:24.543156 46.554611:24.543481
4469,46.554611:24.543481 46.554320:24.544509 46.554076:24.545512
4470,46.554611:24.543481 46.555021:24.543521 46.555506:24.543566
4471,46.554076:24.545512 46.554504:24.545837 46.554815:24.546078
4472,46.554815:24.546078 46.554895:24.546539 46.555025:24.546963
4473,46.554815:24.546078 46.555151:24.546413 46.555503:24.546860
4474,46.555025:24.546963 46.555042:24.547607 46.554817:24.548246
4475,46.555025:24.546963 46.554803:24.547202 46.554554:24.547565
4476,46.554817:24.548246 46.554872:24.548979 46.555002:24.549876
4477,46.554817:24.548246 46.555383:24.548643 46.555899:24.548843
4478,46.555002:24.549876 46.555313:24.550193 46.555644:24.550624
4479,46.554937:24.551117 46.554735:24.552121 46.554648:24.553123
4480,46.554937:24.551117 46.555354:24.550901 46.555694:24.550453
4481,46.554648:24.553123 46.554498:24.553584 46.554193:24.553957
4482,46.554648:24.553123 46.554984:24.552696 46.555246:24.552475
4483,46.554193:24.553957 46.554263:24.554873 46.554215:24.555601
4484,46.554215:24.555601 46.554408:24.556066 46.554297:24.556354
4485,46.554215:24.555601 46.554870:24.555918 46.555540:24.555968
4486,46.554297:24.556354 46.554378:24.557407 46.554438:24.558350
4487,46.554297:24.556354 46.554417:24.556657 46.554550:24.557040
4488,46.554438:24.558350 46.554215:24.558621 46.554144:24.559119
4489,46.554438:24.558350 46.555183:24.558316 46.555904:24.558097
4490,46.554144:24.559119 46.554220:24.559662 46.554393:24.560187
4491,46.554144:24.559119 46.554860:24.559073 46.555582:24.559159
4492,46.554393:24.560187 46.554346:24.560844 46.554233:24.561667
4493,46.554393:24.560187 46.555047:24.560443 46.555704:24.560544
4494,46.554233:24.561667 46.554852:24.561825 46.555323:24.562091
4495,46.554577:24.562347 46.554535:24.563188 46.554590:24.563815
4496,46.554577:24.562347 46.555009:24.562571 46.555287:24.563025
4497,46.554590:24.563815 46.554549:24.565140 46.554514:24.566678
4498,46.554590:24.563815 46.555011:24.563854 46.555451:24.563830
4499,46.554514:24.566678 46.554326:24.566712 46.554170:24.566927
4500,46.554514:24.566678 46.555026:24.566220 46.555788:24.565621
4501,46.554170:24.566927 46.554302:24.567813 46.554419:24.568703
4502,46.554170:24.566927 46.554629:24.567003 46.555169:24.566922
4503,46.554419:24.568703 46.554329:24.568792 46.554342:24.568762
4504,46.554419:24.568703 46.554824:24.568784 46.555094:24.568906
4505,46.554342:24.568762 46.554048:24.569841 46.553945:24.570949
4506,46.554342:24.568762 46.555164:24.569558 46.555757:24.570458
4507,46.554597:24.572654 46.554490:24.573184 46.554321:24.573778
4508,46.554597:24.572654 46.554842:24.572229 46.555238:24.571791
4509,46.554321:24.573778 46.554251:24.574427 46.554136:24.575366
4510,46.554321:24.573778 46.555023:24.573642 46.555545:24.573663
4511,46.554484:24.575782 46.554479:24.577110 46.554571:24.578176
4512,46.554571:24.578176 46.554404:24.578218 46.554212:24.578138
4513,46.554571:24.578176 46.555025:24.577723 46.555271:24.577311
4514,46.554212:24.578138 46.554195:24.578747 46.554153:24.579480
4515,46.554212:24.578138 46.554706:24.578691 46.555257:24.579461
4516,46.554153:24.579480 46.554232:24.580415 46.554491:24.581462
4517,46.554491:24.581462 46.554387:24.582161 46.554451:24.582697
4518,46.554491:24.581462 46.555304:24.581392 46.555895:24.581190
4519,46.554451:24.582697 46.554916:24.582768 46.555406:24.582763
4520,46.554923:24.583783 46.554559:24.583937 46.554070:24.584189
4521,46.554923:24.583783 46.555070:24.583610 46.555306:24.583346
4522,46.554070:24.584189 46.554356:24.585249 46.554593:24.586216
4523,46.554070:24.584189 46.554639:24.584860 46.555239:24.585369
4524,46.554593:24.586216 46.554502:24.587260 46.554421:24.588010
4525,46.554593:24.586216 46.555041:24.586766 46.555643:24.587312
4526,46.554421:24.588010 46.554750:24.587984 46.554939:24.588052
4527,46.554670:24.588425 46.554448:24.589436 46.554173:24.590468
4528,46.554173:24.590468 46.554218:24.591334 46.554458:24.592255
4529,46.554173:24.590468 46.554924:24.590391 46.555819:24.590492
4530,46.554458:24.592255 46.554374:24.592187 46.554333:24.592114
4531,46.554458:24.592255 46.555187:24.591863 46.556090:24.591572
4532,46.554333:24.592114 46.554562:24.592800 46.554918:24.593612
4533,46.554333:24.592114 46.554886:24.592336 46.555392:24.592572
4534,46.554918:24.593612 46.555083:24.594042 46.555348:24.594399
4535,46.554169:24.595827 46.554160:24.596944 46.554138:24.598076
4536,46.554169:24.595827 46.554933:24.595978 46.555811:24.596226
4537,46.554138:24.598076 46.554383:24.598313 46.554592:24.598502
4538,46.554138:24.598076 46.554783:24.597388 46.555483:24.596630
4539,46.554592:24.598502 46.554535:24.599601 46.554356:24.600563
4540,46.554592:24.598502 46.554916:24.598188 46.555460:24.598069
4541,46.554356:24.600563 46.554936:24.600132 46.555413:24.599385
4542,46.554948:24.601414 46.554628:24.602536 46.554303:24.603608
4543,46.554948:24.601414 46.555128:24.601764 46.555398:24.602098
4544,46.554303:24.603608 46.554682:24.603665 46.555094:24.603543
4545,46.554557:24.604351 46.555216:24.604724 46.555775:24.605072
4546,46.554181:24.607559 46.554696:24.607188 46.555124:24.606867
4547,46.554286:24.608501 46.554533:24.609305 46.554854:24.610057
4548,46.555538:24.520046 46.555742:24.519789 46.556109:24.519694
4549,46.555166:24.521854 46.555181:24.522471 46.555313:24.523197
4550,46.555166:24.521854 46.555837:24.521762 46.556393:24.521675
4551,46.555313:24.523197 46.555244:24.523431 46.555416:24.523708
4552,46.555313:24.523197 46.556304:24.522636 46.557283:24.522451
4553,46.555416:24.523708 46.555891:24.523857 46.556549:24.523738
4554,46.556096:24.525303 46.556280:24.525198 46.556575:24.525142
4555,46.555352:24.526281 46.556450:24.526217 46.557501:24.526036
4556,46.555788:24.528668 46.555731:24.528752 46.555791:24.528953
4557,46.555788:24.528668 46.556176:24.528135 46.556606:24.527474
4558,46.555791:24.528953 46.555465:24.529623 46.555184:24.530132
4559,46.555791:24.528953 46.556334:24.528815 46.556768:24.528899
4560,46.555184:24.530132 46.555415:24.530896 46.555535:24.531849
4561,46.555184:24.530132 46.556006:24.530063 46.556844:24.529953
4562,46.555535:24.531849 46.555496:24.532875 46.555347:24.533619
4563,46.555347:24.533619 46.555329:24.533951 46.555241:24.534027
4564,46.555347:24.533619 46.555724:24.533620 46.556031:24.533355
4565,46.555241:24.534027 46.555455:24.535031 46.555750:24.535869
4566,46.555241:24.534027 46.555854:24.533944 46.556481:24.533834
4567,46.555750:24.535869 46.555553:24.536515 46.555440:24.537389
4568,46.555750:24.535869 46.556184:24.535606 46.556797:24.535422
4569,46.555440:24.537389 46.556184:24.537094 46.556900:24.536713
4570,46.555083:24.538996 46.555757:24.539750 46.556342:24.540444
4571,46.555083:24.538996 46.555955:24.538663 46.556957:24.538327
4572,46.556342:24.540444 46.556007:24.541027 46.555618:24.541755
4573,46.556342:24.540444 46.556601:24.540025 46.556768:24.539635
4574,46.555618:24.541755 46.555513:24.542108 46.555595:24.542772
4575,46.555618:24.541755 46.556077:24.541121 46.556518:24.540709
4576,46.555595:24.542772 46.555563:24.543194 46.555506:24.543566
4577,46.555595:24.542772 46.556177:24.542570 46.556801:24.542490
4578,46.555506:24.543566 46.556003:24.544125 46.556503:24.544473
4579,46.555760:24.543997 46.555597:24.545404 46.555503:24.546860
4580,46.555503:24.546860 46.556204:24.546423 46.557020:24.546056
4581,46.554554:24.547565 46.555689:24.547301 46.556725:24.547041
4582,46.555899:24.548843 46.556502:24.548704 46.557216:24.548330
4583,46.555644:24.550624 46.555640:24.550605 46.555694:24.550453
4584,46.555644:24.550624 46.556241:24.550288 46.556616:24.549679
4585,46.555694:24.550453 46.555378:24.551565 46.555246:24.552475
4586,46.555694:24.550453 46.556480:24.551175 46.557313:24.551861
4587,46.555246:24.552475 46.555461:24.552981 46.555627:24.553712
4588,46.555246:24.552475 46.555702:24.552344 46.556188:24.552409
4589,46.555627:24.553712 46.555527:24.554971 46.555540:24.555968
4590,46.555627:24.553712 46.556242:24.553764 46.556770:24.553722
4591,46.555540:24.555968 46.555133:24.556428 46.554550:24.557040
4592,46.555540:24.555968 46.556094:24.555273 46.556522:24.554740
4593,46.554550:24.557040 46.555232:24.557668 46.555904:24.558097
4594,46.554550:24.557040 46.555666:24.556616 46.556731:24.556038
4595,46.555904:24.558097 46.555805:24.558591 46.555582:24.559159
4596,46.555904:24.558097 46.556594:24.558543 46.556932:24.558890
4597,46.555582:24.559159 46.555661:24.559744 46.555704:24.560544
4598,46.555582:24.559159 46.556026:24.559520 46.556532:24.559860
4599,46.555323:24.562091 46.555776:24.561690 46.556525:24.561314
4600,46.555287:24.563025 46.555287:24.563289 46.555451:24.563830
4601,46.555287:24.563025 46.556006:24.563304 46.556684:24.563354
4602,46.555451:24.563830 46.555690:24.564737 46.555788:24.565621
4603,46.555451:24.563830 46.556269:24.563923 46.556966:24.564225
4604,46.555788:24.565621 46.555434:24.566419 46.555169:24.566922
4605,46.555788:24.565621 46.556038:24.565653 46.556232:24.565619
4606,46.555169:24.566922 46.555151:24.567949 46.555094:24.568906
4607,46.555169:24.566922 46.556237:24.566898 46.557222:24.567082
4608,46.555094:24.568906 46.555491:24.569658 46.555757:24.570458
4609,46.555094:24.568906 46.555799:24.568179 46.556622:24.567342
4610,46.555757:24.570458 46.555526:24.570819 46.555378:24.571187
4611,46.555757:24.570458 46.556127:24.570018 46.556495:24.569807
4612,46.555378:24.571187 46.555864:24.571421 46.556318:24.571467
4613,46.555238:24.571791 46.555822:24.571829 46.556449:24.571789
4614,46.555545:24.573663 46.555759:24.574203 46.555899:24.574663
4615,46.555545:24.573663 46.555983:24.573321 46.556444:24.573438
4616,46.555899:24.574663 46.555948:24.575521 46.555961:24.576520
4617,46.555961:24.576520 46.555744:24.576744 46.555271:24.577311
4618,46.555961:24.576520 46.555950:24.576289 46.556029:24.576053
4619,46.555271:24.577311 46.555272:24.578381 46.555257:24.579461
4620,46.555257:24.579461 46.555342:24.579859 46.555384:24.580397
4621,46.555257:24.579461 46.555682:24.579117 46.556257:24.579352
4622,46.555384:24.580397 46.555658:24.580748 46.555895:24.581190
4623,46.555384:24.580397 46.556144:24.580345 46.556877:24.580202
4624,46.555895:24.581190 46.555655:24.582055 46.555406:24.582763
4625,46.555895:24.581190 46.556193:24.581035 46.556380:24.580916
4626,46.555406:24.582763 46.555432:24.583028 46.555306:24.583346
4627,46.555406:24.582763 46.555742:24.582912 46.556315:24.583022
4628,46.555306:24.583346 46.555320:24.584342 46.555239:24.585369
4629,46.555306:24.583346 46.556022:24.583759 46.556720:24.584386
4630,46.555239:24.585369 46.556298:24.585441 46.557271:24.585227
4631,46.555643:24.587312 46.555202:24.587802 46.554939:24.588052
4632,46.555643:24.587312 46.556099:24.587257 46.556628:24.587370
4633,46.554939:24.588052 46.555505:24.587910 46.556195:24.587630
4634,46.555174:24.589648 46.555388:24.589952 46.555819:24.590492
4635,46.555174:24.589648 46.555806:24.589144 46.556517:24.588965
4636,46.555819:24.590492 46.555934:24.590976 46.556090:24.591572
4637,46.555819:24.590492 46.556209:24.590174 46.556694:24.590066
4638,46.556090:24.591572 46.555838:24.592166 46.555392:24.592572
4639,46.556090:24.591572 46.556610:24.591462 46.557044:24.591139
4640,46.555392:24.592572 46.555293:24.593672 46.555348:24.594399
4641,46.555348:24.594399 46.555580:24.595331 46.555811:24.596226
4642,46.555348:24.594399 46.555763:24.594565 46.556161:24.594609
4643,46.555811:24.596226 46.555650:24.596357 46.555483:24.596630
4644,46.555811:24.596226 46.556371:24.595954 46.556861:24.595567
4645,46.555483:24.596630 46.555459:24.597383 46.555460:24.598069
4646,46.555483:24.596630 46.556226:24.596922 46.556935:24.597231
4647,46.555460:24.598069 46.555388:24.598749 46.555413:24.599385
4648,46.555460:24.598069 46.555979:24.598180 46.556446:24.598246
4649,46.555413:24.599385 46.555316:24.600081 46.555273:24.600846
4650,46.555413:24.599385 46.556060:24.599976 46.556771:24.600454
4651,46.555273:24.600846 46.555381:24.601313 46.555398:24.602098
4652,46.555273:24.600846 46.555885:24.600970 46.556493:24.601035
4653,46.555398:24.602098 46.555208:24.602850 46.555094:24.603543
4654,46.555398:24.602098 46.556157:24.602349 46.556832:24.602713
4655,46.555094:24.603543 46.555547:24.604491 46.555775:24.605072
4656,46.555094:24.603543 46.555953:24.603779 46.556790:24.603953
4657,46.555775:24.605072 46.555563:24.605398 46.555386:24.605577
4658,46.555775:24.605072 46.556096:24.604897 46.556278:24.604669
4659,46.555386:24.605577 46.555251:24.606118 46.555124:24.606867
4660,46.555386:24.605577 46.555685:24.605871 46.555978:24.606067
4661,46.555124:24.606867 46.555241:24.607772 46.555353:24.608557
4662,46.555353:24.608557 46.555074:24.609427 46.554960:24.610299
4663,46.554960:24.610299 46.555831:24.609917 46.556694:24.609419
4664,46.556109:24.519694 46.556225:24.520681 46.556393:24.521675
4665,46.556109:24.519694 46.556798:24.519903 46.557474:24.519926
4666,46.556393:24.521675 46.556915:24.522192 46.557283:24.522451
4667,46.556393:24.521675 46.557000:24.521443 46.557770:24.520927
4668,46.557283:24.522451 46.556911:24.523016 46.556549:24.523738
4669,46.557283:24.522451 46.557516:24.522470 46.557675:24.522288
4670,46.556549:24.523738 46.556415:24.524433 46.556575:24.525142
4671,46.556575:24.525142 46.557035:24.525714 46.557501:24.526036
4672,46.556575:24.525142 46.556996:24.525443 46.557435:24.525589
4673,46.557501:24.526036 46.557049:24.526861 46.556606:24.527474
4674,46.557501:24.526036 46.557822:24.526371 46.558173:24.526779
4675,46.556606:24.527474 46.556701:24.528214 46.556768:24.528899
4676,46.556606:24.527474 46.557063:24.527556 46.557639:24.527584
4677,46.556768:24.528899 46.556774:24.529423 46.556844:24.529953
4678,46.556844:24.529953 46.557029:24.530861 46.557376:24.531833
4679,46.556844:24.529953 46.557601:24.530443 46.558250:24.530945
4680,46.557376:24.531833 46.556640:24.532625 46.556031:24.533355
4681,46.557376:24.531833 46.557599:24.531781 46.557789:24.531634
4682,46.556031:24.533355 46.556154:24.533554 46.556481:24.533834
4683,46.556031:24.533355 46.556864:24.533356 46.557713:24.533232
4684,46.556481:24.533834 46.556655:24.534680 46.556797:24.535422
4685,46.556481:24.533834 46.557000:24.534158 46.557709:24.534539
4686,46.556797:24.535422 46.556869:24.536057 46.556900:24.536713
4687,46.556797:24.535422 46.557195:24.535573 46.557447:24.535675
4688,46.556900:24.536713 46.557245:24.537090 46.557591:24.537433
4689,46.556957:24.538327 46.556805:24.538886 46.556768:24.539635
4690,46.556768:24.539635 46.557236:24.539438 46.557682:24.539347
4691,46.556518:24.540709 46.556630:24.541821 46.556801:24.542490
4692,46.556518:24.540709 46.557136:24.540923 46.557719:24.540927
4693,46.556801:24.542490 46.557293:24.542387 46.557632:24.542363
4694,46.556503:24.544473 46.556760:24.544443 46.557230:24.544273
4695,46.556503:24.544473 46.556999:24.543660 46.557513:24.542738
4696,46.557230:24.544273 46.557071:24.545113 46.557020:24.546056
4697,46.557230:24.544273 46.557531:24.544511 46.557951:24.544774
4698,46.557020:24.546056 46.556753:24.546591 46.556725:24.547041
4699,46.557020:24.546056 46.557714:24.546155 46.558285:24.546260
4700,46.556725:24.547041 46.557073:24.547658 46.557216:24.548330
4701,46.556725:24.547041 46.557067:24.547547 46.557024:24.547939
4702,46.557216:24.548330 46.556945:24.549107 46.556616:24.549679
4703,46.557216:24.548330 46.557218:24.548536 46.557475:24.548939
4704,46.556616:24.549679 46.556980:24.550742 46.557313:24.551861
4705,46.556616:24.549679 46.557489:24.550206 46.558475:24.550482
4706,46.557313:24.551861 46.556804:24.552109 46.556188:24.552409
4707,46.557313:24.551861 46.557275:24.551577 46.557336:24.551267
4708,46.556188:24.552409 46.556561:24.552982 46.556770:24.553722
4709,46.556188:24.552409 46.556509:24.552679 46.557159:24.552905
4710,46.556770:24.553722 46.556636:24.554243 46.556522:24.554740
4711,46.556770:24.553722 46.557229:24.553652 46.557905:24.553466
4712,46.556522:24.554740 46.556589:24.555375 46.556731:24.556038
4713,46.556522:24.554740 46.557121:24.555025 46.557868:24.555631
4714,46.556731:24.556038 46.556872:24.557428 46.556932:24.558890
4715,46.556731:24.556038 46.557333:24.556224 46.557990:24.556231
4716,46.556932:24.558890 46.557152:24.558099 46.557474:24.557338
4717,46.556532:24.559860 46.556637:24.559863 46.556773:24.560138
4718,46.556532:24.559860 46.557013:24.559590 46.557268:24.559272
4719,46.556773:24.560138 46.556640:24.560851 46.556525:24.561314
4720,46.556773:24.560138 46.557180:24.560651 46.557726:24.561009
4721,46.556525:24.561314 46.556712:24.562277 46.556684:24.563354
4722,46.556525:24.561314 46.557122:24.561450 46.557806:24.561601
4723,46.556684:24.563354 46.556792:24.563835 46.556966:24.564225
4724,46.556684:24.563354 46.556986:24.563547 46.557221:24.563724
4725,46.556966:24.564225 46.556664:24.564902 46.556232:24.565619
4726,46.556966:24.564225 46.557459:24.564285 46.557769:24.564338
4727,46.556232:24.565619 46.556839:24.566369 46.557222:24.567082
4728,46.556232:24.565619 46.556777:24.565582 46.557366:24.565196
4729,46.557222:24.567082 46.556927:24.567317 46.556622:24.567342
4730,46.557222:24.567082 46.557621:24.566895 46.557930:24.566534
4731,46.556622:24.567342 46.556618:24.568501 46.556495:24.569807
4732,46.556622:24.567342 46.557381:24.567915 46.557913:24.568540
4733,46.556495:24.569807 46.557138:24.569329 46.557581:24.568859
4734,46.556318:24.571467 46.557075:24.571467 46.557853:24.571489
4735,46.556449:24.571789 46.556536:24.572540 46.556444:24.573438
4736,46.556449:24.571789 46.556884:24.571604 46.557428:24.571625
4737,46.556444:24.573438 46.556694:24.574017 46.556989:24.574534
4738,46.556444:24.573438 46.557220:24.573481 46.558086:24.573545
4739,46.556989:24.574534 46.557234:24.574893 46.557498:24.575323
4740,46.556029:24.576053 46.556482:24.577062 46.556824:24.578074
4741,46.556824:24.578074 46.556499:24.578725 46.556257:24.579352
4742,46.556257:24.579352 46.556592:24.579744 46.556877:24.580202
4743,46.556257:24.579352 46.556991:24.578890 46.557787:24.578324
4744,46.556877:24.580202 46.556655:24.580449 46.556380:24.580916
4745,46.556877:24.580202 46.557017:24.580078 46.557102:24.579768
4746,46.556380:24.580916 46.557318:24.581493 46.558136:24.581789
4747,46.556315:24.583022 46.556435:24.583582 46.556720:24.584386
4748,46.556720:24.584386 46.556961:24.584776 46.557271:24.585227
4749,46.557271:24.585227 46.556936:24.586110 46.556628:24.587370
4750,46.557271:24.585227 46.557357:24.585247 46.557562:24.585425
4751,46.556628:24.587370 46.556470:24.587515 46.556195:24.587630
4752,46.556628:24.587370 46.556998:24.587088 46.557386:24.586847
4753,46.556195:24.587630 46.556401:24.588247 46.556517:24.588965
4754,46.556517:24.588965 46.556622:24.589434 46.556694:24.590066
4755,46.556517:24.588965 46.557002:24.588768 46.557419:24.589076
4756,46.556694:24.590066 46.556976:24.590600 46.557044:24.591139
4757,46.557044:24.591139 46.557246:24.591564 46.557481:24.591867
4758,46.556363:24.592299 46.556329:24.593544 46.556161:24.594609
4759,46.556363:24.592299 46.557282:24.592715 46.558014:24.592966
4760,46.556161:24.594609 46.556426:24.595026 46.556861:24.595567
4761,46.556161:24.594609 46.556759:24.594179 46.557310:24.593671
4762,46.556861:24.595567 46.557041:24.595717 46.557252:24.596122
4763,46.556935:24.597231 46.556693:24.597805 46.556446:24.598246
4764,46.556935:24.597231 46.557358:24.597325 46.557682:24.597170
4765,46.556446:24.598246 46.556645:24.599264 46.556771:24.600454
4766,46.556446:24.598246 46.557155:24.598240 46.558081:24.598390
4767,46.556771:24.600454 46.556633:24.600757 46.556493:24.601035
4768,46.556771:24.600454 46.557291:24.599776 46.557877:24.599349
4769,46.556493:24.601035 46.556700:24.601889 46.556832:24.602713
4770,46.556493:24.601035 46.556891:24.601111 46.557159:24.601148
4771,46.556832:24.602713 46.556792:24.603282 46.556790:24.603953
4772,46.556832:24.602713 46.557229:24.602675 46.557679:24.602429
4773,46.556790:24.603953 46.557054:24.603748 46.557346:24.603421
4774,46.556278:24.604669 46.556135:24.605343 46.555978:24.606067
4775,46.556278:24.604669 46.557210:24.604642 46.558404:24.604421
4776,46.555978:24.606067 46.556674:24.606954 46.557447:24.607500
4777,46.555978:24.606067 46.556716:24.606342 46.557746:24.606663
4778,46.557447:24.607500 46.556984:24.608096 46.556675:24.608815
4779,46.557447:24.607500 46.557504:24.607422 46.557632:24.607451
4780,46.556675:24.608815 46.556608:24.609198 46.556694:24.609419
4781,46.556675:24.608815 46.556782:24.608900 46.556981:24.609038
4782,46.557474:24.519926 46.557586:24.520466 46.557770:24.520927
4783,46.557474:24.519926 46.558179:24.519919 46.558749:24.519843
4784,46.557770:24.520927 46.557730:24.521665 46.557675:24.522288
4785,46.557770:24.520927 46.558332:24.520920 46.558929:24.521205
4786,46.557675:24.522288 46.557365:24.522940 46.557258:24.523626
4787,46.557675:24.522288 46.558187:24.522748 46.558603:24.523285
4788,46.557258:24.523626 46.557264:24.524478 46.557435:24.525589
4789,46.557258:24.523626 46.558200:24.523739 46.559117:24.523966
4790,46.557435:24.525589 46.557856:24.526273 46.558173:24.526779
4791,46.557435:24.525589 46.558249:24.525623 46.559057:24.525581
4792,46.558173:24.526779 46.557888:24.527191 46.557639:24.527584
4793,46.558173:24.526779 46.558532:24.526611 46.558979:24.526547
4794,46.557639:24.527584 46.557424:24.528299 46.557172:24.528901
4795,46.557639:24.527584 46.558237:24.527796 46.558805:24.528009
4796,46.557172:24.528901 46.557744:24.529868 46.558250:24.530945
4797,46.557172:24.528901 46.558120:24.529115 46.558974:24.529290
4798,46.558250:24.530945 46.557914:24.531304 46.557789:24.531634
4799,46.558250:24.530945 46.558317:24.530515 46.558591:24.530408
4800,46.557789:24.531634 46.557713:24.532260 46.557713:24.533232
4801,46.557713:24.533232 46.557726:24.533986 46.557709:24.534539
4802,46.557713:24.533232 46.558212:24.533171 46.558777:24.533378
4803,46.557709:24.534539 46.557627:24.535052 46.557447:24.535675
4804,46.557709:24.534539 46.558277:24.534298 46.558838:24.534230
4805,46.557447:24.535675 46.557534:24.536612 46.557591:24.537433
4806,46.557447:24.535675 46.558184:24.535551 46.558772:24.535448
4807,46.557591:24.537433 46.557421:24.538211 46.557285:24.538834
4808,46.557591:24.537433 46.558368:24.537093 46.559117:24.536799
4809,46.557285:24.538834 46.557505:24.538976 46.557682:24.539347
4810,46.557285:24.538834 46.557669:24.538367 46.558209:24.537744
4811,46.557682:24.539347 46.557641:24.540184 46.557719:24.540927
4812,46.557682:24.539347 46.558242:24.539526 46.558882:24.539662
4813,46.557719:24.540927 46.557705:24.541694 46.557632:24.542363
4814,46.557719:24.540927 46.558144:24.540629 46.558618:24.540308
4815,46.557632:24.542363 46.557479:24.542530 46.557513:24.542738
4816,46.557632:24.542363 46.558117:24.542049 46.558729:24.541817
4817,46.557513:24.542738 46.557721:24.543710 46.557951:24.544774
4818,46.557513:24.542738 46.557990:24.543243 46.558555:24.543484
4819,46.557951:24.544774 46.558136:24.545509 46.558285:24.546260
4820,46.558285:24.546260 46.557695:24.547106 46.557024:24.547939
4821,46.558285:24.546260 46.558303:24.546040 46.558526:24.545892
4822,46.557024:24.547939 46.557185:24.548488 46.557475:24.548939
4823,46.557024:24.547939 46.557806:24.547951 46.558702:24.548029
4824,46.557475:24.548939 46.558065:24.549739 46.558475:24.550482
4825,46.557475:24.548939 46.558434:24.549047 46.559320:24.549110
4826,46.558475:24.550482 46.557871:24.550873 46.557336:24.551267
4827,46.557336:24.551267 46.557161:24.552130 46.557159:24.552905
4828,46.557336:24.551267 46.558208:24.551472 46.559093:24.551659
4829,46.557159:24.552905 46.557510:24.553325 46.557905:24.553466
4830,46.557159:24.552905 46.557786:24.552728 46.558222:24.552591
4831,46.557905:24.553466 46.557942:24.554477 46.557868:24.555631
4832,46.557868:24.555631 46.557938:24.555880 46.557990:24.556231
4833,46.557868:24.555631 46.558392:24.555388 46.558998:24.554992
4834,46.557990:24.556231 46.557777:24.556616 46.557474:24.557338
4835,46.557990:24.556231 46.558799:24.556312 46.559514:24.556409
4836,46.557474:24.557338 46.557378:24.558294 46.557268:24.559272
4837,46.557474:24.557338 46.558517:24.557645 46.559617:24.557760
4838,46.557268:24.559272 46.557503:24.560075 46.557726:24.561009
4839,46.557268:24.559272 46.558017:24.559596 46.558751:24.559955
4840,46.557726:24.561009 46.557815:24.561253 46.557806:24.561601
4841,46.557726:24.561009 46.558095:24.560503 46.558599:24.560238
4842,46.557806:24.561601 46.557505:24.562546 46.557221:24.563724
4843,46.557221:24.563724 46.557411:24.563998 46.557769:24.564338
4844,46.557221:24.563724 46.558046:24.563112 46.558944:24.562508
4845,46.557769:24.564338 46.557648:24.564785 46.557366:24.565196
4846,46.557769:24.564338 46.558530:24.564600 46.559393:24.564778
4847,46.557366:24.565196 46.557550:24.565766 46.557930:24.566534
4848,46.557366:24.565196 46.558097:24.565677 46.558902:24.565963
4849,46.557930:24.566534 46.557885:24.567549 46.557913:24.568540
4850,46.557930:24.566534 46.558241:24.566625 46.558608:24.566759
4851,46.557913:24.568540 46.557740:24.568729 46.557581:24.568859
4852,46.557913:24.568540 46.558049:24.568367 46.558241:24.568427
4853,46.557581:24.568859 46.557604:24.570140 46.557853:24.571489
4854,46.557581:24.568859 46.558403:24.569315 46.559203:24.569940
4855,46.557853:24.571489 46.557576:24.571591 46.557428:24.571625
4856,46.557853:24.571489 46.558479:24.571357 46.559095:24.571182
4857,46.557428:24.571625 46.557688:24.572573 46.558086:24.573545
4858,46.557428:24.571625 46.557927:24.571633 46.558464:24.571620
4859,46.558086:24.573545 46.557821:24.574428 46.557498:24.575323
4860,46.558086:24.573545 46.558366:24.573484 46.558999:24.573557
4861,46.557498:24.575323 46.557524:24.575630 46.557617:24.576289
4862,46.557498:24.575323 46.558335:24.574969 46.559117:24.574672
4863,46.557617:24.576289 46.557664:24.576626 46.557574:24.577067
4864,46.557617:24.576289 46.558070:24.576233 46.558478:24.576285
4865,46.557574:24.577067 46.557741:24.577893 46.557787:24.578324
4866,46.557574:24.577067 46.558155:24.576917 46.558589:24.576694
4867,46.557787:24.578324 46.557476:24.579117 46.557102:24.579768
4868,46.557787:24.578324 46.558093:24.578439 46.558571:24.578326
4869,46.557102:24.579768 46.557615:24.580809 46.558136:24.581789
4870,46.557102:24.579768 46.557738:24.579675 46.558398:24.579771
4871,46.558136:24.581789 46.558373:24.582455 46.558459:24.583047
4872,46.558459:24.583047 46.558341:24.583600 46.558267:24.584027
4873,46.558267:24.584027 46.557804:24.584848 46.557562:24.585425
4874,46.558267:24.584027 46.558680:24.583909 46.559171:24.583890
4875,46.557562:24.585425 46.557423:24.586178 46.557386:24.586847
4876,46.557562:24.585425 46.558275:24.585126 46.558918:24.584934
4877,46.557386:24.586847 46.557535:24.587422 46.557558:24.587943
4878,46.557558:24.587943 46.557409:24.588490 46.557419:24.589076
4879,46.557558:24.587943 46.558534:24.587719 46.559394:24.587505
4880,46.557419:24.589076 46.557650:24.589670 46.558049:24.590344
4881,46.557419:24.589076 46.558094:24.588996 46.558980:24.588886
4882,46.558049:24.590344 46.557731:24.590979 46.557481:24.591867
4883,46.558049:24.590344 46.558497:24.590196 46.558872:24.589938
4884,46.557481:24.591867 46.557738:24.592479 46.558014:24.592966
4885,46.557481:24.591867 46.558128:24.591874 46.558651:24.592138
4886,46.558014:24.592966 46.557663:24.593284 46.557310:24.593671
4887,46.558014:24.592966 46.558467:24.592692 46.558983:24.592218
4888,46.557310:24.593671 46.557304:24.594796 46.557252:24.596122
4889,46.557310:24.593671 46.558181:24.593864 46.559071:24.593793
4890,46.557252:24.596122 46.557459:24.596722 46.557682:24.597170
4891,46.557682:24.597170 46.557854:24.597899 46.558081:24.598390
4892,46.557682:24.597170 46.558099:24.596963 46.558560:24.596828
4893,46.558081:24.598390 46.557911:24.598876 46.557877:24.599349
4894,46.558081:24.598390 46.558449:24.598445 46.558695:24.598440
4895,46.557877:24.599349 46.557517:24.600346 46.557159:24.601148
4896,46.557877:24.599349 46.558458:24.599701 46.559093:24.600156
4897,46.557159:24.601148 46.557410:24.601760 46.557679:24.602429
4898,46.557159:24.601148 46.558045:24.601367 46.558892:24.601731
4899,46.557679:24.602429 46.557509:24.602930 46.557346:24.603421
4900,46.557679:24.602429 46.558048:24.602540 46.558455:24.602943
4901,46.557346:24.603421 46.557880:24.603764 46.558404:24.604421
4902,46.557346:24.603421 46.558019:24.603776 46.558690:24.603814
4903,46.558404:24.604421 46.557968:24.605530 46.557746:24.606663
4904,46.558404:24.604421 46.558497:24.604728 46.558737:24.604826
4905,46.557746:24.606663 46.557665:24.607050 46.557632:24.607451
4906,46.557746:24.606663 46.558099:24.606492 46.558465:24.606260
4907,46.557632:24.607451 46.557396:24.608245 46.556981:24.609038
4908,46.557632:24.607451 46.558509:24.607333 46.559473:24.607462
4909,46.556981:24.609038 46.557245:24.609780 46.557560:24.610565
4910,46.556981:24.609038 46.557836:24.608836 46.558772:24.608705
4911,46.558749:24.519843 46.558825:24.520460 46.558929:24.521205
4912,46.558749:24.519843 46.559301:24.520075 46.559846:24.520100
4913,46.558929:24.521205 46.558703:24.522305 46.558603:24.523285
4914,46.558929:24.521205 46.559609:24.521610 46.560294:24.521719
4915,46.558603:24.523285 46.558834:24.523771 46.559117:24.523966
4916,46.559117:24.523966 46.559083:24.524750 46.559057:24.525581
4917,46.559117:24.523966 46.559507:24.524159 46.559854:24.524283
4918,46.559057:24.525581 46.558980:24.526075 46.558979:24.526547
4919,46.558979:24.526547 46.558824:24.527344 46.558805:24.528009
4920,46.558979:24.526547 46.559765:24.526492 46.560576:24.526460
4921,46.558805:24.528009 46.559575:24.528184 46.560329:24.528442
4922,46.558974:24.529290 46.558774:24.529935 46.558591:24.530408
4923,46.558974:24.529290 46.559633:24.529265 46.560394:24.529224
4924,46.558591:24.530408 46.558814:24.530953 46.558937:24.531318
4925,46.558591:24.530408 46.559370:24.530067 46.560045:24.529789
4926,46.558937:24.531318 46.558878:24.532248 46.558777:24.533378
4927,46.558937:24.531318 46.559253:24.531332 46.559238:24.531486
4928,46.558777:24.533378 46.558835:24.533716 46.558838:24.534230
4929,46.558777:24.533378 46.559542:24.533445 46.560094:24.533506
4930,46.558838:24.534230 46.559357:24.534415 46.559812:24.534800
4931,46.559117:24.536799 46.559134:24.536697 46.559302:24.536610
4932,46.558209:24.537744 46.558890:24.537848 46.559520:24.537822
4933,46.558882:24.539662 46.558779:24.539954 46.558618:24.540308
4934,46.558882:24.539662 46.559588:24.539387 46.560412:24.539177
4935,46.558618:24.540308 46.558638:24.540997 46.558729:24.541817
4936,46.558618:24.540308 46.559034:24.540440 46.559563:24.540707
4937,46.558729:24.541817 46.558655:24.542754 46.558555:24.543484
4938,46.558555:24.543484 46.558545:24.544174 46.558517:24.544924
4939,46.558555:24.543484 46.559321:24.543605 46.560100:24.543721
4940,46.558517:24.544924 46.559243:24.544420 46.559628:24.543780
4941,46.558526:24.545892 46.558678:24.546980 46.558702:24.548029
4942,46.558526:24.545892 46.559037:24.545736 46.559533:24.545561
4943,46.558702:24.548029 46.559546:24.547545 46.560408:24.547092
4944,46.559320:24.549110 46.558934:24.549531 46.558527:24.550009
4945,46.559320:24.549110 46.559341:24.549054 46.559481:24.548864
4946,46.558527:24.550009 46.558715:24.550925 46.559093:24.551659
4947,46.559093:24.551659 46.558702:24.552218 46.558222:24.552591
4948,46.559093:24.551659 46.559626:24.551666 46.560223:24.551703
4949,46.558222:24.552591 46.558394:24.553336 46.558526:24.554243
4950,46.558222:24.552591 46.559069:24.552309 46.559943:24.552292
4951,46.558526:24.554243 46.559084:24.553643 46.559548:24.553044
4952,46.558998:24.554992 46.559228:24.555636 46.559514:24.556409
4953,46.558998:24.554992 46.559436:24.555143 46.559979:24.555392
4954,46.559514:24.556409 46.559589:24.557165 46.559617:24.557760
4955,46.559514:24.556409 46.559520:24.556409 46.559532:24.556540
4956,46.559617:24.557760 46.560273:24.557630 46.560972:24.557351
4957,46.558751:24.559955 46.558631:24.560148 46.558599:24.560238
4958,46.558751:24.559955 46.559132:24.559699 46.559262:24.559398
4959,46.558599:24.560238 46.558982:24.560997 46.559285:24.561729
4960,46.558599:24.560238 46.559204:24.560290 46.559701:24.560230
4961,46.559285:24.561729 46.559078:24.562105 46.558944:24.562508
4962,46.559285:24.561729 46.559696:24.561714 46.560061:24.561690
4963,46.558944:24.562508 46.559502:24.562761 46.560189:24.563271
4964,46.559393:24.564778 46.559192:24.565456 46.558902:24.565963
4965,46.559393:24.564778 46.559679:24.564757 46.560246:24.564405
4966,46.558902:24.565963 46.558887:24.566292 46.558608:24.566759
4967,46.558902:24.565963 46.559059:24.566031 46.559107:24.566239
4968,46.558608:24.566759 46.558906:24.567108 46.559264:24.567409
4969,46.558241:24.568427 46.559058:24.568014 46.559934:24.567673
4970,46.559203:24.569940 46.559224:24.570709 46.559095:24.571182
4971,46.559095:24.571182 46.558816:24.571249 46.558464:24.571620
4972,46.559095:24.571182 46.559296:24.570958 46.559497:24.570894
4973,46.558464:24.571620 46.558683:24.572561 46.558999:24.573557
4974,46.558464:24.571620 46.558935:24.571704 46.559594:24.571751
4975,46.558999:24.573557 46.559137:24.574142 46.559117:24.574672
4976,46.559117:24.574672 46.558956:24.575381 46.558478:24.576285
4977,46.559117:24.574672 46.559680:24.574646 46.560083:24.574776
4978,46.558478:24.576285 46.559103:24.576336 46.559820:24.576147
4979,46.558589:24.576694 46.558591:24.577643 46.558571:24.578326
4980,46.558589:24.576694 46.559208:24.577179 46.559946:24.577476
4981,46.558571:24.578326 46.558447:24.578973 46.558398:24.579771
4982,46.558571:24.578326 46.558820:24.578681 46.559258:24.579095
4983,46.558398:24.579771 46.558842:24.581016 46.559105:24.582321
4984,46.558398:24.579771 46.558999:24.579239 46.559554:24.578892
4985,46.559105:24.582321 46.559251:24.582338 46.559372:24.582438
4986,46.559105:24.582321 46.559583:24.581730 46.560089:24.580794
4987,46.559372:24.582438 46.559227:24.583165 46.559171:24.583890
4988,46.559372:24.582438 46.559605:24.582507 46.559799:24.582574
4989,46.559171:24.583890 46.559005:24.584434 46.558918:24.584934
4990,46.559171:24.583890 46.559448:24.583986 46.559645:24.584147
4991,46.558918:24.584934 46.558807:24.585368 46.558754:24.585810
4992,46.558918:24.584934 46.559390:24.585099 46.559754:24.585103
4993,46.558754:24.585810 46.558915:24.586544 46.559394:24.587505
4994,46.558754:24.585810 46.559076:24.586115 46.559520:24.586407
4995,46.559394:24.587505 46.559213:24.588263 46.558980:24.588886
4996,46.559394:24.587505 46.559417:24.587630 46.559492:24.587849
4997,46.558980:24.588886 46.558920:24.589533 46.558872:24.589938
4998,46.558980:24.588886 46.559708:24.589319 46.560302:24.589567
4999,46.558872:24.589938 46.558723:24.590920 46.558651:24.592138
5000,46.558872:24.589938 46.559435:24.589833 46.559995:24.589857
5001,46.558651:24.592138 46.558786:24.592262 46.558983:24.592218
5002,46.558651:24.592138 46.559454:24.592010 46.560201:24.592144
5003,46.558983:24.592218 46.558927:24.593010 46.559071:24.593793
5004,46.558983:24.592218 46.559713:24.592185 46.560556:24.592086
5005,46.559071:24.593793 46.558926:24.594909 46.558877:24.595882
5006,46.559071:24.593793 46.559441:24.594131 46.559853:24.594210
5007,46.558877:24.595882 46.558667:24.596399 46.558560:24.596828
5008,46.558560:24.596828 46.558675:24.597624 46.558695:24.598440
5009,46.558560:24.596828 46.559175:24.597410 46.559717:24.597954
5010,46.558695:24.598440 46.558879:24.599120 46.559093:24.600156
5011,46.558695:24.598440 46.559571:24.597965 46.560189:24.597412
5012,46.559093:24.600156 46.559456:24.600244 46.559855:24.600155
5013,46.558892:24.601731 46.558731:24.602361 46.558455:24.602943
5014,46.558892:24.601731 46.559294:24.601250 46.559635:24.601130
5015,46.558455:24.602943 46.558505:24.603337 46.558690:24.603814
5016,46.558690:24.603814 46.558714:24.604228 46.558737:24.604826
5017,46.558690:24.603814 46.559215:24.603890 46.559632:24.603969
5018,46.558737:24.604826 46.558722:24.605552 46.558465:24.606260
5019,46.558737:24.604826 46.559456:24.604660 46.560255:24.604529
5020,46.558465:24.606260 46.558994:24.606794 46.559473:24.607462
5021,46.558465:24.606260 46.559355:24.605896 46.560235:24.605786
5022,46.559473:24.607462 46.559103:24.608119 46.558772:24.608705
5023,46.558772:24.608705 46.559058:24.608739 46.559418:24.608838
5024,46.559024:24.609920 46.559364:24.609437 46.559714:24.608828
5025,46.559846:24.520100 46.560091:24.520814 46.560294:24.521719
5026,46.559846:24.520100 46.560299:24.519815 46.560630:24.519641
5027,46.560294:24.521719 46.559920:24.522104 46.559487:24.522346
5028,46.560294:24.521719 46.560430:24.521317 46.560628:24.520889
5029,46.559487:24.522346 46.559550:24.523300 46.559854:24.524283
5030,46.559487:24.522346 46.560126:24.521975 46.560678:24.521562
5031,46.559854:24.524283 46.559988:24.524819 46.560179:24.525136
5032,46.559854:24.524283 46.560647:24.524083 46.561222:24.523948
5033,46.560179:24.525136 46.560687:24.525063 46.561003:24.525107
5034,46.560576:24.526460 46.560388:24.527455 46.560329:24.528442
5035,46.560576:24.526460 46.560751:24.526384 46.560937:24.526413
5036,46.560329:24.528442 46.560415:24.528778 46.560394:24.529224
5037,46.560329:24.528442 46.560425:24.527890 46.560540:24.527178
5038,46.560394:24.529224 46.560161:24.529524 46.560045:24.529789
5039,46.560045:24.529789 46.559600:24.530632 46.559238:24.531486
5040,46.559238:24.531486 46.559765:24.532534 46.560094:24.533506
5041,46.559238:24.531486 46.559738:24.531522 46.560446:24.531629
5042,46.560094:24.533506 46.560001:24.534102 46.559812:24.534800
5043,46.560094:24.533506 46.560473:24.533548 46.560703:24.533576
5044,46.559812:24.534800 46.560698:24.534448 46.561499:24.534127
5045,46.560046:24.536311 46.560584:24.535919 46.561167:24.535551
5046,46.559302:24.536610 46.559363:24.537255 46.559520:24.537822
5047,46.559520:24.537822 46.559920:24.538566 46.560412:24.539177
5048,46.559520:24.537822 46.560120:24.538375 46.560557:24.538929
5049,46.560412:24.539177 46.560054:24.539958 46.559563:24.540707
5050,46.560412:24.539177 46.560580:24.539648 46.561119:24.540078
5051,46.559563:24.540707 46.559856:24.541272 46.560150:24.541984
5052,46.559563:24.540707 46.560200:24.540128 46.561039:24.539828
5053,46.560150:24.541984 46.560073:24.542952 46.560100:24.543721
5054,46.560150:24.541984 46.560708:24.542151 46.561191:24.542216
5055,46.560100:24.543721 46.559911:24.543636 46.559628:24.543780
5056,46.560100:24.543721 46.560128:24.543705 46.560095:24.543524
5057,46.559628:24.543780 46.559626:24.544604 46.559533:24.545561
5058,46.559628:24.543780 46.560476:24.544593 46.561263:24.545520
5059,46.559533:24.545561 46.559888:24.546325 46.560408:24.547092
5060,46.559533:24.545561 46.560101:24.545917 46.560563:24.546428
5061,46.560408:24.547092 46.560085:24.547855 46.559481:24.548864
5062,46.560408:24.547092 46.560735:24.547242 46.561030:24.547320
5063,46.559481:24.548864 46.559675:24.549207 46.559866:24.549607
5064,46.559866:24.549607 46.560056:24.550627 46.560223:24.551703
5065,46.559866:24.549607 46.560567:24.550010 46.561114:24.550285
5066,46.560223:24.551703 46.560021:24.551957 46.559943:24.552292
5067,46.560223:24.551703 46.560576:24.551233 46.560775:24.550739
5068,46.559943:24.552292 46.559756:24.552701 46.559548:24.553044
5069,46.559943:24.552292 46.560661:24.552805 46.561369:24.553169
5070,46.559548:24.553044 46.559768:24.554267 46.559979:24.555392
5071,46.559548:24.553044 46.560236:24.553494 46.560721:24.553902
5072,46.559979:24.555392 46.559722:24.556095 46.559532:24.556540
5073,46.559979:24.555392 46.560633:24.554877 46.561193:24.554463
5074,46.559532:24.556540 46.560251:24.557065 46.560972:24.557351
5075,46.559532:24.556540 46.560316:24.557084 46.561087:24.557565
5076,46.560972:24.557351 46.560059:24.558417 46.559262:24.559398
5077,46.560972:24.557351 46.561014:24.557337 46.561009:24.557525
5078,46.559262:24.559398 46.559428:24.559981 46.559701:24.560230
5079,46.559262:24.559398 46.560432:24.559272 46.561619:24.559136
5080,46.559701:24.560230 46.559958:24.561072 46.560061:24.561690
5081,46.559701:24.560230 46.560314:24.560212 46.560988:24.560254
5082,46.560061:24.561690 46.560289:24.562267 46.560189:24.563271
5083,46.560061:24.561690 46.560555:24.561223 46.560977:24.560968
5084,46.560189:24.563271 46.560242:24.563782 46.560246:24.564405
5085,46.560189:24.563271 46.560294:24.562773 46.560474:24.562410
5086,46.560246:24.564405 46.560832:24.564249 46.561226:24.564310
5087,46.559107:24.566239 46.559219:24.566767 46.559264:24.567409
5088,46.559107:24.566239 46.560191:24.565649 46.561312:24.564776
5089,46.559264:24.567409 46.559646:24.567595 46.559934:24.567673
5090,46.559934:24.567673 46.559903:24.568771 46.559870:24.569948
5091,46.559934:24.567673 46.560292:24.567507 46.560643:24.567459
5092,46.559870:24.569948 46.559624:24.570373 46.559497:24.570894
5093,46.559870:24.569948 46.560335:24.569666 46.560659:24.569418
5094,46.559497:24.570894 46.559469:24.571306 46.559594:24.571751
5095,46.559594:24.571751 46.559680:24.572997 46.559636:24.574030
5096,46.559594:24.571751 46.560412:24.572217 46.561373:24.572844
5097,46.559636:24.574030 46.559796:24.574362 46.560083:24.574776
5098,46.559636:24.574030 46.560440:24.573657 46.561115:24.573263
5099,46.560083:24.574776 46.559911:24.575465 46.559820:24.576147
5100,46.560083:24.574776 46.560458:24.574400 46.560745:24.574146
5101,46.559820:24.576147 46.559919:24.576846 46.559946:24.577476
5102,46.559820:24.576147 46.560461:24.576366 46.561353:24.576628
5103,46.559946:24.577476 46.559658:24.578346 46.559258:24.579095
5104,46.559946:24.577476 46.560295:24.577202 46.560946:24.577008
5105,46.559258:24.579095 46.559359:24.578955 46.559554:24.578892
5106,46.559258:24.579095 46.560213:24.579065 46.561148:24.578907
5107,46.559554:24.578892 46.559851:24.579788 46.560089:24.580794
5108,46.559554:24.578892 46.560345:24.579113 46.560968:24.579500
5109,46.560089:24.580794 46.559943:24.581633 46.559799:24.582574
5110,46.560089:24.580794 46.560596:24.581008 46.560998:24.581061
5111,46.559799:24.582574 46.559668:24.583191 46.559645:24.584147
5112,46.559799:24.582574 46.560509:24.582684 46.561170:24.582867
5113,46.559645:24.584147 46.559701:24.584653 46.559754:24.585103
5114,46.559645:24.584147 46.560441:24.583954 46.561067:24.583730
5115,46.559754:24.585103 46.559653:24.585736 46.559520:24.586407
5116,46.559754:24.585103 46.560583:24.585354 46.561439:24.585552
5117,46.559492:24.587849 46.559912:24.588748 46.560302:24.589567
5118,46.559492:24.587849 46.560358:24.587981 46.561143:24.587996
5119,46.560302:24.589567 46.560377:24.588963 46.560548:24.588347
5120,46.559995:24.589857 46.560346:24.590252 46.560593:24.590700
5121,46.560201:24.592144 46.560369:24.592227 46.560556:24.592086
5122,46.560201:24.592144 46.560617:24.591993 46.561229:24.591819
5123,46.560556:24.592086 46.560212:24.593010 46.559853:24.594210
5124,46.560556:24.592086 46.560807:24.592969 46.560946:24.593836
5125,46.559853:24.594210 46.560139:24.594826 46.560221:24.595192
5126,46.559853:24.594210 46.560308:24.593757 46.560779:24.593579
5127,46.560221:24.595192 46.560292:24.595473 46.560383:24.595514
5128,46.559717:24.597954 46.559938:24.597570 46.560189:24.597412
5129,46.559717:24.597954 46.560388:24.597568 46.561156:24.597275
5130,46.560189:24.597412 46.560102:24.598722 46.559855:24.600155
5131,46.560189:24.597412 46.560479:24.597935 46.560839:24.598614
5132,46.559855:24.600155 46.560423:24.599685 46.560899:24.599254
5133,46.559635:24.601130 46.559806:24.601277 46.559882:24.601552
5134,46.559635:24.601130 46.560108:24.601164 46.560785:24.601196
5135,46.559882:24.601552 46.559727:24.602785 46.559632:24.603969
5136,46.559882:24.601552 46.560458:24.601799 46.561243:24.601690
5137,46.559632:24.603969 46.559890:24.604280 46.560255:24.604529
5138,46.559632:24.603969 46.560101:24.603662 46.560576:24.603532
5139,46.560255:24.604529 46.560231:24.605132 46.560235:24.605786
5140,46.560255:24.604529 46.561008:24.604360 46.561646:24.604279
5141,46.560235:24.605786 46.560075:24.606576 46.559932:24.607386
5142,46.560235:24.605786 46.560296:24.606008 46.560485:24.606268
5143,46.559932:24.607386 46.559763:24.608140 46.559418:24.608838
5144,46.559932:24.607386 46.560538:24.607245 46.561090:24.607128
5145,46.559418:24.608838 46.559590:24.608751 46.559714:24.608828
5146,46.559418:24.608838 46.560054:24.608910 46.560906:24.608905
5147,46.559714:24.608828 46.560078:24.609319 46.560317:24.609990
5148,46.560630:24.519641 46.560624:24.520291 46.560628:24.520889
5149,46.560630:24.519641 46.561437:24.520083 46.562189:24.520399
5150,46.560628:24.520889 46.560609:24.521264 46.560678:24.521562
5151,46.560628:24.520889 46.561525:24.521043 46.562383:24.521274
5152,46.561222:24.523948 46.561116:24.524476 46.561003:24.525107
5153,46.561222:24.523948 46.561669:24.523950 46.562248:24.523639
5154,46.561003:24.525107 46.560941:24.525819 46.560937:24.526413
5155,46.561003:24.525107 46.561705:24.525292 46.562338:24.525666
5156,46.560937:24.526413 46.560712:24.526734 46.560540:24.527178
5157,46.560937:24.526413 46.561386:24.525862 46.561935:24.525504
5158,46.560540:24.527178 46.560744:24.528282 46.560941:24.529570
5159,46.560941:24.529570 46.561008:24.530389 46.560996:24.531130
5160,46.560941:24.529570 46.561330:24.529481 46.561696:24.529096
5161,46.560996:24.531130 46.560743:24.531415 46.560446:24.531629
5162,46.560996:24.531130 46.561254:24.530989 46.561612:24.530603
5163,46.560446:24.531629 46.560495:24.532538 46.560703:24.533576
5164,46.560446:24.531629 46.561616:24.531495 46.562631:24.531226
5165,46.560703:24.533576 46.561110:24.533852 46.561499:24.534127
5166,46.560703:24.533576 46.561549:24.533230 46.562340:24.532814
5167,46.561499:24.534127 46.561248:24.534875 46.561167:24.535551
5168,46.561499:24.534127 46.561744:24.534247 46.562170:24.534293
5169,46.561167:24.535551 46.560943:24.536396 46.560571:24.536912
5170,46.560571:24.536912 46.560554:24.537957 46.560557:24.538929
5171,46.560571:24.536912 46.561382:24.536749 46.562235:24.536623
5172,46.560557:24.538929 46.560917:24.539621 46.561119:24.540078
5173,46.560557:24.538929 46.561280:24.538633 46.562062:24.538255
5174,46.561119:24.540078 46.560954:24.539884 46.561039:24.539828
5175,46.561119:24.540078 46.561718:24.539446 46.562357:24.538885
5176,46.561039:24.539828 46.561157:24.540960 46.561191:24.542216
5177,46.561039:24.539828 46.561238:24.540651 46.561520:24.541470
5178,46.561191:24.542216 46.560718:24.542801 46.560095:24.543524
5179,46.561191:24.542216 46.561670:24.542575 46.562115:24.542906
5180,46.560095:24.543524 46.560902:24.543429 46.561630:24.543569
5181,46.561263:24.545520 46.560939:24.545989 46.560563:24.546428
5182,46.561263:24.545520 46.561681:24.545481 46.562190:24.545545
5183,46.560563:24.546428 46.560833:24.546943 46.561030:24.547320
5184,46.560563:24.546428 46.561310:24.546100 46.561965:24.545894
5185,46.561030:24.547320 46.560923:24.548089 46.560818:24.548926
5186,46.561030:24.547320 46.561720:24.547249 46.562228:24.547347
5187,46.560818:24.548926 46.561009:24.549508 46.561114:24.550285
5188,46.561114:24.550285 46.561087:24.550526 46.560775:24.550739
5189,46.560775:24.550739 46.561052:24.551939 46.561369:24.553169
5190,46.560775:24.550739 46.561609:24.551039 46.562450:24.551089
5191,46.561369:24.553169 46.561565:24.552958 46.561872:24.552769
5192,46.560721:24.553902 46.561121:24.554217 46.561193:24.554463
5193,46.560721:24.553902 46.561540:24.554309 46.562367:24.554141
5194,46.561193:24.554463 46.561340:24.554774 46.561653:24.554973
5195,46.561087:24.557565 46.561061:24.557480 46.561009:24.557525
5196,46.561009:24.557525 46.561482:24.557806 46.561767:24.558203
5197,46.561619:24.559136 46.561304:24.559711 46.560988:24.560254
5198,46.561619:24.559136 46.562075:24.559551 46.562374:24.560069
5199,46.560988:24.560254 46.560974:24.560565 46.560977:24.560968
5200,46.560977:24.560968 46.560808:24.561783 46.560474:24.562410
5201,46.560977:24.560968 46.561339:24.561366 46.561746:24.561893
5202,46.560474:24.562410 46.561102:24.563064 46.561820:24.563525
5203,46.561226:24.564310 46.561253:24.564452 46.561312:24.564776
5204,46.561312:24.564776 46.561040:24.566121 46.560709:24.567585
5205,46.561312:24.564776 46.561475:24.565058 46.561763:24.565534
5206,46.560709:24.567585 46.560646:24.567517 46.560643:24.567459
5207,46.560709:24.567585 46.561369:24.567345 46.562178:24.567044
5208,46.560643:24.567459 46.560752:24.568490 46.560659:24.569418
5209,46.560659:24.569418 46.561443:24.569325 46.562180:24.569353
5210,46.560911:24.571433 46.561159:24.572166 46.561373:24.572844
5211,46.560911:24.571433 46.561540:24.570832 46.562055:24.570393
5212,46.561373:24.572844 46.561236:24.573091 46.561115:24.573263
5213,46.561373:24.572844 46.561446:24.572505 46.561563:24.572044
5214,46.561115:24.573263 46.560808:24.573636 46.560745:24.574146
5215,46.561115:24.573263 46.561580:24.573390 46.562108:24.573522
5216,46.560745:24.574146 46.561240:24.574069 46.561718:24.574185
5217,46.561353:24.576628 46.561241:24.576825 46.560946:24.577008
5218,46.561353:24.576628 46.561477:24.576740 46.561410:24.576776
5219,46.560946:24.577008 46.561513:24.577105 46.562109:24.577046
5220,46.561148:24.578907 46.561119:24.579288 46.560968:24.579500
5221,46.561148:24.578907 46.561743:24.578976 46.562389:24.578929
5222,46.560968:24.579500 46.561114:24.580217 46.560998:24.581061
5223,46.560968:24.579500 46.561477:24.579696 46.561842:24.579735
5224,46.560998:24.581061 46.561094:24.581956 46.561170:24.582867
5225,46.560998:24.581061 46.561651:24.581184 46.562372:24.581446
5226,46.561067:24.583730 46.561208:24.584691 46.561439:24.585552
5227,46.561067:24.583730 46.561468:24.583720 46.561783:24.583655
5228,46.561439:24.585552 46.561411:24.586044 46.561352:24.586884
5229,46.561439:24.585552 46.561498:24.585485 46.561743:24.585327
5230,46.561352:24.586884 46.561701:24.586928 46.562070:24.586784
5231,46.561143:24.587996 46.561673:24.587680 46.562137:24.587373
5232,46.560548:24.588347 46.560559:24.589526 46.560593:24.590700
5233,46.560548:24.588347 46.561158:24.588394 46.561913:24.588724
5234,46.560593:24.590700 46.560862:24.591307 46.561229:24.591819
5235,46.560593:24.590700 46.561329:24.590279 46.562148:24.589867
5236,46.561229:24.591819 46.561108:24.592978 46.560946:24.593836
5237,46.561229:24.591819 46.561447:24.591626 46.561785:24.591369
5238,46.560946:24.593836 46.560794:24.593880 46.560779:24.593579
5239,46.560946:24.593836 46.561386:24.593429 46.561772:24.592933
5240,46.560779:24.593579 46.560632:24.594604 46.560383:24.595514
5241,46.560779:24.593579 46.561591:24.593693 46.562499:24.594238
5242,46.560383:24.595514 46.560751:24.596231 46.561156:24.597275
5243,46.560383:24.595514 46.561044:24.595549 46.561494:24.595522
5244,46.561156:24.597275 46.561672:24.597252 46.562238:24.597196
5245,46.560839:24.598614 46.561446:24.598831 46.562065:24.599121
5246,46.560899:24.599254 46.561611:24.599368 46.562361:24.599605
5247,46.560785:24.601196 46.560944:24.601447 46.561243:24.601690
5248,46.560785:24.601196 46.561612:24.600625 46.562398:24.600292
5249,46.561243:24.601690 46.560890:24.602598 46.560576:24.603532
5250,46.561243:24.601690 46.561612:24.601678 46.561925:24.601800
5251,46.560576:24.603532 46.561128:24.603884 46.561646:24.604279
5252,46.560576:24.603532 46.561277:24.603881 46.562044:24.604176
5253,46.561646:24.604279 46.561066:24.605175 46.560485:24.606268
5254,46.561646:24.604279 46.561718:24.604823 46.561814:24.605470
5255,46.560485:24.606268 46.560645:24.606775 46.561090:24.607128
5256,46.560485:24.606268 46.561150:24.606552 46.561635:24.606703
5257,46.561090:24.607128 46.561053:24.607892 46.560906:24.608905
5258,46.561090:24.607128 46.561137:24.607164 46.561406:24.607025
5259,46.560906:24.608905 46.560597:24.609535 46.560317:24.609990
5260,46.560906:24.608905 46.561594:24.608862 46.562323:24.608656
5261,46.560317:24.609990 46.561269:24.610003 46.562032:24.609995
5262,46.562189:24.520399 46.562720:24.520235 46.563113:24.519923
5263,46.561488:24.523188 46.562285:24.522833 46.563089:24.522220
5264,46.562248:24.523639 46.562753:24.524096 46.563210:24.524674
5265,46.562338:24.525666 46.562143:24.525622 46.561935:24.525504
5266,46.562338:24.525666 46.562397:24.525239 46.562492:24.524982
5267,46.561935:24.525504 46.562426:24.526044 46.562955:24.526530
5268,46.561822:24.527500 46.561620:24.528284 46.561696:24.529096
5269,46.561822:24.527500 46.562449:24.527515 46.563083:24.527513
5270,46.561696:24.529096 46.561662:24.529770 46.561612:24.530603
5271,46.561696:24.529096 46.562315:24.529024 46.563039:24.529133
5272,46.561612:24.530603 46.562102:24.530883 46.562631:24.531226
5273,46.561612:24.530603 46.562268:24.530752 46.563022:24.531100
5274,46.562631:24.531226 46.562464:24.532024 46.562340:24.532814
5275,46.562631:24.531226 46.562835:24.531142 46.563095:24.531102
5276,46.562340:24.532814 46.562272:24.533531 46.562170:24.534293
5277,46.562340:24.532814 46.562468:24.533075 46.562518:24.533299
5278,46.562170:24.534293 46.562299:24.534808 46.562423:24.535346
5279,46.562423:24.535346 46.562325:24.536061 46.562235:24.536623
5280,46.562423:24.535346 46.562562:24.535384 46.562590:24.535519
5281,46.562235:24.536623 46.562057:24.537480 46.562062:24.538255
5282,46.562235:24.536623 46.562639:24.536485 46.563020:24.536660
5283,46.562062:24.538255 46.562147:24.538583 46.562357:24.538885
5284,46.562062:24.538255 46.562438:24.538497 46.562931:24.538644
5285,46.562357:24.538885 46.561888:24.540102 46.561520:24.541470
5286,46.562357:24.538885 46.562897:24.539313 46.563318:24.539801
5287,46.561520:24.541470 46.561837:24.542058 46.562115:24.542906
5288,46.561520:24.541470 46.562282:24.540828 46.562992:24.540284
5289,46.562115:24.542906 46.562780:24.542766 46.563315:24.542820
5290,46.561630:24.543569 46.561850:24.544559 46.562190:24.545545
5291,46.561630:24.543569 46.562510:24.543863 46.563484:24.543981
5292,46.562190:24.545545 46.562652:24.545146 46.563145:24.544945
5293,46.561965:24.545894 46.562084:24.546544 46.562228:24.547347
5294,46.561965:24.545894 46.562451:24.546132 46.563046:24.546628
5295,46.562228:24.547347 46.562063:24.548225 46.561727:24.549025
5296,46.562228:24.547347 46.562546:24.547844 46.562960:24.548318
5297,46.561727:24.549025 46.561663:24.549360 46.561331:24.549563
5298,46.561727:24.549025 46.562472:24.548848 46.563315:24.548557
5299,46.561331:24.549563 46.561913:24.550256 46.562450:24.551089
5300,46.561331:24.549563 46.562282:24.549388 46.563051:24.549306
5301,46.562450:24.551089 46.562237:24.552132 46.561872:24.552769
5302,46.562450:24.551089 46.562666:24.551201 46.562802:24.551175
5303,46.561872:24.552769 46.562032:24.553379 46.562367:24.554141
5304,46.561872:24.552769 46.562938:24.552501 46.563884:24.552258
5305,46.562367:24.554141 46.561981:24.554562 46.561653:24.554973
5306,46.562367:24.554141 46.562923:24.554039 46.563363:24.553946
5307,46.561653:24.554973 46.562036:24.555840 46.562342:24.556471
5308,46.562342:24.556471 46.562050:24.557427 46.561767:24.558203
5309,46.562342:24.556471 46.562401:24.556731 46.562373:24.556930
5310,46.561767:24.558203 46.562020:24.559113 46.562374:24.560069
5311,46.561767:24.558203 46.562737:24.557962 46.563709:24.557954
5312,46.562374:24.560069 46.561969:24.560214 46.561615:24.560130
5313,46.562374:24.560069 46.562629:24.559636 46.563030:24.559200
5314,46.561615:24.560130 46.561640:24.560987 46.561746:24.561893
5315,46.561615:24.560130 46.562471:24.560263 46.563276:24.560223
5316,46.561746:24.561893 46.561718:24.562656 46.561820:24.563525
5317,46.561746:24.561893 46.562401:24.561919 46.563092:24.561957
5318,46.561820:24.563525 46.561417:24.564131 46.561063:24.564763
5319,46.561063:24.564763 46.562119:24.564599 46.563164:24.564656
5320,46.561763:24.565534 46.561936:24.566285 46.562178:24.567044
5321,46.561763:24.565534 46.562233:24.565457 46.562716:24.565421
5322,46.562178:24.567044 46.561877:24.568063 46.561637:24.568909
5323,46.561637:24.568909 46.561906:24.569023 46.562180:24.569353
5324,46.562180:24.569353 46.562166:24.569705 46.562055:24.570393
5325,46.562180:24.569353 46.562438:24.569912 46.562617:24.570403
5326,46.562055:24.570393 46.561847:24.571274 46.561563:24.572044
5327,46.562055:24.570393 46.562559:24.570421 46.563166:24.570311
5328,46.561563:24.572044 46.561809:24.572839 46.562108:24.573522
5329,46.561563:24.572044 46.562173:24.572090 46.562742:24.572235
5330,46.562108:24.573522 46.561998:24.573847 46.561718:24.574185
5331,46.562108:24.573522 46.562765:24.573951 46.563536:24.574178
5332,46.561718:24.574185 46.561548:24.575502 46.561410:24.576776
5333,46.561718:24.574185 46.562253:24.574419 46.562927:24.574654
5334,46.561410:24.576776 46.561737:24.577043 46.562109:24.577046
5335,46.561410:24.576776 46.562718:24.576128 46.563703:24.575663
5336,46.562109:24.577046 46.562828:24.577321 46.563582:24.577538
5337,46.562389:24.578929 46.562094:24.579397 46.561842:24.579735
5338,46.562389:24.578929 46.562772:24.579335 46.563083:24.579251
5339,46.561842:24.579735 46.562077:24.580674 46.562372:24.581446
5340,46.561842:24.579735 46.562548:24.579748 46.563215:24.579639
5341,46.562372:24.581446 46.562381:24.582300 46.562542:24.582765
5342,46.562372:24.581446 46.562505:24.581413 46.562533:24.581311
5343,46.562542:24.582765 46.562040:24.583237 46.561783:24.583655
5344,46.562542:24.582765 46.562845:24.582974 46.563225:24.583199
5345,46.561783:24.583655 46.561721:24.584488 46.561743:24.585327
5346,46.561783:24.583655 46.561923:24.584172 46.562163:24.584493
5347,46.561743:24.585327 46.561864:24.586077 46.562070:24.586784
5348,46.561743:24.585327 46.562509:24.585798 46.563261:24.585873
5349,46.562070:24.586784 46.562129:24.587218 46.562137:24.587373
5350,46.562137:24.587373 46.562739:24.587771 46.563198:24.587998
5351,46.561913:24.588724 46.561869:24.589272 46.562148:24.589867
5352,46.561913:24.588724 46.562414:24.588984 46.562838:24.589081
5353,46.562148:24.589867 46.561892:24.590582 46.561785:24.591369
5354,46.562148:24.589867 46.562640:24.590029 46.563095:24.590240
5355,46.561785:24.591369 46.561850:24.592112 46.561772:24.592933
5356,46.561785:24.591369 46.562121:24.591234 46.562553:24.591115
5357,46.561772:24.592933 46.562006:24.593692 46.562499:24.594238
5358,46.561772:24.592933 46.562489:24.593028 46.563222:24.593269
5359,46.562499:24.594238 46.561961:24.594985 46.561494:24.595522
5360,46.561494:24.595522 46.561827:24.596394 46.562238:24.597196
5361,46.561494:24.595522 46.562379:24.595386 46.563340:24.595483
5362,46.562238:24.597196 46.562253:24.597992 46.562065:24.599121
5363,46.562238:24.597196 46.562346:24.597424 46.562346:24.597633
5364,46.562065:24.599121 46.562263:24.599427 46.562361:24.599605
5365,46.562065:24.599121 46.562307:24.599154 46.562544:24.599235
5366,46.562361:24.599605 46.562367:24.600026 46.562398:24.600292
5367,46.562361:24.599605 46.562746:24.599553 46.563232:24.599375
5368,46.562398:24.600292 46.562168:24.601060 46.561925:24.601800
5369,46.562398:24.600292 46.562341:24.600467 46.562252:24.600566
5370,46.561925:24.601800 46.562763:24.602337 46.563554:24.602762
5371,46.562044:24.604176 46.561860:24.604741 46.561814:24.605470
5372,46.562044:24.604176 46.562511:24.603501 46.563139:24.602738
5373,46.561814:24.605470 46.561742:24.606042 46.561635:24.606703
5374,46.561814:24.605470 46.562375:24.605182 46.562921:24.604660
5375,46.561635:24.606703 46.561432:24.606835 46.561406:24.607025
5376,46.561635:24.606703 46.562494:24.606332 46.563208:24.606033
5377,46.561406:24.607025 46.561803:24.607947 46.562323:24.608656
5378,46.562323:24.608656 46.562020:24.609156 46.562032:24.609995
5379,46.562323:24.608656 46.562548:24.609021 46.562832:24.609319
5380,46.562032:24.609995 46.562356:24.610087 46.562557:24.610400
5381,46.563113:24.519923 46.562894:24.520575 46.562718:24.521179
5382,46.563113:24.519923 46.564149:24.520189 46.564903:24.520282
5383,46.562718:24.521179 46.562886:24.521638 46.563089:24.522220
5384,46.562718:24.521179 46.563245:24.521419 46.563647:24.521843
5385,46.563089:24.522220 46.563155:24.523446 46.563210:24.524674
5386,46.563089:24.522220 46.563213:24.522465 46.563489:24.522755
5387,46.563210:24.524674 46.562951:24.524784 46.562492:24.524982
5388,46.563210:24.524674 46.563593:24.524682 46.563980:24.524449
5389,46.562492:24.524982 46.562682:24.525727 46.562955:24.526530
5390,46.562492:24.524982 46.563449:24.525143 46.564519:24.525300
5391,46.562955:24.526530 46.563019:24.526989 46.563083:24.527513
5392,46.562955:24.526530 46.563769:24.526767 46.564728:24.526947
5393,46.563083:24.527513 46.563013:24.528342 46.563039:24.529133
5394,46.563083:24.527513 46.563607:24.527461 46.563956:24.527401
5395,46.563039:24.529133 46.563037:24.530143 46.563022:24.531100
5396,46.563039:24.529133 46.563955:24.528936 46.564955:24.528955
5397,46.563022:24.531100 46.563268:24.530888 46.563095:24.531102
5398,46.563095:24.531102 46.562718:24.532209 46.562518:24.533299
5399,46.563095:24.531102 46.563445:24.531008 46.563958:24.531043
5400,46.562518:24.533299 46.562757:24.533791 46.562935:24.534081
5401,46.562518:24.533299 46.563340:24.533199 46.564070:24.532994
5402,46.562935:24.534081 46.562694:24.534756 46.562590:24.535519
5403,46.562935:24.534081 46.563709:24.534272 46.564452:24.534125
5404,46.562590:24.535519 46.562760:24.536126 46.563020:24.536660
5405,46.562590:24.535519 46.563117:24.535317 46.563587:24.535188
5406,46.563020:24.536660 46.563028:24.537687 46.562931:24.538644
5407,46.563020:24.536660 46.563603:24.536790 46.564105:24.537065
5408,46.562931:24.538644 46.563099:24.539277 46.563318:24.539801
5409,46.562931:24.538644 46.563660:24.538493 46.564365:24.538095
5410,46.563318:24.539801 46.563054:24.540087 46.562992:24.540284
5411,46.563318:24.539801 46.563735:24.539764 46.564302:24.539628
5412,46.562992:24.540284 46.563144:24.541577 46.563315:24.542820
5413,46.562992:24.540284 46.563843:24.540630 46.564693:24.540846
5414,46.563315:24.542820 46.563326:24.543352 46.563484:24.543981
5415,46.563315:24.542820 46.563740:24.542650 46.564168:24.542419
5416,46.563484:24.543981 46.563343:24.544493 46.563145:24.544945
5417,46.563484:24.543981 46.564073:24.543582 46.564533:24.543079
5418,46.563145:24.544945 46.563090:24.545562 46.563046:24.546628
5419,46.563145:24.544945 46.563495:24.544769 46.563958:24.544664
5420,46.563046:24.546628 46.563067:24.547454 46.562960:24.548318
5421,46.563046:24.546628 46.563201:24.546658 46.563394:24.546651
5422,46.562960:24.548318 46.563188:24.548350 46.563315:24.548557
5423,46.562960:24.548318 46.563686:24.547890 46.564483:24.547401
5424,46.563315:24.548557 46.563196:24.548949 46.563051:24.549306
5425,46.563051:24.549306 46.563012:24.550185 46.562802:24.551175
5426,46.563051:24.549306 46.563900:24.550093 46.564806:24.550680
5427,46.562802:24.551175 46.563457:24.551720 46.563884:24.552258
5428,46.562802:24.551175 46.563530:24.551062 46.564426:24.550691
5429,46.563884:24.552258 46.563638:24.553124 46.563363:24.553946
5430,46.563884:24.552258 46.564161:24.552440 46.564639:24.552791
5431,46.563363:24.553946 46.563084:24.554547 46.562950:24.555487
5432,46.563363:24.553946 46.563491:24.554001 46.563712:24.553936
5433,46.562950:24.555487 46.562572:24.556118 46.562373:24.556930
5434,46.562950:24.555487 46.563570:24.555408 46.564375:24.555644
5435,46.562373:24.556930 46.563116:24.557402 46.563709:24.557954
5436,46.562373:24.556930 46.563183:24.556841 46.564178:24.556295
5437,46.563709:24.557954 46.563490:24.558442 46.563030:24.559200
5438,46.563030:24.559200 46.563233:24.559635 46.563276:24.560223
5439,46.563030:24.559200 46.563535:24.559351 46.564092:24.559461
5440,46.563276:24.560223 46.563162:24.561038 46.563092:24.561957
5441,46.563276:24.560223 46.563407:24.560343 46.563629:24.560597
5442,46.563092:24.561957 46.563034:24.562467 46.562932:24.563212
5443,46.562932:24.563212 46.563084:24.564007 46.563164:24.564656
5444,46.563164:24.564656 46.562998:24.564955 46.562716:24.565421
5445,46.563164:24.564656 46.563786:24.564421 46.564362:24.564326
5446,46.562716:24.565421 46.562762:24.566557 46.562906:24.567474
5447,46.562716:24.565421 46.563619:24.565484 46.564429:24.565694
5448,46.562906:24.567474 46.563101:24.567575 46.563136:24.567547
5449,46.563136:24.567547 46.562923:24.569073 46.562617:24.570403
5450,46.563136:24.567547 46.563599:24.568001 46.564038:24.568320
5451,46.562617:24.570403 46.562914:24.570482 46.563166:24.570311
5452,46.562617:24.570403 46.563631:24.569865 46.564473:24.569318
5453,46.563166:24.570311 46.562943:24.571125 46.562742:24.572235
5454,46.563166:24.570311 46.563841:24.570364 46.564510:24.570389
5455,46.562742:24.572235 46.563133:24.573302 46.563536:24.574178
5456,46.562742:24.572235 46.563440:24.571798 46.564044:24.571421
5457,46.563536:24.574178 46.563294:24.574344 46.562927:24.574654
5458,46.563536:24.574178 46.563692:24.574141 46.563938:24.574168
5459,46.562927:24.574654 46.563389:24.575191 46.563703:24.575663
5460,46.563703:24.575663 46.563633:24.576501 46.563582:24.577538
5461,46.563703:24.575663 46.563636:24.575668 46.563619:24.575648
5462,46.563582:24.577538 46.563330:24.578230 46.563083:24.579251
5463,46.563582:24.577538 46.563901:24.577665 46.564277:24.577751
5464,46.563083:24.579251 46.563159:24.579281 46.563215:24.579639
5465,46.563083:24.579251 46.563673:24.578581 46.564403:24.577969
5466,46.563215:24.579639 46.562800:24.580523 46.562533:24.581311
5467,46.562533:24.581311 46.562849:24.582163 46.563225:24.583199
5468,46.562533:24.581311 46.563362:24.581487 46.564160:24.581511
5469,46.563225:24.583199 46.562668:24.583876 46.562163:24.584493
5470,46.563225:24.583199 46.563548:24.582438 46.564023:24.581874
5471,46.562163:24.584493 46.562790:24.585242 46.563261:24.585873
5472,46.562163:24.584493 46.562943:24.583788 46.563755:24.583285
5473,46.563261:24.585873 46.563275:24.586067 46.563322:24.586614
5474,46.563261:24.585873 46.563501:24.585548 46.563671:24.585160
5475,46.563322:24.586614 46.563260:24.587410 46.563198:24.587998
5476,46.563322:24.586614 46.564000:24.586284 46.564564:24.586212
5477,46.563198:24.587998 46.563052:24.588413 46.562838:24.589081
5478,46.563198:24.587998 46.563482:24.587743 46.563859:24.587328
5479,46.562838:24.589081 46.562892:24.589633 46.563095:24.590240
5480,46.562838:24.589081 46.563181:24.589234 46.563530:24.589159
5481,46.563095:24.590240 46.562873:24.590626 46.562553:24.591115
5482,46.562553:24.591115 46.562846:24.592158 46.563222:24.593269
5483,46.562553:24.591115 46.563191:24.591632 46.563792:24.591951
5484,46.563222:24.593269 46.563209:24.593558 46.563088:24.593843
5485,46.563222:24.593269 46.563523:24.593275 46.563710:24.593282
5486,46.563088:24.593843 46.563192:24.594708 46.563340:24.595483
5487,46.563088:24.593843 46.563534:24.594405 46.563894:24.594690
5488,46.563340:24.595483 46.562826:24.596555 46.562346:24.597633
5489,46.563340:24.595483 46.563601:24.595643 46.563816:24.595845
5490,46.562346:24.597633 46.562375:24.598611 46.562544:24.599235
5491,46.562346:24.597633 46.563250:24.597232 46.564269:24.596922
5492,46.562544:24.599235 46.562830:24.599151 46.563232:24.599375
5493,46.562544:24.599235 46.563609:24.598629 46.564675:24.598337
5494,46.563232:24.599375 46.562782:24.600122 46.562252:24.600566
5495,46.562252:24.600566 46.562904:24.601574 46.563554:24.602762
5496,46.562252:24.600566 46.563012:24.600500 46.563838:24.600635
5497,46.563554:24.602762 46.563328:24.602693 46.563139:24.602738
5498,46.563554:24.602762 46.563856:24.602351 46.564123:24.602253
5499,46.563139:24.602738 46.563072:24.603736 46.562921:24.604660
5500,46.562921:24.604660 46.563059:24.605428 46.563208:24.606033
5501,46.562921:24.604660 46.563428:24.604971 46.564031:24.605273
5502,46.563208:24.606033 46.563119:24.606316 46.563168:24.606686
5503,46.563208:24.606033 46.563667:24.606031 46.564064:24.606227
5504,46.563168:24.606686 46.563097:24.608000 46.562832:24.609319
5505,46.562832:24.609319 46.562698:24.609800 46.562557:24.610400
5506,46.562832:24.609319 46.563465:24.609269 46.564134:24.609040
5507,46.564903:24.520282 46.564277:24.521097 46.563647:24.521843
5508,46.564903:24.520282 46.564836:24.520169 46.564846:24.520084
5509,46.563647:24.521843 46.563525:24.522284 46.563489:24.522755
5510,46.563647:24.521843 46.564458:24.521958 46.565251:24.522105
5511,46.563489:24.522755 46.563679:24.523616 46.563980:24.524449
5512,46.563489:24.522755 46.564511:24.522243 46.565639:24.521936
5513,46.563980:24.524449 46.564772:24.524461 46.565540:24.524311
5514,46.564519:24.525300 46.564662:24.526126 46.564728:24.526947
5515,46.564519:24.525300 46.565129:24.525116 46.565739:24.525151
5516,46.564728:24.526947 46.564398:24.527103 46.563956:24.527401
5517,46.564728:24.526947 46.564872:24.526768 46.564997:24.526586
5518,46.563956:24.527401 46.564499:24.528237 46.564955:24.528955
5519,46.563956:24.527401 46.564830:24.527752 46.565714:24.528097
5520,46.564955:24.528955 46.565370:24.529162 46.565765:24.529473
5521,46.563958:24.531043 46.563970:24.532048 46.564070:24.532994
5522,46.563958:24.531043 46.564876:24.530907 46.565818:24.531081
5523,46.564070:24.532994 46.564244:24.533481 46.564452:24.534125
5524,46.564070:24.532994 46.564650:24.532946 46.565067:24.532906
5525,46.564452:24.534125 46.564650:24.534014 46.564876:24.534099
5526,46.563587:24.535188 46.563796:24.536099 46.564105:24.537065
5527,46.563587:24.535188 46.564468:24.535930 46.565189:24.536686
5528,46.564105:24.537065 46.564233:24.537636 46.564365:24.538095
5529,46.564302:24.539628 46.564495:24.540095 46.564693:24.540846
5530,46.564302:24.539628 46.564753:24.539637 46.564908:24.539389
5531,46.564693:24.540846 46.564515:24.541643 46.564168:24.542419
5532,46.564168:24.542419 46.564381:24.542866 46.564533:24.543079
5533,46.564168:24.542419 46.564777:24.542496 46.565419:24.542827
5534,46.564533:24.543079 46.564160:24.543825 46.563958:24.544664
5535,46.564533:24.543079 46.564562:24.543747 46.564778:24.544425
5536,46.563958:24.544664 46.563675:24.545531 46.563394:24.546651
5537,46.563394:24.546651 46.564195:24.546332 46.565053:24.545952
5538,46.564483:24.547401 46.564862:24.548296 46.565263:24.549247
5539,46.564483:24.547401 46.564661:24.547632 46.564773:24.547727
5540,46.565263:24.549247 46.565006:24.549933 46.564806:24.550680
5541,46.565263:24.549247 46.565095:24.548814 46.564979:24.548381
5542,46.564806:24.550680 46.564707:24.550828 46.564426:24.550691
5543,46.564806:24.550680 46.565129:24.550421 46.565363:24.550049
5544,46.564426:24.550691 46.564484:24.551678 46.564639:24.552791
5545,46.564426:24.550691 46.564753:24.550881 46.564987:24.551202
5546,46.564639:24.552791 46.564114:24.553395 46.563712:24.553936
5547,46.564639:24.552791 46.564819:24.552974 46.565019:24.553195
5548,46.563712:24.553936 46.564563:24.553719 46.565528:24.553597
5549,46.564375:24.555644 46.564727:24.555719 46.565173:24.555815
5550,46.564178:24.556295 46.564164:24.556865 46.564379:24.557496
5551,46.564379:24.557496 46.564756:24.557887 46.565338:24.558117
5552,46.564092:24.559461 46.563844:24.560136 46.563629:24.560597
5553,46.564092:24.559461 46.564340:24.559426 46.564478:24.559500
5554,46.563629:24.560597 46.563619:24.560970 46.563453:24.561337
5555,46.563629:24.560597 46.564502:24.560587 46.565302:24.560688
5556,46.563453:24.561337 46.563601:24.562054 46.563700:24.563005
5557,46.563453:24.561337 46.564387:24.561702 46.565351:24.561969
5558,46.563700:24.563005 46.564046:24.563666 46.564362:24.564326
5559,46.563700:24.563005 46.564243:24.563167 46.565013:24.563436
5560,46.564362:24.564326 46.564828:24.564094 46.565208:24.563891
5561,46.564429:24.565694 46.564705:24.565678 46.564839:24.565723
5562,46.564049:24.567170 46.564118:24.567691 46.564038:24.568320
5563,46.564049:24.567170 46.564732:24.566727 46.565301:24.565995
5564,46.564038:24.568320 46.564265:24.568817 46.564473:24.569318
5565,46.564038:24.568320 46.564190:24.568595 46.564482:24.568719
5566,46.564473:24.569318 46.564779:24.570145 46.565183:24.570807
5567,46.564510:24.570389 46.564226:24.570983 46.564044:24.571421
5568,46.564510:24.570389 46.564670:24.570561 46.564663:24.570762
5569,46.564044:24.571421 46.564523:24.571987 46.564982:24.572417
5570,46.563938:24.574168 46.564173:24.574918 46.564240:24.575333
5571,46.563938:24.574168 46.564813:24.574135 46.565668:24.574181
5572,46.564240:24.575333 46.563894:24.575470 46.563619:24.575648
5573,46.563619:24.575648 46.563986:24.576661 46.564277:24.577751
5574,46.563619:24.575648 46.564209:24.575890 46.564771:24.576221
5575,46.564277:24.577751 46.564421:24.577799 46.564403:24.577969
5576,46.564277:24.577751 46.564740:24.577622 46.565245:24.577662
5577,46.564403:24.577969 46.564666:24.578672 46.564913:24.579279
5578,46.564293:24.579969 46.564221:24.580659 46.564160:24.581511
5579,46.564160:24.581511 46.564657:24.581019 46.565095:24.580839
5580,46.564023:24.581874 46.564705:24.582341 46.565433:24.582755
5581,46.563755:24.583285 46.564594:24.583940 46.565342:24.584726
5582,46.563671:24.585160 46.564174:24.585730 46.564564:24.586212
5583,46.563671:24.585160 46.564228:24.585097 46.564890:24.585094
5584,46.564564:24.586212 46.564842:24.586512 46.565189:24.586895
5585,46.563859:24.587328 46.563753:24.588245 46.563530:24.589159
5586,46.563859:24.587328 46.564496:24.587700 46.565126:24.588234
5587,46.563530:24.589159 46.563818:24.589886 46.563954:24.590331
5588,46.563530:24.589159 46.564434:24.588724 46.565342:24.588363
5589,46.563954:24.590331 46.563864:24.591034 46.563792:24.591951
5590,46.563954:24.590331 46.564336:24.589965 46.564953:24.589548
5591,46.563792:24.591951 46.563726:24.592638 46.563710:24.593282
5592,46.563792:24.591951 46.564434:24.591547 46.565089:24.591557
5593,46.563710:24.593282 46.563800:24.594024 46.563894:24.594690
5594,46.563710:24.593282 46.564600:24.593241 46.565388:24.593118
5595,46.563894:24.594690 46.564528:24.594804 46.565165:24.594899
5596,46.563816:24.595845 46.564028:24.596282 46.564269:24.596922
5597,46.563816:24.595845 46.564601:24.595640 46.565390:24.595115
5598,46.564269:24.596922 46.564403:24.597667 46.564675:24.598337
5599,46.564269:24.596922 46.564588:24.596976 46.564951:24.597100
5600,46.564675:24.598337 46.564192:24.599188 46.563816:24.599866
5601,46.564675:24.598337 46.565209:24.598235 46.565768:24.598175
5602,46.563816:24.599866 46.563894:24.600279 46.563838:24.600635
5603,46.563838:24.600635 46.563955:24.601679 46.564123:24.602253
5604,46.563838:24.600635 46.564710:24.600724 46.565454:24.600830
5605,46.564700:24.602720 46.564488:24.603905 46.564031:24.605273
5606,46.564031:24.605273 46.563998:24.605608 46.564064:24.606227
5607,46.564031:24.605273 46.564649:24.605064 46.565412:24.604540
5608,46.564064:24.606227 46.564359:24.606578 46.564639:24.606857
5609,46.564064:24.606227 46.564807:24.606308 46.565374:24.606264
5610,46.564639:24.606857 46.564356:24.607947 46.564134:24.609040
5611,46.564639:24.606857 46.564984:24.606503 46.565519:24.606219
5612,46.564134:24.609040 46.564080:24.609005 46.563919:24.609239
5613,46.564134:24.609040 46.564575:24.608611 46.564856:24.608163
5614,46.563919:24.609239 46.564540:24.609869 46.565131:24.610352
5615,46.564846:24.520084 46.565066:24.521042 46.565251:24.522105
5616,46.564846:24.520084 46.565817:24.520229 46.567120:24.520675
5617,46.565251:24.522105 46.565413:24.521971 46.565639:24.521936
5618,46.565251:24.522105 46.566019:24.521869 46.566718:24.521471
5619,46.565639:24.521936 46.565595:24.523084 46.565540:24.524311
5620,46.565639:24.521936 46.565870:24.522381 46.566122:24.522843
5621,46.565540:24.524311 46.565693:24.524626 46.565739:24.525151
5622,46.565540:24.524311 46.565534:24.524274 46.565510:24.524320
5623,46.565739:24.525151 46.565304:24.526024 46.564997:24.526586
5624,46.565739:24.525151 46.566003:24.525391 46.566257:24.525487
5625,46.564997:24.526586 46.565322:24.527257 46.565714:24.528097
5626,46.564997:24.526586 46.565487:24.526226 46.565902:24.526043
5627,46.565714:24.528097 46.565864:24.527877 46.566034:24.527807
5628,46.565765:24.529473 46.565415:24.529870 46.564986:24.529995
5629,46.565765:24.529473 46.566071:24.529304 46.566374:24.528975
5630,46.564986:24.529995 46.565385:24.530553 46.565818:24.531081
5631,46.564986:24.529995 46.565595:24.530287 46.566374:24.530732
5632,46.565818:24.531081 46.565355:24.531902 46.565067:24.532906
5633,46.565818:24.531081 46.565777:24.531288 46.565858:24.531695
5634,46.565067:24.532906 46.565063:24.533548 46.564876:24.534099
5635,46.565067:24.532906 46.565356:24.532826 46.565722:24.532804
5636,46.564876:24.534099 46.564997:24.535336 46.565189:24.536686
5637,46.564876:24.534099 46.565626:24.534035 46.566564:24.534035
5638,46.565189:24.536686 46.565200:24.536514 46.565164:24.536729
5639,46.565189:24.536686 46.565924:24.536140 46.566891:24.535873
5640,46.565164:24.536729 46.565277:24.537722 46.565229:24.538669
5641,46.565164:24.536729 46.565885:24.536848 46.566558:24.537002
5642,46.565229:24.538669 46.565156:24.539109 46.564908:24.539389
5643,46.565229:24.538669 46.565904:24.538599 46.566550:24.538739
5644,46.564908:24.539389 46.564688:24.540302 46.564591:24.541175
5645,46.564908:24.539389 46.565563:24.539147 46.566291:24.539334
5646,46.564591:24.541175 46.564956:24.542074 46.565419:24.542827
5647,46.565419:24.542827 46.565116:24.543727 46.564778:24.544425
5648,46.565419:24.542827 46.565866:24.542387 46.566192:24.541974
5649,46.564778:24.544425 46.565120:24.544513 46.565484:24.544663
5650,46.564778:24.544425 46.565397:24.543582 46.566012:24.542741
5651,46.565484:24.544663 46.565279:24.545371 46.565053:24.545952
5652,46.565053:24.545952 46.564982:24.546855 46.564773:24.547727
5653,46.565053:24.545952 46.565697:24.545803 46.566088:24.545755
5654,46.564773:24.547727 46.564956:24.548021 46.564979:24.548381
5655,46.564773:24.547727 46.565639:24.547663 46.566394:24.547592
5656,46.564979:24.548381 46.565059:24.549169 46.565363:24.550049
5657,46.564979:24.548381 46.565629:24.548492 46.566105:24.548830
5658,46.565363:24.550049 46.565314:24.550721 46.564987:24.551202
5659,46.565363:24.550049 46.565584:24.550233 46.565922:24.550377
5660,46.564987:24.551202 46.565013:24.552331 46.565019:24.553195
5661,46.564987:24.551202 46.565475:24.551208 46.565917:24.551157
5662,46.565019:24.553195 46.565191:24.553413 46.565528:24.553597
5663,46.565019:24.553195 46.565578:24.552780 46.566301:24.552425
5664,46.565528:24.553597 46.565354:24.554553 46.565173:24.555815
5665,46.565528:24.553597 46.565809:24.554252 46.565863:24.554831
5666,46.565173:24.555815 46.565183:24.556549 46.565088:24.557297
5667,46.565173:24.555815 46.566020:24.555085 46.566773:24.554454
5668,46.565088:24.557297 46.565263:24.557687 46.565338:24.558117
5669,46.565088:24.557297 46.565741:24.556574 46.566296:24.555967
5670,46.565338:24.558117 46.564833:24.558764 46.564478:24.559500
5671,46.565338:24.558117 46.565870:24.557818 46.566361:24.557256
5672,46.564478:24.559500 46.564894:24.560017 46.565302:24.560688
5673,46.564478:24.559500 46.565488:24.559550 46.566453:24.559363
5674,46.565302:24.560688 46.565325:24.561305 46.565351:24.561969
5675,46.565302:24.560688 46.566103:24.560878 46.566839:24.560962
5676,46.565351:24.561969 46.565207:24.562655 46.565013:24.563436
5677,46.565013:24.563436 46.565213:24.563685 46.565208:24.563891
5678,46.565013:24.563436 46.565554:24.563054 46.566097:24.562994
5679,46.565208:24.563891 46.565034:24.564800 46.564839:24.565723
5680,46.564839:24.565723 46.564953:24.565896 46.565301:24.565995
5681,46.564839:24.565723 46.565684:24.565164 46.566461:24.564762
5682,46.565301:24.565995 46.564895:24.567233 46.564482:24.568719
5683,46.565301:24.565995 46.565807:24.566628 46.566174:24.567187
5684,46.564482:24.568719 46.564827:24.569771 46.565183:24.570807
5685,46.565183:24.570807 46.564958:24.570885 46.564663:24.570762
5686,46.565183:24.570807 46.565538:24.570331 46.566032:24.569863
5687,46.564663:24.570762 46.564871:24.571508 46.564982:24.572417
5688,46.564663:24.570762 46.565574:24.571235 46.566630:24.571568
5689,46.564982:24.572417 46.565438:24.573374 46.565668:24.574181
5690,46.564982:24.572417 46.565327:24.572446 46.565634:24.572375
5691,46.565668:24.574181 46.565222:24.574763 46.564842:24.575321
5692,46.565668:24.574181 46.565948:24.574056 46.566090:24.573813
5693,46.564842:24.575321 46.564903:24.575839 46.564771:24.576221
5694,46.564842:24.575321 46.565237:24.574996 46.565677:24.574721
5695,46.564771:24.576221 46.565767:24.575903 46.566496:24.575805
5696,46.565245:24.577662 46.565080:24.578498 46.564913:24.579279
5697,46.565245:24.577662 46.565702:24.577271 46.566130:24.576962
5698,46.564913:24.579279 46.565040:24.579617 46.565163:24.579992
5699,46.564913:24.579279 46.565757:24.578567 46.566635:24.578114
5700,46.565163:24.579992 46.565151:24.580504 46.565095:24.580839
5701,46.565163:24.579992 46.565568:24.580046 46.565942:24.579855
5702,46.565095:24.580839 46.565626:24.581633 46.566146:24.582230
5703,46.565433:24.582755 46.565379:24.583831 46.565342:24.584726
5704,46.565342:24.584726 46.565078:24.584821 46.564890:24.585094
5705,46.565342:24.584726 46.565975:24.584338 46.566453:24.584063
5706,46.564890:24.585094 46.565016:24.586258 46.565189:24.586895
5707,46.564890:24.585094 46.565608:24.585190 46.566351:24.585189
5708,46.565189:24.586895 46.565127:24.587660 46.565126:24.588234
5709,46.565189:24.586895 46.565785:24.586502 46.566412:24.586008
5710,46.565126:24.588234 46.565478:24.587950 46.565843:24.587640
5711,46.565342:24.588363 46.565168:24.588936 46.564953:24.589548
5712,46.565342:24.588363 46.565576:24.588953 46.565877:24.589437
5713,46.564953:24.589548 46.564952:24.590565 46.565089:24.591557
5714,46.564953:24.589548 46.565883:24.590196 46.566918:24.590976
5715,46.565089:24.591557 46.565246:24.592498 46.565388:24.593118
5716,46.565089:24.591557 46.565665:24.591754 46.566407:24.591887
5717,46.565388:24.593118 46.565329:24.593958 46.565165:24.594899
5718,46.565388:24.593118 46.565650:24.592808 46.566020:24.592474
5719,46.565165:24.594899 46.565253:24.594932 46.565390:24.595115
5720,46.565165:24.594899 46.565748:24.594346 46.566442:24.593700
5721,46.565390:24.595115 46.565133:24.596135 46.564951:24.597100
5722,46.565390:24.595115 46.565890:24.595333 46.566358:24.595590
5723,46.564951:24.597100 46.565351:24.597753 46.565768:24.598175
5724,46.564951:24.597100 46.565812:24.597057 46.566511:24.596979
5725,46.565768:24.598175 46.565322:24.598883 46.565128:24.599681
5726,46.565768:24.598175 46.566042:24.598068 46.566291:24.598006
5727,46.565128:24.599681 46.565386:24.600384 46.565454:24.600830
5728,46.565128:24.599681 46.565526:24.599564 46.565665:24.599415
5729,46.565454:24.600830 46.565191:24.601365 46.565287:24.601990
5730,46.565287:24.601990 46.565072:24.602580 46.564998:24.603132
5731,46.565287:24.601990 46.565994:24.601836 46.566726:24.601738
5732,46.564998:24.603132 46.565117:24.603883 46.565412:24.604540
5733,46.564998:24.603132 46.565366:24.603521 46.565934:24.603786
5734,46.565412:24.604540 46.565318:24.605308 46.565374:24.606264
5735,46.565412:24.604540 46.565731:24.605233 46.566099:24.605909
5736,46.565374:24.606264 46.565550:24.606273 46.565519:24.606219
5737,46.565374:24.606264 46.565827:24.605839 46.566362:24.605421
5738,46.564856:24.608163 46.564924:24.609109 46.565131:24.610352
5739,46.564856:24.608163 46.565268:24.608654 46.565630:24.608763
5740,46.565131:24.610352 46.565383:24.610517 46.565780:24.610702
5741,46.567120:24.520675 46.566748:24.521026 46.566718:24.521471
5742,46.567120:24.520675 46.567141:24.520090 46.567169:24.519548
5743,46.566718:24.521471 46.566459:24.522105 46.566122:24.522843
5744,46.566122:24.522843 46.566298:24.522575 46.566448:24.522401
5745,46.565510:24.524320 46.565872:24.524957 46.566257:24.525487
5746,46.566257:24.525487 46.566018:24.525867 46.565902:24.526043
5747,46.565902:24.526043 46.565999:24.526865 46.566034:24.527807
5748,46.565902:24.526043 46.566688:24.526265 46.567439:24.526315
5749,46.566034:24.527807 46.566151:24.528257 46.566374:24.528975
5750,46.566034:24.527807 46.566510:24.528195 46.567032:24.528433
5751,46.566374:24.528975 46.566273:24.530035 46.566374:24.530732
5752,46.566374:24.528975 46.566911:24.528930 46.567472:24.528741
5753,46.566374:24.530732 46.566197:24.531072 46.565858:24.531695
5754,46.565858:24.531695 46.565843:24.532402 46.565722:24.532804
5755,46.565722:24.532804 46.566701:24.533082 46.567725:24.533313
5756,46.566564:24.534035 46.566926:24.534401 46.567203:24.534663
5757,46.566891:24.535873 46.566764:24.536493 46.566558:24.537002
5758,46.566891:24.535873 46.566967:24.535724 46.567188:24.535711
5759,46.566558:24.537002 46.566460:24.537834 46.566550:24.538739
5760,46.566550:24.538739 46.566681:24.538578 46.566968:24.538085
5761,46.566291:24.539334 46.566176:24.540654 46.566066:24.541714
5762,46.566291:24.539334 46.566703:24.539755 46.567151:24.540136
5763,46.566066:24.541714 46.566123:24.542018 46.566192:24.541974
5764,46.566066:24.541714 46.566422:24.541782 46.566777:24.541875
5765,46.566192:24.541974 46.566082:24.542327 46.566012:24.542741
5766,46.566192:24.541974 46.567035:24.542088 46.567865:24.541977
5767,46.566012:24.542741 46.566131:24.543788 46.566084:24.544925
5768,46.566012:24.542741 46.566684:24.543006 46.567386:24.543320
5769,46.566088:24.545755 46.566256:24.546594 46.566394:24.547592
5770,46.566088:24.545755 46.566811:24.546125 46.567579:24.546423
5771,46.566394:24.547592 46.566193:24.548164 46.566105:24.548830
5772,46.566394:24.547592 46.567231:24.547499 46.567983:24.547317
5773,46.566105:24.548830 46.565946:24.549663 46.565922:24.550377
5774,46.566105:24.548830 46.566833:24.548635 46.567562:24.548614
5775,46.565922:24.550377 46.565823:24.550834 46.565917:24.551157
5776,46.565917:24.551157 46.566629:24.551349 46.567304:24.551456
5777,46.566301:24.552425 46.566005:24.553604 46.565863:24.554831
5778,46.566301:24.552425 46.566548:24.552387 46.567031:24.552542
5779,46.565863:24.554831 46.566302:24.554609 46.566773:24.554454
5780,46.565863:24.554831 46.566630:24.554156 46.567115:24.553401
5781,46.566773:24.554454 46.566602:24.555268 46.566296:24.555967
5782,46.566773:24.554454 46.567017:24.554676 46.567080:24.554999
5783,46.566296:24.555967 46.566316:24.556752 46.566361:24.557256
5784,46.566296:24.555967 46.566736:24.555961 46.567271:24.555837
5785,46.566361:24.557256 46.566421:24.558377 46.566453:24.559363
5786,46.566361:24.557256 46.566703:24.557319 46.567234:24.557331
5787,46.566453:24.559363 46.566648:24.560203 46.566839:24.560962
5788,46.566453:24.559363 46.566638:24.559243 46.567042:24.559214
5789,46.566839:24.560962 46.566476:24.561706 46.566098:24.562153
5790,46.566098:24.562153 46.566110:24.562415 46.566097:24.562994
5791,46.566098:24.562153 46.566703:24.561924 46.567155:24.561546
5792,46.566097:24.562994 46.566023:24.563294 46.566083:24.563577
5793,46.566097:24.562994 46.567012:24.562497 46.567781:24.562331
5794,46.566083:24.563577 46.566206:24.564095 46.566461:24.564762
5795,46.566083:24.563577 46.566869:24.563671 46.567712:24.563689
5796,46.566461:24.564762 46.566227:24.565995 46.566174:24.567187
5797,46.566461:24.564762 46.566692:24.565209 46.567105:24.565673
5798,46.566174:24.567187 46.566661:24.567426 46.567246:24.567686
5799,46.566293:24.567571 46.566134:24.568785 46.566032:24.569863
5800,46.566293:24.567571 46.566821:24.568031 46.567491:24.568240
5801,46.566032:24.569863 46.566427:24.570836 46.566630:24.571568
5802,46.566032:24.569863 46.566967:24.569729 46.567649:24.569582
5803,46.566630:24.571568 46.566080:24.572012 46.565634:24.572375
5804,46.566630:24.571568 46.566806:24.571531 46.567046:24.571363
5805,46.565634:24.572375 46.565881:24.573138 46.566090:24.573813
5806,46.565634:24.572375 46.566885:24.572660 46.567835:24.572736
5807,46.566090:24.573813 46.565934:24.574347 46.565677:24.574721
5808,46.566090:24.573813 46.566458:24.574081 46.566920:24.574316
5809,46.565677:24.574721 46.566010:24.575129 46.566496:24.575805
5810,46.565677:24.574721 46.566520:24.575012 46.567179:24.575120
5811,46.566496:24.575805 46.566329:24.576393 46.566130:24.576962
5812,46.566496:24.575805 46.567015:24.576355 46.567730:24.577131
5813,46.566130:24.576962 46.566392:24.577411 46.566635:24.578114
5814,46.566635:24.578114 46.566259:24.578903 46.565942:24.579855
5815,46.566635:24.578114 46.567191:24.578583 46.567726:24.578913
5816,46.565942:24.579855 46.566025:24.581015 46.566146:24.582230
5817,46.565942:24.579855 46.566548:24.579400 46.567215:24.578715
5818,46.566146:24.582230 46.566805:24.581703 46.567473:24.581223
5819,46.566348:24.582244 46.566434:24.583245 46.566453:24.584063
5820,46.566348:24.582244 46.566325:24.583089 46.566427:24.583785
5821,46.566453:24.584063 46.566314:24.584398 46.566351:24.585189
5822,46.566351:24.585189 46.566847:24.585138 46.567320:24.585320
5823,46.566412:24.586008 46.566181:24.586826 46.565843:24.587640
5824,46.566412:24.586008 46.566976:24.586180 46.567580:24.586405
5825,46.565843:24.587640 46.566361:24.587637 46.567015:24.587668
5826,46.565877:24.589437 46.566369:24.590212 46.566918:24.590976
5827,46.565877:24.589437 46.566408:24.588950 46.566601:24.588639
5828,46.566407:24.591887 46.566185:24.592137 46.566020:24.592474
5829,46.566407:24.591887 46.566937:24.592245 46.567295:24.592573
5830,46.566020:24.592474 46.566279:24.592993 46.566442:24.593700
5831,46.566020:24.592474 46.566890:24.592673 46.567683:24.593097
5832,46.566442:24.593700 46.566446:24.594666 46.566358:24.595590
5833,46.566442:24.593700 46.566986:24.594030 46.567574:24.594229
5834,46.566358:24.595590 46.566449:24.596231 46.566511:24.596979
5835,46.566358:24.595590 46.566632:24.596029 46.567012:24.596092
5836,46.566511:24.596979 46.566364:24.597583 46.566291:24.598006
5837,46.566291:24.598006 46.565907:24.598791 46.565665:24.599415
5838,46.566291:24.598006 46.566842:24.597937 46.567232:24.598096
5839,46.565665:24.599415 46.566080:24.600484 46.566492:24.601328
5840,46.565665:24.599415 46.566665:24.599336 46.567440:24.599482
5841,46.566492:24.601328 46.566601:24.601545 46.566726:24.601738
5842,46.566492:24.601328 46.566827:24.600843 46.567215:24.600476
5843,46.566726:24.601738 46.566353:24.602664 46.565934:24.603786
5844,46.566726:24.601738 46.566949:24.602086 46.567409:24.602316
5845,46.565934:24.603786 46.566975:24.603544 46.567950:24.603467
5846,46.566099:24.605909 46.566389:24.605661 46.566362:24.605421
5847,46.566099:24.605909 46.566600:24.605454 46.566720:24.604987
5848,46.566065:24.608079 46.565875:24.608411 46.565630:24.608763
5849,46.565630:24.608763 46.565633:24.609825 46.565780:24.610702
5850,46.565630:24.608763 46.566012:24.608557 46.566341:24.608548
5851,46.565780:24.610702 46.566432:24.609867 46.567258:24.609335
5852,46.567169:24.519548 46.566898:24.520404 46.566738:24.520992
5853,46.567169:24.519548 46.567883:24.519569 46.568588:24.519615
5854,46.566738:24.520992 46.566672:24.521578 46.566448:24.522401
5855,46.566738:24.520992 46.567279:24.521029 46.567756:24.520988
5856,46.566448:24.522401 46.567223:24.523239 46.568068:24.523957
5857,46.566448:24.522401 46.567569:24.522770 46.568607:24.523454
5858,46.568068:24.523957 46.567648:24.524401 46.567231:24.524709
5859,46.568068:24.523957 46.568439:24.523877 46.568819:24.523999
5860,46.567231:24.524709 46.567714:24.524889 46.568214:24.525103
5861,46.567439:24.526315 46.567166:24.527364 46.567032:24.528433
5862,46.567439:24.526315 46.568107:24.526273 46.568722:24.526294
5863,46.567032:24.528433 46.567285:24.528767 46.567472:24.528741
5864,46.567032:24.528433 46.567732:24.528273 46.568533:24.528251
5865,46.567472:24.528741 46.567651:24.529598 46.567828:24.530411
5866,46.567472:24.528741 46.567846:24.528904 46.568079:24.528872
5867,46.567828:24.530411 46.567729:24.531047 46.567494:24.531804
5868,46.567828:24.530411 46.568214:24.530321 46.568544:24.530438
5869,46.567494:24.531804 46.567581:24.532473 46.567725:24.533313
5870,46.567494:24.531804 46.567883:24.531586 46.568347:24.531506
5871,46.567725:24.533313 46.567479:24.533873 46.567203:24.534663
5872,46.567725:24.533313 46.568051:24.533657 46.568368:24.533860
5873,46.567203:24.534663 46.567219:24.535255 46.567188:24.535711
5874,46.567203:24.534663 46.568065:24.534071 46.568856:24.533638
5875,46.567188:24.535711 46.567799:24.535679 46.568406:24.535693
5876,46.567884:24.536491 46.568128:24.536517 46.568402:24.536348
5877,46.566968:24.538085 46.567780:24.537987 46.568345:24.538326
5878,46.567151:24.540136 46.567668:24.539829 46.568156:24.539703
5879,46.566777:24.541875 46.567320:24.541912 46.567865:24.541977
5880,46.567865:24.541977 46.567566:24.542704 46.567386:24.543320
5881,46.567865:24.541977 46.568098:24.542034 46.568425:24.542346
5882,46.567386:24.543320 46.567494:24.544125 46.567552:24.545073
5883,46.567386:24.543320 46.567834:24.543243 46.568333:24.543276
5884,46.567552:24.545073 46.568066:24.545263 46.568453:24.545260
5885,46.567579:24.546423 46.567818:24.546844 46.567983:24.547317
5886,46.567579:24.546423 46.568113:24.546236 46.568699:24.546052
5887,46.567983:24.547317 46.567684:24.547940 46.567562:24.548614
5888,46.567983:24.547317 46.568109:24.547571 46.568230:24.547859
5889,46.567562:24.548614 46.567471:24.549429 46.567335:24.550096
5890,46.567562:24.548614 46.568120:24.548939 46.568576:24.549085
5891,46.567335:24.550096 46.567451:24.550802 46.567304:24.551456
5892,46.567335:24.550096 46.567883:24.549843 46.568295:24.549621
5893,46.567304:24.551456 46.567846:24.551251 46.568454:24.551029
5894,46.567031:24.552542 46.567008:24.552977 46.567115:24.553401
5895,46.567031:24.552542 46.567989:24.552767 46.568785:24.552985
5896,46.567115:24.553401 46.567439:24.553877 46.567641:24.554207
5897,46.567080:24.554999 46.567209:24.555317 46.567271:24.555837
5898,46.567080:24.554999 46.568028:24.555455 46.568848:24.555675
5899,46.567271:24.555837 46.567278:24.556517 46.567234:24.557331
5900,46.567271:24.555837 46.567673:24.555992 46.568227:24.556143
5901,46.567234:24.557331 46.567191:24.558266 46.567042:24.559214
5902,46.567234:24.557331 46.568059:24.557823 46.568723:24.558273
5903,46.567042:24.559214 46.567315:24.559838 46.567702:24.560560
5904,46.567042:24.559214 46.567718:24.558964 46.568410:24.558622
5905,46.567702:24.560560 46.567778:24.560586 46.567865:24.560552
5906,46.567155:24.561546 46.567660:24.561453 46.568106:24.561440
5907,46.567781:24.562331 46.567835:24.563041 46.567712:24.563689
5908,46.567781:24.562331 46.568380:24.562961 46.568543:24.563506
5909,46.567712:24.563689 46.567317:24.564653 46.567105:24.565673
5910,46.567712:24.563689 46.567747:24.563861 46.567681:24.564053
5911,46.567105:24.565673 46.567188:24.566685 46.567246:24.567686
5912,46.567105:24.565673 46.567910:24.565683 46.568836:24.565633
5913,46.567246:24.567686 46.567424:24.567958 46.567491:24.568240
5914,46.567246:24.567686 46.567667:24.567453 46.568272:24.567238
5915,46.567491:24.568240 46.567542:24.568817 46.567649:24.569582
5916,46.567491:24.568240 46.567707:24.567982 46.567999:24.567722
5917,46.567649:24.569582 46.567378:24.570540 46.567046:24.571363
5918,46.567649:24.569582 46.568046:24.570011 46.568397:24.570254
5919,46.567046:24.571363 46.567490:24.571948 46.567835:24.572736
5920,46.567835:24.572736 46.567299:24.573645 46.566920:24.574316
5921,46.567835:24.572736 46.568208:24.572492 46.568737:24.571993
5922,46.566920:24.574316 46.567123:24.574586 46.567179:24.575120
5923,46.566920:24.574316 46.567415:24.573469 46.567985:24.572740
5924,46.567179:24.575120 46.567475:24.576045 46.567730:24.577131
5925,46.567179:24.575120 46.567867:24.575227 46.568483:24.575179
5926,46.567730:24.577131 46.567203:24.576954 46.566769:24.576943
5927,46.567730:24.577131 46.568193:24.576456 46.568518:24.576070
5928,46.566769:24.576943 46.567152:24.578022 46.567726:24.578913
5929,46.566769:24.576943 46.567480:24.577279 46.568252:24.577872
5930,46.567726:24.578913 46.567544:24.578801 46.567215:24.578715
5931,46.567726:24.578913 46.568077:24.578357 46.568374:24.578061
5932,46.567215:24.578715 46.567371:24.579916 46.567473:24.581223
5933,46.567215:24.578715 46.568031:24.579290 46.568861:24.579714
5934,46.567473:24.581223 46.567944:24.581243 46.568524:24.581306
5935,46.566427:24.583785 46.566349:24.583770 46.566465:24.583668
5936,46.566465:24.583668 46.566804:24.584507 46.567320:24.585320
5937,46.566465:24.583668 46.567622:24.583869 46.568811:24.584006
5938,46.567320:24.585320 46.567396:24.585783 46.567580:24.586405
5939,46.567320:24.585320 46.567750:24.585101 46.568232:24.584994
5940,46.567015:24.587668 46.566726:24.588066 46.566601:24.588639
5941,46.566601:24.588639 46.567392:24.589438 46.567999:24.590133
5942,46.566601:24.588639 46.567257:24.588649 46.568071:24.588746
5943,46.567999:24.590133 46.567694:24.591251 46.567295:24.592573
5944,46.567999:24.590133 46.568249:24.590641 46.568340:24.591215
5945,46.567295:24.592573 46.567473:24.592763 46.567683:24.593097
5946,46.567295:24.592573 46.567973:24.592179 46.568655:24.591748
5947,46.567683:24.593097 46.567565:24.593670 46.567574:24.594229
5948,46.567683:24.593097 46.567962:24.593473 46.568079:24.593884
5949,46.567574:24.594229 46.567217:24.595286 46.567012:24.596092
5950,46.567574:24.594229 46.567869:24.594408 46.568294:24.594347
5951,46.567012:24.596092 46.567169:24.596898 46.567368:24.597661
5952,46.567012:24.596092 46.567667:24.596328 46.568244:24.596240
5953,46.567368:24.597661 46.567292:24.597939 46.567232:24.598096
5954,46.567368:24.597661 46.567849:24.597175 46.568451:24.596755
5955,46.567232:24.598096 46.567843:24.597934 46.568454:24.597821
5956,46.567440:24.599482 46.567332:24.600054 46.567215:24.600476
5957,46.567215:24.600476 46.567274:24.601259 46.567409:24.602316
5958,46.567409:24.602316 46.567755:24.602921 46.567950:24.603467
5959,46.567409:24.602316 46.568292:24.602074 46.569073:24.601684
5960,46.567950:24.603467 46.568180:24.603181 46.568341:24.602783
5961,46.566720:24.604987 46.567403:24.605579 46.568107:24.605893
5962,46.566720:24.604987 46.567582:24.604801 46.568449:24.604876
5963,46.568107:24.605893 46.567632:24.606563 46.567047:24.607318
5964,46.568107:24.605893 46.568462:24.605819 46.568644:24.605499
5965,46.567047:24.607318 46.566649:24.607920 46.566341:24.608548
5966,46.567047:24.607318 46.567574:24.607222 46.568183:24.607106
5967,46.566341:24.608548 46.566752:24.608826 46.567258:24.609335
5968,46.566341:24.608548 46.567320:24.609025 46.568305:24.609703
5969,46.567258:24.609335 46.567829:24.609612 46.568321:24.609982
5970,46.568588:24.519615 46.568113:24.520268 46.567756:24.520988
5971,46.568588:24.519615 46.568930:24.519973 46.569283:24.520351
5972,46.567756:24.520988 46.568101:24.522027 46.568607:24.523454
5973,46.567756:24.520988 46.569057:24.521381 46.570339:24.521817
5974,46.568607:24.523454 46.568759:24.523828 46.568819:24.523999
5975,46.568607:24.523454 46.569279:24.522753 46.569984:24.522135
5976,46.568819:24.523999 46.568599:24.524436 46.568214:24.525103
5977,46.568819:24.523999 46.569468:24.523948 46.569821:24.523926
5978,46.568214:24.525103 46.568444:24.525839 46.568722:24.526294
5979,46.568214:24.525103 46.569083:24.525289 46.569888:24.525684
5980,46.568722:24.526294 46.568603:24.527132 46.568533:24.528251
5981,46.568722:24.526294 46.569207:24.525952 46.569683:24.525782
5982,46.568533:24.528251 46.568356:24.528516 46.568079:24.528872
5983,46.568533:24.528251 46.569041:24.527925 46.569504:24.527606
5984,46.568079:24.528872 46.568285:24.529692 46.568544:24.530438
5985,46.568079:24.528872 46.568842:24.529007 46.569612:24.529147
5986,46.568544:24.530438 46.568498:24.530974 46.568347:24.531506
5987,46.568544:24.530438 46.569230:24.529917 46.569818:24.529727
5988,46.568347:24.531506 46.568367:24.532691 46.568368:24.533860
5989,46.568347:24.531506 46.568874:24.531666 46.569203:24.531706
5990,46.568368:24.533860 46.568639:24.533810 46.568856:24.533638
5991,46.568368:24.533860 46.568935:24.533402 46.569568:24.532865
5992,46.568856:24.533638 46.568620:24.534746 46.568406:24.535693
5993,46.568856:24.533638 46.569067:24.533978 46.569448:24.534373
5994,46.568406:24.535693 46.568405:24.536068 46.568402:24.536348
5995,46.568406:24.535693 46.569086:24.535719 46.569818:24.535602
5996,46.568402:24.536348 46.568347:24.537508 46.568345:24.538326
5997,46.568402:24.536348 46.569044:24.536443 46.569541:24.536154
5998,46.568345:24.538326 46.568308:24.539130 46.568156:24.539703
5999,46.568345:24.538326 46.568429:24.538047 46.568557:24.537615
6000,46.568156:24.539703 46.567899:24.539823 46.567553:24.540206
6001,46.568156:24.539703 46.568889:24.539092 46.569580:24.538548
6002,46.567553:24.540206 46.568009:24.541285 46.568425:24.542346
6003,46.567553:24.540206 46.568591:24.540529 46.569599:24.540827
6004,46.568425:24.542346 46.568362:24.542853 46.568333:24.543276
6005,46.568425:24.542346 46.568925:24.542200 46.569459:24.541852
6006,46.568333:24.543276 46.568443:24.544295 46.568453:24.545260
6007,46.568333:24.543276 46.568821:24.543603 46.569313:24.543845
6008,46.568453:24.545260 46.568633:24.545632 46.568699:24.546052
6009,46.568453:24.545260 46.569075:24.545002 46.569581:24.544771
6010,46.568699:24.546052 46.568431:24.546914 46.568230:24.547859
6011,46.568699:24.546052 46.568954:24.546138 46.569289:24.546181
6012,46.568230:24.547859 46.568413:24.548433 46.568576:24.549085
6013,46.568576:24.549085 46.568443:24.549366 46.568295:24.549621
6014,46.568576:24.549085 46.568967:24.548692 46.569331:24.548175
6015,46.568295:24.549621 46.568457:24.550241 46.568454:24.551029
6016,46.568295:24.549621 46.568913:24.549667 46.569492:24.549595
6017,46.568454:24.551029 46.568659:24.552016 46.568785:24.552985
6018,46.568454:24.551029 46.568788:24.551255 46.568963:24.551689
6019,46.568785:24.552985 46.568223:24.553490 46.567641:24.554207
6020,46.568785:24.552985 46.569032:24.552480 46.569243:24.551709
6021,46.567641:24.554207 46.568118:24.554776 46.568848:24.555675
6022,46.567641:24.554207 46.568404:24.554479 46.569210:24.554727
6023,46.568848:24.555675 46.568567:24.555935 46.568227:24.556143
6024,46.568848:24.555675 46.569104:24.555098 46.569421:24.554632
6025,46.568227:24.556143 46.568403:24.557158 46.568723:24.558273
6026,46.568723:24.558273 46.568570:24.558348 46.568410:24.558622
6027,46.568723:24.558273 46.569178:24.558071 46.569598:24.557920
6028,46.568410:24.558622 46.568171:24.559555 46.567865:24.560552
6029,46.568410:24.558622 46.568931:24.559034 46.569390:24.559344
6030,46.567865:24.560552 46.568112:24.561083 46.568106:24.561440
6031,46.567865:24.560552 46.568824:24.560658 46.569988:24.560650
6032,46.568106:24.561440 46.568262:24.562505 46.568543:24.563506
6033,46.568543:24.563506 46.568219:24.563785 46.567681:24.564053
6034,46.568543:24.563506 46.569068:24.563605 46.569611:24.563736
6035,46.567681:24.564053 46.568278:24.564787 46.568836:24.565633
6036,46.567681:24.564053 46.568751:24.564036 46.569681:24.563792
6037,46.568836:24.565633 46.568657:24.566490 46.568272:24.567238
6038,46.568836:24.565633 46.569151:24.565939 46.569521:24.566227
6039,46.568272:24.567238 46.568173:24.567465 46.567999:24.567722
6040,46.568272:24.567238 46.568799:24.567196 46.569239:24.567175
6041,46.567999:24.567722 46.568157:24.569011 46.568397:24.570254
6042,46.568397:24.570254 46.568631:24.570476 46.568739:24.570867
6043,46.568397:24.570254 46.568758:24.569574 46.568910:24.568793
6044,46.568739:24.570867 46.568740:24.571367 46.568737:24.571993
6045,46.568739:24.570867 46.569107:24.570973 46.569587:24.571181
6046,46.568737:24.571993 46.568249:24.572453 46.567985:24.572740
6047,46.568737:24.571993 46.569045:24.572158 46.569336:24.572165
6048,46.567985:24.572740 46.568118:24.574027 46.568483:24.575179
6049,46.567985:24.572740 46.568625:24.573331 46.569317:24.574009
6050,46.568483:24.575179 46.568553:24.575507 46.568518:24.576070
6051,46.568483:24.575179 46.568475:24.575028 46.568695:24.574895
6052,46.568518:24.576070 46.568330:24.577016 46.568252:24.577872
6053,46.568518:24.576070 46.568846:24.576124 46.569017:24.575787
6054,46.568252:24.577872 46.568270:24.577999 46.568374:24.578061
6055,46.568252:24.577872 46.568557:24.577318 46.568929:24.576989
6056,46.568374:24.578061 46.568529:24.578898 46.568861:24.579714
6057,46.568374:24.578061 46.568919:24.578326 46.569449:24.578707
6058,46.568861:24.579714 46.568687:24.580536 46.568524:24.581306
6059,46.568524:24.581306 46.568567:24.581988 46.568752:24.582718
6060,46.568524:24.581306 46.569147:24.581407 46.569577:24.581461
6061,46.568752:24.582718 46.568871:24.583452 46.568811:24.584006
6062,46.568752:24.582718 46.569141:24.582947 46.569546:24.583258
6063,46.568811:24.584006 46.568462:24.584634 46.568232:24.584994
6064,46.568811:24.584006 46.569164:24.584001 46.569505:24.583979
6065,46.568232:24.584994 46.568429:24.585545 46.568614:24.586156
6066,46.568232:24.584994 46.568752:24.585122 46.569419:24.585219
6067,46.568614:24.586156 46.568655:24.586886 46.568709:24.587721
6068,46.568614:24.586156 46.569118:24.586733 46.569438:24.586963
6069,46.568709:24.587721 46.568448:24.588242 46.568071:24.588746
6070,46.568709:24.587721 46.569091:24.587704 46.569464:24.587856
6071,46.568071:24.588746 46.568174:24.590049 46.568340:24.591215
6072,46.568340:24.591215 46.568433:24.591503 46.568655:24.591748
6073,46.568340:24.591215 46.568788:24.591024 46.569295:24.590851
6074,46.568655:24.591748 46.568384:24.592835 46.568079:24.593884
6075,46.568655:24.591748 46.568974:24.591811 46.569260:24.592046
6076,46.568079:24.593884 46.568116:24.594140 46.568294:24.594347
6077,46.568294:24.594347 46.568149:24.595297 46.568244:24.596240
6078,46.568294:24.594347 46.568838:24.593963 46.569428:24.593825
6079,46.568244:24.596240 46.568410:24.596593 46.568451:24.596755
6080,46.568244:24.596240 46.568946:24.595868 46.569713:24.595658
6081,46.568451:24.596755 46.568405:24.597287 46.568454:24.597821
6082,46.568451:24.596755 46.569159:24.596769 46.569771:24.596666
6083,46.568454:24.597821 46.568258:24.598640 46.568028:24.599494
6084,46.568454:24.597821 46.569011:24.598475 46.569637:24.599062
6085,46.568028:24.599494 46.567741:24.600368 46.567401:24.601388
6086,46.567401:24.601388 46.568343:24.601476 46.569073:24.601684
6087,46.567401:24.601388 46.568338:24.601109 46.569008:24.600866
6088,46.569073:24.601684 46.568725:24.602336 46.568341:24.602783
6089,46.568341:24.602783 46.568394:24.603868 46.568449:24.604876
6090,46.568341:24.602783 46.568660:24.602890 46.569072:24.603023
6091,46.568449:24.604876 46.568463:24.605137 46.568644:24.605499
6092,46.568449:24.604876 46.568832:24.604668 46.569121:24.604330
6093,46.568644:24.605499 46.568360:24.606195 46.568183:24.607106
6094,46.568644:24.605499 46.569002:24.605904 46.569362:24.606205
6095,46.568183:24.607106 46.568361:24.608314 46.568305:24.609703
6096,46.568305:24.609703 46.568251:24.609818 46.568321:24.609982
6097,46.568305:24.609703 46.569072:24.608892 46.569959:24.607962
6098,46.569283:24.520351 46.569817:24.521176 46.570339:24.521817
6099,46.569283:24.520351 46.569991:24.520375 46.570678:24.520366
6100,46.570339:24.521817 46.570163:24.521814 46.569984:24.522135
6101,46.570339:24.521817 46.570461:24.521921 46.570739:24.522154
6102,46.569984:24.522135 46.569881:24.523213 46.569821:24.523926
6103,46.569984:24.522135 46.570397:24.521949 46.570804:24.521837
6104,46.569821:24.523926 46.569949:24.524838 46.569888:24.525684
6105,46.569821:24.523926 46.569936:24.524361 46.569922:24.524628
6106,46.569888:24.525684 46.569655:24.525755 46.569683:24.525782
6107,46.569888:24.525684 46.570316:24.525804 46.570496:24.525804
6108,46.569683:24.525782 46.569679:24.526598 46.569504:24.527606
6109,46.569683:24.525782 46.569979:24.525893 46.570407:24.526231
6110,46.569504:24.527606 46.569556:24.528307 46.569612:24.529147
6111,46.569504:24.527606 46.569906:24.527620 46.570407:24.527966
6112,46.569612:24.529147 46.569733:24.529334 46.569818:24.529727
6113,46.569612:24.529147 46.570005:24.528856 46.570590:24.528855
6114,46.569818:24.529727 46.569436:24.530562 46.569203:24.531706
6115,46.569203:24.531706 46.569361:24.532227 46.569568:24.532865
6116,46.569203:24.531706 46.569779:24.531435 46.570208:24.531245
6117,46.569568:24.532865 46.569510:24.533627 46.569448:24.534373
6118,46.569568:24.532865 46.569651:24.532903 46.569848:24.532907
6119,46.569448:24.534373 46.569677:24.535010 46.569818:24.535602
6120,46.569448:24.534373 46.570005:24.534185 46.570529:24.534039
6121,46.569818:24.535602 46.570181:24.535688 46.570317:24.535593
6122,46.569541:24.536154 46.569054:24.536812 46.568557:24.537615
6123,46.569541:24.536154 46.570099:24.536852 46.570536:24.537210
6124,46.568557:24.537615 46.568939:24.538078 46.569580:24.538548
6125,46.568557:24.537615 46.569759:24.538051 46.570813:24.538455
6126,46.569580:24.538548 46.569582:24.539776 46.569599:24.540827
6127,46.569580:24.538548 46.570273:24.538818 46.570912:24.539135
6128,46.569599:24.540827 46.569496:24.541473 46.569459:24.541852
6129,46.569599:24.540827 46.570162:24.540983 46.570735:24.541035
6130,46.569459:24.541852 46.569397:24.542904 46.569313:24.543845
6131,46.569459:24.541852 46.569721:24.541781 46.570165:24.541873
6132,46.569313:24.543845 46.569415:24.544339 46.569581:24.544771
6133,46.569313:24.543845 46.569997:24.543652 46.570679:24.543512
6134,46.569581:24.544771 46.569401:24.545465 46.569289:24.546181
6135,46.569581:24.544771 46.569847:24.544679 46.570091:24.544537
6136,46.569289:24.546181 46.569542:24.546741 46.569867:24.547383
6137,46.569289:24.546181 46.570264:24.546410 46.571053:24.546462
6138,46.569867:24.547383 46.569642:24.547792 46.569331:24.548175
6139,46.569867:24.547383 46.570223:24.547699 46.570554:24.547990
6140,46.569331:24.548175 46.569387:24.548916 46.569492:24.549595
6141,46.569492:24.549595 46.569163:24.550640 46.568963:24.551689
6142,46.569492:24.549595 46.570150:24.549880 46.570857:24.549851
6143,46.568963:24.551689 46.569172:24.551645 46.569243:24.551709
6144,46.568963:24.551689 46.569544:24.551571 46.570139:24.551565
6145,46.569243:24.551709 46.569291:24.553132 46.569210:24.554727
6146,46.569243:24.551709 46.570268:24.551618 46.571079:24.551481
6147,46.569210:24.554727 46.569379:24.554714 46.569421:24.554632
6148,46.569210:24.554727 46.569906:24.554089 46.570579:24.553358
6149,46.569421:24.554632 46.569218:24.555685 46.569078:24.556839
6150,46.569421:24.554632 46.569806:24.554583 46.570422:24.554590
6151,46.569078:24.556839 46.569273:24.557454 46.569598:24.557920
6152,46.569078:24.556839 46.570236:24.556728 46.571425:24.556219
6153,46.569598:24.557920 46.569410:24.558719 46.569390:24.559344
6154,46.569598:24.557920 46.570136:24.557755 46.570541:24.557512
6155,46.569390:24.559344 46.569808:24.559975 46.569988:24.560650
6156,46.569390:24.559344 46.569798:24.559117 46.570183:24.558928
6157,46.569988:24.560650 46.569676:24.560714 46.569401:24.561121
6158,46.569988:24.560650 46.570289:24.561094 46.570597:24.561214
6159,46.569401:24.561121 46.569567:24.562332 46.569611:24.563736
6160,46.569611:24.563736 46.569604:24.563864 46.569681:24.563792
6161,46.569611:24.563736 46.569845:24.563473 46.570157:24.563075
6162,46.569681:24.563792 46.569612:24.564969 46.569521:24.566227
6163,46.569681:24.563792 46.569977:24.563793 46.570374:24.563652
6164,46.569521:24.566227 46.569329:24.566739 46.569239:24.567175
6165,46.569521:24.566227 46.570708:24.565882 46.571815:24.565544
6166,46.569239:24.567175 46.569918:24.566862 46.570610:24.566621
6167,46.569874:24.568984 46.569446:24.568835 46.568910:24.568793
6168,46.568910:24.568793 46.569224:24.569940 46.569587:24.571181
6169,46.569587:24.571181 46.569366:24.571669 46.569336:24.572165
6170,46.569336:24.572165 46.569319:24.573185 46.569317:24.574009
6171,46.569336:24.572165 46.569661:24.572193 46.570101:24.572277
6172,46.569317:24.574009 46.569944:24.573830 46.570466:24.573676
6173,46.568695:24.574895 46.568912:24.575407 46.569017:24.575787
6174,46.568695:24.574895 46.569519:24.575052 46.570392:24.574800
6175,46.569017:24.575787 46.569063:24.576380 46.568929:24.576989
6176,46.569017:24.575787 46.569844:24.576196 46.570705:24.576517
6177,46.568929:24.576989 46.569637:24.577464 46.570287:24.577824
6178,46.569449:24.578707 46.569685:24.579387 46.570074:24.579902
6179,46.569449:24.578707 46.569880:24.578698 46.570184:24.578612
6180,46.570074:24.579902 46.570359:24.580036 46.570571:24.580065
6181,46.569577:24.581461 46.569483:24.582330 46.569546:24.583258
6182,46.569577:24.581461 46.569742:24.581128 46.569662:24.580870
6183,46.569546:24.583258 46.569516:24.583635 46.569505:24.583979
6184,46.569546:24.583258 46.570037:24.583106 46.570462:24.583020
6185,46.569505:24.583979 46.569441:24.584715 46.569419:24.585219
6186,46.569505:24.583979 46.569955:24.584343 46.570282:24.584585
6187,46.569419:24.585219 46.569473:24.586060 46.569438:24.586963
6188,46.569419:24.585219 46.569627:24.585412 46.569902:24.585252
6189,46.569438:24.586963 46.570143:24.586686 46.570712:24.586530
6190,46.569464:24.587856 46.569385:24.588479 46.569441:24.589466
6191,46.569464:24.587856 46.569989:24.588061 46.570617:24.588242
6192,46.569441:24.589466 46.569395:24.590233 46.569295:24.590851
6193,46.569441:24.589466 46.569767:24.589364 46.570247:24.589393
6194,46.569260:24.592046 46.569675:24.592647 46.570120:24.593146
6195,46.569260:24.592046 46.569491:24.591606 46.569725:24.591210
6196,46.570120:24.593146 46.569871:24.593503 46.569428:24.593825
6197,46.570120:24.593146 46.570206:24.592845 46.570230:24.592573
6198,46.569428:24.593825 46.569643:24.594717 46.569713:24.595658
6199,46.569428:24.593825 46.569988:24.593802 46.570675:24.593990
6200,46.569713:24.595658 46.569845:24.596268 46.569771:24.596666
6201,46.569713:24.595658 46.570576:24.595660 46.571383:24.595906
6202,46.569771:24.596666 46.569707:24.597800 46.569637:24.599062
6203,46.569771:24.596666 46.569930:24.596821 46.570074:24.596829
6204,46.569637:24.599062 46.569629:24.599190 46.569596:24.599420
6205,46.569637:24.599062 46.570341:24.598785 46.571054:24.598563
6206,46.569596:24.599420 46.569279:24.600205 46.569008:24.600866
6207,46.569596:24.599420 46.569760:24.599776 46.570173:24.600025
6208,46.569008:24.600866 46.569673:24.601341 46.570361:24.601854
6209,46.569685:24.602439 46.569954:24.602634 46.570335:24.602439
6210,46.569072:24.603023 46.569836:24.603206 46.570721:24.603281
6211,46.569121:24.604330 46.569326:24.605159 46.569362:24.606205
6212,46.569121:24.604330 46.569825:24.604804 46.570472:24.605298
6213,46.569362:24.606205 46.570043:24.606018 46.570698:24.606060
6214,46.570121:24.607478 46.570011:24.607708 46.569959:24.607962
6215,46.570121:24.607478 46.570505:24.607732 46.570679:24.608169
6216,46.569959:24.607962 46.569984:24.609152 46.569990:24.610354
6217,46.569959:24.607962 46.570487:24.608367 46.570848:24.608907
6218,46.569990:24.610354 46.570282:24.609788 46.570639:24.609305
6219,46.570678:24.520366 46.570637:24.521276 46.570739:24.522154
6220,46.570678:24.520366 46.571086:24.520234 46.571640:24.519783
6221,46.570739:24.522154 46.570890:24.521931 46.570804:24.521837
6222,46.570739:24.522154 46.571308:24.521654 46.571846:24.521035
6223,46.570804:24.521837 46.570316:24.523149 46.569922:24.524628
6224,46.570804:24.521837 46.571269:24.522041 46.571748:24.522141
6225,46.569922:24.524628 46.571000:24.524222 46.571903:24.523589
6226,46.570496:24.525804 46.570463:24.526134 46.570407:24.526231
6227,46.570496:24.525804 46.571041:24.525724 46.571583:24.525474
6228,46.570407:24.526231 46.570920:24.526356 46.571481:24.526525
6229,46.570407:24.527966 46.571197:24.528236 46.571960:24.528613
6230,46.570590:24.528855 46.570742:24.529789 46.570711:24.530709
6231,46.570711:24.530709 46.570447:24.530954 46.570208:24.531245
6232,46.570711:24.530709 46.571247:24.530841 46.571827:24.530853
6233,46.570208:24.531245 46.570006:24.532056 46.569848:24.532907
6234,46.570208:24.531245 46.570806:24.531426 46.571429:24.531781
6235,46.569848:24.532907 46.570117:24.533548 46.570529:24.534039
6236,46.569848:24.532907 46.570594:24.533606 46.571527:24.534056
6237,46.570317:24.535593 46.570707:24.535273 46.571056:24.535085
6238,46.570536:24.537210 46.570639:24.537800 46.570813:24.538455
6239,46.570536:24.537210 46.571240:24.536990 46.572044:24.536783
6240,46.570912:24.539135 46.571204:24.539531 46.571726:24.539852
6241,46.570735:24.541035 46.570438:24.541415 46.570165:24.541873
6242,46.570735:24.541035 46.571311:24.541106 46.571867:24.541279
6243,46.570165:24.541873 46.570402:24.542633 46.570679:24.543512
6244,46.570679:24.543512 46.570477:24.543999 46.570091:24.544537
6245,46.570679:24.543512 46.571136:24.543296 46.571404:24.543525
6246,46.570091:24.544537 46.570607:24.545437 46.571053:24.546462
6247,46.570091:24.544537 46.570870:24.544264 46.571507:24.544235
6248,46.571053:24.546462 46.570761:24.547171 46.570554:24.547990
6249,46.571053:24.546462 46.571229:24.546694 46.571353:24.546881
6250,46.570554:24.547990 46.570433:24.548434 46.570212:24.548620
6251,46.570554:24.547990 46.571500:24.547521 46.572327:24.547011
6252,46.570212:24.548620 46.570614:24.549208 46.570857:24.549851
6253,46.570212:24.548620 46.570873:24.548658 46.571725:24.548680
6254,46.570857:24.549851 46.570513:24.550725 46.570139:24.551565
6255,46.570857:24.549851 46.570974:24.550204 46.571301:24.550317
6256,46.570139:24.551565 46.570608:24.551607 46.571079:24.551481
6257,46.571079:24.551481 46.570762:24.552455 46.570579:24.553358
6258,46.571079:24.551481 46.571504:24.551997 46.571751:24.552471
6259,46.570579:24.553358 46.570648:24.553882 46.570422:24.554590
6260,46.570579:24.553358 46.570756:24.553611 46.570678:24.553867
6261,46.570422:24.554590 46.570991:24.555339 46.571425:24.556219
6262,46.570422:24.554590 46.571074:24.554532 46.571887:24.554900
6263,46.571425:24.556219 46.571093:24.556790 46.570541:24.557512
6264,46.571425:24.556219 46.571518:24.556527 46.571899:24.556825
6265,46.570541:24.557512 46.570645:24.557429 46.570983:24.557739
6266,46.570183:24.558928 46.570371:24.560070 46.570597:24.561214
6267,46.570183:24.558928 46.571095:24.559233 46.571704:24.559466
6268,46.570597:24.561214 46.570587:24.561855 46.570625:24.562435
6269,46.570597:24.561214 46.571151:24.560935 46.571647:24.560428
6270,46.570625:24.562435 46.571002:24.561903 46.571473:24.561610
6271,46.570157:24.563075 46.570932:24.562718 46.571594:24.562571
6272,46.570374:24.563652 46.571085:24.564663 46.571815:24.565544
6273,46.570374:24.563652 46.571071:24.563975 46.571815:24.564203
6274,46.571815:24.565544 46.571296:24.566126 46.570610:24.566621
6275,46.571815:24.565544 46.571773:24.565497 46.571774:24.565427
6276,46.570610:24.566621 46.570403:24.567148 46.570326:24.567801
6277,46.570326:24.567801 46.570744:24.568578 46.570880:24.569386
6278,46.570880:24.569386 46.570654:24.570106 46.570475:24.570950
6279,46.570475:24.570950 46.570185:24.571668 46.570101:24.572277
6280,46.570101:24.572277 46.570274:24.572954 46.570466:24.573676
6281,46.570101:24.572277 46.570613:24.572161 46.571160:24.572118
6282,46.570466:24.573676 46.571277:24.573787 46.571970:24.573821
6283,46.570392:24.574800 46.570551:24.575635 46.570705:24.576517
6284,46.570392:24.574800 46.570951:24.574853 46.571299:24.574916
6285,46.570705:24.576517 46.570439:24.577190 46.570287:24.577824
6286,46.570705:24.576517 46.571265:24.575990 46.571853:24.575483
6287,46.570287:24.577824 46.570166:24.578128 46.570184:24.578612
6288,46.570287:24.577824 46.571039:24.577705 46.571714:24.577538
6289,46.570184:24.578612 46.570412:24.579487 46.570571:24.580065
6290,46.570184:24.578612 46.571005:24.578760 46.571852:24.578809
6291,46.570571:24.580065 46.570111:24.580452 46.569662:24.580870
6292,46.570571:24.580065 46.570791:24.579484 46.570992:24.579105
6293,46.569662:24.580870 46.570024:24.582045 46.570462:24.583020
6294,46.569662:24.580870 46.570987:24.580960 46.572280:24.581129
6295,46.570462:24.583020 46.570381:24.583615 46.570282:24.584585
6296,46.570462:24.583020 46.571189:24.583053 46.572033:24.583170
6297,46.570282:24.584585 46.570970:24.583886 46.571623:24.583405
6298,46.569902:24.585252 46.570328:24.585796 46.570712:24.586530
6299,46.569902:24.585252 46.570954:24.585237 46.572066:24.585201
6300,46.570712:24.586530 46.571212:24.586554 46.571773:24.586734
6301,46.570617:24.588242 46.570536:24.588747 46.570247:24.589393
6302,46.570617:24.588242 46.571297:24.588324 46.571923:24.588276
6303,46.570247:24.589393 46.570612:24.588903 46.571102:24.588505
6304,46.570893:24.590331 46.570340:24.590849 46.569725:24.591210
6305,46.570893:24.590331 46.571270:24.590366 46.571642:24.590439
6306,46.569725:24.591210 46.570034:24.592022 46.570230:24.592573
6307,46.569725:24.591210 46.570747:24.591376 46.571862:24.591679
6308,46.570230:24.592573 46.570889:24.593250 46.571531:24.593943
6309,46.570675:24.593990 46.571039:24.595031 46.571383:24.595906
6310,46.570675:24.593990 46.571393:24.594463 46.572068:24.594862
6311,46.571383:24.595906 46.570813:24.596511 46.570074:24.596829
6312,46.571383:24.595906 46.571672:24.595584 46.571952:24.595303
6313,46.570074:24.596829 46.570593:24.597652 46.571054:24.598563
6314,46.570074:24.596829 46.570826:24.596843 46.571564:24.596926
6315,46.571054:24.598563 46.570629:24.599255 46.570173:24.600025
6316,46.571054:24.598563 46.571157:24.598170 46.571215:24.597875
6317,46.570173:24.600025 46.570125:24.600943 46.570361:24.601854
6318,46.570173:24.600025 46.570956:24.599460 46.571649:24.599027
6319,46.570361:24.601854 46.570475:24.601995 46.570335:24.602439
6320,46.570335:24.602439 46.570929:24.602161 46.571512:24.602024
6321,46.570721:24.603281 46.571200:24.603332 46.571802:24.603691
6322,46.570472:24.605298 46.571079:24.604628 46.571720:24.604241
6323,46.570698:24.606060 46.570703:24.607151 46.570679:24.608169
6324,46.570679:24.608169 46.570659:24.608489 46.570848:24.608907
6325,46.570679:24.608169 46.571069:24.607602 46.571368:24.607229
6326,46.570848:24.608907 46.570582:24.609236 46.570639:24.609305
6327,46.570848:24.608907 46.570796:24.608749 46.570962:24.608342
6328,46.570639:24.609305 46.570988:24.609691 46.571340:24.610353
6329,46.571640:24.519783 46.571715:24.520415 46.571846:24.521035
6330,46.571640:24.519783 46.571754:24.519743 46.571747:24.519379
6331,46.571846:24.521035 46.571737:24.521551 46.571748:24.522141
6332,46.571846:24.521035 46.572177:24.521019 46.572518:24.521087
6333,46.571748:24.522141 46.571854:24.522736 46.571903:24.523589
6334,46.571903:24.523589 46.571773:24.524631 46.571583:24.525474
6335,46.571903:24.523589 46.572134:24.523714 46.572116:24.524032
6336,46.571583:24.525474 46.571619:24.525879 46.571481:24.526525
6337,46.571481:24.526525 46.571750:24.527521 46.571960:24.528613
6338,46.571481:24.526525 46.571975:24.526727 46.572476:24.527081
6339,46.571960:24.528613 46.571391:24.528772 46.570969:24.528729
6340,46.571960:24.528613 46.572305:24.528065 46.572830:24.527370
6341,46.570969:24.528729 46.571415:24.529728 46.571827:24.530853
6342,46.571827:24.530853 46.571759:24.531448 46.571429:24.531781
6343,46.571827:24.530853 46.572207:24.530857 46.572645:24.530972
6344,46.571429:24.531781 46.571899:24.531634 46.572417:24.531674
6345,46.571527:24.534056 46.571428:24.533923 46.571524:24.533819
6346,46.571527:24.534056 46.572093:24.533230 46.572700:24.532516
6347,46.571524:24.533819 46.571246:24.534421 46.571056:24.535085
6348,46.571524:24.533819 46.571868:24.534399 46.572496:24.534619
6349,46.571056:24.535085 46.571645:24.536029 46.572044:24.536783
6350,46.571056:24.535085 46.572023:24.534868 46.573053:24.534823
6351,46.572044:24.536783 46.572090:24.537684 46.572267:24.538545
6352,46.572044:24.536783 46.572597:24.536793 46.572906:24.536828
6353,46.572267:24.538545 46.572046:24.539279 46.571726:24.539852
6354,46.572267:24.538545 46.572670:24.538660 46.573107:24.538536
6355,46.571726:24.539852 46.572573:24.539824 46.573342:24.539702
6356,46.571867:24.541279 46.571567:24.541644 46.571256:24.541926
6357,46.571867:24.541279 46.572110:24.540901 46.572524:24.540502
6358,46.571256:24.541926 46.571287:24.542581 46.571404:24.543525
6359,46.571256:24.541926 46.571654:24.541982 46.572166:24.542419
6360,46.571404:24.543525 46.571447:24.543865 46.571507:24.544235
6361,46.571507:24.544235 46.571487:24.545609 46.571353:24.546881
6362,46.571353:24.546881 46.571762:24.546945 46.572327:24.547011
6363,46.571353:24.546881 46.571889:24.546543 46.572521:24.545980
6364,46.572327:24.547011 46.572046:24.547958 46.571725:24.548680
6365,46.572327:24.547011 46.572534:24.547462 46.572716:24.547730
6366,46.571725:24.548680 46.571515:24.549451 46.571301:24.550317
6367,46.571725:24.548680 46.572494:24.548705 46.573152:24.548822
6368,46.571301:24.550317 46.571420:24.551290 46.571569:24.552046
6369,46.571301:24.550317 46.571537:24.549870 46.571948:24.549549
6370,46.571569:24.552046 46.571604:24.552375 46.571751:24.552471
6371,46.571569:24.552046 46.571754:24.551563 46.571923:24.550967
6372,46.571751:24.552471 46.571253:24.553229 46.570678:24.553867
6373,46.571751:24.552471 46.572099:24.552697 46.572246:24.552714
6374,46.570678:24.553867 46.571304:24.554329 46.571887:24.554900
6375,46.570678:24.553867 46.571666:24.553949 46.572585:24.554406
6376,46.571887:24.554900 46.571893:24.555828 46.571899:24.556825
6377,46.571887:24.554900 46.572339:24.554963 46.573034:24.555016
6378,46.571899:24.556825 46.571466:24.557294 46.570983:24.557739
6379,46.571899:24.556825 46.572485:24.556740 46.572988:24.556527
6380,46.571704:24.559466 46.571660:24.559928 46.571647:24.560428
6381,46.571704:24.559466 46.571944:24.559196 46.572264:24.559101
6382,46.571647:24.560428 46.571595:24.560967 46.571473:24.561610
6383,46.571647:24.560428 46.572435:24.560133 46.573193:24.560097
6384,46.571473:24.561610 46.571497:24.562144 46.571594:24.562571
6385,46.571473:24.561610 46.572078:24.561696 46.572736:24.561798
6386,46.571594:24.562571 46.571719:24.563395 46.571815:24.564203
6387,46.571594:24.562571 46.572019:24.562546 46.572517:24.562466
6388,46.571774:24.565427 46.572427:24.565637 46.573035:24.565762
6389,46.571735:24.567013 46.571902:24.567764 46.571901:24.568466
6390,46.571735:24.567013 46.572307:24.566578 46.572904:24.566432
6391,46.571901:24.568466 46.571852:24.568820 46.571916:24.569491
6392,46.571901:24.568466 46.572296:24.568373 46.572835:24.568324
6393,46.571916:24.569491 46.571709:24.570136 46.571574:24.570753
6394,46.571916:24.569491 46.572550:24.569260 46.573024:24.569247
6395,46.571574:24.570753 46.571359:24.571457 46.571160:24.572118
6396,46.571574:24.570753 46.572244:24.571177 46.572941:24.571475
6397,46.571160:24.572118 46.571576:24.573043 46.571970:24.573821
6398,46.571160:24.572118 46.572298:24.571906 46.573285:24.571764
6399,46.571970:24.573821 46.571568:24.574304 46.571299:24.574916
6400,46.571970:24.573821 46.572200:24.573194 46.572273:24.572832
6401,46.571299:24.574916 46.571554:24.575071 46.571853:24.575483
6402,46.571299:24.574916 46.572055:24.574871 46.572994:24.575045
6403,46.571853:24.575483 46.571692:24.576409 46.571714:24.577538
6404,46.571853:24.575483 46.572380:24.575484 46.572779:24.575705
6405,46.571714:24.577538 46.572415:24.577848 46.573095:24.578100
6406,46.571852:24.578809 46.572220:24.578847 46.572649:24.578643
6407,46.570992:24.579105 46.571642:24.580152 46.572280:24.581129
6408,46.570992:24.579105 46.572018:24.579639 46.573073:24.580224
6409,46.572280:24.581129 46.572653:24.581219 46.573126:24.581126
6410,46.572033:24.583170 46.571803:24.583168 46.571623:24.583405
6411,46.572033:24.583170 46.572352:24.582823 46.572779:24.582460
6412,46.571623:24.583405 46.571833:24.584234 46.572066:24.585201
6413,46.571623:24.583405 46.572000:24.583719 46.572464:24.583782
6414,46.572066:24.585201 46.571951:24.585942 46.571773:24.586734
6415,46.572066:24.585201 46.572364:24.585387 46.572563:24.585440
6416,46.571773:24.586734 46.571878:24.587419 46.571923:24.588276
6417,46.571773:24.586734 46.572188:24.586667 46.572556:24.586553
6418,46.571923:24.588276 46.571481:24.588439 46.571102:24.588505
6419,46.571923:24.588276 46.572211:24.587816 46.572382:24.587286
6420,46.571102:24.588505 46.571241:24.589564 46.571642:24.590439
6421,46.571102:24.588505 46.572137:24.588592 46.573155:24.588697
6422,46.571642:24.590439 46.571810:24.591214 46.571862:24.591679
6423,46.571642:24.590439 46.572459:24.590643 46.573289:24.590849
6424,46.571862:24.591679 46.571718:24.592724 46.571531:24.593943
6425,46.571862:24.591679 46.571843:24.591662 46.571870:24.591458
6426,46.571531:24.593943 46.571750:24.594397 46.572068:24.594862
6427,46.572068:24.594862 46.572384:24.594372 46.572600:24.594082
6428,46.571952:24.595303 46.571799:24.596069 46.571564:24.596926
6429,46.571952:24.595303 46.572467:24.595403 46.573095:24.595596
6430,46.571564:24.596926 46.571290:24.597480 46.571215:24.597875
6431,46.571564:24.596926 46.572356:24.596737 46.572994:24.596654
6432,46.571215:24.597875 46.571413:24.598448 46.571649:24.599027
6433,46.571215:24.597875 46.571781:24.598465 46.572423:24.598849
6434,46.571649:24.599027 46.572124:24.599229 46.572564:24.599081
6435,46.571781:24.601079 46.571572:24.601581 46.571512:24.602024
6436,46.571512:24.602024 46.571588:24.602977 46.571802:24.603691
6437,46.571512:24.602024 46.572089:24.601883 46.572606:24.601858
6438,46.571802:24.603691 46.571680:24.604127 46.571720:24.604241
6439,46.571802:24.603691 46.572421:24.603827 46.572881:24.603912
6440,46.571720:24.604241 46.572172:24.604369 46.572590:24.604643
6441,46.571032:24.606995 46.571263:24.607221 46.571368:24.607229
6442,46.571368:24.607229 46.571976:24.607645 46.572596:24.608160
6443,46.570962:24.608342 46.571118:24.609299 46.571340:24.610353
6444,46.570962:24.608342 46.571793:24.608536 46.572610:24.608875
6445,46.571340:24.610353 46.571583:24.610135 46.571957:24.610078
6446,46.571747:24.519379 46.572034:24.520185 46.572518:24.521087
6447,46.571747:24.519379 46.572781:24.519619 46.573747:24.519861
6448,46.572518:24.521087 46.572477:24.521802 46.572393:24.522413
6449,46.572518:24.521087 46.573077:24.520866 46.573588:24.520704
6450,46.572393:24.522413 46.572883:24.522522 46.573215:24.522682
6451,46.572116:24.524032 46.572620:24.524519 46.573074:24.525285
6452,46.572116:24.524032 46.572756:24.523949 46.573508:24.523874
6453,46.573074:24.525285 46.572924:24.526244 46.572476:24.527081
6454,46.573074:24.525285 46.573409:24.525001 46.573667:24.524995
6455,46.572476:24.527081 46.572703:24.527261 46.572830:24.527370
6456,46.572476:24.527081 46.572964:24.527327 46.573478:24.527339
6457,46.572830:24.527370 46.573127:24.527651 46.573348:24.527602
6458,46.572463:24.528860 46.572970:24.528714 46.573627:24.528623
6459,46.572645:24.530972 46.572962:24.530880 46.573398:24.530815
6460,46.572417:24.531674 46.572527:24.532182 46.572700:24.532516
6461,46.572417:24.531674 46.573245:24.531677 46.574051:24.531798
6462,46.572700:24.532516 46.572553:24.533556 46.572496:24.534619
6463,46.572700:24.532516 46.573818:24.532771 46.574850:24.533408
6464,46.572496:24.534619 46.573345:24.534411 46.574156:24.533989
6465,46.573053:24.534823 46.573082:24.535795 46.572906:24.536828
6466,46.573053:24.534823 46.573619:24.535601 46.574104:24.536394
6467,46.572906:24.536828 46.573001:24.537688 46.573107:24.538536
6468,46.572906:24.536828 46.573219:24.537148 46.573599:24.537752
6469,46.573107:24.538536 46.573211:24.539008 46.573342:24.539702
6470,46.573107:24.538536 46.573322:24.538043 46.573451:24.537762
6471,46.573342:24.539702 46.573024:24.540098 46.572524:24.540502
6472,46.573342:24.539702 46.573438:24.539444 46.573714:24.539211
6473,46.572524:24.540502 46.572316:24.541388 46.572166:24.542419
6474,46.572524:24.540502 46.573305:24.540307 46.573950:24.540384
6475,46.572166:24.542419 46.572467:24.543244 46.572839:24.543841
6476,46.572166:24.542419 46.572994:24.542051 46.573758:24.541314
6477,46.572839:24.543841 46.572649:24.543917 46.572782:24.544121
6478,46.572839:24.543841 46.573330:24.543976 46.573719:24.543941
6479,46.572521:24.545980 46.572698:24.546980 46.572716:24.547730
6480,46.572521:24.545980 46.573201:24.545799 46.574107:24.545605
6481,46.572716:24.547730 46.572930:24.548165 46.573152:24.548822
6482,46.573152:24.548822 46.572695:24.549179 46.571948:24.549549
6483,46.571948:24.549549 46.571918:24.550283 46.571923:24.550967
6484,46.571948:24.549549 46.572751:24.550005 46.573395:24.550534
6485,46.571923:24.550967 46.572028:24.551896 46.572246:24.552714
6486,46.572246:24.552714 46.572362:24.553576 46.572585:24.554406
6487,46.572246:24.552714 46.573000:24.552679 46.573715:24.552928
6488,46.572585:24.554406 46.572759:24.554643 46.573034:24.555016
6489,46.572585:24.554406 46.573127:24.553955 46.573575:24.553553
6490,46.573034:24.555016 46.573022:24.555800 46.572988:24.556527
6491,46.573034:24.555016 46.573728:24.554951 46.574426:24.554846
6492,46.572988:24.556527 46.572889:24.557396 46.572819:24.558422
6493,46.572988:24.556527 46.573516:24.556508 46.574006:24.556454
6494,46.572819:24.558422 46.572481:24.558819 46.572264:24.559101
6495,46.572819:24.558422 46.573203:24.558066 46.573565:24.557807
6496,46.572264:24.559101 46.572817:24.559463 46.573193:24.560097
6497,46.572264:24.559101 46.572991:24.559055 46.573641:24.559267
6498,46.573193:24.560097 46.573135:24.560189 46.572851:24.560423
6499,46.572736:24.561798 46.572572:24.562228 46.572517:24.562466
6500,46.572736:24.561798 46.573218:24.561496 46.573755:24.561312
6501,46.572517:24.562466 46.572514:24.563216 46.572424:24.563914
6502,46.572517:24.562466 46.573049:24.563254 46.573596:24.564071
6503,46.573035:24.565762 46.572899:24.566151 46.572904:24.566432
6504,46.573035:24.565762 46.573388:24.565751 46.573810:24.565519
6505,46.572904:24.566432 46.572814:24.567312 46.572835:24.568324
6506,46.572904:24.566432 46.573472:24.566570 46.574210:24.566760
6507,46.572835:24.568324 46.572883:24.568590 46.573024:24.569247
6508,46.573024:24.569247 46.573038:24.570417 46.572941:24.571475
6509,46.573024:24.569247 46.573155:24.569282 46.573396:24.569218
6510,46.572941:24.571475 46.573197:24.571698 46.573285:24.571764
6511,46.573285:24.571764 46.572701:24.572321 46.572273:24.572832
6512,46.573285:24.571764 46.573518:24.571991 46.573707:24.572227
6513,46.572273:24.572832 46.572580:24.573811 46.572994:24.575045
6514,46.572273:24.572832 46.573038:24.572908 46.573819:24.572839
6515,46.572994:24.575045 46.572932:24.575313 46.572779:24.575705
6516,46.572994:24.575045 46.573240:24.574906 46.573652:24.574636
6517,46.572779:24.575705 46.572993:24.577016 46.573095:24.578100
6518,46.573095:24.578100 46.573003:24.578305 46.572649:24.578643
6519,46.573095:24.578100 46.573349:24.577903 46.573469:24.577776
6520,46.572649:24.578643 46.572862:24.579519 46.573073:24.580224
6521,46.572649:24.578643 46.573282:24.578497 46.573956:24.578646
6522,46.573126:24.581126 46.573069:24.581812 46.572779:24.582460
6523,46.573126:24.581126 46.573165:24.581093 46.573197:24.581028
6524,46.572464:24.583782 46.573508:24.583752 46.574371:24.583748
6525,46.572563:24.585440 46.573125:24.584756 46.573943:24.584161
6526,46.572382:24.587286 46.572755:24.588116 46.573155:24.588697
6527,46.572382:24.587286 46.573283:24.587326 46.574015:24.587098
6528,46.573155:24.588697 46.573229:24.589769 46.573289:24.590849
6529,46.573155:24.588697 46.573266:24.588638 46.573370:24.588645
6530,46.573289:24.590849 46.573528:24.590829 46.573867:24.590803
6531,46.571870:24.591458 46.572163:24.592275 46.572517:24.593053
6532,46.571870:24.591458 46.572679:24.592030 46.573413:24.592531
6533,46.572600:24.594082 46.572825:24.594813 46.573095:24.595596
6534,46.572600:24.594082 46.573274:24.594346 46.573851:24.594342
6535,46.573095:24.595596 46.573507:24.595670 46.574018:24.595804
6536,46.572994:24.596654 46.572691:24.597735 46.572423:24.598849
6537,46.572994:24.596654 46.573621:24.597047 46.574487:24.597470
6538,46.572423:24.598849 46.572547:24.598883 46.572564:24.599081
6539,46.572423:24.598849 46.572965:24.598634 46.573510:24.598607
6540,46.572564:24.599081 46.572499:24.600114 46.572603:24.601333
6541,46.572564:24.599081 46.573291:24.599117 46.573993:24.599126
6542,46.572603:24.601333 46.572688:24.601599 46.572606:24.601858
6543,46.572603:24.601333 46.572987:24.600985 46.573472:24.600515
6544,46.572606:24.601858 46.572815:24.602882 46.572881:24.603912
6545,46.572606:24.601858 46.572707:24.602168 46.572878:24.602454
6546,46.572881:24.603912 46.572722:24.604436 46.572590:24.604643
6547,46.572881:24.603912 46.573305:24.603821 46.573656:24.604020
6548,46.572590:24.604643 46.572430:24.605980 46.572535:24.607277
6549,46.572590:24.604643 46.573105:24.604637 46.573538:24.604816
6550,46.572535:24.607277 46.572647:24.607661 46.572596:24.608160
6551,46.572535:24.607277 46.573315:24.607057 46.573981:24.606512
6552,46.572596:24.608160 46.572627:24.608576 46.572610:24.608875
6553,46.572596:24.608160 46.573173:24.607589 46.573841:24.606935
6554,46.572610:24.608875 46.572350:24.609471 46.571957:24.610078
6555,46.572610:24.608875 46.573489:24.608962 46.574491:24.609077
6556,46.571957:24.610078 46.573121:24.610245 46.574201:24.610711
6557,46.573747:24.519861 46.573614:24.520253 46.573588:24.520704
6558,46.573747:24.519861 46.574508:24.519971 46.575283:24.520183
6559,46.573588:24.520704 46.573407:24.521610 46.573215:24.522682
6560,46.573588:24.520704 46.574270:24.521065 46.574962:24.521582
6561,46.573215:24.522682 46.573311:24.523371 46.573508:24.523874
6562,46.573215:24.522682 46.573743:24.522787 46.574279:24.522966
6563,46.573508:24.523874 46.573503:24.524388 46.573667:24.524995
6564,46.573508:24.523874 46.574122:24.523958 46.574462:24.524099
6565,46.573667:24.524995 46.573528:24.526310 46.573478:24.527339
6566,46.573478:24.527339 46.573401:24.527421 46.573348:24.527602
6567,46.573478:24.527339 46.574065:24.527445 46.574631:24.527614
6568,46.573348:24.527602 46.573484:24.528060 46.573627:24.528623
6569,46.573348:24.527602 46.574120:24.527786 46.574865:24.528049
6570,46.573627:24.528623 46.573435:24.529595 46.573398:24.530815
6571,46.573627:24.528623 46.574023:24.528784 46.574486:24.529005
6572,46.573398:24.530815 46.573758:24.531198 46.574051:24.531798
6573,46.574051:24.531798 46.574524:24.532641 46.574850:24.533408
6574,46.574051:24.531798 46.574436:24.531768 46.574648:24.531355
6575,46.574850:24.533408 46.574406:24.533584 46.574156:24.533989
6576,46.574850:24.533408 46.574982:24.533381 46.575062:24.532876
6577,46.574156:24.533989 46.574067:24.535152 46.574104:24.536394
6578,46.574104:24.536394 46.573921:24.537134 46.573599:24.537752
6579,46.574104:24.536394 46.574231:24.535916 46.574519:24.535576
6580,46.573599:24.537752 46.573466:24.537802 46.573451:24.537762
6581,46.573599:24.537752 46.574091:24.537092 46.574622:24.536551
6582,46.573451:24.537762 46.573617:24.538403 46.573714:24.539211
6583,46.573451:24.537762 46.574114:24.537816 46.574721:24.537900
6584,46.573714:24.539211 46.573826:24.539805 46.573950:24.540384
6585,46.573714:24.539211 46.574116:24.539378 46.574366:24.539720
6586,46.573950:24.540384 46.573806:24.540785 46.573758:24.541314
6587,46.573950:24.540384 46.574307:24.540486 46.574697:24.540228
6588,46.573758:24.541314 46.573636:24.542487 46.573719:24.543941
6589,46.573758:24.541314 46.574180:24.541750 46.574663:24.542256
6590,46.573719:24.543941 46.573662:24.544376 46.573638:24.544920
6591,46.573719:24.543941 46.574282:24.543613 46.574947:24.543643
6592,46.573638:24.544920 46.573779:24.545277 46.574107:24.545605
6593,46.573638:24.544920 46.574194:24.544834 46.574887:24.545045
6594,46.574107:24.545605 46.573760:24.546484 46.573290:24.547427
6595,46.574107:24.545605 46.574443:24.545646 46.574629:24.545737
6596,46.573290:24.547427 46.573544:24.547798 46.573826:24.548578
6597,46.573826:24.548578 46.573582:24.549521 46.573395:24.550534
6598,46.573826:24.548578 46.574226:24.548741 46.574803:24.548982
6599,46.573395:24.550534 46.573336:24.550868 46.573328:24.551190
6600,46.573395:24.550534 46.574208:24.550491 46.575123:24.550537
6601,46.573328:24.551190 46.573523:24.552011 46.573715:24.552928
6602,46.573328:24.551190 46.574079:24.551211 46.574562:24.551142
6603,46.573715:24.552928 46.573671:24.553252 46.573575:24.553553
6604,46.573715:24.552928 46.574245:24.552505 46.574991:24.551981
6605,46.573575:24.553553 46.574025:24.554137 46.574426:24.554846
6606,46.573575:24.553553 46.574008:24.553979 46.574365:24.554180
6607,46.574426:24.554846 46.574212:24.555686 46.574006:24.556454
6608,46.574006:24.556454 46.573758:24.557186 46.573565:24.557807
6609,46.574006:24.556454 46.574644:24.556518 46.575076:24.556755
6610,46.573565:24.557807 46.573540:24.558547 46.573641:24.559267
6611,46.573565:24.557807 46.574389:24.557678 46.575116:24.557681
6612,46.573641:24.559267 46.573201:24.559787 46.572851:24.560423
6613,46.573641:24.559267 46.574159:24.559164 46.574700:24.558982
6614,46.572851:24.560423 46.573143:24.560748 46.573755:24.561312
6615,46.572851:24.560423 46.573993:24.559855 46.574902:24.559546
6616,46.573755:24.561312 46.573623:24.562652 46.573596:24.564071
6617,46.573755:24.561312 46.574180:24.561729 46.574561:24.562050
6618,46.573596:24.564071 46.574034:24.564254 46.574368:24.564630
6619,46.573596:24.564071 46.574028:24.563533 46.574531:24.563016
6620,46.574368:24.564630 46.574121:24.565145 46.573810:24.565519
6621,46.574368:24.564630 46.574584:24.564477 46.574842:24.564576
6622,46.573810:24.565519 46.574005:24.566132 46.574210:24.566760
6623,46.573810:24.565519 46.574256:24.565310 46.574636:24.565157
6624,46.574210:24.566760 46.573885:24.567551 46.573447:24.568565
6625,46.574210:24.566760 46.574913:24.566674 46.575660:24.566643
6626,46.573447:24.568565 46.573426:24.568859 46.573396:24.569218
6627,46.573447:24.568565 46.574438:24.567992 46.575389:24.567492
6628,46.573396:24.569218 46.573844:24.569534 46.574230:24.570164
6629,46.573396:24.569218 46.574170:24.569363 46.574838:24.569480
6630,46.574230:24.570164 46.573972:24.571139 46.573707:24.572227
6631,46.574230:24.570164 46.574861:24.571051 46.575452:24.571763
6632,46.573707:24.572227 46.573815:24.572529 46.573819:24.572839
6633,46.573707:24.572227 46.574322:24.571978 46.575136:24.571730
6634,46.573819:24.572839 46.573696:24.573761 46.573652:24.574636
6635,46.573652:24.574636 46.574073:24.575537 46.574394:24.576529
6636,46.573652:24.574636 46.574046:24.574664 46.574622:24.574898
6637,46.574394:24.576529 46.573865:24.577064 46.573469:24.577776
6638,46.574394:24.576529 46.574496:24.576374 46.574529:24.575980
6639,46.573469:24.577776 46.573659:24.578170 46.573956:24.578646
6640,46.573469:24.577776 46.574387:24.577990 46.575307:24.578022
6641,46.573956:24.578646 46.573843:24.579276 46.573646:24.579880
6642,46.573956:24.578646 46.574141:24.578512 46.574159:24.578280
6643,46.573646:24.579880 46.573479:24.580487 46.573197:24.581028
6644,46.573646:24.579880 46.574179:24.580193 46.574671:24.580568
6645,46.573197:24.581028 46.573801:24.582157 46.574054:24.583244
6646,46.574054:24.583244 46.574210:24.583406 46.574371:24.583748
6647,46.574054:24.583244 46.574473:24.582925 46.574925:24.583237
6648,46.574371:24.583748 46.574161:24.584011 46.573943:24.584161
6649,46.574371:24.583748 46.574444:24.583854 46.574504:24.583778
6650,46.573943:24.584161 46.573797:24.585031 46.573637:24.585967
6651,46.573943:24.584161 46.574543:24.584671 46.575151:24.585468
6652,46.573637:24.585967 46.573784:24.586470 46.574015:24.587098
6653,46.573637:24.585967 46.573748:24.586310 46.574157:24.586402
6654,46.574015:24.587098 46.573611:24.587904 46.573370:24.588645
6655,46.574015:24.587098 46.574424:24.587634 46.574862:24.588102
6656,46.573370:24.588645 46.573567:24.589623 46.573867:24.590803
6657,46.573370:24.588645 46.573988:24.589375 46.574581:24.589892
6658,46.573867:24.590803 46.573645:24.591571 46.573413:24.592531
6659,46.573867:24.590803 46.574418:24.590834 46.574852:24.591069
6660,46.573413:24.592531 46.573575:24.592499 46.573786:24.592678
6661,46.573413:24.592531 46.574287:24.592055 46.574939:24.591776
6662,46.573786:24.592678 46.573861:24.593368 46.573851:24.594342
6663,46.573786:24.592678 46.574227:24.592596 46.574690:24.592534
6664,46.573851:24.594342 46.573796:24.595041 46.574018:24.595804
6665,46.573851:24.594342 46.574381:24.594584 46.575098:24.594679
6666,46.574018:24.595804 46.574158:24.596694 46.574487:24.597470
6667,46.574018:24.595804 46.574534:24.595704 46.575121:24.595488
6668,46.574487:24.597470 46.573974:24.597935 46.573510:24.598607
6669,46.574487:24.597470 46.574497:24.597158 46.574454:24.596792
6670,46.573510:24.598607 46.573749:24.598761 46.573993:24.599126
6671,46.573510:24.598607 46.574091:24.598319 46.574692:24.598256
6672,46.573993:24.599126 46.573667:24.599749 46.573472:24.600515
6673,46.573993:24.599126 46.574586:24.599229 46.575138:24.599168
6674,46.573472:24.600515 46.573146:24.601491 46.572878:24.602454
6675,46.572878:24.602454 46.573288:24.603347 46.573656:24.604020
6676,46.572878:24.602454 46.573984:24.602801 46.575111:24.603141
6677,46.573656:24.604020 46.573652:24.604472 46.573538:24.604816
6678,46.573656:24.604020 46.574352:24.603502 46.574981:24.603109
6679,46.573538:24.604816 46.573767:24.605672 46.573981:24.606512
6680,46.573538:24.604816 46.574025:24.604616 46.574443:24.604438
6681,46.573981:24.606512 46.573859:24.606797 46.573841:24.606935
6682,46.573981:24.606512 46.574457:24.606411 46.574825:24.606198
6683,46.573841:24.606935 46.574028:24.607937 46.574491:24.609077
6684,46.573841:24.606935 46.574531:24.606959 46.574777:24.607124
6685,46.574491:24.609077 46.574232:24.609927 46.574201:24.610711
6686,46.574491:24.609077 46.574659:24.608769 46.574737:24.608662
6687,46.574201:24.610711 46.574604:24.610240 46.575004:24.610037
6688,46.575283:24.520183 46.575171:24.520814 46.574962:24.521582
6689,46.575283:24.520183 46.575506:24.519872 46.575590:24.519490
6690,46.574962:24.521582 46.574578:24.522285 46.574279:24.522966
6691,46.574279:24.522966 46.574387:24.523645 46.574462:24.524099
6692,46.574279:24.522966 46.575079:24.522720 46.575808:24.522599
6693,46.574462:24.524099 46.574387:24.524842 46.574449:24.525532
6694,46.574462:24.524099 46.575250:24.524066 46.576256:24.523777
6695,46.574449:24.525532 46.574498:24.526594 46.574631:24.527614
6696,46.574631:24.527614 46.574759:24.528011 46.574865:24.528049
6697,46.574631:24.527614 46.575324:24.526803 46.576067:24.526082
6698,46.574865:24.528049 46.574685:24.528591 46.574486:24.529005
6699,46.574865:24.528049 46.575426:24.528163 46.575938:24.528275
6700,46.574486:24.529005 46.574548:24.529677 46.574779:24.530309
6701,46.574486:24.529005 46.575327:24.529373 46.576276:24.529400
6702,46.574779:24.530309 46.574702:24.530915 46.574648:24.531355
6703,46.574779:24.530309 46.575412:24.530855 46.575970:24.531121
6704,46.574648:24.531355 46.574912:24.532077 46.575062:24.532876
6705,46.574648:24.531355 46.575307:24.531927 46.576111:24.532350
6706,46.575062:24.532876 46.574748:24.533659 46.574517:24.534509
6707,46.575062:24.532876 46.575305:24.532707 46.575456:24.532566
6708,46.574517:24.534509 46.575306:24.534409 46.576143:24.534233
6709,46.574519:24.535576 46.574648:24.535991 46.574622:24.536551
6710,46.574519:24.535576 46.575018:24.535463 46.575720:24.535239
6711,46.574622:24.536551 46.574654:24.537162 46.574721:24.537900
6712,46.574622:24.536551 46.575484:24.536430 46.576378:24.536437
6713,46.574721:24.537900 46.574609:24.538833 46.574366:24.539720
6714,46.574366:24.539720 46.574479:24.540004 46.574697:24.540228
6715,46.574366:24.539720 46.575086:24.540229 46.575809:24.540545
6716,46.574697:24.540228 46.574680:24.541236 46.574663:24.542256
6717,46.574697:24.540228 46.575717:24.540337 46.576705:24.540655
6718,46.574663:24.542256 46.574729:24.542958 46.574947:24.543643
6719,46.574663:24.542256 46.575040:24.542480 46.575522:24.542885
6720,46.574947:24.543643 46.574928:24.544475 46.574887:24.545045
6721,46.574947:24.543643 46.575256:24.543022 46.575575:24.542702
6722,46.574887:24.545045 46.574773:24.545557 46.574629:24.545737
6723,46.574887:24.545045 46.575377:24.544715 46.575988:24.544313
6724,46.574629:24.545737 46.574832:24.546473 46.575011:24.547212
6725,46.574629:24.545737 46.574863:24.546232 46.575371:24.546578
6726,46.575011:24.547212 46.574898:24.548070 46.574803:24.548982
6727,46.575011:24.547212 46.575315:24.547166 46.575618:24.546929
6728,46.574803:24.548982 46.574893:24.549683 46.575123:24.550537
6729,46.574803:24.548982 46.575238:24.548773 46.575927:24.548614
6730,46.575123:24.550537 46.574841:24.550914 46.574562:24.551142
6731,46.575123:24.550537 46.575608:24.550283 46.576254:24.550042
6732,46.574562:24.551142 46.574823:24.551439 46.574991:24.551981
6733,46.574562:24.551142 46.575547:24.551467 46.576415:24.551801
6734,46.574991:24.551981 46.574582:24.553127 46.574365:24.554180
6735,46.574991:24.551981 46.575797:24.552567 46.576480:24.553098
6736,46.574365:24.554180 46.574376:24.554488 46.574588:24.554813
6737,46.574365:24.554180 46.575143:24.554187 46.575894:24.554151
6738,46.574588:24.554813 46.575314:24.554745 46.575877:24.554540
6739,46.575076:24.556755 46.575042:24.557245 46.575116:24.557681
6740,46.575076:24.556755 46.575310:24.556820 46.575466:24.556845
6741,46.575116:24.557681 46.574965:24.558397 46.574700:24.558982
6742,46.575116:24.557681 46.575092:24.557541 46.575059:24.557467
6743,46.574700:24.558982 46.574786:24.559307 46.574902:24.559546
6744,46.574700:24.558982 46.575051:24.559008 46.575429:24.559104
6745,46.574902:24.559546 46.574784:24.560745 46.574561:24.562050
6746,46.574902:24.559546 46.575288:24.559939 46.575514:24.560544
6747,46.574561:24.562050 46.574642:24.562575 46.574531:24.563016
6748,46.574561:24.562050 46.575201:24.561822 46.575802:24.561536
6749,46.574531:24.563016 46.574603:24.563937 46.574842:24.564576
6750,46.574531:24.563016 46.574980:24.562452 46.575579:24.562077
6751,46.574842:24.564576 46.574789:24.564872 46.574636:24.565157
6752,46.574636:24.565157 46.575184:24.565754 46.575660:24.566643
6753,46.574636:24.565157 46.575107:24.565580 46.575768:24.565815
6754,46.575660:24.566643 46.575495:24.567179 46.575389:24.567492
6755,46.575660:24.566643 46.575878:24.566994 46.576229:24.567264
6756,46.575389:24.567492 46.575121:24.568501 46.574838:24.569480
6757,46.575389:24.567492 46.575903:24.567321 46.576376:24.567644
6758,46.575452:24.571763 46.575261:24.571737 46.575136:24.571730
6759,46.575452:24.571763 46.575715:24.571218 46.576005:24.570388
6760,46.575136:24.571730 46.574822:24.572551 46.574523:24.573149
6761,46.575136:24.571730 46.575648:24.572006 46.576006:24.571949
6762,46.574523:24.573149 46.574542:24.574020 46.574622:24.574898
6763,46.574622:24.574898 46.574505:24.575462 46.574529:24.575980
6764,46.574622:24.574898 46.575176:24.574531 46.575809:24.574297
6765,46.574529:24.575980 46.574914:24.576985 46.575307:24.578022
6766,46.574529:24.575980 46.575047:24.576468 46.575638:24.576943
6767,46.575307:24.578022 46.574799:24.578196 46.574159:24.578280
6768,46.575307:24.578022 46.575422:24.577843 46.575580:24.577686
6769,46.574159:24.578280 46.574420:24.579392 46.574671:24.580568
6770,46.574159:24.578280 46.575044:24.578823 46.575931:24.579205
6771,46.574671:24.580568 46.574720:24.581457 46.574686:24.582141
6772,46.574671:24.580568 46.575229:24.580067 46.575774:24.579590
6773,46.574686:24.582141 46.574801:24.582629 46.574925:24.583237
6774,46.574686:24.582141 46.575161:24.581557 46.575650:24.580858
6775,46.574925:24.583237 46.574772:24.583611 46.574504:24.583778
6776,46.574925:24.583237 46.575768:24.582909 46.576758:24.582695
6777,46.574504:24.583778 46.574889:24.584660 46.575151:24.585468
6778,46.574504:24.583778 46.575103:24.584097 46.575760:24.584462
6779,46.575151:24.585468 46.574575:24.585953 46.574157:24.586402
6780,46.575151:24.585468 46.575638:24.585341 46.576095:24.585139
6781,46.574157:24.586402 46.574528:24.587278 46.574862:24.588102
6782,46.574157:24.586402 46.575071:24.586594 46.576083:24.586641
6783,46.574862:24.588102 46.574698:24.589035 46.574581:24.589892
6784,46.574581:24.589892 46.574677:24.590506 46.574852:24.591069
6785,46.574581:24.589892 46.575277:24.589519 46.575762:24.589116
6786,46.574852:24.591069 46.574707:24.591426 46.574939:24.591776
6787,46.574852:24.591069 46.575284:24.590975 46.575808:24.590968
6788,46.574939:24.591776 46.574913:24.592187 46.574690:24.592534
6789,46.574939:24.591776 46.575618:24.591980 46.576001:24.592081
6790,46.574690:24.592534 46.574974:24.593588 46.575098:24.594679
6791,46.574690:24.592534 46.575501:24.592563 46.576178:24.592768
6792,46.575098:24.594679 46.574908:24.595099 46.575121:24.595488
6793,46.575098:24.594679 46.575504:24.594818 46.575914:24.594952
6794,46.575121:24.595488 46.574834:24.596049 46.574454:24.596792
6795,46.575121:24.595488 46.575621:24.595803 46.576186:24.596007
6796,46.574454:24.596792 46.574613:24.597526 46.574692:24.598256
6797,46.574454:24.596792 46.575184:24.596802 46.575774:24.596801
6798,46.574692:24.598256 46.574959:24.598703 46.575138:24.599168
6799,46.574692:24.598256 46.575240:24.598203 46.575577:24.598145
6800,46.575138:24.599168 46.574835:24.600276 46.574633:24.601171
6801,46.575138:24.599168 46.575463:24.599032 46.575848:24.598943
6802,46.574633:24.601171 46.574887:24.602220 46.575111:24.603141
6803,46.574633:24.601171 46.575410:24.600792 46.576268:24.600538
6804,46.575111:24.603141 46.575006:24.603053 46.574981:24.603109
6805,46.575111:24.603141 46.575538:24.602766 46.575956:24.602437
6806,46.574981:24.603109 46.574733:24.603789 46.574443:24.604438
6807,46.574981:24.603109 46.575241:24.602948 46.575681:24.602692
6808,46.574443:24.604438 46.574637:24.605403 46.574825:24.606198
6809,46.574443:24.604438 46.575441:24.604733 46.576200:24.604962
6810,46.574825:24.606198 46.574822:24.606610 46.574777:24.607124
6811,46.574825:24.606198 46.575301:24.606440 46.575784:24.606581
6812,46.574777:24.607124 46.574684:24.607811 46.574737:24.608662
6813,46.574777:24.607124 46.575415:24.606951 46.576176:24.606977
6814,46.574737:24.608662 46.574723:24.609309 46.575004:24.610037
6815,46.574737:24.608662 46.575308:24.608313 46.575843:24.607930
6816,46.575004:24.610037 46.575318:24.610420 46.575780:24.610615
6817,46.575590:24.519490 46.575922:24.520418 46.576378:24.521267
6818,46.575590:24.519490 46.576175:24.520013 46.576651:24.520360
6819,46.576378:24.521267 46.576197:24.521900 46.575808:24.522599
6820,46.576378:24.521267 46.576371:24.521303 46.576423:24.521177
6821,46.575808:24.522599 46.576063:24.523218 46.576256:24.523777
6822,46.575808:24.522599 46.576519:24.522974 46.577260:24.523357
6823,46.576256:24.523777 46.576087:24.524273 46.575929:24.525115
6824,46.576256:24.523777 46.576618:24.524010 46.577093:24.524244
6825,46.575929:24.525115 46.576776:24.524693 46.577525:24.524157
6826,46.576067:24.526082 46.576049:24.527106 46.575938:24.528275
6827,46.576067:24.526082 46.576051:24.526734 46.576355:24.527346
6828,46.575938:24.528275 46.576170:24.528745 46.576276:24.529400
6829,46.575938:24.528275 46.576924:24.528247 46.577781:24.528088
6830,46.576276:24.529400 46.576074:24.530219 46.575970:24.531121
6831,46.576276:24.529400 46.576646:24.529409 46.576961:24.529245
6832,46.575970:24.531121 46.576060:24.531683 46.576111:24.532350
6833,46.575970:24.531121 46.576471:24.530664 46.576948:24.530169
6834,46.576111:24.532350 46.575619:24.532530 46.575456:24.532566
6835,46.576111:24.532350 46.576457:24.532062 46.576933:24.531686
6836,46.575456:24.532566 46.575786:24.533398 46.576143:24.534233
6837,46.575456:24.532566 46.576351:24.533096 46.577167:24.533341
6838,46.575720:24.535239 46.576018:24.535851 46.576378:24.536437
6839,46.576378:24.536437 46.576136:24.537067 46.575905:24.537654
6840,46.576378:24.536437 46.576268:24.536783 46.576026:24.537009
6841,46.575905:24.537654 46.575793:24.539145 46.575809:24.540545
6842,46.575905:24.537654 46.576546:24.537695 46.577051:24.538031
6843,46.575809:24.540545 46.576708:24.539899 46.577577:24.539091
6844,46.576705:24.540655 46.576646:24.540592 46.576539:24.540651
6845,46.575522:24.542885 46.575477:24.542711 46.575575:24.542702
6846,46.575522:24.542885 46.576328:24.542755 46.577081:24.542521
6847,46.575575:24.542702 46.575837:24.543419 46.575988:24.544313
6848,46.575575:24.542702 46.576250:24.543219 46.576975:24.543770
6849,46.575988:24.544313 46.575657:24.545475 46.575371:24.546578
6850,46.575371:24.546578 46.575349:24.546691 46.575618:24.546929
6851,46.575371:24.546578 46.576205:24.546084 46.576983:24.545503
6852,46.575618:24.546929 46.575690:24.547688 46.575927:24.548614
6853,46.575618:24.546929 46.576263:24.547101 46.577002:24.547221
6854,46.575927:24.548614 46.576545:24.548399 46.577171:24.548257
6855,46.576254:24.550042 46.576290:24.550962 46.576415:24.551801
6856,46.576254:24.550042 46.576399:24.549860 46.576758:24.549755
6857,46.576415:24.551801 46.576427:24.552398 46.576480:24.553098
6858,46.576415:24.551801 46.576559:24.551300 46.576813:24.550871
6859,46.576480:24.553098 46.576187:24.553684 46.575894:24.554151
6860,46.576480:24.553098 46.576648:24.552538 46.576850:24.552022
6861,46.575894:24.554151 46.575886:24.554403 46.575877:24.554540
6862,46.575894:24.554151 46.576568:24.554315 46.577121:24.554207
6863,46.575877:24.554540 46.575792:24.555632 46.575466:24.556845
6864,46.575877:24.554540 46.576374:24.554879 46.576933:24.555137
6865,46.575466:24.556845 46.575385:24.557150 46.575059:24.557467
6866,46.575466:24.556845 46.576057:24.556501 46.576635:24.556105
6867,46.575059:24.557467 46.575289:24.558405 46.575429:24.559104
6868,46.575059:24.557467 46.575987:24.557451 46.576864:24.557434
6869,46.575429:24.559104 46.575502:24.559827 46.575514:24.560544
6870,46.575429:24.559104 46.576021:24.559170 46.576538:24.559204
6871,46.575514:24.560544 46.575627:24.560962 46.575802:24.561536
6872,46.575514:24.560544 46.576244:24.560480 46.576932:24.560260
6873,46.575802:24.561536 46.575768:24.561709 46.575579:24.562077
6874,46.575802:24.561536 46.576372:24.561757 46.576661:24.561717
6875,46.575579:24.562077 46.575630:24.562913 46.575895:24.563786
6876,46.575579:24.562077 46.576097:24.562595 46.576703:24.562858
6877,46.575768:24.565815 46.575964:24.566612 46.576229:24.567264
6878,46.575768:24.565815 46.576579:24.565529 46.577195:24.565390
6879,46.576229:24.567264 46.576343:24.567589 46.576376:24.567644
6880,46.576229:24.567264 46.576949:24.566937 46.577349:24.566455
6881,46.576376:24.567644 46.576674:24.568205 46.576880:24.568829
6882,46.576101:24.570249 46.576060:24.570314 46.576005:24.570388
6883,46.576101:24.570249 46.576824:24.569905 46.577744:24.569623
6884,46.576005:24.570388 46.576083:24.571304 46.576006:24.571949
6885,46.576005:24.570388 46.576396:24.570561 46.576816:24.570708
6886,46.576006:24.571949 46.575837:24.573105 46.575649:24.573943
6887,46.576006:24.571949 46.576260:24.571953 46.576526:24.572112
6888,46.575649:24.573943 46.575758:24.574027 46.575809:24.574297
6889,46.575809:24.574297 46.575662:24.575677 46.575638:24.576943
6890,46.575809:24.574297 46.576659:24.574351 46.577344:24.574445
6891,46.575638:24.576943 46.575648:24.577253 46.575580:24.577686
6892,46.575638:24.576943 46.576545:24.576637 46.577513:24.576454
6893,46.575580:24.577686 46.575795:24.578432 46.575931:24.579205
6894,46.575580:24.577686 46.576302:24.577421 46.577155:24.577137
6895,46.575931:24.579205 46.575848:24.579545 46.575774:24.579590
6896,46.575931:24.579205 46.576426:24.578503 46.576765:24.577829
6897,46.575774:24.579590 46.575768:24.580233 46.575650:24.580858
6898,46.575650:24.580858 46.576157:24.581776 46.576758:24.582695
6899,46.575650:24.580858 46.576311:24.580972 46.577069:24.581014
6900,46.576758:24.582695 46.576252:24.583462 46.575760:24.584462
6901,46.576758:24.582695 46.576946:24.582435 46.577103:24.581959
6902,46.575760:24.584462 46.575989:24.584659 46.576095:24.585139
6903,46.575760:24.584462 46.576014:24.584330 46.576195:24.584121
6904,46.576095:24.585139 46.576057:24.586099 46.576083:24.586641
6905,46.576095:24.585139 46.576753:24.584521 46.577302:24.583850
6906,46.576083:24.586641 46.576246:24.587592 46.576256:24.588546
6907,46.576083:24.586641 46.576743:24.586526 46.577374:24.586371
6908,46.576256:24.588546 46.576031:24.588741 46.575762:24.589116
6909,46.576256:24.588546 46.576528:24.587828 46.576883:24.587159
6910,46.575762:24.589116 46.575802:24.590105 46.575808:24.590968
6911,46.575808:24.590968 46.575911:24.591568 46.576001:24.592081
6912,46.576001:24.592081 46.576129:24.592367 46.576178:24.592768
6913,46.576001:24.592081 46.576504:24.592291 46.576885:24.592605
6914,46.576178:24.592768 46.576669:24.592644 46.577239:24.592471
6915,46.575914:24.594952 46.576069:24.595500 46.576186:24.596007
6916,46.575914:24.594952 46.576207:24.594402 46.576775:24.593850
6917,46.576186:24.596007 46.575955:24.596475 46.575774:24.596801
6918,46.576186:24.596007 46.576270:24.595807 46.576467:24.595356
6919,46.575774:24.596801 46.575771:24.597499 46.575577:24.598145
6920,46.575774:24.596801 46.576570:24.596942 46.577311:24.596979
6921,46.575577:24.598145 46.576451:24.598164 46.577165:24.598203
6922,46.576268:24.600538 46.576118:24.601429 46.575956:24.602437
6923,46.576268:24.600538 46.576689:24.601033 46.576912:24.601708
6924,46.575956:24.602437 46.575884:24.602571 46.575681:24.602692
6925,46.575956:24.602437 46.576737:24.602264 46.577546:24.602339
6926,46.575681:24.602692 46.575950:24.603809 46.576200:24.604962
6927,46.575681:24.602692 46.576463:24.602718 46.577141:24.602613
6928,46.576200:24.604962 46.576016:24.605701 46.575784:24.606581
6929,46.576200:24.604962 46.576560:24.605285 46.576896:24.605824
6930,46.575784:24.606581 46.575871:24.606832 46.576176:24.606977
6931,46.576176:24.606977 46.576091:24.607392 46.575843:24.607930
6932,46.576176:24.606977 46.576768:24.607070 46.577350:24.607219
6933,46.575843:24.607930 46.575870:24.609257 46.575780:24.610615
6934,46.575843:24.607930 46.576334:24.608175 46.576861:24.608498
6935,46.575780:24.610615 46.576509:24.610424 46.577206:24.610011
6936,46.576651:24.520360 46.576519:24.520790 46.576423:24.521177
6937,46.576651:24.520360 46.577502:24.520548 46.578514:24.520517
6938,46.576423:24.521177 46.576817:24.522281 46.577260:24.523357
6939,46.576423:24.521177 46.577271:24.521880 46.578002:24.522436
6940,46.577260:24.523357 46.577578:24.522979 46.577901:24.522344
6941,46.577093:24.524244 46.577481:24.523971 46.577925:24.523531
6942,46.577525:24.524157 46.576929:24.525668 46.576355:24.527346
6943,46.577525:24.524157 46.577667:24.524703 46.577863:24.525187
6944,46.576355:24.527346 46.577049:24.527724 46.577781:24.528088
6945,46.576355:24.527346 46.577402:24.526653 46.578306:24.525835
6946,46.577781:24.528088 46.577461:24.528591 46.576961:24.529245
6947,46.577781:24.528088 46.577673:24.527686 46.577532:24.527491
6948,46.576961:24.529245 46.576943:24.529803 46.576948:24.530169
6949,46.576961:24.529245 46.577429:24.529417 46.577902:24.529329
6950,46.576948:24.530169 46.577013:24.530863 46.576933:24.531686
6951,46.576948:24.530169 46.577360:24.530604 46.577739:24.531092
6952,46.576933:24.531686 46.577057:24.532472 46.577167:24.533341
6953,46.576933:24.531686 46.577309:24.531612 46.577826:24.531646
6954,46.577167:24.533341 46.577220:24.533955 46.577273:24.534605
6955,46.577167:24.533341 46.577628:24.533499 46.578023:24.533553
6956,46.576607:24.536259 46.577155:24.536038 46.577822:24.535727
6957,46.576026:24.537009 46.576486:24.537446 46.577051:24.538031
6958,46.577051:24.538031 46.577334:24.538481 46.577577:24.539091
6959,46.577051:24.538031 46.577456:24.537836 46.577997:24.537460
6960,46.577577:24.539091 46.577050:24.539899 46.576539:24.540651
6961,46.577577:24.539091 46.577698:24.539552 46.577825:24.540081
6962,46.576539:24.540651 46.576774:24.541650 46.577081:24.542521
6963,46.576539:24.540651 46.577478:24.540779 46.578484:24.540839
6964,46.577081:24.542521 46.577126:24.542929 46.576975:24.543770
6965,46.577081:24.542521 46.577190:24.542685 46.577275:24.542974
6966,46.576975:24.543770 46.576825:24.543982 46.576699:24.544521
6967,46.576975:24.543770 46.577499:24.544157 46.577947:24.544598
6968,46.576699:24.544521 46.576962:24.545128 46.576983:24.545503
6969,46.576699:24.544521 46.577250:24.544829 46.577865:24.545220
6970,46.576983:24.545503 46.577278:24.546161 46.577796:24.546686
6971,46.577002:24.547221 46.577038:24.547828 46.577171:24.548257
6972,46.577171:24.548257 46.577013:24.548969 46.576758:24.549755
6973,46.576758:24.549755 46.576788:24.550287 46.576813:24.550871
6974,46.576758:24.549755 46.577364:24.549648 46.577929:24.549473
6975,46.576813:24.550871 46.576887:24.551453 46.576850:24.552022
6976,46.576813:24.550871 46.577532:24.551086 46.578098:24.551131
6977,46.576850:24.552022 46.577223:24.552011 46.577499:24.552152
6978,46.577121:24.554207 46.577069:24.554694 46.576933:24.555137
6979,46.577121:24.554207 46.577635:24.553650 46.578087:24.553250
6980,46.576933:24.555137 46.576867:24.555777 46.576635:24.556105
6981,46.576635:24.556105 46.576802:24.556788 46.576864:24.557434
6982,46.576635:24.556105 46.577319:24.556726 46.577944:24.557133
6983,46.576864:24.557434 46.576717:24.558122 46.576538:24.559204
6984,46.576538:24.559204 46.576725:24.559659 46.576932:24.560260
6985,46.576538:24.559204 46.577126:24.558965 46.577547:24.558989
6986,46.576932:24.560260 46.576689:24.560926 46.576661:24.561717
6987,46.576661:24.561717 46.576656:24.562280 46.576703:24.562858
6988,46.576703:24.562858 46.577617:24.563250 46.578518:24.563612
6989,46.577001:24.564662 46.577055:24.564979 46.577195:24.565390
6990,46.577001:24.564662 46.577568:24.564538 46.578159:24.564235
6991,46.577195:24.565390 46.577330:24.565908 46.577516:24.566402
6992,46.577349:24.566455 46.577099:24.567708 46.576880:24.568829
6993,46.577349:24.566455 46.577957:24.566364 46.578636:24.566016
6994,46.576880:24.568829 46.577290:24.569219 46.577744:24.569623
6995,46.576880:24.568829 46.577574:24.568586 46.578297:24.568243
6996,46.577744:24.569623 46.577310:24.570234 46.576816:24.570708
6997,46.576816:24.570708 46.576618:24.571406 46.576526:24.572112
6998,46.576816:24.570708 46.577479:24.570890 46.577939:24.570868
6999,46.576526:24.572112 46.576529:24.572790 46.576794:24.573152
7000,46.576526:24.572112 46.577300:24.572425 46.577991:24.572683
7001,46.576794:24.573152 46.577311:24.573170 46.577916:24.573241
7002,46.577344:24.574445 46.577429:24.575367 46.577513:24.576454
7003,46.577344:24.574445 46.577802:24.574738 46.578224:24.575064
7004,46.577513:24.576454 46.577360:24.576841 46.577155:24.577137
7005,46.577513:24.576454 46.577847:24.576253 46.578150:24.576211
7006,46.577155:24.577137 46.576919:24.577514 46.576765:24.577829
7007,46.577155:24.577137 46.577864:24.577443 46.578500:24.577878
7008,46.576765:24.577829 46.577332:24.578246 46.578075:24.578604
7009,46.577031:24.579884 46.576989:24.580389 46.577069:24.581014
7010,46.577069:24.581014 46.577031:24.581500 46.577103:24.581959
7011,46.577069:24.581014 46.577462:24.580970 46.577828:24.580996
7012,46.577103:24.581959 46.577654:24.582318 46.578061:24.582441
7013,46.577302:24.583850 46.577671:24.585085 46.578139:24.586201
7014,46.577374:24.586371 46.577188:24.586821 46.576883:24.587159
7015,46.577374:24.586371 46.577637:24.586215 46.578003:24.586382
7016,46.576883:24.587159 46.576777:24.588362 46.576599:24.589441
7017,46.576883:24.587159 46.577717:24.587660 46.578418:24.588189
7018,46.576599:24.589441 46.576679:24.589860 46.576688:24.590419
7019,46.576599:24.589441 46.577480:24.589623 46.578315:24.589660
7020,46.576688:24.590419 46.576850:24.591489 46.576885:24.592605
7021,46.576688:24.590419 46.577325:24.590209 46.577881:24.590146
7022,46.576885:24.592605 46.577143:24.592696 46.577239:24.592471
7023,46.576885:24.592605 46.577262:24.592121 46.577761:24.591785
7024,46.577239:24.592471 46.577013:24.593088 46.576775:24.593850
7025,46.576775:24.593850 46.576691:24.594503 46.576467:24.595356
7026,46.576775:24.593850 46.577244:24.593681 46.577823:24.593763
7027,46.576467:24.595356 46.577574:24.595559 46.578677:24.596002
7028,46.577311:24.596979 46.577354:24.597544 46.577165:24.598203
7029,46.577311:24.596979 46.577670:24.596759 46.578077:24.596424
7030,46.577165:24.598203 46.577029:24.598793 46.576795:24.599602
7031,46.577165:24.598203 46.577313:24.598027 46.577657:24.597979
7032,46.576795:24.599602 46.576904:24.600534 46.576912:24.601708
7033,46.576795:24.599602 46.577430:24.599183 46.578015:24.599010
7034,46.576912:24.601708 46.577167:24.602125 46.577546:24.602339
7035,46.577546:24.602339 46.577286:24.602404 46.577141:24.602613
7036,46.577546:24.602339 46.577798:24.602293 46.578008:24.602217
7037,46.577141:24.602613 46.576943:24.604178 46.576896:24.605824
7038,46.577141:24.602613 46.577246:24.602942 46.577298:24.603360
7039,46.576896:24.605824 46.576799:24.606119 46.576667:24.606442
7040,46.576896:24.605824 46.577395:24.605243 46.577954:24.604480
7041,46.576667:24.606442 46.577012:24.606836 46.577350:24.607219
7042,46.576667:24.606442 46.577002:24.606218 46.577537:24.606056
7043,46.577350:24.607219 46.577133:24.607782 46.576861:24.608498
7044,46.577350:24.607219 46.577556:24.607044 46.577659:24.607152
7045,46.576861:24.608498 46.577080:24.609205 46.577206:24.610011
7046,46.576861:24.608498 46.577221:24.608630 46.577467:24.608655
7047,46.577206:24.610011 46.577726:24.609853 46.578309:24.609632
7048,46.578514:24.520517 46.578201:24.521432 46.578002:24.522436
7049,46.578002:24.522436 46.577908:24.522333 46.577901:24.522344
7050,46.577925:24.523531 46.577846:24.524367 46.577863:24.525187
7051,46.578306:24.525835 46.577936:24.526602 46.577532:24.527491
7052,46.577532:24.527491 46.577800:24.528264 46.577902:24.529329
7053,46.577902:24.529329 46.577837:24.530160 46.577739:24.531092
7054,46.577739:24.531092 46.577842:24.531272 46.577826:24.531646
7055,46.577826:24.531646 46.577905:24.532655 46.578023:24.533553
7056,46.578023:24.533553 46.578151:24.533971 46.578106:24.534360
7057,46.578106:24.534360 46.577964:24.535115 46.577822:24.535727
7058,46.577822:24.535727 46.577930:24.536193 46.578141:24.536805
7059,46.578141:24.536805 46.578062:24.537184 46.577997:24.537460
7060,46.577997:24.537460 46.577921:24.538709 46.577825:24.540081
7061,46.578484:24.540839 46.577899:24.541833 46.577275:24.542974
7062,46.577275:24.542974 46.577655:24.543804 46.577947:24.544598
7063,46.577947:24.544598 46.577957:24.544855 46.577865:24.545220
7064,46.577865:24.545220 46.577798:24.545977 46.577796:24.546686
7065,46.577796:24.546686 46.578078:24.546781 46.578395:24.546928
7066,46.578442:24.549943 46.578127:24.549694 46.577929:24.549473
7067,46.577929:24.549473 46.578077:24.550279 46.578098:24.551131
7068,46.578098:24.551131 46.577849:24.551606 46.577499:24.552152
7069,46.577499:24.552152 46.577917:24.552800 46.578087:24.553250
7070,46.578087:24.553250 46.578232:24.554421 46.578369:24.555414
7071,46.578369:24.555414 46.578136:24.556243 46.577944:24.557133
7072,46.577944:24.557133 46.577781:24.557576 46.577692:24.558126
7073,46.577547:24.558989 46.577908:24.559464 46.578220:24.560202
7074,46.578220:24.560202 46.578031:24.561071 46.577965:24.562023
7075,46.578518:24.563612 46.578304:24.563951 46.578159:24.564235
7076,46.578159:24.564235 46.577791:24.564995 46.577516:24.566402
7077,46.577516:24.566402 46.578160:24.566115 46.578636:24.566016
7078,46.578297:24.568243 46.578241:24.568941 46.578242:24.569704
7079,46.578242:24.569704 46.578142:24.570315 46.577939:24.570868
7080,46.577939:24.570868 46.577865:24.571755 46.577991:24.572683
7081,46.577916:24.573241 46.578139:24.574211 46.578224:24.575064
7082,46.578224:24.575064 46.578125:24.575541 46.578150:24.576211
7083,46.578150:24.576211 46.578335:24.577147 46.578500:24.577878
7084,46.578500:24.577878 46.578303:24.578181 46.578075:24.578604
7085,46.578075:24.578604 46.578196:24.578974 46.578226:24.579183
7086,46.578226:24.579183 46.578037:24.580087 46.577828:24.580996
7087,46.577828:24.580996 46.577982:24.581634 46.578061:24.582441
7088,46.578061:24.582441 46.578431:24.583239 46.578834:24.584236
7089,46.578834:24.584236 46.578591:24.585343 46.578139:24.586201
7090,46.578139:24.586201 46.578047:24.586173 46.578003:24.586382
7091,46.578003:24.586382 46.578253:24.587256 46.578418:24.588189
7092,46.578418:24.588189 46.578362:24.588880 46.578315:24.589660
7093,46.578315:24.589660 46.578115:24.589860 46.577881:24.590146
7094,46.577881:24.590146 46.577879:24.590981 46.577761:24.591785
7095,46.577761:24.591785 46.578034:24.592161 46.578341:24.592584
7096,46.578341:24.592584 46.578026:24.593341 46.577823:24.593763
7097,46.578677:24.596002 46.578439:24.596367 46.578077:24.596424
7098,46.577657:24.597979 46.577944:24.598383 46.578015:24.599010
7099,46.578015:24.599010 46.578015:24.600147 46.577927:24.601404
7100,46.577927:24.601404 46.577928:24.601903 46.578008:24.602217
7101,46.578008:24.602217 46.577569:24.602739 46.577298:24.603360
7102,46.577298:24.603360 46.577656:24.603746 46.577954:24.604480
7103,46.577954:24.604480 46.577756:24.605324 46.577537:24.606056
7104,46.577537:24.606056 46.577678:24.606483 46.577659:24.607152
7105,46.577659:24.607152 46.577548:24.607930 46.577467:24.608655
7106,46.577467:24.608655 46.577874:24.609046 46.578309:24.609632
7107,46.575283:24.520183 46.575807:24.520606 46.576378:24.521267
7108,46.576378:24.521267 46.576813:24.522349 46.577260:24.523357
7109,46.577260:24.523357 46.577665:24.523410 46.577925:24.523531
7110,46.571640:24.519783 46.572019:24.520465 46.572518:24.521087
7111,46.572518:24.521087 46.572835:24.521969 46.573215:24.522682
7112,46.573215:24.522682 46.573886:24.523289 46.574462:24.524099
7113,46.574462:24.524099 46.575177:24.524540 46.575929:24.525115
7114,46.575929:24.525115 46.576154:24.526171 46.576355:24.527346
7115,46.576355:24.527346 46.576821:24.527438 46.577532:24.527491
7116,46.568588:24.519615 46.569516:24.520755 46.570339:24.521817
7117,46.570339:24.521817 46.570653:24.521796 46.570804:24.521837
7118,46.570804:24.521837 46.571283:24.522651 46.571903:24.523589
7119,46.571903:24.523589 46.572495:24.524422 46.573074:24.525285
7120,46.573074:24.525285 46.573199:24.526317 46.573478:24.527339
7121,46.573478:24.527339 46.574280:24.527697 46.574865:24.528049
7122,46.574865:24.528049 46.575522:24.528812 46.576276:24.529400
7123,46.576276:24.529400 46.576594:24.529565 46.576948:24.530169
7124,46.576948:24.530169 46.577307:24.530758 46.577826:24.531646
7125,46.564846:24.520084 46.565839:24.520890 46.566718:24.521471
7126,46.566718:24.521471 46.566620:24.521854 46.566448:24.522401
7127,46.566448:24.522401 46.567720:24.523222 46.568819:24.523999
7128,46.568819:24.523999 46.569249:24.524860 46.569888:24.525684
7129,46.569888:24.525684 46.570173:24.526045 46.570407:24.526231
7130,46.570407:24.526231 46.571221:24.527220 46.571960:24.528613
7131,46.571960:24.528613 46.572106:24.528658 46.572463:24.528860
7132,46.572463:24.528860 46.572941:24.529713 46.573398:24.530815
7133,46.573398:24.530815 46.574056:24.531054 46.574648:24.531355
7134,46.574648:24.531355 46.574951:24.531990 46.575456:24.532566
7135,46.575456:24.532566 46.576371:24.533681 46.577273:24.534605
7136,46.577273:24.534605 46.577510:24.534998 46.577822:24.535727
7137,46.562189:24.520399 46.562456:24.520789 46.562718:24.521179
7138,46.562718:24.521179 46.563061:24.521879 46.563489:24.522755
7139,46.563489:24.522755 46.564501:24.523551 46.565540:24.524311
7140,46.565540:24.524311 46.565892:24.524921 46.566257:24.525487
7141,46.566257:24.525487 46.566903:24.525872 46.567439:24.526315
7142,46.567439:24.526315 46.568004:24.527278 46.568533:24.528251
7143,46.568533:24.528251 46.569019:24.528684 46.569612:24.529147
7144,46.569612:24.529147 46.570084:24.529957 46.570711:24.530709
7145,46.570711:24.530709 46.571011:24.531283 46.571429:24.531781
7146,46.571429:24.531781 46.572079:24.531994 46.572700:24.532516
7147,46.572700:24.532516 46.573430:24.533305 46.574156:24.533989
7148,46.574156:24.533989 46.574351:24.534705 46.574519:24.535576
7149,46.574519:24.535576 46.575399:24.536080 46.576378:24.536437
7150,46.576378:24.536437 46.576747:24.537292 46.577051:24.538031
7151,46.577051:24.538031 46.577474:24.539083 46.577825:24.540081
7152,46.558749:24.519843 46.559493:24.520803 46.560294:24.521719
7153,46.560294:24.521719 46.560349:24.521633 46.560678:24.521562
7154,46.560678:24.521562 46.561576:24.522594 46.562248:24.523639
7155,46.562248:24.523639 46.562347:24.524282 46.562492:24.524982
7156,46.562492:24.524982 46.563482:24.525919 46.564728:24.526947
7157,46.564728:24.526947 46.565283:24.527376 46.565714:24.528097
7158,46.565714:24.528097 46.566075:24.528573 46.566374:24.528975
7159,46.566374:24.528975 46.567110:24.529721 46.567828:24.530411
7160,46.567828:24.530411 46.568182:24.530945 46.568347:24.531506
7161,46.568347:24.531506 46.568967:24.532396 46.569568:24.532865
7162,46.569568:24.532865 46.570169:24.533458 46.570529:24.534039
7163,46.570529:24.534039 46.570810:24.534574 46.571056:24.535085
7164,46.571056:24.535085 46.571945:24.535986 46.572906:24.536828
7165,46.572906:24.536828 46.573208:24.537157 46.573451:24.537762
7166,46.573451:24.537762 46.573923:24.538790 46.574366:24.539720
7167,46.574366:24.539720 46.575513:24.540217 46.576705:24.540655
7168,46.576705:24.540655 46.576953:24.541643 46.577081:24.542521
7169,46.577081:24.542521 46.577682:24.543495 46.577947:24.544598
7170,46.555538:24.520046 46.555946:24.520791 46.556393:24.521675
7171,46.556393:24.521675 46.556971:24.521940 46.557675:24.522288
7172,46.557675:24.522288 46.558392:24.523153 46.559117:24.523966
7173,46.559117:24.523966 46.559636:24.524440 46.560179:24.525136
7174,46.560179:24.525136 46.560653:24.525813 46.560937:24.526413
7175,46.560937:24.526413 46.561363:24.526903 46.561822:24.527500
7176,46.561822:24.527500 46.562361:24.528190 46.563039:24.529133
7177,46.563039:24.529133 46.563560:24.529736 46.564259:24.530385
7178,46.564259:24.530385 46.565064:24.530848 46.565818:24.531081
7179,46.565818:24.531081 46.565816:24.531902 46.565722:24.532804
7180,46.565722:24.532804 46.566550:24.533682 46.567203:24.534663
7181,46.567203:24.534663 46.567745:24.535211 46.568406:24.535693
7182,46.568406:24.535693 46.568967:24.535757 46.569541:24.536154
7183,46.569541:24.536154 46.570227:24.537255 46.570813:24.538455
7184,46.570813:24.538455 46.571288:24.538993 46.571726:24.539852
7185,46.571726:24.539852 46.572061:24.540285 46.572524:24.540502
7186,46.572524:24.540502 46.573221:24.540952 46.573758:24.541314
7187,46.573758:24.541314 46.574261:24.542503 46.574947:24.543643
7188,46.574947:24.543643 46.575502:24.544053 46.575988:24.544313
7189,46.575988:24.544313 46.576381:24.544888 46.576983:24.545503
7190,46.576983:24.545503 46.577736:24.546214 46.578395:24.546928
7191,46.552344:24.520218 46.553036:24.520728 46.553792:24.521449
7192,46.553792:24.521449 46.554076:24.521939 46.554327:24.522633
7193,46.554327:24.522633 46.554855:24.523221 46.555416:24.523708
7194,46.555416:24.523708 46.555991:24.524436 46.556575:24.525142
7195,46.556575:24.525142 46.557278:24.525922 46.558173:24.526779
7196,46.558173:24.526779 46.558413:24.527449 46.558805:24.528009
7197,46.558805:24.528009 46.559619:24.528564 46.560394:24.529224
7198,46.560394:24.529224 46.560756:24.530108 46.560996:24.531130
7199,46.560996:24.531130 46.561724:24.531299 46.562631:24.531226
7200,46.562631:24.531226 46.562562:24.532322 46.562518:24.533299
7201,46.562518:24.533299 46.563456:24.533816 46.564452:24.534125
7202,46.564452:24.534125 46.564782:24.535438 46.565189:24.536686
7203,46.565189:24.536686 46.565853:24.536893 46.566558:24.537002
7204,46.566558:24.537002 46.566677:24.537430 46.566968:24.538085
7205,46.566968:24.538085 46.567502:24.538893 46.568156:24.539703
7206,46.568156:24.539703 46.568951:24.540331 46.569599:24.540827
7207,46.569599:24.540827 46.569912:24.541416 46.570165:24.541873
7208,46.570165:24.541873 46.570704:24.542717 46.571404:24.543525
7209,46.571404:24.543525 46.572172:24.543871 46.572782:24.544121
7210,46.572782:24.544121 46.573395:24.544885 46.574107:24.545605
7211,46.574107:24.545605 46.574574:24.546379 46.575011:24.547212
7212,46.575011:24.547212 46.575341:24.547903 46.575927:24.548614
7213,46.575927:24.548614 46.576329:24.549240 46.576758:24.549755
7214,46.576758:24.549755 46.577341:24.550360 46.578098:24.551131
7215,46.549759:24.519387 46.550062:24.520633 46.550326:24.521668
7216,46.550326:24.521668 46.551089:24.521998 46.551756:24.522333
7217,46.551756:24.522333 46.551892:24.522753 46.552310:24.523267
7218,46.552310:24.523267 46.552614:24.524532 46.552789:24.525708
7219,46.552789:24.525708 46.553906:24.526064 46.555041:24.526722
7220,46.555041:24.526722 46.555364:24.527676 46.555788:24.528668
7221,46.555788:24.528668 46.556298:24.528848 46.556768:24.528899
7222,46.556768:24.528899 46.557498:24.529932 46.558250:24.530945
7223,46.558250:24.530945 46.558649:24.531198 46.558937:24.531318
7224,46.558937:24.531318 46.559501:24.532374 46.560094:24.533506
7225,46.560094:24.533506 46.560856:24.534054 46.561499:24.534127
7226,46.561499:24.534127 46.562011:24.534642 46.562423:24.535346
7227,46.562423:24.535346 46.562829:24.536019 46.563020:24.536660
7228,46.563020:24.536660 46.563774:24.537357 46.564365:24.538095
7229,46.564365:24.538095 46.564531:24.538706 46.564908:24.539389
7230,46.564908:24.539389 46.565502:24.540380 46.566066:24.541714
7231,46.566066:24.541714 46.566954:24.541857 46.567865:24.541977
7232,46.567865:24.541977 46.568136:24.542733 46.568333:24.543276
7233,46.568333:24.543276 46.568943:24.543976 46.569581:24.544771
7234,46.569581:24.544771 46.570321:24.545733 46.571053:24.546462
7235,46.571053:24.546462 46.571644:24.546693 46.572327:24.547011
7236,46.572327:24.547011 46.572723:24.547853 46.573152:24.548822
7237,46.573152:24.548822 46.573225:24.549658 46.573395:24.550534
7238,46.573395:24.550534 46.573991:24.550754 46.574562:24.551142
7239,46.574562:24.551142 46.575541:24.552038 46.576480:24.553098
7240,46.576480:24.553098 46.576845:24.553670 46.577121:24.554207
7241,46.577121:24.554207 46.577765:24.554871 46.578369:24.555414
7242,46.545704:24.519523 46.546483:24.520448 46.547202:24.521558
7243,46.547202:24.521558 46.547678:24.522072 46.548240:24.522672
7244,46.548240:24.522672 46.548390:24.523310 46.548627:24.524068
7245,46.548627:24.524068 46.549207:24.524678 46.549717:24.525216
7246,46.549717:24.525216 46.550594:24.525830 46.551366:24.526181
7247,46.551366:24.526181 46.551813:24.526884 46.552213:24.527527
7248,46.552213:24.527527 46.552858:24.528836 46.553725:24.529898
7249,46.553725:24.529898 46.553879:24.530045 46.554022:24.530076
7250,46.554022:24.530076 46.554845:24.530920 46.555535:24.531849
7251,46.555535:24.531849 46.555798:24.532714 46.556031:24.533355
7252,46.556031:24.533355 46.556875:24.534067 46.557709:24.534539
7253,46.557709:24.534539 46.558282:24.535086 46.558772:24.535448
7254,46.558772:24.535448 46.559038:24.536030 46.559302:24.536610
7255,46.559302:24.536610 46.560058:24.537725 46.560557:24.538929
7256,46.560557:24.538929 46.561460:24.539003 46.562357:24.538885
7257,46.562357:24.538885 46.562617:24.539617 46.562992:24.540284
7258,46.562992:24.540284 46.563577:24.541485 46.564168:24.542419
7259,46.564168:24.542419 46.564501:24.543517 46.564778:24.544425
7260,46.564778:24.544425 46.565383:24.544683 46.566084:24.544925
7261,46.566084:24.544925 46.566860:24.545617 46.567579:24.546423
7262,46.567579:24.546423 46.567996:24.547061 46.568230:24.547859
7263,46.568230:24.547859 46.568813:24.548039 46.569331:24.548175
7264,46.569331:24.548175 46.570092:24.549069 46.570857:24.549851
7265,46.570857:24.549851 46.571342:24.550899 46.571569:24.552046
7266,46.571569:24.552046 46.571902:24.552352 46.572246:24.552714
7267,46.572246:24.552714 46.572845:24.553066 46.573575:24.553553
7268,46.573575:24.553553 46.574016:24.554226 46.574588:24.554813
7269,46.574588:24.554813 46.575023:24.555658 46.575466:24.556845
7270,46.575466:24.556845 46.576258:24.557024 46.576864:24.557434
7271,46.576864:24.557434 46.577244:24.558137 46.577547:24.558989
7272,46.542874:24.519608 46.542819:24.520551 46.542779:24.521551
7273,46.542779:24.521551 46.543838:24.521991 46.544903:24.522556
7274,46.544903:24.522556 46.545830:24.523677 46.546581:24.524756
7275,46.546581:24.524756 46.546556:24.524995 46.546576:24.525135
7276,46.546576:24.525135 46.547342:24.526235 46.548051:24.527316
7277,46.548051:24.527316 46.548969:24.527747 46.549671:24.528340
7278,46.549671:24.528340 46.550068:24.528590 46.550300:24.528856
7279,46.550300:24.528856 46.550739:24.529495 46.551032:24.530347
7280,46.551032:24.530347 46.551559:24.531182 46.551964:24.531999
7281,46.551964:24.531999 46.552544:24.532593 46.553133:24.533005
7282,46.553133:24.533005 46.553616:24.534355 46.554345:24.535575
7283,46.554345:24.535575 46.554970:24.535970 46.555750:24.535869
7284,46.555750:24.535869 46.556397:24.536257 46.556900:24.536713
7285,46.556900:24.536713 46.557029:24.537734 46.557285:24.538834
7286,46.557285:24.538834 46.558113:24.539201 46.558882:24.539662
7287,46.558882:24.539662 46.559220:24.540402 46.559563:24.540707
7288,46.559563:24.540707 46.560511:24.541341 46.561191:24.542216
7289,46.561191:24.542216 46.561448:24.542823 46.561630:24.543569
7290,46.561630:24.543569 46.562402:24.544158 46.563145:24.544945
7291,46.563145:24.544945 46.563312:24.545844 46.563394:24.546651
7292,46.563394:24.546651 46.564130:24.547115 46.564773:24.547727
7293,46.564773:24.547727 46.565495:24.548253 46.566105:24.548830
7294,46.566105:24.548830 46.566671:24.549410 46.567335:24.550096
7295,46.567335:24.550096 46.567913:24.550673 46.568454:24.551029
7296,46.568454:24.551029 46.568857:24.551196 46.569243:24.551709
7297,46.569243:24.551709 46.569915:24.552558 46.570579:24.553358
7298,46.570579:24.553358 46.571160:24.554228 46.571887:24.554900
7299,46.571887:24.554900 46.572451:24.555688 46.572988:24.556527
7300,46.572988:24.556527 46.573212:24.557194 46.573565:24.557807
7301,46.573565:24.557807 46.574183:24.558495 46.574700:24.558982
7302,46.574700:24.558982 46.575029:24.559632 46.575514:24.560544
7303,46.575514:24.560544 46.576103:24.561081 46.576661:24.561717
7304,46.576661:24.561717 46.577581:24.562771 46.578518:24.563612
7305,46.539956:24.519729 46.540255:24.520536 46.540338:24.521262
7306,46.540338:24.521262 46.540724:24.522196 46.541083:24.522839
7307,46.541083:24.522839 46.541788:24.523011 46.542397:24.523066
7308,46.542397:24.523066 46.543151:24.524297 46.543947:24.525373
7309,46.543947:24.525373 46.544298:24.525918 46.544515:24.526459
7310,46.544515:24.526459 46.545265:24.527366 46.545963:24.528256
7311,46.545963:24.528256 46.546325:24.528683 46.546704:24.528877
7312,46.546704:24.528877 46.547564:24.529471 46.548506:24.530186
7313,46.548506:24.530186 46.548989:24.531056 46.549368:24.531724
7314,46.549368:24.531724 46.549564:24.532855 46.549724:24.533824
7315,46.549724:24.533824 46.550564:24.534090 46.551532:24.534388
7316,46.551532:24.534388 46.551581:24.535308 46.551676:24.536293
7317,46.551676:24.536293 46.552771:24.536023 46.553918:24.535846
7318,46.553918:24.535846 46.554456:24.536681 46.554837:24.537780
7319,46.554837:24.537780 46.555584:24.539174 46.556342:24.540444
7320,46.556342:24.540444 46.556321:24.540705 46.556518:24.540709
7321,46.556518:24.540709 46.557046:24.541576 46.557632:24.542363
7322,46.557632:24.542363 46.558081:24.543068 46.558555:24.543484
7323,46.558555:24.543484 46.559078:24.543582 46.559628:24.543780
7324,46.559628:24.543780 46.560040:24.545000 46.560563:24.546428
7325,46.560563:24.546428 46.561338:24.547018 46.562228:24.547347
7326,46.562228:24.547347 46.562751:24.548023 46.563315:24.548557
7327,46.563315:24.548557 46.563999:24.549643 46.564806:24.550680
7328,46.564806:24.550680 46.564953:24.550905 46.564987:24.551202
7329,46.564987:24.551202 46.565530:24.551842 46.566301:24.552425
7330,46.566301:24.552425 46.566737:24.552985 46.567115:24.553401
7331,46.567115:24.553401 46.567995:24.554595 46.568848:24.555675
7332,46.568848:24.555675 46.568982:24.556393 46.569078:24.556839
7333,46.569078:24.556839 46.569718:24.557190 46.570541:24.557512
7334,46.570541:24.557512 46.571124:24.558775 46.571704:24.559466
7335,46.571704:24.559466 46.572435:24.559800 46.573193:24.560097
7336,46.573193:24.560097 46.573397:24.560820 46.573755:24.561312
7337,46.573755:24.561312 46.574063:24.562227 46.574531:24.563016
7338,46.574531:24.563016 46.575265:24.563651 46.575895:24.563786
7339,46.575895:24.563786 46.576614:24.564448 46.577195:24.565390
7340,46.577195:24.565390 46.577989:24.565768 46.578636:24.566016
7341,46.536149:24.520453 46.536751:24.520871 46.537170:24.521295
7342,46.537170:24.521295 46.537810:24.522202 46.538630:24.523166
7343,46.538630:24.523166 46.539051:24.523702 46.539492:24.524211
7344,46.539492:24.524211 46.539811:24.524443 46.540121:24.524773
7345,46.540121:24.524773 46.541116:24.525435 46.541967:24.526110
7346,46.541967:24.526110 46.542144:24.526826 46.542079:24.527814
7347,46.542079:24.527814 46.543333:24.528458 46.544590:24.529261
7348,46.544590:24.529261 46.544729:24.529490 46.544830:24.529636
7349,46.544830:24.529636 46.545333:24.530897 46.545891:24.532169
7350,46.545891:24.532169 46.546670:24.532543 46.547301:24.532948
7351,46.547301:24.532948 46.547617:24.533458 46.548050:24.534030
7352,46.548050:24.534030 46.548487:24.534886 46.549047:24.535895
7353,46.549047:24.535895 46.549928:24.535998 46.550944:24.536300
7354,46.550944:24.536300 46.551246:24.537343 46.551561:24.538386
7355,46.551561:24.538386 46.551903:24.538962 46.552323:24.539430
7356,46.552323:24.539430 46.552730:24.540440 46.553102:24.541369
7357,46.553102:24.541369 46.553618:24.541991 46.554126:24.542632
7358,46.554126:24.542632 46.554883:24.543040 46.555506:24.543566
7359,46.555506:24.543566 46.556405:24.543935 46.557230:24.544273
7360,46.557230:24.544273 46.557757:24.545319 46.558285:24.546260
7361,46.558285:24.546260 46.558509:24.547193 46.558702:24.548029
7362,46.558702:24.548029 46.559041:24.548445 46.559481:24.548864
7363,46.559481:24.548864 46.560297:24.549533 46.561114:24.550285
7364,46.561114:24.550285 46.561779:24.550729 46.562450:24.551089
7365,46.562450:24.551089 46.563234:24.551623 46.563884:24.552258
7366,46.563884:24.552258 46.563755:24.553120 46.563712:24.553936
7367,46.563712:24.553936 46.564387:24.554916 46.565173:24.555815
7368,46.565173:24.555815 46.565730:24.556011 46.566296:24.555967
7369,46.566296:24.555967 46.566818:24.556756 46.567234:24.557331
7370,46.567234:24.557331 46.567868:24.558054 46.568410:24.558622
7371,46.568410:24.558622 46.569108:24.559479 46.569988:24.560650
7372,46.569988:24.560650 46.570216:24.561575 46.570625:24.562435
7373,46.570625:24.562435 46.571056:24.562505 46.571594:24.562571
7374,46.571594:24.562571 46.572114:24.563210 46.572424:24.563914
7375,46.572424:24.563914 46.573208:24.564734 46.573810:24.565519
7376,46.573810:24.565519 46.574721:24.565994 46.575660:24.566643
7377,46.575660:24.566643 46.576017:24.567200 46.576376:24.567644
7378,46.576376:24.567644 46.577080:24.568575 46.577744:24.569623
7379,46.577744:24.569623 46.577866:24.570123 46.577939:24.570868
7380,46.533142:24.519155 46.533542:24.520375 46.533856:24.521261
7381,46.533856:24.521261 46.534547:24.521829 46.535317:24.522494
7382,46.535317:24.522494 46.536011:24.523088 46.536758:24.523651
7383,46.536758:24.523651 46.536927:24.524845 46.537132:24.526062
7384,46.537132:24.526062 46.537801:24.526366 46.538375:24.526821
7385,46.538375:24.526821 46.539013:24.527464 46.539686:24.527945
7386,46.539686:24.527945 46.540229:24.528559 46.540728:24.529116
7387,46.540728:24.529116 46.541424:24.529829 46.542130:24.530724
7388,46.542130:24.530724 46.542403:24.531670 46.542662:24.532598
7389,46.542662:24.532598 46.543249:24.532648 46.543792:24.532603
7390,46.543792:24.532603 46.544266:24.532977 46.544611:24.533553
7391,46.544611:24.533553 46.545154:24.534895 46.545717:24.535938
7392,46.545717:24.535938 46.546427:24.536510 46.547086:24.537008
7393,46.547086:24.537008 46.547737:24.538074 46.548300:24.538919
7394,46.548300:24.538919 46.548947:24.539091 46.549762:24.539615
7395,46.549762:24.539615 46.549742:24.539878 46.549808:24.540274
7396,46.549808:24.540274 46.550141:24.541109 46.550555:24.541854
7397,46.550555:24.541854 46.551301:24.542604 46.552151:24.543147
7398,46.552151:24.543147 46.552837:24.543826 46.553322:24.544563
7399,46.553322:24.544563 46.554088:24.545402 46.554815:24.546078
7400,46.554815:24.546078 46.554715:24.546748 46.554554:24.547565
7401,46.554554:24.547565 46.555898:24.547778 46.557216:24.548330
7402,46.557216:24.548330 46.557797:24.549389 46.558475:24.550482
7403,46.558475:24.550482 46.558769:24.550942 46.559093:24.551659
7404,46.559093:24.551659 46.559424:24.552017 46.559943:24.552292
7405,46.559943:24.552292 46.560347:24.553047 46.560721:24.553902
7406,46.560721:24.553902 46.561220:24.554499 46.561653:24.554973
7407,46.561653:24.554973 46.562109:24.555967 46.562373:24.556930
7408,46.562373:24.556930 46.563392:24.557429 46.564379:24.557496
7409,46.564379:24.557496 46.564499:24.558554 46.564478:24.559500
7410,46.564478:24.559500 46.565563:24.560260 46.566839:24.560962
7411,46.566839:24.560962 46.567002:24.561229 46.567155:24.561546
7412,46.567155:24.561546 46.567844:24.562703 46.568543:24.563506
7413,46.568543:24.563506 46.569083:24.563651 46.569681:24.563792
7414,46.569681:24.563792 46.570827:24.564640 46.571815:24.565544
7415,46.571815:24.565544 46.571717:24.566311 46.571735:24.567013
7416,46.571735:24.567013 46.572319:24.567707 46.572835:24.568324
7417,46.572835:24.568324 46.573101:24.568650 46.573396:24.569218
7418,46.573396:24.569218 46.574479:24.570369 46.575452:24.571763
7419,46.575452:24.571763 46.575731:24.571881 46.576006:24.571949
7420,46.576006:24.571949 46.576337:24.572680 46.576794:24.573152
7421,46.576794:24.573152 46.577479:24.574099 46.578224:24.575064
7422,46.530328:24.519059 46.530617:24.520173 46.530786:24.521568
7423,46.530786:24.521568 46.531146:24.522107 46.531467:24.522687
7424,46.531467:24.522687 46.532555:24.523177 46.533639:24.523620
7425,46.533639:24.523620 46.534038:24.524456 46.534393:24.525064
7426,46.534393:24.525064 46.534674:24.525810 46.535085:24.526562
7427,46.535085:24.526562 46.535734:24.527307 46.536282:24.528001
7428,46.536282:24.528001 46.537042:24.528900 46.537653:24.529748
7429,46.537653:24.529748 46.538194:24.530303 46.538601:24.530885
7430,46.538601:24.530885 46.539112:24.531875 46.539523:24.532716
7431,46.539523:24.532716 46.540088:24.532678 46.540772:24.532578
7432,46.540772:24.532578 46.541039:24.533450 46.541465:24.534026
7433,46.541465:24.534026 46.542094:24.534716 46.542773:24.535122
7434,46.542773:24.535122 46.543466:24.536320 46.543935:24.537538
7435,46.543935:24.537538 46.544177:24.538048 46.544387:24.538513
7436,46.544387:24.538513 46.544964:24.538592 46.545622:24.538832
7437,46.545622:24.538832 46.546082:24.539924 46.546657:24.541135
7438,46.546657:24.541135 46.547314:24.541436 46.547868:24.541677
7439,46.547868:24.541677 46.548637:24.542187 46.549545:24.542801
7440,46.549545:24.542801 46.549658:24.543760 46.549869:24.545042
7441,46.549869:24.545042 46.550637:24.545094 46.551297:24.545197
7442,46.551297:24.545197 46.552138:24.546491 46.552957:24.547848
7443,46.552957:24.547848 46.553142:24.548431 46.553435:24.548944
7444,46.553435:24.548944 46.554205:24.549424 46.555002:24.549876
7445,46.555002:24.549876 46.555288:24.550238 46.555694:24.550453
7446,46.555694:24.550453 46.556040:24.551427 46.556188:24.552409
7447,46.556188:24.552409 46.557027:24.552940 46.557905:24.553466
7448,46.557905:24.553466 46.558367:24.554115 46.558998:24.554992
7449,46.558998:24.554992 46.559279:24.555689 46.559532:24.556540
7450,46.559532:24.556540 46.560131:24.557017 46.561009:24.557525
7451,46.561009:24.557525 46.561691:24.558839 46.562374:24.560069
7452,46.562374:24.560069 46.562859:24.560121 46.563276:24.560223
7453,46.563276:24.560223 46.563388:24.560779 46.563453:24.561337
7454,46.563453:24.561337 46.564291:24.562460 46.565013:24.563436
7455,46.565013:24.563436 46.565476:24.563465 46.566083:24.563577
7456,46.566083:24.563577 46.566654:24.564610 46.567105:24.565673
7457,46.567105:24.565673 46.567572:24.566430 46.568272:24.567238
7458,46.568272:24.567238 46.569088:24.568111 46.569874:24.568984
7459,46.569874:24.568984 46.570402:24.569094 46.570880:24.569386
7460,46.570880:24.569386 46.571137:24.569948 46.571574:24.570753
7461,46.571574:24.570753 46.572530:24.571217 46.573285:24.571764
7462,46.573285:24.571764 46.573494:24.572380 46.573819:24.572839
7463,46.573819:24.572839 46.574163:24.574025 46.574622:24.574898
7464,46.574622:24.574898 46.575099:24.576094 46.575638:24.576943
7465,46.575638:24.576943 46.576435:24.577178 46.577155:24.577137
7466,46.577155:24.577137 46.577643:24.577760 46.578075:24.578604
7467,46.526340:24.519409 46.526970:24.520271 46.527562:24.521147
7468,46.527562:24.521147 46.528315:24.521744 46.528781:24.522052
7469,46.528781:24.522052 46.529138:24.523349 46.529289:24.524566
7470,46.529289:24.524566 46.530263:24.524982 46.531137:24.525568
7471,46.531137:24.525568 46.531725:24.526159 46.532370:24.526455
7472,46.532370:24.526455 46.533121:24.527282 46.533663:24.528059
7473,46.533663:24.528059 46.533889:24.528773 46.534270:24.529309
7474,46.534270:24.529309 46.534941:24.530132 46.535566:24.530619
7475,46.535566:24.530619 46.536033:24.530915 46.536500:24.531305
7476,46.536500:24.531305 46.536686:24.532306 46.537175:24.533463
7477,46.537175:24.533463 46.537616:24.534007 46.538178:24.534500
7478,46.538178:24.534500 46.539163:24.535183 46.540202:24.535874
7479,46.540202:24.535874 46.540438:24.536510 46.540502:24.537063
7480,46.540502:24.537063 46.540665:24.538014 46.541068:24.539190
7481,46.541068:24.539190 46.541716:24.538904 46.542336:24.538821
7482,46.542336:24.538821 46.542993:24.540069 46.543729:24.540900
7483,46.543729:24.540900 46.544445:24.541631 46.545212:24.542447
7484,46.545212:24.542447 46.545409:24.543078 46.545432:24.543655
7485,46.545432:24.543655 46.546439:24.544471 46.547228:24.545008
7486,46.547228:24.545008 46.547579:24.545347 46.547929:24.545838
7487,46.547929:24.545838 46.548528:24.546659 46.549047:24.547542
7488,46.549047:24.547542 46.549592:24.547809 46.550117:24.547964
7489,46.550117:24.547964 46.550350:24.548474 46.550518:24.549293
7490,46.550518:24.549293 46.551429:24.549861 46.552262:24.550591
7491,46.552262:24.550591 46.553030:24.551856 46.553662:24.553058
7492,46.553662:24.553058 46.553905:24.553514 46.554193:24.553957
7493,46.554193:24.553957 46.554811:24.554973 46.555540:24.555968
7494,46.555540:24.555968 46.556113:24.556056 46.556731:24.556038
7495,46.556731:24.556038 46.557139:24.556575 46.557474:24.557338
7496,46.557474:24.557338 46.558145:24.558655 46.558751:24.559955
7497,46.558751:24.559955 46.559224:24.560056 46.559701:24.560230
7498,46.559701:24.560230 46.560280:24.560517 46.560977:24.560968
7499,46.560977:24.560968 46.561378:24.562114 46.561820:24.563525
7500,46.561820:24.563525 46.562432:24.564006 46.563164:24.564656
7501,46.563164:24.564656 46.563841:24.565192 46.564429:24.565694
7502,46.564429:24.565694 46.564867:24.565872 46.565301:24.565995
7503,46.565301:24.565995 46.565781:24.566678 46.566293:24.567571
7504,46.566293:24.567571 46.566937:24.568614 46.567649:24.569582
7505,46.567649:24.569582 46.568229:24.570035 46.568739:24.570867
7506,46.568739:24.570867 46.569055:24.571385 46.569336:24.572165
7507,46.569336:24.572165 46.569967:24.572939 46.570466:24.573676
7508,46.570466:24.573676 46.570913:24.574331 46.571299:24.574916
7509,46.571299:24.574916 46.572036:24.575275 46.572779:24.575705
7510,46.572779:24.575705 46.573072:24.576808 46.573469:24.577776
7511,46.573469:24.577776 46.573801:24.578136 46.574159:24.578280
7512,46.574159:24.578280 46.574947:24.578994 46.575774:24.579590
7513,46.575774:24.579590 46.576481:24.580462 46.577069:24.581014
7514,46.577069:24.581014 46.577517:24.581583 46.578061:24.582441
7515,46.523626:24.519743 46.523977:24.520002 46.524410:24.520556
7516,46.524410:24.520556 46.525356:24.521474 46.526076:24.522406
7517,46.526076:24.522406 46.526470:24.523223 46.527027:24.524030
7518,46.527027:24.524030 46.527359:24.524702 46.527729:24.525373
7519,46.527729:24.525373 46.528375:24.526090 46.529037:24.526819
7520,46.529037:24.526819 46.529099:24.527609 46.529042:24.528326
7521,46.529042:24.528326 46.530227:24.528654 46.531288:24.528939
7522,46.531288:24.528939 46.531720:24.529735 46.531979:24.530529
7523,46.531979:24.530529 46.532524:24.531180 46.533160:24.531605
7524,46.533160:24.531605 46.534045:24.531839 46.534849:24.532132
7525,46.534849:24.532132 46.535099:24.533408 46.535448:24.534721
7526,46.535448:24.534721 46.535791:24.535160 46.536104:24.535412
7527,46.536104:24.535412 46.537046:24.535880 46.537845:24.536468
7528,46.537845:24.536468 46.538332:24.537179 46.538613:24.537872
7529,46.538613:24.537872 46.538890:24.538682 46.539371:24.539469
7530,46.539371:24.539469 46.539989:24.540364 46.540520:24.541075
7531,46.540520:24.541075 46.540791:24.541738 46.541142:24.542416
7532,46.541142:24.542416 46.541989:24.542948 46.542742:24.543644
7533,46.542742:24.543644 46.543073:24.543848 46.543314:24.544122
7534,46.543314:24.544122 46.544399:24.544451 46.545482:24.544851
7535,46.545482:24.544851 46.545717:24.546236 46.546012:24.547873
7536,46.546012:24.547873 46.546565:24.548105 46.547257:24.548627
7537,46.547257:24.548627 46.547975:24.549401 46.548653:24.550139
7538,46.548653:24.550139 46.549078:24.550505 46.549616:24.550813
7539,46.549616:24.550813 46.549623:24.551292 46.549632:24.552022
7540,46.549632:24.552022 46.550411:24.552602 46.551177:24.553300
7541,46.551177:24.553300 46.551805:24.554152 46.552443:24.555008
7542,46.552443:24.555008 46.552983:24.555639 46.553561:24.556537
7543,46.553561:24.556537 46.553882:24.557413 46.554438:24.558350
7544,46.554438:24.558350 46.555021:24.558669 46.555582:24.559159
7545,46.555582:24.559159 46.556094:24.559687 46.556773:24.560138
7546,46.556773:24.560138 46.557253:24.560858 46.557806:24.561601
7547,46.557806:24.561601 46.558340:24.562049 46.558944:24.562508
7548,46.558944:24.562508 46.559657:24.563403 46.560246:24.564405
7549,46.560246:24.564405 46.560769:24.564623 46.561312:24.564776
7550,46.561312:24.564776 46.561856:24.565927 46.562178:24.567044
7551,46.562178:24.567044 46.562703:24.567287 46.563136:24.567547
7552,46.563136:24.567547 46.563704:24.568427 46.564473:24.569318
7553,46.564473:24.569318 46.564511:24.570087 46.564663:24.570762
7554,46.564663:24.570762 46.565150:24.571707 46.565634:24.572375
7555,46.565634:24.572375 46.566240:24.573438 46.566920:24.574316
7556,46.566920:24.574316 46.567612:24.574688 46.568483:24.575179
7557,46.568483:24.575179 46.568721:24.575538 46.569017:24.575787
7558,46.569017:24.575787 46.569618:24.576848 46.570287:24.577824
7559,46.570287:24.577824 46.571133:24.578118 46.571852:24.578809
7560,46.571852:24.578809 46.572488:24.579621 46.573073:24.580224
7561,46.573073:24.580224 46.573110:24.580645 46.573197:24.581028
7562,46.573197:24.581028 46.574060:24.582137 46.574925:24.583237
7563,46.574925:24.583237 46.575317:24.583830 46.575760:24.584462
7564,46.575760:24.584462 46.576573:24.584186 46.577302:24.583850
7565,46.577302:24.583850 46.577591:24.585170 46.578003:24.586382
7566,46.520147:24.520400 46.520640:24.520659 46.521133:24.521115
7567,46.521133:24.521115 46.521789:24.521798 46.522310:24.522645
7568,46.522310:24.522645 46.523008:24.522970 46.523657:24.523215
7569,46.523657:24.523215 46.524162:24.524206 46.524725:24.525096
7570,46.524725:24.525096 46.525405:24.525990 46.526095:24.527087
7571,46.526095:24.527087 46.526342:24.527183 46.526408:24.527161
7572,46.526408:24.527161 46.527320:24.528109 46.528046:24.528994
7573,46.528046:24.528994 46.528317:24.530180 46.528568:24.531320
7574,46.528568:24.531320 46.529541:24.531633 46.530348:24.531918
7575,46.530348:24.531918 46.530470:24.532669 46.530329:24.533484
7576,46.530329:24.533484 46.531198:24.534036 46.532188:24.534691
7577,46.532188:24.534691 46.532852:24.535133 46.533642:24.535530
7578,46.533642:24.535530 46.533781:24.535903 46.534006:24.536404
7579,46.534006:24.536404 46.534785:24.537320 46.535748:24.538283
7580,46.535748:24.538283 46.536049:24.538815 46.536405:24.539183
7581,46.536405:24.539183 46.537027:24.540025 46.537826:24.541013
7582,46.537826:24.541013 46.538290:24.541567 46.539035:24.542047
7583,46.539035:24.542047 46.539550:24.542314 46.539858:24.542279
7584,46.539858:24.542279 46.540457:24.543581 46.541247:24.544769
7585,46.541247:24.544769 46.541401:24.545581 46.541608:24.546304
7586,46.541608:24.546304 46.542107:24.546908 46.542788:24.547588
7587,46.542788:24.547588 46.543450:24.548052 46.544116:24.548449
7588,46.544116:24.548449 46.544590:24.549262 46.545150:24.550043
7589,46.545150:24.550043 46.545784:24.550603 46.546376:24.551082
7590,46.546376:24.551082 46.546562:24.551661 46.546938:24.552286
7591,46.546938:24.552286 46.547194:24.552819 46.547535:24.553273
7592,46.547535:24.553273 46.548403:24.553929 46.549089:24.554470
7593,46.549089:24.554470 46.549509:24.555145 46.550107:24.555833
7594,46.550107:24.555833 46.550476:24.556498 46.550872:24.556775
7595,46.550872:24.556775 46.551830:24.557928 46.552732:24.558913
7596,46.552732:24.558913 46.553187:24.559339 46.553557:24.560136
7597,46.553557:24.560136 46.553930:24.560950 46.554233:24.561667
7598,46.554233:24.561667 46.554838:24.562274 46.555287:24.563025
7599,46.555287:24.563025 46.556285:24.563611 46.556966:24.564225
7600,46.556966:24.564225 46.557118:24.564596 46.557366:24.565196
7601,46.557366:24.565196 46.557975:24.565957 46.558608:24.566759
7602,46.558608:24.566759 46.559166:24.567134 46.559934:24.567673
7603,46.559934:24.567673 46.560236:24.568716 46.560659:24.569418
7604,46.560659:24.569418 46.561302:24.569932 46.562055:24.570393
7605,46.562055:24.570393 46.562415:24.571376 46.562742:24.572235
7606,46.562742:24.572235 46.563321:24.573246 46.563938:24.574168
7607,46.563938:24.574168 46.564440:24.574773 46.564842:24.575321
7608,46.564842:24.575321 46.565596:24.575566 46.566496:24.575805
7609,46.566496:24.575805 46.566580:24.576227 46.566769:24.576943
7610,46.566769:24.576943 46.567611:24.577446 46.568374:24.578061
7611,46.568374:24.578061 46.569237:24.578893 46.570074:24.579902
7612,46.570074:24.579902 46.569902:24.580306 46.569662:24.580870
7613,46.569662:24.580870 46.570733:24.582039 46.572033:24.583170
7614,46.572033:24.583170 46.572221:24.583349 46.572464:24.583782
7615,46.572464:24.583782 46.573165:24.583856 46.573943:24.584161
7616,46.573943:24.584161 46.574059:24.585370 46.574157:24.586402
7617,46.574157:24.586402 46.575255:24.587351 46.576256:24.588546
7618,46.576256:24.588546 46.576532:24.588977 46.576599:24.589441
7619,46.576599:24.589441 46.577104:24.589899 46.577881:24.590146
7620,46.516723:24.520164 46.517591:24.520792 46.518547:24.521307
7621,46.518547:24.521307 46.519220:24.522221 46.519804:24.523118
7622,46.519804:24.523118 46.519917:24.523579 46.520102:24.523904
7623,46.520102:24.523904 46.520866:24.524325 46.521590:24.524606
7624,46.521590:24.524606 46.522089:24.525604 46.522374:24.526513
7625,46.522374:24.526513 46.522918:24.526885 46.523522:24.527333
7626,46.523522:24.527333 46.524301:24.528015 46.524946:24.528822
7627,46.524946:24.528822 46.525298:24.530339 46.525814:24.531581
7628,46.525814:24.531581 46.526235:24.531280 46.526590:24.531167
7629,46.526590:24.531167 46.527180:24.532475 46.527796:24.533794
7630,46.527796:24.533794 46.528212:24.533934 46.528763:24.534078
7631,46.528763:24.534078 46.529310:24.534616 46.529725:24.535335
7632,46.529725:24.535335 46.530633:24.535958 46.531546:24.536584
7633,46.531546:24.536584 46.531994:24.537753 46.532390:24.538845
7634,46.532390:24.538845 46.532655:24.539294 46.532953:24.539724
7635,46.532953:24.539724 46.533468:24.540186 46.534043:24.540566
7636,46.534043:24.540566 46.534730:24.541196 46.535477:24.542245
7637,46.535477:24.542245 46.535485:24.542711 46.535532:24.543322
7638,46.535532:24.543322 46.536422:24.543750 46.537231:24.544177
7639,46.537231:24.544177 46.537807:24.544894 46.538504:24.545648
7640,46.538504:24.545648 46.539101:24.546662 46.539633:24.547949
7641,46.539633:24.547949 46.540180:24.548031 46.540632:24.548056
7642,46.540632:24.548056 46.541049:24.549037 46.541599:24.549935
7643,46.541599:24.549935 46.542255:24.550445 46.542720:24.551139
7644,46.542720:24.551139 46.543207:24.551957 46.543383:24.552770
7645,46.543383:24.552770 46.544331:24.552912 46.545013:24.552980
7646,46.545013:24.552980 46.545770:24.553584 46.546581:24.554378
7647,46.546581:24.554378 46.546969:24.555554 46.547549:24.556851
7648,46.547549:24.556851 46.547967:24.557366 46.548240:24.558095
7649,46.548240:24.558095 46.548677:24.558463 46.549270:24.558927
7650,46.549270:24.558927 46.549891:24.559534 46.550593:24.560267
7651,46.550593:24.560267 46.551004:24.561120 46.551300:24.562067
7652,46.551300:24.562067 46.552106:24.562334 46.552774:24.562700
7653,46.552774:24.562700 46.553116:24.563452 46.553464:24.564030
7654,46.553464:24.564030 46.553982:24.565277 46.554514:24.566678
7655,46.554514:24.566678 46.554801:24.566709 46.555169:24.566922
7656,46.555169:24.566922 46.555873:24.567052 46.556622:24.567342
7657,46.556622:24.567342 46.557036:24.568168 46.557581:24.568859
7658,46.557581:24.568859 46.558434:24.569925 46.559095:24.571182
7659,46.559095:24.571182 46.559312:24.571374 46.559594:24.571751
7660,46.559594:24.571751 46.560396:24.572555 46.561115:24.573263
7661,46.561115:24.573263 46.561429:24.573841 46.561718:24.574185
7662,46.561718:24.574185 46.562783:24.575082 46.563703:24.575663
7663,46.563703:24.575663 46.563959:24.576644 46.564277:24.577751
7664,46.564277:24.577751 46.564709:24.578548 46.564913:24.579279
7665,46.564913:24.579279 46.565486:24.579636 46.565942:24.579855
7666,46.565942:24.579855 46.566721:24.580648 46.567473:24.581223
7667,46.567473:24.581223 46.568175:24.581976 46.568752:24.582718
7668,46.568752:24.582718 46.569122:24.583299 46.569505:24.583979
7669,46.569505:24.583979 46.569680:24.584624 46.569902:24.585252
7670,46.569902:24.585252 46.571023:24.585873 46.571773:24.586734
7671,46.571773:24.586734 46.572165:24.587001 46.572382:24.587286
7672,46.572382:24.587286 46.572883:24.587973 46.573370:24.588645
7673,46.573370:24.588645 46.574100:24.589845 46.574852:24.591069
7674,46.574852:24.591069 46.575461:24.591614 46.576001:24.592081
7675,46.576001:24.592081 46.576604:24.592317 46.577239:24.592471
7676,46.577239:24.592471 46.577647:24.593103 46.577823:24.593763
7677,46.514921:24.521163 46.515270:24.521942 46.515674:24.522718
7678,46.515674:24.522718 46.516485:24.523161 46.517389:24.523789
7679,46.517389:24.523789 46.517954:24.524360 46.518477:24.525228
7680,46.518477:24.525228 46.518696:24.525704 46.519045:24.526502
7681,46.519045:24.526502 46.519787:24.527442 46.520445:24.528575
7682,46.520445:24.528575 46.521174:24.528607 46.521825:24.528290
7683,46.521825:24.528290 46.522094:24.529310 46.522358:24.530424
7684,46.522358:24.530424 46.522712:24.531434 46.523244:24.532383
7685,46.523244:24.532383 46.523643:24.532762 46.524035:24.532895
7686,46.524035:24.532895 46.524737:24.533702 46.525392:24.534423
7687,46.525392:24.534423 46.526145:24.534916 46.526759:24.535445
7688,46.526759:24.535445 46.527183:24.536076 46.527849:24.536632
7689,46.527849:24.536632 46.528076:24.538026 46.528174:24.539301
7690,46.528174:24.539301 46.529145:24.539434 46.530139:24.539597
7691,46.530139:24.539597 46.530527:24.540059 46.530879:24.540459
7692,46.530879:24.540459 46.531221:24.541491 46.531461:24.542472
7693,46.531461:24.542472 46.532370:24.543229 46.533172:24.543812
7694,46.533172:24.543812 46.533661:24.543937 46.534055:24.544341
7695,46.534055:24.544341 46.534625:24.545501 46.535254:24.546669
7696,46.535254:24.546669 46.535897:24.546965 46.536406:24.546969
7697,46.536406:24.546969 46.537209:24.547562 46.537815:24.548187
7698,46.537815:24.548187 46.538370:24.549204 46.538955:24.550097
7699,46.538955:24.550097 46.539252:24.550634 46.539485:24.551104
7700,46.539485:24.551104 46.540236:24.552083 46.541092:24.553001
7701,46.541092:24.553001 46.541417:24.553346 46.541718:24.553541
7702,46.541718:24.553541 46.542364:24.554664 46.542943:24.555494
7703,46.542943:24.555494 46.543470:24.555862 46.543812:24.556374
7704,46.543812:24.556374 46.544336:24.557378 46.544707:24.558408
7705,46.544707:24.558408 46.545372:24.558941 46.545980:24.559405
7706,46.545980:24.559405 46.546708:24.559929 46.547431:24.560466
7707,46.547431:24.560466 46.547802:24.560990 46.548185:24.561367
7708,46.548185:24.561367 46.548814:24.561882 46.549547:24.562318
7709,46.549547:24.562318 46.550082:24.563478 46.550481:24.564737
7710,46.550481:24.564737 46.551001:24.565347 46.551391:24.565886
7711,46.551391:24.565886 46.552027:24.566431 46.552605:24.566571
7712,46.552605:24.566571 46.553204:24.567300 46.553863:24.567978
7713,46.553863:24.567978 46.554103:24.568295 46.554342:24.568762
7714,46.554342:24.568762 46.554891:24.569882 46.555378:24.571187
7715,46.555378:24.571187 46.555940:24.571501 46.556449:24.571789
7716,46.556449:24.571789 46.557323:24.572643 46.558086:24.573545
7717,46.558086:24.573545 46.558485:24.574138 46.559117:24.574672
7718,46.559117:24.574672 46.559490:24.575415 46.559820:24.576147
7719,46.559820:24.576147 46.560381:24.576458 46.560946:24.577008
7720,46.560946:24.577008 46.561684:24.578017 46.562389:24.578929
7721,46.562389:24.578929 46.562778:24.579256 46.563215:24.579639
7722,46.563215:24.579639 46.563700:24.580516 46.564160:24.581511
7723,46.564160:24.581511 46.564822:24.582225 46.565433:24.582755
7724,46.565433:24.582755 46.565897:24.583329 46.566453:24.584063
7725,46.566453:24.584063 46.566909:24.584855 46.567320:24.585320
7726,46.567320:24.585320 46.567856:24.585697 46.568614:24.586156
7727,46.568614:24.586156 46.569019:24.587064 46.569464:24.587856
7728,46.569464:24.587856 46.569805:24.588500 46.570247:24.589393
7729,46.570247:24.589393 46.570871:24.589890 46.571642:24.590439
7730,46.571642:24.590439 46.571692:24.591083 46.571870:24.591458
7731,46.571870:24.591458 46.572669:24.591964 46.573786:24.592678
7732,46.573786:24.592678 46.574438:24.593687 46.575098:24.594679
7733,46.575098:24.594679 46.575660:24.595317 46.576186:24.596007
7734,46.576186:24.596007 46.576763:24.596428 46.577311:24.596979
7735,46.577311:24.596979 46.577490:24.597499 46.577657:24.597979
7736,46.515363:24.525329 46.515894:24.525964 46.516167:24.526287
7737,46.516167:24.526287 46.516729:24.527232 46.517409:24.528162
7738,46.517409:24.528162 46.517798:24.528843 46.518118:24.529439
7739,46.518118:24.529439 46.518402:24.529548 46.518744:24.529705
7740,46.518744:24.529705 46.519716:24.531060 46.520400:24.532200
7741,46.520400:24.532200 46.521106:24.532669 46.521863:24.532943
7742,46.521863:24.532943 46.522561:24.532957 46.523201:24.533175
7743,46.523201:24.533175 46.523176:24.534429 46.523189:24.535492
7744,46.523189:24.535492 46.524101:24.536512 46.524988:24.537674
7745,46.524988:24.537674 46.525401:24.537862 46.525841:24.537975
7746,46.525841:24.537975 46.526195:24.538713 46.526558:24.539207
7747,46.526558:24.539207 46.526890:24.540141 46.527352:24.540958
7748,46.527352:24.540958 46.528103:24.541532 46.528977:24.542080
7749,46.528977:24.542080 46.529653:24.542170 46.530214:24.542608
7750,46.530214:24.542608 46.530620:24.543485 46.530827:24.544291
7751,46.530827:24.544291 46.531181:24.545618 46.531453:24.546880
7752,46.531453:24.546880 46.532175:24.547590 46.532930:24.548282
7753,46.532930:24.548282 46.533337:24.548665 46.533848:24.548973
7754,46.533848:24.548973 46.534280:24.549216 46.534730:24.549713
7755,46.534730:24.549713 46.535764:24.550538 46.536541:24.551347
7756,46.536541:24.551347 46.536849:24.551960 46.537162:24.552898
7757,46.537162:24.552898 46.537517:24.553585 46.537766:24.554069
7758,46.537766:24.554069 46.538848:24.554526 46.539957:24.555013
7759,46.539957:24.555013 46.540381:24.555619 46.540622:24.556280
7760,46.540622:24.556280 46.541244:24.556913 46.541873:24.557190
7761,46.541873:24.557190 46.542732:24.558279 46.543399:24.559338
7762,46.543399:24.559338 46.543695:24.560141 46.543863:24.561085
7763,46.543863:24.561085 46.544065:24.561240 46.544401:24.561613
7764,46.544401:24.561613 46.545233:24.562154 46.546312:24.562814
7765,46.546312:24.562814 46.546977:24.563508 46.547627:24.564144
7766,46.547627:24.564144 46.547955:24.564969 46.548196:24.565728
7767,46.548196:24.565728 46.548523:24.566077 46.548944:24.566370
7768,46.548944:24.566370 46.549556:24.567475 46.550244:24.568560
7769,46.550244:24.568560 46.550790:24.569116 46.551267:24.569459
7770,46.551267:24.569459 46.551816:24.569915 46.552364:24.570543
7771,46.552364:24.570543 46.553115:24.571553 46.553870:24.572519
7772,46.553870:24.572519 46.554032:24.573134 46.554321:24.573778
7773,46.554321:24.573778 46.555093:24.574232 46.555899:24.574663
7774,46.555899:24.574663 46.555945:24.575130 46.556029:24.576053
7775,46.556029:24.576053 46.556781:24.576465 46.557574:24.577067
7776,46.557574:24.577067 46.558008:24.577635 46.558571:24.578326
7777,46.558571:24.578326 46.558985:24.578451 46.559554:24.578892
7778,46.559554:24.578892 46.560370:24.579957 46.560998:24.581061
7779,46.560998:24.581061 46.561826:24.581756 46.562542:24.582765
7780,46.562542:24.582765 46.562313:24.583693 46.562163:24.584493
7781,46.562163:24.584493 46.563096:24.584723 46.563671:24.585160
7782,46.563671:24.585160 46.564349:24.586025 46.565189:24.586895
7783,46.565189:24.586895 46.565521:24.587202 46.565843:24.587640
7784,46.565843:24.587640 46.566217:24.588207 46.566601:24.588639
7785,46.566601:24.588639 46.567533:24.589971 46.568340:24.591215
7786,46.568340:24.591215 46.568737:24.591522 46.569260:24.592046
7787,46.569260:24.592046 46.569703:24.592263 46.570230:24.592573
7788,46.570230:24.592573 46.571253:24.593816 46.572068:24.594862
7789,46.572068:24.594862 46.572582:24.595077 46.573095:24.595596
7790,46.573095:24.595596 46.573881:24.596488 46.574487:24.597470
7791,46.574487:24.597470 46.574588:24.597879 46.574692:24.598256
7792,46.574692:24.598256 46.575237:24.598494 46.575848:24.598943
7793,46.575848:24.598943 46.576428:24.600285 46.576912:24.601708
7794,46.576912:24.601708 46.577421:24.602085 46.578008:24.602217
7795,46.515177:24.529355 46.515616:24.529829 46.515989:24.530407
7796,46.515989:24.530407 46.516642:24.530475 46.517294:24.530801
7797,46.517294:24.530801 46.517749:24.531422 46.518051:24.532140
7798,46.518051:24.532140 46.518726:24.532948 46.519229:24.533858
7799,46.519229:24.533858 46.519997:24.535449 46.520557:24.536836
7800,46.520557:24.536836 46.520875:24.537318 46.521369:24.537735
7801,46.521369:24.537735 46.521490:24.538021 46.521599:24.538318
7802,46.521599:24.538318 46.522721:24.538887 46.523781:24.539497
7803,46.523781:24.539497 46.524195:24.539848 46.524678:24.540284
7804,46.524678:24.540284 46.525396:24.541184 46.526238:24.542186
7805,46.526238:24.542186 46.526566:24.543072 46.526628:24.543924
7806,46.526628:24.543924 46.526970:24.544558 46.527520:24.545223
7807,46.527520:24.545223 46.528329:24.545530 46.528993:24.545702
7808,46.528993:24.545702 46.529435:24.546242 46.529828:24.547067
7809,46.529828:24.547067 46.530039:24.547674 46.530373:24.548280
7810,46.530373:24.548280 46.531173:24.549379 46.531907:24.550070
7811,46.531907:24.550070 46.532174:24.550561 46.532588:24.551077
7812,46.532588:24.551077 46.533609:24.551624 46.534560:24.552247
7813,46.534560:24.552247 46.534875:24.553232 46.535103:24.554191
7814,46.535103:24.554191 46.535895:24.554506 46.536666:24.555059
7815,46.536666:24.555059 46.536689:24.555360 46.536801:24.555878
7816,46.536801:24.555878 46.537431:24.556570 46.538216:24.557178
7817,46.538216:24.557178 46.538975:24.558244 46.539699:24.559046
7818,46.539699:24.559046 46.540321:24.559470 46.540939:24.559731
7819,46.540939:24.559731 46.541266:24.560800 46.541659:24.562003
7820,46.541659:24.562003 46.542056:24.562792 46.542542:24.563553
7821,46.542542:24.563553 46.543195:24.564019 46.543728:24.564253
7822,46.543728:24.564253 46.544172:24.564466 46.544560:24.564558
7823,46.544560:24.564558 46.545283:24.566036 46.546109:24.567594
7824,46.546109:24.567594 46.546103:24.568237 46.546282:24.568882
7825,46.546282:24.568882 46.547090:24.569212 46.547876:24.569636
7826,46.547876:24.569636 46.548331:24.570691 46.548844:24.571535
7827,46.548844:24.571535 46.549470:24.572088 46.550366:24.572443
7828,46.550366:24.572443 46.551108:24.572678 46.551654:24.573065
7829,46.551654:24.573065 46.552107:24.574280 46.552656:24.575360
7830,46.552656:24.575360 46.553028:24.575913 46.553448:24.576348
7831,46.553448:24.576348 46.554011:24.577355 46.554571:24.578176
7832,46.554571:24.578176 46.554920:24.578944 46.555257:24.579461
7833,46.555257:24.579461 46.556030:24.579691 46.556877:24.580202
7834,46.556877:24.580202 46.557493:24.580936 46.558136:24.581789
7835,46.558136:24.581789 46.558676:24.582089 46.559372:24.582438
7836,46.559372:24.582438 46.559542:24.583192 46.559645:24.584147
7837,46.559645:24.584147 46.560648:24.584681 46.561439:24.585552
7838,46.561439:24.585552 46.561765:24.586069 46.562070:24.586784
7839,46.562070:24.586784 46.562623:24.587374 46.563198:24.587998
7840,46.563198:24.587998 46.563522:24.588636 46.563530:24.589159
7841,46.563530:24.589159 46.564147:24.589464 46.564953:24.589548
7842,46.564953:24.589548 46.565715:24.590731 46.566407:24.591887
7843,46.566407:24.591887 46.567006:24.592381 46.567683:24.593097
7844,46.567683:24.593097 46.568035:24.593715 46.568294:24.594347
7845,46.568294:24.594347 46.569035:24.595165 46.569713:24.595658
7846,46.569713:24.595658 46.569896:24.596198 46.570074:24.596829
7847,46.570074:24.596829 46.570665:24.597347 46.571215:24.597875
7848,46.571215:24.597875 46.571839:24.598592 46.572564:24.599081
7849,46.572564:24.599081 46.573125:24.599918 46.573472:24.600515
7850,46.573472:24.600515 46.574253:24.601860 46.575111:24.603141
7851,46.575111:24.603141 46.575487:24.602946 46.575681:24.602692
7852,46.575681:24.602692 46.576389:24.604296 46.576896:24.605824
7853,46.576896:24.605824 46.577158:24.605798 46.577537:24.606056
7854,46.515107:24.533023 46.515581:24.533874 46.516044:24.534777
7855,46.516044:24.534777 46.516790:24.534961 46.517815:24.534861
7856,46.517815:24.534861 46.518014:24.535584 46.518122:24.536319
7857,46.518122:24.536319 46.518699:24.537179 46.519435:24.538157
7858,46.519435:24.538157 46.520149:24.538567 46.520921:24.539008
7859,46.520921:24.539008 46.521242:24.540153 46.521475:24.541292
7860,46.521475:24.541292 46.522113:24.541875 46.522773:24.542341
7861,46.522773:24.542341 46.523134:24.542352 46.523510:24.542396
7862,46.523510:24.542396 46.524171:24.543680 46.524717:24.545138
7863,46.524717:24.545138 46.524914:24.545751 46.525229:24.546365
7864,46.525229:24.546365 46.526192:24.546999 46.527173:24.547587
7865,46.527173:24.547587 46.527666:24.548069 46.528152:24.548688
7866,46.528152:24.548688 46.528610:24.549380 46.529028:24.550442
7867,46.529028:24.550442 46.529336:24.550805 46.529579:24.551243
7868,46.529579:24.551243 46.530380:24.551979 46.531338:24.552599
7869,46.531338:24.552599 46.531670:24.553472 46.531907:24.554163
7870,46.531907:24.554163 46.532561:24.554221 46.533219:24.554373
7871,46.533219:24.554373 46.533606:24.555293 46.533959:24.556456
7872,46.533959:24.556456 46.534427:24.557451 46.535090:24.558547
7873,46.535090:24.558547 46.535582:24.558818 46.536401:24.559223
7874,46.536401:24.559223 46.536957:24.560117 46.537479:24.560647
7875,46.537479:24.560647 46.537975:24.560874 46.538564:24.560973
7876,46.538564:24.560973 46.539079:24.561949 46.539722:24.563174
7877,46.539722:24.563174 46.540305:24.563573 46.540830:24.564073
7878,46.540830:24.564073 46.541330:24.565090 46.541964:24.566070
7879,46.541964:24.566070 46.542468:24.566165 46.542919:24.566436
7880,46.542919:24.566436 46.543506:24.567020 46.543985:24.567446
7881,46.543985:24.567446 46.544632:24.568629 46.545169:24.569595
7882,46.545169:24.569595 46.545579:24.570317 46.545988:24.570930
7883,46.545988:24.570930 46.546390:24.571240 46.546724:24.571517
7884,46.546724:24.571517 46.547395:24.572133 46.548011:24.572938
7885,46.548011:24.572938 46.548701:24.573871 46.549170:24.574990
7886,46.549170:24.574990 46.549775:24.575691 46.550399:24.576557
7887,46.550399:24.576557 46.551083:24.576911 46.551691:24.577097
7888,46.551691:24.577097 46.551768:24.577956 46.551972:24.578793
7889,46.551972:24.578793 46.552541:24.579296 46.553251:24.580117
7890,46.553251:24.580117 46.553781:24.580733 46.554491:24.581462
7891,46.554491:24.581462 46.554955:24.582098 46.555406:24.582763
7892,46.555406:24.582763 46.556056:24.583569 46.556720:24.584386
7893,46.556720:24.584386 46.557079:24.584802 46.557562:24.585425
7894,46.557562:24.585425 46.558083:24.585759 46.558754:24.585810
7895,46.558754:24.585810 46.559157:24.586778 46.559492:24.587849
7896,46.559492:24.587849 46.560057:24.588107 46.560548:24.588347
7897,46.560548:24.588347 46.561277:24.589057 46.562148:24.589867
7898,46.562148:24.589867 46.562315:24.590365 46.562553:24.591115
7899,46.562553:24.591115 46.563215:24.592250 46.563710:24.593282
7900,46.563710:24.593282 46.564593:24.594167 46.565165:24.594899
7901,46.565165:24.594899 46.565704:24.595234 46.566358:24.595590
7902,46.566358:24.595590 46.566838:24.596751 46.567368:24.597661
7903,46.567368:24.597661 46.567930:24.597808 46.568454:24.597821
7904,46.568454:24.597821 46.569067:24.598753 46.569596:24.599420
7905,46.569596:24.599420 46.570013:24.600699 46.570361:24.601854
7906,46.570361:24.601854 46.570861:24.601936 46.571512:24.602024
7907,46.571512:24.602024 46.572269:24.603127 46.572881:24.603912
7908,46.572881:24.603912 46.573132:24.604421 46.573538:24.604816
7909,46.573538:24.604816 46.574158:24.605520 46.574825:24.606198
7910,46.574825:24.606198 46.575506:24.606520 46.576176:24.606977
7911,46.576176:24.606977 46.576549:24.607734 46.576861:24.608498
7912,46.576861:24.608498 46.577599:24.608932 46.578309:24.609632
7913,46.514769:24.537729 46.515361:24.538150 46.515948:24.538541
7914,46.515948:24.538541 46.516810:24.539004 46.517796:24.539511
7915,46.517796:24.539511 46.517929:24.539834 46.518139:24.540051
7916,46.518139:24.540051 46.518891:24.541334 46.519540:24.542122
7917,46.519540:24.542122 46.520067:24.543359 46.520662:24.544448
7918,46.520662:24.544448 46.521011:24.544585 46.521270:24.544535
7919,46.521270:24.544535 46.521886:24.545098 46.522553:24.545857
7920,46.522553:24.545857 46.523145:24.546865 46.523594:24.548371
7921,46.523594:24.548371 46.524066:24.548726 46.524615:24.549096
7922,46.524615:24.549096 46.525458:24.549673 46.526293:24.550296
7923,46.526293:24.550296 46.526846:24.550578 46.527078:24.551065
7924,46.527078:24.551065 46.527322:24.551669 46.527550:24.552371
7925,46.527550:24.552371 46.528305:24.553406 46.529137:24.554612
7926,46.529137:24.554612 46.529755:24.555041 46.530291:24.555632
7927,46.530291:24.555632 46.531091:24.556029 46.531666:24.556408
7928,46.531666:24.556408 46.531623:24.557173 46.531648:24.557780
7929,46.531648:24.557780 46.532525:24.558466 46.533417:24.559266
7930,46.533417:24.559266 46.533972:24.560020 46.534539:24.560787
7931,46.534539:24.560787 46.534783:24.561120 46.534949:24.561595
7932,46.534949:24.561595 46.535619:24.562144 46.536145:24.562731
7933,46.536145:24.562731 46.536668:24.563280 46.537317:24.563974
7934,46.537317:24.563974 46.537992:24.564867 46.538612:24.565768
7935,46.538612:24.565768 46.539177:24.566479 46.539639:24.566904
7936,46.539639:24.566904 46.540406:24.567465 46.541231:24.568105
7937,46.541231:24.568105 46.541505:24.568933 46.541651:24.569703
7938,46.541651:24.569703 46.542147:24.570228 46.542651:24.570944
7939,46.542651:24.570944 46.543557:24.571541 46.544454:24.572053
7940,46.544454:24.572053 46.544510:24.572519 46.544691:24.572842
7941,46.544691:24.572842 46.545362:24.573642 46.545940:24.574225
7942,46.545940:24.574225 46.546541:24.575095 46.547218:24.576141
7943,46.547218:24.576141 46.547486:24.576760 46.547836:24.577427
7944,46.547836:24.577427 46.548482:24.578198 46.549288:24.578768
7945,46.549288:24.578768 46.549544:24.579441 46.550009:24.580053
7946,46.550009:24.580053 46.550978:24.580654 46.551935:24.581328
7947,46.551935:24.581328 46.552050:24.581996 46.552197:24.582466
7948,46.552197:24.582466 46.552933:24.583507 46.553712:24.584438
7949,46.553712:24.584438 46.553823:24.584353 46.554070:24.584189
7950,46.554070:24.584189 46.554930:24.585714 46.555643:24.587312
7951,46.555643:24.587312 46.555947:24.587536 46.556195:24.587630
7952,46.556195:24.587630 46.556902:24.588438 46.557419:24.589076
7953,46.557419:24.589076 46.558142:24.589487 46.558872:24.589938
7954,46.558872:24.589938 46.559607:24.590920 46.560201:24.592144
7955,46.560201:24.592144 46.560683:24.592842 46.560946:24.593836
7956,46.560946:24.593836 46.561767:24.594005 46.562499:24.594238
7957,46.562499:24.594238 46.562878:24.594917 46.563340:24.595483
7958,46.563340:24.595483 46.563722:24.596112 46.564269:24.596922
7959,46.564269:24.596922 46.564981:24.597577 46.565768:24.598175
7960,46.565768:24.598175 46.565696:24.598761 46.565665:24.599415
7961,46.565665:24.599415 46.566563:24.599888 46.567215:24.600476
7962,46.567215:24.600476 46.568172:24.601154 46.569073:24.601684
7963,46.569073:24.601684 46.569030:24.602312 46.569072:24.603023
7964,46.569072:24.603023 46.569714:24.604129 46.570472:24.605298
7965,46.570472:24.605298 46.570715:24.606111 46.571032:24.606995
7966,46.571032:24.606995 46.571785:24.607487 46.572596:24.608160
7967,46.572596:24.608160 46.573591:24.608648 46.574491:24.609077
7968,46.574491:24.609077 46.574777:24.609570 46.575004:24.610037
7969,46.514880:24.540822 46.515665:24.541061 46.516307:24.541502
7970,46.516307:24.541502 46.516760:24.542598 46.517238:24.543850
7971,46.517238:24.543850 46.517859:24.543883 46.518424:24.543990
7972,46.518424:24.543990 46.519044:24.545152 46.519374:24.546319
7973,46.519374:24.546319 46.519628:24.546912 46.520118:24.547679
7974,46.520118:24.547679 46.520723:24.548231 46.521317:24.548976
7975,46.521317:24.548976 46.521815:24.549436 46.522168:24.549985
7976,46.522168:24.549985 46.522455:24.550729 46.522885:24.551468
7977,46.522885:24.551468 46.524046:24.551896 46.525169:24.552496
7978,46.525169:24.552496 46.525465:24.553263 46.525637:24.553855
7979,46.525637:24.553855 46.526331:24.554345 46.527140:24.555156
7980,46.527140:24.555156 46.527528:24.555747 46.528083:24.556134
7981,46.528083:24.556134 46.528319:24.556819 46.528564:24.557494
7982,46.528564:24.557494 46.529177:24.558357 46.529755:24.559077
7983,46.529755:24.559077 46.530666:24.559357 46.531474:24.559198
7984,46.531474:24.559198 46.531707:24.560487 46.531810:24.561579
7985,46.531810:24.561579 46.532352:24.562352 46.532975:24.563495
7986,46.532975:24.563495 46.533332:24.564027 46.533572:24.564681
7987,46.533572:24.564681 46.534249:24.565242 46.534956:24.565702
7988,46.534956:24.565702 46.535936:24.566444 46.536799:24.567415
7989,46.536799:24.567415 46.537392:24.567847 46.538003:24.568265
7990,46.538003:24.568265 46.538153:24.568627 46.538394:24.569064
7991,46.538394:24.569064 46.538991:24.569959 46.539497:24.570750
7992,46.539497:24.570750 46.539887:24.571376 46.540379:24.572260
7993,46.540379:24.572260 46.541034:24.573058 46.541811:24.573836
7994,46.541811:24.573836 46.542124:24.574355 46.542297:24.574737
7995,46.542297:24.574737 46.543107:24.575725 46.543930:24.576747
7996,46.543930:24.576747 46.544688:24.577258 46.545427:24.577511
7997,46.545427:24.577511 46.545812:24.578577 46.546353:24.579337
7998,46.546353:24.579337 46.546966:24.579686 46.547463:24.579791
7999,46.547463:24.579791 46.547687:24.580037 46.547961:24.580554
8000,46.547961:24.580554 46.548787:24.580980 46.549450:24.581552
8001,46.549450:24.581552 46.549704:24.582109 46.549962:24.582792
8002,46.549962:24.582792 46.550507:24.584286 46.550858:24.585561
8003,46.550858:24.585561 46.551722:24.586392 46.552667:24.586981
8004,46.552667:24.586981 46.553026:24.587035 46.553414:24.587112
8005,46.553414:24.587112 46.554106:24.587709 46.554670:24.588425
8006,46.554670:24.588425 46.555211:24.589440 46.555819:24.590492
8007,46.555819:24.590492 46.556385:24.590806 46.557044:24.591139
8008,46.557044:24.591139 46.557530:24.592142 46.558014:24.592966
8009,46.558014:24.592966 46.558506:24.593278 46.559071:24.593793
8010,46.559071:24.593793 46.559593:24.594501 46.560221:24.595192
8011,46.560221:24.595192 46.560628:24.596291 46.561156:24.597275
8012,46.561156:24.597275 46.561654:24.598237 46.562065:24.599121
8013,46.562065:24.599121 46.562660:24.599412 46.563232:24.599375
8014,46.563232:24.599375 46.563583:24.600096 46.563838:24.600635
8015,46.563838:24.600635 46.564567:24.601291 46.565287:24.601990
8016,46.565287:24.601990 46.565529:24.602854 46.565934:24.603786
8017,46.565934:24.603786 46.566338:24.604349 46.566720:24.604987
8018,46.566720:24.604987 46.567690:24.605262 46.568644:24.605499
8019,46.568644:24.605499 46.569382:24.606481 46.570121:24.607478
8020,46.570121:24.607478 46.570554:24.608260 46.570848:24.608907
8021,46.570848:24.608907 46.571015:24.609452 46.571340:24.610353
8022,46.514818:24.545332 46.515621:24.545795 46.516347:24.546151
8023,46.516347:24.546151 46.516990:24.546981 46.517448:24.547437
8024,46.517448:24.547437 46.517838:24.548175 46.518214:24.548808
8025,46.518214:24.548808 46.519263:24.548965 46.520249:24.549160
8026,46.520249:24.549160 46.520358:24.550284 46.520512:24.551241
8027,46.520512:24.551241 46.520739:24.552028 46.521057:24.552956
8028,46.521057:24.552956 46.521643:24.553004 46.522157:24.553049
8029,46.522157:24.553049 46.522768:24.554181 46.523271:24.555052
8030,46.523271:24.555052 46.524277:24.555693 46.525230:24.556441
8031,46.525230:24.556441 46.525600:24.557251 46.525834:24.557975
8032,46.525834:24.557975 46.526345:24.558672 46.526782:24.559195
8033,46.526782:24.559195 46.527541:24.559723 46.528378:24.560181
8034,46.528378:24.560181 46.528604:24.560652 46.529056:24.561188
8035,46.529056:24.561188 46.529576:24.562212 46.529887:24.563370
8036,46.529887:24.563370 46.530310:24.563740 46.530603:24.564309
8037,46.530603:24.564309 46.531205:24.565271 46.531862:24.566251
8038,46.531862:24.566251 46.532787:24.566546 46.533735:24.566919
8039,46.533735:24.566919 46.534173:24.567571 46.534779:24.568219
8040,46.534779:24.568219 46.535378:24.568795 46.535996:24.569607
8041,46.535996:24.569607 46.536513:24.570302 46.536775:24.571083
8042,46.536775:24.571083 46.537096:24.571882 46.537472:24.572805
8043,46.537472:24.572805 46.538266:24.573092 46.539136:24.573468
8044,46.539136:24.573468 46.539476:24.574634 46.539826:24.575497
8045,46.539826:24.575497 46.539921:24.576105 46.540150:24.576581
8046,46.540150:24.576581 46.541112:24.577090 46.541906:24.577611
8047,46.541906:24.577611 46.542405:24.578260 46.543066:24.578599
8048,46.543066:24.578599 46.543391:24.579371 46.543869:24.580071
8049,46.543869:24.580071 46.544154:24.580514 46.544468:24.580948
8050,46.544468:24.580948 46.545184:24.581720 46.546148:24.582445
8051,46.546148:24.582445 46.546645:24.583175 46.546968:24.583923
8052,46.546968:24.583923 46.547463:24.584513 46.547981:24.585074
8053,46.547981:24.585074 46.548957:24.585480 46.549629:24.586090
8054,46.549629:24.586090 46.549749:24.586810 46.550110:24.587408
8055,46.550110:24.587408 46.551050:24.588114 46.552079:24.588845
8056,46.552079:24.588845 46.552268:24.589760 46.552606:24.590489
8057,46.552606:24.590489 46.552987:24.591026 46.553360:24.591572
8058,46.553360:24.591572 46.553882:24.591968 46.554333:24.592114
8059,46.554333:24.592114 46.554799:24.593212 46.555348:24.594399
8060,46.555348:24.594399 46.556124:24.594959 46.556861:24.595567
8061,46.556861:24.595567 46.557381:24.596433 46.557682:24.597170
8062,46.557682:24.597170 46.558214:24.597759 46.558695:24.598440
8063,46.558695:24.598440 46.559339:24.599275 46.559855:24.600155
8064,46.559855:24.600155 46.560336:24.600687 46.560785:24.601196
8065,46.560785:24.601196 46.561355:24.601531 46.561925:24.601800
8066,46.561925:24.601800 46.562426:24.602250 46.563139:24.602738
8067,46.563139:24.602738 46.563482:24.603961 46.564031:24.605273
8068,46.564031:24.605273 46.564752:24.605719 46.565374:24.606264
8069,46.565374:24.606264 46.565760:24.607267 46.566065:24.608079
8070,46.566065:24.608079 46.566140:24.608292 46.566341:24.608548
8071,46.566341:24.608548 46.567264:24.609217 46.568321:24.609982
8072,46.515017:24.549283 46.516140:24.549382 46.517029:24.549484
8073,46.517029:24.549484 46.517213:24.549854 46.517359:24.550138
8074,46.517359:24.550138 46.517538:24.551315 46.517744:24.552381
8075,46.517744:24.552381 46.518548:24.553190 46.519188:24.554078
8076,46.519188:24.554078 46.519912:24.554447 46.520502:24.554787
8077,46.520502:24.554787 46.520890:24.555816 46.521166:24.556719
8078,46.521166:24.556719 46.521596:24.557083 46.522258:24.557505
8079,46.522258:24.557505 46.522840:24.558522 46.523593:24.559213
8080,46.523593:24.559213 46.524143:24.559878 46.524797:24.560625
8081,46.524797:24.560625 46.525394:24.560977 46.526189:24.561287
8082,46.526189:24.561287 46.526714:24.562456 46.527347:24.563521
8083,46.527347:24.563521 46.527568:24.564086 46.527881:24.564619
8084,46.527881:24.564619 46.528383:24.565082 46.528860:24.565503
8085,46.528860:24.565503 46.529162:24.565985 46.529490:24.566678
8086,46.529490:24.566678 46.529924:24.567971 46.530344:24.569404
8087,46.530344:24.569404 46.531246:24.569544 46.532047:24.569724
8088,46.532047:24.569724 46.532696:24.570526 46.533467:24.571199
8089,46.533467:24.571199 46.533910:24.571768 46.534657:24.572030
8090,46.534657:24.572030 46.534925:24.572699 46.535351:24.573624
8091,46.535351:24.573624 46.535942:24.574372 46.536399:24.575121
8092,46.536399:24.575121 46.536625:24.575539 46.536948:24.575985
8093,46.536948:24.575985 46.538249:24.576679 46.539539:24.577442
8094,46.539539:24.577442 46.539220:24.577934 46.538975:24.578443
8095,46.538975:24.578443 46.539869:24.579221 46.540503:24.580107
8096,46.540503:24.580107 46.541169:24.581049 46.541913:24.582248
8097,46.541913:24.582248 46.542121:24.582554 46.542254:24.582803
8098,46.542254:24.582803 46.543170:24.583706 46.544076:24.584666
8099,46.544076:24.584666 46.544553:24.584934 46.544953:24.585249
8100,46.544953:24.585249 46.545504:24.586024 46.545986:24.586641
8101,46.545986:24.586641 46.546555:24.586861 46.547104:24.586976
8102,46.547104:24.586976 46.547965:24.588033 46.548864:24.589014
8103,46.548864:24.589014 46.548773:24.589511 46.548608:24.589993
8104,46.548608:24.589993 46.549524:24.590720 46.550568:24.591150
8105,46.550568:24.591150 46.551151:24.591888 46.551816:24.592590
8106,46.551816:24.592590 46.552330:24.593459 46.552877:24.594129
8107,46.552877:24.594129 46.553226:24.595060 46.553488:24.595835
8108,46.553488:24.595835 46.553772:24.597126 46.554138:24.598076
8109,46.554138:24.598076 46.554767:24.598147 46.555460:24.598069
8110,46.555460:24.598069 46.556074:24.599311 46.556771:24.600454
8111,46.556771:24.600454 46.557044:24.600767 46.557159:24.601148
8112,46.557159:24.601148 46.557785:24.602029 46.558455:24.602943
8113,46.558455:24.602943 46.559078:24.603453 46.559632:24.603969
8114,46.559632:24.603969 46.560631:24.604088 46.561646:24.604279
8115,46.561646:24.604279 46.561643:24.605458 46.561635:24.606703
8116,46.561635:24.606703 46.562467:24.606603 46.563168:24.606686
8117,46.563168:24.606686 46.563675:24.607839 46.564134:24.609040
8118,46.564134:24.609040 46.564644:24.609655 46.565131:24.610352
8119,46.515174:24.552581 46.515621:24.553394 46.516146:24.554200
8120,46.516146:24.554200 46.516610:24.554841 46.517112:24.555452
8121,46.517112:24.555452 46.517728:24.555600 46.518375:24.555808
8122,46.518375:24.555808 46.518858:24.556439 46.519270:24.557362
8123,46.519270:24.557362 46.519944:24.558510 46.520456:24.559532
8124,46.520456:24.559532 46.520843:24.560170 46.521180:24.560800
8125,46.521180:24.560800 46.522224:24.561604 46.523347:24.562605
8126,46.523347:24.562605 46.523475:24.562822 46.523643:24.563067
8127,46.523643:24.563067 46.524076:24.563381 46.524467:24.563851
8128,46.524467:24.563851 46.524803:24.564346 46.525315:24.564821
8129,46.525315:24.564821 46.526024:24.565581 46.526723:24.566668
8130,46.526723:24.566668 46.526861:24.567472 46.526994:24.568544
8131,46.526994:24.568544 46.527842:24.569077 46.528820:24.569569
8132,46.528820:24.569569 46.529192:24.570019 46.529650:24.570540
8133,46.529650:24.570540 46.530245:24.571668 46.530830:24.572820
8134,46.530830:24.572820 46.531461:24.573364 46.532013:24.573926
8135,46.532013:24.573926 46.532865:24.574263 46.533593:24.574469
8136,46.533593:24.574469 46.533947:24.575395 46.534248:24.576520
8137,46.534248:24.576520 46.534967:24.576896 46.535583:24.577234
8138,46.535583:24.577234 46.536041:24.577587 46.536385:24.578051
8139,46.536385:24.578051 46.536943:24.579219 46.537504:24.580611
8140,46.537504:24.580611 46.538115:24.580732 46.538773:24.580860
8141,46.538773:24.580860 46.539381:24.581954 46.539973:24.582981
8142,46.539973:24.582981 46.540359:24.582973 46.540948:24.583229
8143,46.540948:24.583229 46.541304:24.584361 46.541615:24.585455
8144,46.541615:24.585455 46.542199:24.586182 46.542529:24.586732
8145,46.542529:24.586732 46.543417:24.587002 46.544430:24.587185
8146,46.544430:24.587185 46.544977:24.588026 46.545422:24.589000
8147,46.545422:24.589000 46.545266:24.589623 46.545248:24.589902
8148,46.545248:24.589902 46.546194:24.591243 46.547231:24.592463
8149,46.547231:24.592463 46.547953:24.593070 46.548632:24.593357
8150,46.548632:24.593357 46.548883:24.593810 46.549049:24.594083
8151,46.549049:24.594083 46.549539:24.594973 46.549969:24.595808
8152,46.549969:24.595808 46.550539:24.596633 46.551060:24.597645
8153,46.551060:24.597645 46.551892:24.597827 46.552711:24.597752
8154,46.552711:24.597752 46.552986:24.598587 46.553322:24.599285
8155,46.553322:24.599285 46.554092:24.599752 46.554697:24.600547
8156,46.554697:24.600547 46.554945:24.601273 46.555398:24.602098
8157,46.555398:24.602098 46.556161:24.603057 46.556790:24.603953
8158,46.556790:24.603953 46.557687:24.604355 46.558404:24.604421
8159,46.558404:24.604421 46.558422:24.605501 46.558465:24.606260
8160,46.558465:24.606260 46.559212:24.606806 46.559932:24.607386
8161,46.559932:24.607386 46.560411:24.608251 46.560906:24.608905
8162,46.560906:24.608905 46.561467:24.609504 46.562032:24.609995
8163,46.515504:24.556685 46.515653:24.556981 46.515708:24.557165
8164,46.515708:24.557165 46.516577:24.558460 46.517600:24.559945
8165,46.517600:24.559945 46.517818:24.559928 46.518181:24.560093
8166,46.518181:24.560093 46.518905:24.560899 46.519532:24.561877
8167,46.519532:24.561877 46.519978:24.562471 46.520350:24.562915
8168,46.520350:24.562915 46.520797:24.563618 46.521374:24.564047
8169,46.521374:24.564047 46.522035:24.565038 46.522933:24.565617
8170,46.522933:24.565617 46.523415:24.566387 46.523971:24.567198
8171,46.523971:24.567198 46.524108:24.567845 46.524135:24.568678
8172,46.524135:24.568678 46.524764:24.569137 46.525113:24.569423
8173,46.525113:24.569423 46.526021:24.570049 46.526727:24.570682
8174,46.526727:24.570682 46.527456:24.571891 46.528459:24.572953
8175,46.528459:24.572953 46.528740:24.573629 46.529140:24.574260
8176,46.529140:24.574260 46.529362:24.574722 46.529604:24.575183
8177,46.529604:24.575183 46.530270:24.575616 46.530903:24.575828
8178,46.530903:24.575828 46.531516:24.576829 46.532275:24.577659
8179,46.532275:24.577659 46.532655:24.578329 46.533157:24.578941
8180,46.533157:24.578941 46.533575:24.579109 46.534123:24.579543
8181,46.534123:24.579543 46.534286:24.580198 46.534382:24.580659
8182,46.534382:24.580659 46.535582:24.582070 46.536742:24.583356
8183,46.536742:24.583356 46.536879:24.583646 46.537029:24.583842
8184,46.537029:24.583842 46.537962:24.584140 46.538913:24.584616
8185,46.538913:24.584616 46.539133:24.585490 46.539451:24.586292
8186,46.539451:24.586292 46.540129:24.586725 46.540766:24.587393
8187,46.540766:24.587393 46.541215:24.588056 46.541700:24.588769
8188,46.541700:24.588769 46.542257:24.589899 46.542939:24.591099
8189,46.542939:24.591099 46.543137:24.591342 46.543344:24.591729
8190,46.543344:24.591729 46.544019:24.592625 46.544781:24.593479
8191,46.544781:24.593479 46.545377:24.594218 46.546008:24.594857
8192,46.546008:24.594857 46.546714:24.594857 46.547452:24.594908
8193,46.547452:24.594908 46.548320:24.596203 46.548850:24.597602
8194,46.548850:24.597602 46.549335:24.598330 46.549719:24.598966
8195,46.549719:24.598966 46.550102:24.599489 46.550442:24.599905
8196,46.550442:24.599905 46.550668:24.600337 46.551025:24.600895
8197,46.551025:24.600895 46.551803:24.602095 46.552407:24.603382
8198,46.552407:24.603382 46.553243:24.603677 46.553836:24.603720
8199,46.553836:24.603720 46.554119:24.603941 46.554557:24.604351
8200,46.554557:24.604351 46.555019:24.604888 46.555386:24.605577
8201,46.555386:24.605577 46.556427:24.606536 46.557447:24.607500
8202,46.557447:24.607500 46.557166:24.608273 46.556981:24.609038
8203,46.556981:24.609038 46.558034:24.609592 46.559024:24.609920
8204,46.514842:24.559866 46.515385:24.560483 46.516068:24.561226
8205,46.516068:24.561226 46.516481:24.562038 46.516996:24.562605
8206,46.516996:24.562605 46.517586:24.562860 46.518142:24.563123
8207,46.518142:24.563123 46.518796:24.564409 46.519430:24.565414
8208,46.519430:24.565414 46.519854:24.565624 46.520326:24.565994
8209,46.520326:24.565994 46.520556:24.567439 46.520804:24.568779
8210,46.520804:24.568779 46.521631:24.569103 46.522470:24.569424
8211,46.522470:24.569424 46.523255:24.570364 46.524187:24.571234
8212,46.524187:24.571234 46.524305:24.571781 46.524388:24.572328
8213,46.524388:24.572328 46.525079:24.573006 46.525697:24.573724
8214,46.525697:24.573724 46.526267:24.574982 46.526723:24.575944
8215,46.526723:24.575944 46.527059:24.575807 46.527645:24.575693
8216,46.527645:24.575693 46.528503:24.576564 46.529305:24.577407
8217,46.529305:24.577407 46.529493:24.577940 46.529568:24.578513
8218,46.529568:24.578513 46.529706:24.579089 46.529843:24.579698
8219,46.529843:24.579698 46.530788:24.580628 46.531647:24.581649
8220,46.531647:24.581649 46.532494:24.582560 46.533349:24.583199
8221,46.533349:24.583199 46.534006:24.583407 46.534835:24.583462
8222,46.534835:24.583462 46.535245:24.584352 46.535655:24.585431
8223,46.535655:24.585431 46.535971:24.586140 46.536292:24.586917
8224,46.536292:24.586917 46.536579:24.587420 46.537000:24.587744
8225,46.537000:24.587744 46.537508:24.588280 46.538162:24.589031
8226,46.538162:24.589031 46.538948:24.589692 46.539840:24.590067
8227,46.539840:24.590067 46.539966:24.591393 46.540218:24.592429
8228,46.540218:24.592429 46.540907:24.592770 46.541509:24.592789
8229,46.541509:24.592789 46.542535:24.593449 46.543335:24.594222
8230,46.543335:24.594222 46.543464:24.594746 46.543552:24.595547
8231,46.543552:24.595547 46.544463:24.596145 46.545190:24.596787
8232,46.545190:24.596787 46.545480:24.597512 46.545789:24.598044
8233,46.545789:24.598044 46.546299:24.598612 46.546991:24.599211
8234,46.546991:24.599211 46.547623:24.600163 46.548207:24.600976
8235,46.548207:24.600976 46.548653:24.601408 46.549030:24.602259
8236,46.549030:24.602259 46.549406:24.603388 46.549786:24.604393
8237,46.549786:24.604393 46.550788:24.605000 46.551656:24.605396
8238,46.551656:24.605396 46.551874:24.605785 46.552198:24.606076
8239,46.552198:24.606076 46.552671:24.606879 46.553211:24.607413
8240,46.553211:24.607413 46.553716:24.607952 46.554286:24.608501
8241,46.554286:24.608501 46.554605:24.609612 46.554960:24.610299
8242,46.514490:24.564456 46.515488:24.565095 46.516414:24.565572
8243,46.516414:24.565572 46.517061:24.566441 46.517732:24.567402
8244,46.517732:24.567402 46.517967:24.567562 46.518255:24.567641
8245,46.518255:24.567641 46.519065:24.568483 46.519923:24.569316
8246,46.519923:24.569316 46.520099:24.570598 46.520297:24.571582
8247,46.520297:24.571582 46.520670:24.571334 46.520920:24.571411
8248,46.520920:24.571411 46.521436:24.572232 46.522031:24.573137
8249,46.522031:24.573137 46.522826:24.574090 46.523613:24.574860
8250,46.523613:24.574860 46.524134:24.575160 46.524927:24.575544
8251,46.524927:24.575544 46.525066:24.576610 46.525268:24.577420
8252,46.525268:24.577420 46.525964:24.577971 46.526804:24.578528
8253,46.526804:24.578528 46.527352:24.579356 46.527831:24.580124
8254,46.527831:24.580124 46.528506:24.580310 46.529166:24.580481
8255,46.529166:24.580481 46.529520:24.581651 46.530020:24.582749
8256,46.530020:24.582749 46.530648:24.583078 46.531027:24.583700
8257,46.531027:24.583700 46.531576:24.584242 46.531932:24.585011
8258,46.531932:24.585011 46.532716:24.585474 46.533431:24.585873
8259,46.533431:24.585873 46.533726:24.586341 46.533944:24.587064
8260,46.533944:24.587064 46.534676:24.588214 46.535430:24.589436
8261,46.535430:24.589436 46.535720:24.589855 46.536041:24.590150
8262,46.536041:24.590150 46.536466:24.590976 46.536939:24.591898
8263,46.536939:24.591898 46.537716:24.592287 46.538566:24.592758
8264,46.538566:24.592758 46.538885:24.593655 46.539126:24.594361
8265,46.539126:24.594361 46.539863:24.594838 46.540513:24.595189
8266,46.540513:24.595189 46.540858:24.596558 46.541192:24.597805
8267,46.541192:24.597805 46.542045:24.598077 46.542982:24.598378
8268,46.542982:24.598378 46.543614:24.598510 46.544137:24.598844
8269,46.544137:24.598844 46.544748:24.599631 46.545285:24.600229
8270,46.545285:24.600229 46.545694:24.601797 46.546099:24.603308
8271,46.546099:24.603308 46.546639:24.603397 46.547287:24.603486
8272,46.547287:24.603486 46.547896:24.604500 46.548376:24.605462
8273,46.548376:24.605462 46.548727:24.606139 46.549270:24.606819
8274,46.549270:24.606819 46.550040:24.606824 46.550740:24.606906
8275,46.550740:24.606906 46.551086:24.607689 46.551442:24.608617
8276,46.551442:24.608617 46.552168:24.609344 46.552899:24.609966
8277,46.515125:24.567930 46.515759:24.568813 46.516208:24.569750
8278,46.516208:24.569750 46.516229:24.570156 46.516380:24.570533
8279,46.516380:24.570533 46.517241:24.571305 46.518191:24.571791
8280,46.518191:24.571791 46.518884:24.572325 46.519585:24.573168
8281,46.519585:24.573168 46.520158:24.573917 46.520768:24.574463
8282,46.520768:24.574463 46.521166:24.575426 46.521581:24.576378
8283,46.521581:24.576378 46.521890:24.576681 46.522197:24.577072
8284,46.522197:24.577072 46.522771:24.577808 46.523347:24.578423
8285,46.523347:24.578423 46.524093:24.579389 46.524908:24.580271
8286,46.524908:24.580271 46.525036:24.580839 46.525237:24.581420
8287,46.525237:24.581420 46.525920:24.581892 46.526623:24.582622
8288,46.526623:24.582622 46.527219:24.583309 46.527870:24.583794
8289,46.527870:24.583794 46.528744:24.584589 46.529540:24.585560
8290,46.529540:24.585560 46.529650:24.586134 46.529419:24.586792
8291,46.529419:24.586792 46.530052:24.587059 46.530536:24.587294
8292,46.530536:24.587294 46.531337:24.588299 46.532182:24.589163
8293,46.532182:24.589163 46.532621:24.590095 46.532852:24.590854
8294,46.532852:24.590854 46.533563:24.591308 46.534202:24.591607
8295,46.534202:24.591607 46.534507:24.592076 46.534730:24.592502
8296,46.534730:24.592502 46.535287:24.593817 46.535967:24.594950
8297,46.535967:24.594950 46.536403:24.595676 46.536938:24.596229
8298,46.536938:24.596229 46.537467:24.596603 46.538140:24.596861
8299,46.538140:24.596861 46.538609:24.597579 46.539225:24.598243
8300,46.539225:24.598243 46.540321:24.598928 46.541256:24.599781
8301,46.541256:24.599781 46.541568:24.599965 46.541707:24.600192
8302,46.541707:24.600192 46.542252:24.601462 46.542734:24.602594
8303,46.542734:24.602594 46.543277:24.603008 46.543678:24.603572
8304,46.543678:24.603572 46.544341:24.604010 46.545068:24.604634
8305,46.545068:24.604634 46.545609:24.605418 46.546301:24.606150
8306,46.546301:24.606150 46.547064:24.607144 46.547650:24.608083
8307,46.547650:24.608083 46.547954:24.608332 46.548274:24.608656
8308,46.548274:24.608656 46.548621:24.609373 46.548856:24.610179
8309,46.515086:24.572369 46.515837:24.572891 46.516576:24.573397
8310,46.516576:24.573397 46.516903:24.574127 46.517296:24.574952
8311,46.517296:24.574952 46.517590:24.575199 46.517950:24.575477
8312,46.517950:24.575477 46.518713:24.575868 46.519586:24.576604
8313,46.519586:24.576604 46.520412:24.577541 46.521175:24.578396
8314,46.521175:24.578396 46.521411:24.578676 46.521715:24.578894
8315,46.521715:24.578894 46.522232:24.580017 46.522432:24.581226
8316,46.522432:24.581226 46.522921:24.582135 46.523388:24.583037
8317,46.523388:24.583037 46.523889:24.583591 46.524268:24.584142
8318,46.524268:24.584142 46.524978:24.584674 46.525812:24.585174
8319,46.525812:24.585174 46.526505:24.586208 46.527129:24.587157
8320,46.527129:24.587157 46.527743:24.587505 46.527997:24.587912
8321,46.527997:24.587912 46.528491:24.588463 46.528812:24.589109
8322,46.528812:24.589109 46.529453:24.589882 46.530128:24.590772
8323,46.530128:24.590772 46.530501:24.590966 46.530947:24.591328
8324,46.530947:24.591328 46.531810:24.592243 46.532378:24.593138
8325,46.532378:24.593138 46.532626:24.593531 46.532703:24.594090
8326,46.532703:24.594090 46.533675:24.595170 46.534825:24.596320
8327,46.534825:24.596320 46.535024:24.596661 46.535174:24.596848
8328,46.535174:24.596848 46.535736:24.597509 46.536333:24.598356
8329,46.536333:24.598356 46.536964:24.599183 46.537686:24.599820
8330,46.537686:24.599820 46.538111:24.600682 46.538349:24.601554
8331,46.538349:24.601554 46.538902:24.602331 46.539604:24.603084
8332,46.539604:24.603084 46.540223:24.603839 46.540746:24.604411
8333,46.540746:24.604411 46.540921:24.604210 46.541133:24.603854
8334,46.541133:24.603854 46.542023:24.605004 46.542972:24.606164
8335,46.542972:24.606164 46.543409:24.606498 46.543746:24.606522
8336,46.543746:24.606522 46.544353:24.607755 46.544996:24.608855
8337,46.544996:24.608855 46.545626:24.609916 46.545947:24.610495
8338,46.514451:24.576664 46.515502:24.577025 46.516566:24.577273
8339,46.516566:24.577273 46.516968:24.577723 46.517153:24.578324
8340,46.517153:24.578324 46.517594:24.579151 46.518032:24.580047
8341,46.518032:24.580047 46.518420:24.580477 46.518747:24.581209
8342,46.518747:24.581209 46.519758:24.581847 46.520539:24.582484
8343,46.520539:24.582484 46.521051:24.583178 46.521292:24.583929
8344,46.521292:24.583929 46.521877:24.584869 46.522549:24.585805
8345,46.522549:24.585805 46.522915:24.586302 46.523334:24.586814
8346,46.523334:24.586814 46.524049:24.587695 46.524819:24.588425
8347,46.524819:24.588425 46.525075:24.588372 46.525345:24.588181
8348,46.525345:24.588181 46.525943:24.589498 46.526283:24.590955
8349,46.526283:24.590955 46.526749:24.591136 46.527319:24.591327
8350,46.527319:24.591327 46.528035:24.592698 46.528879:24.593873
8351,46.528879:24.593873 46.529372:24.593948 46.530132:24.593858
8352,46.530132:24.593858 46.530436:24.594730 46.530735:24.595446
8353,46.530735:24.595446 46.531395:24.596113 46.532029:24.596619
8354,46.532029:24.596619 46.532476:24.597557 46.532741:24.598280
8355,46.532741:24.598280 46.533559:24.598618 46.534463:24.599060
8356,46.534463:24.599060 46.534951:24.600219 46.535453:24.601386
8357,46.535453:24.601386 46.536020:24.602187 46.536689:24.602770
8358,46.536689:24.602770 46.536533:24.603584 46.536480:24.604413
8359,46.536480:24.604413 46.537168:24.604617 46.537816:24.605096
8360,46.537816:24.605096 46.538394:24.605648 46.538942:24.606145
8361,46.538942:24.606145 46.539962:24.606649 46.541027:24.607245
8362,46.541027:24.607245 46.541629:24.607877 46.542231:24.608424
8363,46.542231:24.608424 46.542541:24.609313 46.542896:24.610128
8364,46.515295:24.579185 46.515775:24.580028 46.516179:24.581029
8365,46.516179:24.581029 46.516804:24.581893 46.517135:24.582688
8366,46.517135:24.582688 46.517845:24.583416 46.518589:24.583968
8367,46.518589:24.583968 46.518749:24.584543 46.518844:24.585368
8368,46.518844:24.585368 46.519507:24.585772 46.520095:24.586271
8369,46.520095:24.586271 46.520773:24.586956 46.521500:24.587589
8370,46.521500:24.587589 46.522355:24.588737 46.523019:24.589922
8371,46.523019:24.589922 46.523460:24.590182 46.523897:24.590525
8372,46.523897:24.590525 46.524435:24.591330 46.525036:24.591873
8373,46.525036:24.591873 46.525368:24.592436 46.525751:24.592973
8374,46.525751:24.592973 46.526722:24.593916 46.527623:24.594800
8375,46.527623:24.594800 46.527574:24.595318 46.527602:24.595684
8376,46.527602:24.595684 46.528413:24.596370 46.529352:24.597024
8377,46.529352:24.597024 46.529815:24.597354 46.530069:24.597571
8378,46.530069:24.597571 46.530149:24.598297 46.530247:24.598999
8379,46.530247:24.598999 46.531366:24.599507 46.532391:24.600197
8380,46.532391:24.600197 46.532695:24.601157 46.533073:24.601925
8381,46.533073:24.601925 46.533753:24.603049 46.534396:24.604004
8382,46.534396:24.604004 46.534733:24.604774 46.535018:24.605446
8383,46.535018:24.605446 46.535452:24.606129 46.535938:24.606939
8384,46.535938:24.606939 46.536763:24.607075 46.537435:24.607135
8385,46.537435:24.607135 46.538037:24.607812 46.538579:24.608564
8386,46.538579:24.608564 46.539139:24.609371 46.539715:24.610290
8387,46.515193:24.583845 46.515735:24.584782 46.516046:24.585686
8388,46.516046:24.585686 46.516700:24.586137 46.517288:24.586437
8389,46.517288:24.586437 46.517852:24.587614 46.518414:24.588878
8390,46.518414:24.588878 46.518792:24.588923 46.519089:24.588827
8391,46.519089:24.588827 46.519748:24.590029 46.520529:24.591146
8392,46.520529:24.591146 46.520966:24.591189 46.521513:24.591488
8393,46.521513:24.591488 46.522161:24.591966 46.522896:24.592475
8394,46.522896:24.592475 46.523152:24.593211 46.523305:24.594274
8395,46.523305:24.594274 46.524166:24.595200 46.524979:24.596001
8396,46.524979:24.596001 46.525171:24.596741 46.525413:24.597337
8397,46.525413:24.597337 46.526379:24.597747 46.527399:24.598141
8398,46.527399:24.598141 46.527624:24.598791 46.527766:24.599275
8399,46.527766:24.599275 46.528433:24.599937 46.529261:24.600347
8400,46.529261:24.600347 46.529632:24.600994 46.529995:24.601579
8401,46.529995:24.601579 46.530794:24.602415 46.531640:24.603106
8402,46.531640:24.603106 46.531916:24.603987 46.532335:24.604881
8403,46.532335:24.604881 46.532609:24.605530 46.532941:24.606196
8404,46.532941:24.606196 46.533714:24.606549 46.534529:24.606997
8405,46.534529:24.606997 46.535067:24.607890 46.535627:24.608860
8406,46.535627:24.608860 46.535979:24.609900 46.536416:24.610794
8407,46.514768:24.587639 46.515128:24.588112 46.515411:24.588643
8408,46.515411:24.588643 46.516170:24.589706 46.516810:24.590768
8409,46.516810:24.590768 46.517464:24.591052 46.518382:24.591669
8410,46.518382:24.591669 46.518920:24.592407 46.519373:24.593155
8411,46.519373:24.593155 46.519653:24.594179 46.519890:24.595468
8412,46.519890:24.595468 46.520640:24.595682 46.521595:24.595889
8413,46.521595:24.595889 46.521872:24.596319 46.522174:24.596797
8414,46.522174:24.596797 46.522978:24.597492 46.523778:24.598263
8415,46.523778:24.598263 46.524295:24.598670 46.524813:24.599085
8416,46.524813:24.599085 46.525107:24.600014 46.525285:24.601138
8417,46.525285:24.601138 46.525912:24.601864 46.526366:24.602652
8418,46.526366:24.602652 46.527358:24.602838 46.528305:24.602778
8419,46.528305:24.602778 46.528565:24.603809 46.528848:24.605008
8420,46.528848:24.605008 46.529390:24.605113 46.530098:24.605194
8421,46.530098:24.605194 46.530257:24.606052 46.530307:24.606705
8422,46.530307:24.606705 46.531203:24.607582 46.532084:24.608505
8423,46.532084:24.608505 46.532681:24.609006 46.533237:24.609539
8424,46.515513:24.591539 46.515729:24.592332 46.516001:24.593031
8425,46.516001:24.593031 46.516521:24.593349 46.517002:24.593732
8426,46.517002:24.593732 46.517673:24.595084 46.518291:24.596607
8427,46.518291:24.596607 46.518807:24.596697 46.519230:24.596918
8428,46.519230:24.596918 46.520085:24.597786 46.520677:24.598562
8429,46.520677:24.598562 46.521023:24.599051 46.521411:24.599440
8430,46.521411:24.599440 46.522082:24.600723 46.522482:24.601843
8431,46.522482:24.601843 46.522746:24.602044 46.522918:24.602217
8432,46.522918:24.602217 46.523567:24.603115 46.524147:24.603956
8433,46.524147:24.603956 46.524750:24.604450 46.525399:24.604774
8434,46.525399:24.604774 46.526120:24.605343 46.527019:24.606091
8435,46.527019:24.606091 46.527537:24.606467 46.528083:24.606862
8436,46.528083:24.606862 46.528652:24.608074 46.529156:24.609164
8437,46.529156:24.609164 46.529524:24.609423 46.529900:24.609631
8438,46.515492:24.595190 46.515960:24.596243 46.516254:24.597407
8439,46.516254:24.597407 46.517011:24.597998 46.517655:24.598579
8440,46.517655:24.598579 46.517791:24.599081 46.517921:24.599681
8441,46.517921:24.599681 46.518756:24.600158 46.519567:24.600529
8442,46.519567:24.600529 46.519782:24.601128 46.519958:24.601712
8443,46.519958:24.601712 46.520589:24.602343 46.521198:24.603203
8444,46.521198:24.603203 46.522178:24.604032 46.523042:24.605063
8445,46.523042:24.605063 46.523371:24.606096 46.523487:24.607165
8446,46.523487:24.607165 46.523940:24.607512 46.524556:24.607841
8447,46.524556:24.607841 46.525155:24.608532 46.525529:24.609039
8448,46.525529:24.609039 46.526404:24.609573 46.527385:24.610224
8449,46.525834:24.557975 46.526193:24.557263 46.526607:24.556631
8450,46.525420:24.572054 46.525711:24.572870 46.525958:24.573734
8451,46.526055:24.553334 46.526608:24.554266 46.527140:24.555156
8452,46.526055:24.553334 46.526824:24.552756 46.527550:24.552371
8453,46.527140:24.555156 46.527440:24.554663 46.527743:24.553902
8454,46.526735:24.576020 46.527155:24.576672 46.527618:24.577476
8455,46.527861:24.551049 46.528327:24.550696 46.529028:24.550442
8456,46.527550:24.552371 46.528302:24.551814 46.529090:24.551138
8457,46.527618:24.577476 46.528045:24.578118 46.528484:24.578877
8458,46.528872:24.578398 46.529067:24.579388 46.529284:24.580490
8459,46.529028:24.550442 46.529031:24.549367 46.529182:24.548427
8460,46.529284:24.580490 46.529530:24.581381 46.529779:24.582047
8461,46.529182:24.548427 46.529896:24.548015 46.530652:24.547728
8462,46.529779:24.582047 46.530440:24.582416 46.531165:24.582790
8463,46.530652:24.547728 46.531131:24.547447 46.531453:24.546880
8464,46.531165:24.582790 46.531789:24.583158 46.532271:24.583569
8465,46.531453:24.546880 46.532075:24.545802 46.532774:24.544735
8466,46.532271:24.583569 46.532875:24.584722 46.533453:24.585905
8467,46.532774:24.544735 46.533686:24.544123 46.534443:24.543529
8468,46.533453:24.585905 46.533692:24.586591 46.533897:24.587163
8469,46.534443:24.543529 46.534750:24.542823 46.535477:24.542245
8470,46.533897:24.587163 46.534690:24.587468 46.535285:24.587923
8471,46.535477:24.542245 46.535347:24.542649 46.535155:24.543163
8472,46.535155:24.543163 46.535631:24.542593 46.536085:24.542279
8473,46.535515:24.586308 46.535650:24.587177 46.535622:24.587912
8474,46.536085:24.542279 46.536992:24.541666 46.537826:24.541013
8475,46.535622:24.587912 46.536572:24.588296 46.537524:24.588824
8476,46.538695:24.540736 46.539089:24.540180 46.539371:24.539469
8477,46.539823:24.540660 46.540128:24.540051 46.540540:24.539333
8478,46.539229:24.589884 46.539977:24.590356 46.540503:24.590703
8479,46.540503:24.590703 46.540931:24.590938 46.541186:24.591198
8480,46.541186:24.591198 46.542136:24.591000 46.542939:24.591099
8481,46.544128:24.538873 46.544264:24.538734 46.544387:24.538513
8482,46.543221:24.590147 46.544076:24.591089 46.544969:24.591925
8483,46.544893:24.539946 46.545431:24.539188 46.546043:24.538155
8484,46.544810:24.591197 46.545180:24.591650 46.545535:24.592131
8485,46.545622:24.538832 46.546299:24.538699 46.546963:24.538621
8486,46.547726:24.539377 46.547962:24.539197 46.548300:24.538919
8487,46.546779:24.589310 46.547273:24.590506 46.547885:24.591480
8488,46.552606:24.590489 46.552947:24.589815 46.553229:24.589112
8489,46.554473:24.540652 46.554976:24.541823 46.555595:24.542772
8490,46.554670:24.588425 46.554873:24.589211 46.555174:24.589648
8491,46.554670:24.588425 46.554680:24.588117 46.554939:24.588052
8492,46.555618:24.541755 46.556246:24.542084 46.556801:24.542490
8493,46.555174:24.589648 46.555619:24.588761 46.556195:24.587630
8494,46.556801:24.542490 46.557171:24.542515 46.557513:24.542738
8495,46.556195:24.587630 46.556903:24.587868 46.557558:24.587943
8496,46.556195:24.587630 46.556710:24.587287 46.557386:24.586847
8497,46.557386:24.586847 46.558048:24.586246 46.558754:24.585810
8498,46.557558:24.587943 46.558202:24.586821 46.558754:24.585810
8499,46.558754:24.585810 46.559265:24.585526 46.559754:24.585103
8500,46.559754:24.585103 46.560375:24.584367 46.561067:24.583730
8501,46.561067:24.583730 46.561877:24.583227 46.562542:24.582765
8502,46.562542:24.582765 46.562433:24.582089 46.562533:24.581311
8503,46.562533:24.581311 46.563392:24.580726 46.564293:24.579969
8504,46.564426:24.550691 46.564787:24.551872 46.565019:24.553195
8505,46.564403:24.577969 46.564316:24.578915 46.564293:24.579969
8506,46.564403:24.577969 46.564826:24.577804 46.565245:24.577662
8507,46.564293:24.579969 46.564605:24.579582 46.564913:24.579279
8508,46.565019:24.553195 46.565543:24.554038 46.565863:24.554831
8509,46.565245:24.577662 46.565992:24.576748 46.566496:24.575805
8510,46.566773:24.554454 46.566982:24.555116 46.567271:24.555837
8511,46.566090:24.573813 46.566928:24.573189 46.567835:24.572736
8512,46.565677:24.574721 46.566174:24.574550 46.566920:24.574316
8513,46.567702:24.560560 46.567415:24.561097 46.567155:24.561546
8514,46.567155:24.561546 46.567430:24.561987 46.567781:24.562331
8515,46.567781:24.562331 46.567704:24.563189 46.567681:24.564053
8516,46.567712:24.563689 46.568304:24.564583 46.568836:24.565633
8517,46.567712:24.563689 46.568065:24.563531 46.568543:24.563506
8518,46.567105:24.565673 46.567362:24.564872 46.567681:24.564053
8519,46.567246:24.567686 46.568129:24.566865 46.568836:24.565633
8520,46.567491:24.568240 46.567907:24.567677 46.568272:24.567238
