id,osm_id,lat,lon
0,900000000,46.5149104,24.5202301
1,900000001,46.5149209,24.5211626
2,900000002,46.5146745,24.5225127
3,900000003,46.5153892,24.5241039
4,900000004,46.5153629,24.5253294
5,900000005,46.5151382,24.5266051
6,900000006,46.5144169,24.5282109
7,900000007,46.5151772,24.5293549
8,900000008,46.5144080,24.5296500
9,900000009,46.5146886,24.5315284
10,900000010,46.5151069,24.5330228
11,900000011,46.5151823,24.5340588
12,900000012,46.5151080,24.5358295
13,900000013,46.5147686,24.5377294
14,900000014,46.5151948,24.5387995
15,900000015,46.5147829,24.5392324
16,900000016,46.5148796,24.5408217
17,900000017,46.5152212,24.5422857
18,900000018,46.5148434,24.5430477
19,900000019,46.5148178,24.5453320
20,900000020,46.5147172,24.5461971
21,900000021,46.5151493,24.5467209
22,900000022,46.5150170,24.5492835
23,900000023,46.5142950,24.5498553
24,900000024,46.5149629,24.5509366
25,900000025,46.5151741,24.5525807
26,900000026,46.5144874,24.5542856
27,900000027,46.5152343,24.5556430
28,900000028,46.5155042,24.5566847
29,900000029,46.5150417,24.5572415
30,900000030,46.5152154,24.5588551
31,900000031,46.5148416,24.5598656
32,900000032,46.5146613,24.5615001
33,900000033,46.5154511,24.5621292
34,900000034,46.5144898,24.5644555
35,900000035,46.5155052,24.5659125
36,900000036,46.5143350,24.5658233
37,900000037,46.5151251,24.5679296
38,900000038,46.5146081,24.5700050
39,900000039,46.5153856,24.5709403
40,900000040,46.5150860,24.5723694
41,900000041,46.5155579,24.5737568
42,900000042,46.5151815,24.5750291
43,900000043,46.5144511,24.5766637
44,900000044,46.5153343,24.5776296
45,900000045,46.5143091,24.5784105
46,900000046,46.5152948,24.5791850
47,900000047,46.5149356,24.5817631
48,900000048,46.5145411,24.5833332
49,900000049,46.5151932,24.5838455
50,900000050,46.5151137,24.5855098
51,900000051,46.5150421,24.5870373
52,900000052,46.5147685,24.5876395
53,900000053,46.5153646,24.5891425
54,900000054,46.5146918,24.5908607
55,900000055,46.5155129,24.5915390
56,900000056,46.5145170,24.5929828
57,900000057,46.5149478,24.5942137
58,900000058,46.5154917,24.5951901
59,900000059,46.5154412,24.5963858
60,900000060,46.5147245,24.5985451
61,900000061,46.5153950,24.5999518
62,900000062,46.5151208,24.6009336
63,900000063,46.5150534,24.6024328
64,900000064,46.5149383,24.6036031
65,900000065,46.5152005,24.6047830
66,900000066,46.5152674,24.6063416
67,900000067,46.5157037,24.6075375
68,900000068,46.5148503,24.6085280
69,900000069,46.5149954,24.6104157
70,900000070,46.5159500,24.5201736
71,900000071,46.5167109,24.5201502
72,900000072,46.5156744,24.5227184
73,900000073,46.5162072,24.5240204
74,900000074,46.5159169,24.5255122
75,900000075,46.5161665,24.5262868
76,900000076,46.5169183,24.5279859
77,900000077,46.5158738,24.5290857
78,900000078,46.5159888,24.5304065
79,900000079,46.5151130,24.5315200
80,900000080,46.5164208,24.5325176
81,900000081,46.5160445,24.5347769
82,900000082,46.5163675,24.5363231
83,900000083,46.5154723,24.5367975
84,900000084,46.5159485,24.5385413
85,900000085,46.5164499,24.5383579
86,900000086,46.5164488,24.5402182
87,900000087,46.5163069,24.5415025
88,900000088,46.5161293,24.5440159
89,900000089,46.5160155,24.5448686
90,900000090,46.5163468,24.5461506
91,900000091,46.5160368,24.5480813
92,900000092,46.5164348,24.5485634
93,900000093,46.5170287,24.5494839
94,900000094,46.5163879,24.5511848
95,900000095,46.5161141,24.5529259
96,900000096,46.5161456,24.5542004
97,900000097,46.5155332,24.5545381
98,900000098,46.5162830,24.5560883
99,900000099,46.5157085,24.5571645
100,900000100,46.5165110,24.5594664
101,900000101,46.5165834,24.5600128
102,900000102,46.5160681,24.5612260
103,900000103,46.5163359,24.5637587
104,900000104,46.5157562,24.5650500
105,900000105,46.5164136,24.5655721
106,900000106,46.5153776,24.5675895
107,900000107,46.5160341,24.5679896
108,900000108,46.5162077,24.5697497
109,900000109,46.5165921,24.5704105
110,900000110,46.5164655,24.5728432
111,900000111,46.5165761,24.5733970
112,900000112,46.5158074,24.5752410
113,900000113,46.5161081,24.5761428
114,900000114,46.5165663,24.5772728
115,900000115,46.5152639,24.5785214
116,900000116,46.5154189,24.5803685
117,900000117,46.5161788,24.5810293
118,900000118,46.5160644,24.5829834
119,900000119,46.5160954,24.5845100
120,900000120,46.5160463,24.5856855
121,900000121,46.5165898,24.5872462
122,900000122,46.5158327,24.5882220
123,900000123,46.5154112,24.5886429
124,900000124,46.5153808,24.5909158
125,900000125,46.5156366,24.5917334
126,900000126,46.5160005,24.5930306
127,900000127,46.5158608,24.5944530
128,900000128,46.5166947,24.5956721
129,900000129,46.5162536,24.5974068
130,900000130,46.5159985,24.5976940
131,900000131,46.5158734,24.6000483
132,900000132,46.5154916,24.6006005
133,900000133,46.5164204,24.6025306
134,900000134,46.5160705,24.6038406
135,900000135,46.5161259,24.6042521
136,900000136,46.5155204,24.6057994
137,900000137,46.5163908,24.6071368
138,900000138,46.5157520,24.6083487
139,900000139,46.5155317,24.6099472
140,900000140,46.5167227,24.5201639
141,900000141,46.5163096,24.5214518
142,900000142,46.5169110,24.5217347
143,900000143,46.5173892,24.5237891
144,900000144,46.5172375,24.5263154
145,900000145,46.5174086,24.5281625
146,900000146,46.5173688,24.5292774
147,900000147,46.5176024,24.5307317
148,900000148,46.5172935,24.5308013
149,900000149,46.5174494,24.5336327
150,900000150,46.5170317,24.5341365
151,900000151,46.5178147,24.5348610
152,900000152,46.5172997,24.5380472
153,900000153,46.5168109,24.5385712
154,900000154,46.5177958,24.5395111
155,900000155,46.5173320,24.5412757
156,900000156,46.5168186,24.5421338
157,900000157,46.5172381,24.5438497
158,900000158,46.5171235,24.5446947
159,900000159,46.5167800,24.5459254
160,900000160,46.5174477,24.5474371
161,900000161,46.5168370,24.5483169
162,900000162,46.5180689,24.5505130
163,900000163,46.5173587,24.5501375
164,900000164,46.5173531,24.5528250
165,900000165,46.5177250,24.5541055
166,900000166,46.5171120,24.5554525
167,900000167,46.5164551,24.5569867
168,900000168,46.5172493,24.5575102
169,900000169,46.5175995,24.5599446
170,900000170,46.5166448,24.5601349
171,900000171,46.5172375,24.5618217
172,900000172,46.5169961,24.5626051
173,900000173,46.5178778,24.5648147
174,900000174,46.5167176,24.5650469
175,900000175,46.5177317,24.5674016
176,900000176,46.5177729,24.5686254
177,900000177,46.5168304,24.5696825
178,900000178,46.5163796,24.5705329
179,900000179,46.5171150,24.5724092
180,900000180,46.5168810,24.5734224
181,900000181,46.5172961,24.5749521
182,900000182,46.5173589,24.5761810
183,900000183,46.5170222,24.5777464
184,900000184,46.5171529,24.5783239
185,900000185,46.5169165,24.5799998
186,900000186,46.5170972,24.5813750
187,900000187,46.5171354,24.5826878
188,900000188,46.5170886,24.5833467
189,900000189,46.5172831,24.5856916
190,900000190,46.5172877,24.5864366
191,900000191,46.5172918,24.5873915
192,900000192,46.5164719,24.5891572
193,900000193,46.5168099,24.5907677
194,900000194,46.5167562,24.5905563
195,900000195,46.5167718,24.5937536
196,900000196,46.5170020,24.5937316
197,900000197,46.5168684,24.5958866
198,900000198,46.5173095,24.5970360
199,900000199,46.5176549,24.5985788
200,900000200,46.5171283,24.5998337
201,900000201,46.5177147,24.6013067
202,900000202,46.5174939,24.6016866
203,900000203,46.5170836,24.6038067
204,900000204,46.5170318,24.6052636
205,900000205,46.5173443,24.6064957
206,900000206,46.5170613,24.6085372
207,900000207,46.5175696,24.6085987
208,900000208,46.5171673,24.6111678
209,900000209,46.5180833,24.5203934
210,900000210,46.5185465,24.5213073
211,900000211,46.5177949,24.5226931
212,900000212,46.5183292,24.5244214
213,900000213,46.5184774,24.5252284
214,900000214,46.5185021,24.5267647
215,900000215,46.5182755,24.5278509
216,900000216,46.5181182,24.5294392
217,900000217,46.5178344,24.5301519
218,900000218,46.5182051,24.5310803
219,900000219,46.5180508,24.5321395
220,900000220,46.5179644,24.5346036
221,900000221,46.5184016,24.5356276
222,900000222,46.5181222,24.5363190
223,900000223,46.5188431,24.5384931
224,900000224,46.5185861,24.5391682
225,900000225,46.5181386,24.5400508
226,900000226,46.5184766,24.5425947
227,900000227,46.5175393,24.5434548
228,900000228,46.5184240,24.5439897
229,900000229,46.5175645,24.5456077
230,900000230,46.5179832,24.5467600
231,900000231,46.5182145,24.5488080
232,900000232,46.5184253,24.5503159
233,900000233,46.5187293,24.5518283
234,900000234,46.5177442,24.5523813
235,900000235,46.5178323,24.5534286
236,900000236,46.5181749,24.5552199
237,900000237,46.5183750,24.5558076
238,900000238,46.5177702,24.5578157
239,900000239,46.5181336,24.5589904
240,900000240,46.5181813,24.5600929
241,900000241,46.5184488,24.5618986
242,900000242,46.5181727,24.5627410
243,900000243,46.5181424,24.5631231
244,900000244,46.5178599,24.5656690
245,900000245,46.5176770,24.5670463
246,900000246,46.5182550,24.5676410
247,900000247,46.5181157,24.5694240
248,900000248,46.5183643,24.5711449
249,900000249,46.5181907,24.5717908
250,900000250,46.5181529,24.5734488
251,900000251,46.5184605,24.5749151
252,900000252,46.5179505,24.5754775
253,900000253,46.5180728,24.5770581
254,900000254,46.5178142,24.5786435
255,900000255,46.5180315,24.5800474
256,900000256,46.5183865,24.5811185
257,900000257,46.5190169,24.5824640
258,900000258,46.5185890,24.5839678
259,900000259,46.5185940,24.5841482
260,900000260,46.5179404,24.5866329
261,900000261,46.5184143,24.5888775
262,900000262,46.5183163,24.5897064
263,900000263,46.5184716,24.5908611
264,900000264,46.5183819,24.5916689
265,900000265,46.5183816,24.5925583
266,900000266,46.5186169,24.5938901
267,900000267,46.5182906,24.5966065
268,900000268,46.5181252,24.5969653
269,900000269,46.5186105,24.5982727
270,900000270,46.5179207,24.5996814
271,900000271,46.5184071,24.6011891
272,900000272,46.5179330,24.6029625
273,900000273,46.5187868,24.6034865
274,900000274,46.5182974,24.6045898
275,900000275,46.5186983,24.6057697
276,900000276,46.5184393,24.6071754
277,900000277,46.5179605,24.6090191
278,900000278,46.5186702,24.6099954
279,900000279,46.5190341,24.5203652
280,900000280,46.5192539,24.5214441
281,900000281,46.5198042,24.5231179
282,900000282,46.5190892,24.5249407
283,900000283,46.5192724,24.5255711
284,900000284,46.5190446,24.5265016
285,900000285,46.5186587,24.5286301
286,900000286,46.5197492,24.5285835
287,900000287,46.5187444,24.5297053
288,900000288,46.5196827,24.5315323
289,900000289,46.5192500,24.5329027
290,900000290,46.5192288,24.5338581
291,900000291,46.5192796,24.5350051
292,900000292,46.5192462,24.5370955
293,900000293,46.5194348,24.5381566
294,900000294,46.5189549,24.5396370
295,900000295,46.5195399,24.5421221
296,900000296,46.5191063,24.5431621
297,900000297,46.5189432,24.5446238
298,900000298,46.5193744,24.5463189
299,900000299,46.5194703,24.5483357
300,900000300,46.5190245,24.5487015
301,900000301,46.5202493,24.5491598
302,900000302,46.5190887,24.5513807
303,900000303,46.5193252,24.5527922
304,900000304,46.5191876,24.5540778
305,900000305,46.5192897,24.5555645
306,900000306,46.5186088,24.5561235
307,900000307,46.5192704,24.5573618
308,900000308,46.5189056,24.5594129
309,900000309,46.5190437,24.5607205
310,900000310,46.5195322,24.5618771
311,900000311,46.5194490,24.5629964
312,900000312,46.5187780,24.5643343
313,900000313,46.5194302,24.5654139
314,900000314,46.5192363,24.5672937
315,900000315,46.5189639,24.5685489
316,900000316,46.5199231,24.5693157
317,900000317,46.5193225,24.5708019
318,900000318,46.5198103,24.5723163
319,900000319,46.5195854,24.5731677
320,900000320,46.5192655,24.5747782
321,900000321,46.5186496,24.5767353
322,900000322,46.5195860,24.5766042
323,900000323,46.5195317,24.5786366
324,900000324,46.5194281,24.5801649
325,900000325,46.5187465,24.5812089
326,900000326,46.5197936,24.5823500
327,900000327,46.5189132,24.5833012
328,900000328,46.5188438,24.5853684
329,900000329,46.5198636,24.5867150
330,900000330,46.5193571,24.5888312
331,900000331,46.5190894,24.5888271
332,900000332,46.5194561,24.5906816
333,900000333,46.5189160,24.5912126
334,900000334,46.5193730,24.5931548
335,900000335,46.5188138,24.5942568
336,900000336,46.5190813,24.5958592
337,900000337,46.5192303,24.5969178
338,900000338,46.5191475,24.5987350
339,900000339,46.5197580,24.5994001
340,900000340,46.5195673,24.6005286
341,900000341,46.5192964,24.6025114
342,900000342,46.5198012,24.6033061
343,900000343,46.5192453,24.6048710
344,900000344,46.5187469,24.6060941
345,900000345,46.5190346,24.6075585
346,900000346,46.5188757,24.6078061
347,900000347,46.5192846,24.6101173
348,900000348,46.5201469,24.5204000
349,900000349,46.5202434,24.5210318
350,900000350,46.5205062,24.5219030
351,900000351,46.5201019,24.5239037
352,900000352,46.5206361,24.5251442
353,900000353,46.5204469,24.5262268
354,900000354,46.5204446,24.5285746
355,900000355,46.5200988,24.5301952
356,900000356,46.5201136,24.5304425
357,900000357,46.5203996,24.5322001
358,900000358,46.5199060,24.5320982
359,900000359,46.5205511,24.5347058
360,900000360,46.5205573,24.5368359
361,900000361,46.5204107,24.5370708
362,900000362,46.5206642,24.5384268
363,900000363,46.5209213,24.5390080
364,900000364,46.5202076,24.5393194
365,900000365,46.5206233,24.5420063
366,900000366,46.5206624,24.5444476
367,900000367,46.5203369,24.5446681
368,900000368,46.5201641,24.5457099
369,900000369,46.5201184,24.5476790
370,900000370,46.5203519,24.5487255
371,900000371,46.5202783,24.5504115
372,900000372,46.5205119,24.5512405
373,900000373,46.5205716,24.5525404
374,900000374,46.5199355,24.5545679
375,900000375,46.5205018,24.5547866
376,900000376,46.5207166,24.5566770
377,900000377,46.5197915,24.5585506
378,900000378,46.5204557,24.5595316
379,900000379,46.5204082,24.5603675
380,900000380,46.5197971,24.5621763
381,900000381,46.5203495,24.5629145
382,900000382,46.5204618,24.5643830
383,900000383,46.5205755,24.5654852
384,900000384,46.5203262,24.5659940
385,900000385,46.5201908,24.5685649
386,900000386,46.5208068,24.5694014
387,900000387,46.5202965,24.5715821
388,900000388,46.5202250,24.5725042
389,900000389,46.5209264,24.5734962
390,900000390,46.5207684,24.5744629
391,900000391,46.5204117,24.5760521
392,900000392,46.5203792,24.5778997
393,900000393,46.5211754,24.5783962
394,900000394,46.5201377,24.5802238
395,900000395,46.5199697,24.5815280
396,900000396,46.5205391,24.5824838
397,900000397,46.5205249,24.5832159
398,900000398,46.5206049,24.5845222
399,900000399,46.5200952,24.5862715
400,900000400,46.5201986,24.5882125
401,900000401,46.5203676,24.5889516
402,900000402,46.5205292,24.5911464
403,900000403,46.5203411,24.5919037
404,900000404,46.5207729,24.5931640
405,900000405,46.5198896,24.5954685
406,900000406,46.5211119,24.5947590
407,900000407,46.5203253,24.5971443
408,900000408,46.5206770,24.5985619
409,900000409,46.5202437,24.5990910
410,900000410,46.5203750,24.6013346
411,900000411,46.5199576,24.6017117
412,900000412,46.5203304,24.6026064
413,900000413,46.5202479,24.6045862
414,900000414,46.5204967,24.6057712
415,900000415,46.5200302,24.6072139
416,900000416,46.5203215,24.6083966
417,900000417,46.5203432,24.6103376
418,900000418,46.5218216,24.5207672
419,900000419,46.5211326,24.5211155
420,900000420,46.5205378,24.5234634
421,900000421,46.5211531,24.5238980
422,900000422,46.5215897,24.5246060
423,900000423,46.5215691,24.5265099
424,900000424,46.5207677,24.5279575
425,900000425,46.5218249,24.5282899
426,900000426,46.5216893,24.5305289
427,900000427,46.5215730,24.5319378
428,900000428,46.5218632,24.5329428
429,900000429,46.5217125,24.5341634
430,900000430,46.5216616,24.5352859
431,900000431,46.5213689,24.5377355
432,900000432,46.5215627,24.5381897
433,900000433,46.5210061,24.5392097
434,900000434,46.5214746,24.5412923
435,900000435,46.5215559,24.5424098
436,900000436,46.5213922,24.5440867
437,900000437,46.5212700,24.5445352
438,900000438,46.5217176,24.5461156
439,900000439,46.5213093,24.5471321
440,900000440,46.5213169,24.5489763
441,900000441,46.5215306,24.5494557
442,900000442,46.5215560,24.5513849
443,900000443,46.5210567,24.5529565
444,900000444,46.5213086,24.5537621
445,900000445,46.5216853,24.5558117
446,900000446,46.5211658,24.5567190
447,900000447,46.5211002,24.5588675
448,900000448,46.5212340,24.5596682
449,900000449,46.5211802,24.5607999
450,900000450,46.5221834,24.5605957
451,900000451,46.5212547,24.5632687
452,900000452,46.5213743,24.5640470
453,900000453,46.5221600,24.5656879
454,900000454,46.5208312,24.5673409
455,900000455,46.5208042,24.5687788
456,900000456,46.5212046,24.5696304
457,900000457,46.5218481,24.5709226
458,900000458,46.5209199,24.5714107
459,900000459,46.5218207,24.5738115
460,900000460,46.5211213,24.5751694
461,900000461,46.5215806,24.5763784
462,900000462,46.5206162,24.5772554
463,900000463,46.5217219,24.5790257
464,900000464,46.5217153,24.5788942
465,900000465,46.5214660,24.5815258
466,900000466,46.5223000,24.5821795
467,900000467,46.5212915,24.5839292
468,900000468,46.5217169,24.5850179
469,900000469,46.5218083,24.5861672
470,900000470,46.5215002,24.5875888
471,900000471,46.5214621,24.5888196
472,900000472,46.5208477,24.5909267
473,900000473,46.5215130,24.5914877
474,900000474,46.5214771,24.5934891
475,900000475,46.5210647,24.5942982
476,900000476,46.5215955,24.5958889
477,900000477,46.5212894,24.5960084
478,900000478,46.5218418,24.5984086
479,900000479,46.5214114,24.5994399
480,900000480,46.5214990,24.6006780
481,900000481,46.5210481,24.6018410
482,900000482,46.5211979,24.6032027
483,900000483,46.5210012,24.6050690
484,900000484,46.5209483,24.6063838
485,900000485,46.5210516,24.6075499
486,900000486,46.5218877,24.6087871
487,900000487,46.5211510,24.6100217
488,900000488,46.5225264,24.5192198
489,900000489,46.5222619,24.5213777
490,900000490,46.5223104,24.5226446
491,900000491,46.5227315,24.5242580
492,900000492,46.5227916,24.5254822
493,900000493,46.5223738,24.5265135
494,900000494,46.5223797,24.5276851
495,900000495,46.5224117,24.5283543
496,900000496,46.5223580,24.5304239
497,900000497,46.5221337,24.5317283
498,900000498,46.5226550,24.5329695
499,900000499,46.5232014,24.5331749
500,900000500,46.5224024,24.5348307
501,900000501,46.5228176,24.5381509
502,900000502,46.5215989,24.5383184
503,900000503,46.5226563,24.5394291
504,900000504,46.5226677,24.5398602
505,900000505,46.5227728,24.5423413
506,900000506,46.5224826,24.5432138
507,900000507,46.5226980,24.5445642
508,900000508,46.5225527,24.5458574
509,900000509,46.5216882,24.5473772
510,900000510,46.5225453,24.5490351
511,900000511,46.5221679,24.5499851
512,900000512,46.5226906,24.5513698
513,900000513,46.5229094,24.5535049
514,900000514,46.5221566,24.5530486
515,900000515,46.5227744,24.5559056
516,900000516,46.5227974,24.5568880
517,900000517,46.5222580,24.5575050
518,900000518,46.5227855,24.5587202
519,900000519,46.5218399,24.5599859
520,900000520,46.5233469,24.5626047
521,900000521,46.5222343,24.5627155
522,900000522,46.5225556,24.5640106
523,900000523,46.5229331,24.5656169
524,900000524,46.5220944,24.5675455
525,900000525,46.5222705,24.5683604
526,900000526,46.5224701,24.5694237
527,900000527,46.5225883,24.5705579
528,900000528,46.5218290,24.5711803
529,900000529,46.5220313,24.5731370
530,900000530,46.5224665,24.5748075
531,900000531,46.5226692,24.5761409
532,900000532,46.5221969,24.5770723
533,900000533,46.5217330,24.5786195
534,900000534,46.5226443,24.5802383
535,900000535,46.5224321,24.5812260
536,900000536,46.5228023,24.5826156
537,900000537,46.5227328,24.5841752
538,900000538,46.5225492,24.5858053
539,900000539,46.5222741,24.5863602
540,900000540,46.5221918,24.5874674
541,900000541,46.5230192,24.5899221
542,900000542,46.5224826,24.5906905
543,900000543,46.5228859,24.5921025
544,900000544,46.5228964,24.5924751
545,900000545,46.5222508,24.5945515
546,900000546,46.5229769,24.5956989
547,900000547,46.5221741,24.5967970
548,900000548,46.5222434,24.5978746
549,900000549,46.5230000,24.5992837
550,900000550,46.5224817,24.6018427
551,900000551,46.5228892,24.6023252
552,900000552,46.5222604,24.6036629
553,900000553,46.5230422,24.6050630
554,900000554,46.5229161,24.6061311
555,900000555,46.5226553,24.6073009
556,900000556,46.5226240,24.6092809
557,900000557,46.5219737,24.6099719
558,900000558,46.5236265,24.5197430
559,900000559,46.5234346,24.5216585
560,900000560,46.5242429,24.5228919
561,900000561,46.5236565,24.5232149
562,900000562,46.5242170,24.5252520
563,900000563,46.5235305,24.5260185
564,900000564,46.5235225,24.5273328
565,900000565,46.5235672,24.5293403
566,900000566,46.5235533,24.5305606
567,900000567,46.5232442,24.5323825
568,900000568,46.5233137,24.5322252
569,900000569,46.5234767,24.5340041
570,900000570,46.5231890,24.5354925
571,900000571,46.5236443,24.5364247
572,900000572,46.5234942,24.5389029
573,900000573,46.5237813,24.5394968
574,900000574,46.5235871,24.5408156
575,900000575,46.5235256,24.5425035
576,900000576,46.5235100,24.5423963
577,900000577,46.5235348,24.5443823
578,900000578,46.5237703,24.5458123
579,900000579,46.5235943,24.5483711
580,900000580,46.5231760,24.5481896
581,900000581,46.5230483,24.5489223
582,900000582,46.5228849,24.5514684
583,900000583,46.5233191,24.5517680
584,900000584,46.5230234,24.5541908
585,900000585,46.5232710,24.5550523
586,900000586,46.5236580,24.5571321
587,900000587,46.5242217,24.5582907
588,900000588,46.5235926,24.5592133
589,900000589,46.5241731,24.5610777
590,900000590,46.5234337,24.5619451
591,900000591,46.5236428,24.5630670
592,900000592,46.5233674,24.5637509
593,900000593,46.5233555,24.5649573
594,900000594,46.5239707,24.5671980
595,900000595,46.5231203,24.5688890
596,900000596,46.5238545,24.5687063
597,900000597,46.5241869,24.5712340
598,900000598,46.5242648,24.5716199
599,900000599,46.5237281,24.5736686
600,900000600,46.5236130,24.5748597
601,900000601,46.5239110,24.5754145
602,900000602,46.5231076,24.5767639
603,900000603,46.5233472,24.5784232
604,900000604,46.5236710,24.5801199
605,900000605,46.5235533,24.5809999
606,900000606,46.5233877,24.5830373
607,900000607,46.5238096,24.5839585
608,900000608,46.5234295,24.5859162
609,900000609,46.5233344,24.5868136
610,900000610,46.5239461,24.5877066
611,900000611,46.5238313,24.5886284
612,900000612,46.5238968,24.5905246
613,900000613,46.5229870,24.5920404
614,900000614,46.5232301,24.5936203
615,900000615,46.5233047,24.5942737
616,900000616,46.5236414,24.5955026
617,900000617,46.5236332,24.5967075
618,900000618,46.5237775,24.5982633
619,900000619,46.5236163,24.5983266
620,900000620,46.5239489,24.6008839
621,900000621,46.5229185,24.6022169
622,900000622,46.5237059,24.6039601
623,900000623,46.5231634,24.6054788
624,900000624,46.5234866,24.6071646
625,900000625,46.5234912,24.6076972
626,900000626,46.5234141,24.6081935
627,900000627,46.5239262,24.6104079
628,900000628,46.5251487,24.5203856
629,900000629,46.5244096,24.5205562
630,900000630,46.5243825,24.5223049
631,900000631,46.5243248,24.5241751
632,900000632,46.5247249,24.5250960
633,900000633,46.5246706,24.5264562
634,900000634,46.5246846,24.5281645
635,900000635,46.5249460,24.5288218
636,900000636,46.5240828,24.5310771
637,900000637,46.5246502,24.5322367
638,900000638,46.5240351,24.5328950
639,900000639,46.5246196,24.5336992
640,900000640,46.5244296,24.5359782
641,900000641,46.5249877,24.5376739
642,900000642,46.5243079,24.5376303
643,900000643,46.5247923,24.5399884
644,900000644,46.5246777,24.5402839
645,900000645,46.5248839,24.5425306
646,900000646,46.5248038,24.5432591
647,900000647,46.5247166,24.5451384
648,900000648,46.5244146,24.5452573
649,900000649,46.5247252,24.5476077
650,900000650,46.5246149,24.5490958
651,900000651,46.5244048,24.5499630
652,900000652,46.5245034,24.5515615
653,900000653,46.5251687,24.5524957
654,900000654,46.5253294,24.5546011
655,900000655,46.5248869,24.5554815
656,900000656,46.5252300,24.5564405
657,900000657,46.5245710,24.5573479
658,900000658,46.5247757,24.5597356
659,900000659,46.5247965,24.5606252
660,900000660,46.5245399,24.5618154
661,900000661,46.5241114,24.5635155
662,900000662,46.5244667,24.5638508
663,900000663,46.5243472,24.5652811
664,900000664,46.5249095,24.5674327
665,900000665,46.5241350,24.5686777
666,900000666,46.5249210,24.5693045
667,900000667,46.5240899,24.5705341
668,900000668,46.5243883,24.5723280
669,900000669,46.5244850,24.5725655
670,900000670,46.5246919,24.5740922
671,900000671,46.5249271,24.5755439
672,900000672,46.5243676,24.5770069
673,900000673,46.5244203,24.5792798
674,900000674,46.5249084,24.5802708
675,900000675,46.5247219,24.5806078
676,900000676,46.5244279,24.5823604
677,900000677,46.5242680,24.5841421
678,900000678,46.5243508,24.5848980
679,900000679,46.5242446,24.5855958
680,900000680,46.5248185,24.5884250
681,900000681,46.5246713,24.5886909
682,900000682,46.5236634,24.5905126
683,900000683,46.5250359,24.5918729
684,900000684,46.5249347,24.5937087
685,900000685,46.5250046,24.5941492
686,900000686,46.5249785,24.5960012
687,900000687,46.5240722,24.5967741
688,900000688,46.5241118,24.5982117
689,900000689,46.5248126,24.5990846
690,900000690,46.5238906,24.6014538
691,900000691,46.5247421,24.6028359
692,900000692,46.5241469,24.6039555
693,900000693,46.5253360,24.6056858
694,900000694,46.5245366,24.6062081
695,900000695,46.5245563,24.6078406
696,900000696,46.5249734,24.6087348
697,900000697,46.5241345,24.6103335
698,900000698,46.5255135,24.5202830
699,900000699,46.5257701,24.5220350
700,900000700,46.5260761,24.5224057
701,900000701,46.5258001,24.5247069
702,900000702,46.5254899,24.5254124
703,900000703,46.5260947,24.5270873
704,900000704,46.5258595,24.5272320
705,900000705,46.5252366,24.5292418
706,900000706,46.5258135,24.5315813
707,900000707,46.5253765,24.5322512
708,900000708,46.5259476,24.5322913
709,900000709,46.5253916,24.5344226
710,900000710,46.5255052,24.5355827
711,900000711,46.5258425,24.5365923
712,900000712,46.5258412,24.5379745
713,900000713,46.5254873,24.5398068
714,900000714,46.5254773,24.5409988
715,900000715,46.5262377,24.5421861
716,900000716,46.5256268,24.5438091
717,900000717,46.5255500,24.5452699
718,900000718,46.5252290,24.5463653
719,900000719,46.5254987,24.5470319
720,900000720,46.5262973,24.5483131
721,900000721,46.5262928,24.5502962
722,900000722,46.5261865,24.5508648
723,900000723,46.5260976,24.5532642
724,900000724,46.5256372,24.5538550
725,900000725,46.5265376,24.5552972
726,900000726,46.5255301,24.5562383
727,900000727,46.5258340,24.5579748
728,900000728,46.5257401,24.5599051
729,900000729,46.5255632,24.5606477
730,900000730,46.5261887,24.5612873
731,900000731,46.5260415,24.5638679
732,900000732,46.5252038,24.5638539
733,900000733,46.5253145,24.5648214
734,900000734,46.5258364,24.5661213
735,900000735,46.5258526,24.5689148
736,900000736,46.5251127,24.5694228
737,900000737,46.5250067,24.5712202
738,900000738,46.5254199,24.5720543
739,900000739,46.5256970,24.5737236
740,900000740,46.5255566,24.5747894
741,900000741,46.5254866,24.5761386
742,900000742,46.5252676,24.5774199
743,900000743,46.5250017,24.5784751
744,900000744,46.5263483,24.5800358
745,900000745,46.5252370,24.5814201
746,900000746,46.5253376,24.5818656
747,900000747,46.5254202,24.5842446
748,900000748,46.5258123,24.5851737
749,900000749,46.5253537,24.5860364
750,900000750,46.5261504,24.5879361
751,900000751,46.5253449,24.5881805
752,900000752,46.5251985,24.5915486
753,900000753,46.5252758,24.5917046
754,900000754,46.5257515,24.5929726
755,900000755,46.5255806,24.5937299
756,900000756,46.5253101,24.5964121
757,900000757,46.5254132,24.5973370
758,900000758,46.5250851,24.5981375
759,900000759,46.5257694,24.6000316
760,900000760,46.5252850,24.6011375
761,900000761,46.5258131,24.6018420
762,900000762,46.5258450,24.6030742
763,900000763,46.5253993,24.6047742
764,900000764,46.5247281,24.6060376
765,900000765,46.5253279,24.6067330
766,900000766,46.5255292,24.6090390
767,900000767,46.5255364,24.6105696
768,900000768,46.5263399,24.5194094
769,900000769,46.5272887,24.5214838
770,900000770,46.5270765,24.5222366
771,900000771,46.5270273,24.5240299
772,900000772,46.5269728,24.5252288
773,900000773,46.5271680,24.5262296
774,900000774,46.5264084,24.5271612
775,900000775,46.5271520,24.5287982
776,900000776,46.5263806,24.5300119
777,900000777,46.5265900,24.5311671
778,900000778,46.5266441,24.5327612
779,900000779,46.5265528,24.5339161
780,900000780,46.5267586,24.5354448
781,900000781,46.5267860,24.5370687
782,900000782,46.5268648,24.5372757
783,900000783,46.5265583,24.5392070
784,900000784,46.5270168,24.5401596
785,900000785,46.5264957,24.5420417
786,900000786,46.5266281,24.5439243
787,900000787,46.5265908,24.5452167
788,900000788,46.5262328,24.5452715
789,900000789,46.5271725,24.5475873
790,900000790,46.5269165,24.5487511
791,900000791,46.5269153,24.5494529
792,900000792,46.5270777,24.5510649
793,900000793,46.5270907,24.5526482
794,900000794,46.5260550,24.5533338
795,900000795,46.5271405,24.5551558
796,900000796,46.5266073,24.5566309
797,900000797,46.5265970,24.5575810
798,900000798,46.5267816,24.5591954
799,900000799,46.5272766,24.5604553
800,900000800,46.5274037,24.5625504
801,900000801,46.5273466,24.5635211
802,900000802,46.5267915,24.5644096
803,900000803,46.5266959,24.5653232
804,900000804,46.5267225,24.5666682
805,900000805,46.5273197,24.5685013
806,900000806,46.5265895,24.5687032
807,900000807,46.5267271,24.5706823
808,900000808,46.5263657,24.5716625
809,900000809,46.5259582,24.5737343
810,900000810,46.5267228,24.5759441
811,900000811,46.5267349,24.5760203
812,900000812,46.5272512,24.5774516
813,900000813,46.5268043,24.5785284
814,900000814,46.5265339,24.5806747
815,900000815,46.5270959,24.5820766
816,900000816,46.5266233,24.5826223
817,900000817,46.5264375,24.5843483
818,900000818,46.5262582,24.5854714
819,900000819,46.5271294,24.5871568
820,900000820,46.5264168,24.5883165
821,900000821,46.5264960,24.5887897
822,900000822,46.5262827,24.5909548
823,900000823,46.5273227,24.5914717
824,900000824,46.5264799,24.5928909
825,900000825,46.5276233,24.5947998
826,900000826,46.5265559,24.5948448
827,900000827,46.5265103,24.5974908
828,900000828,46.5273994,24.5981410
829,900000829,46.5265038,24.5993358
830,900000830,46.5260858,24.6012783
831,900000831,46.5263657,24.6026523
832,900000832,46.5261481,24.6029067
833,900000833,46.5268467,24.6044390
834,900000834,46.5270192,24.6060907
835,900000835,46.5263346,24.6076712
836,900000836,46.5270404,24.6078348
837,900000837,46.5273849,24.6102237
838,900000838,46.5280796,24.5191630
839,900000839,46.5275617,24.5211472
840,900000840,46.5281905,24.5219519
841,900000841,46.5275042,24.5229997
842,900000842,46.5277292,24.5253731
843,900000843,46.5272234,24.5262557
844,900000844,46.5279922,24.5285395
845,900000845,46.5280460,24.5289937
846,900000846,46.5274013,24.5300134
847,900000847,46.5275811,24.5318053
848,900000848,46.5277962,24.5337937
849,900000849,46.5279141,24.5338655
850,900000850,46.5283541,24.5360793
851,900000851,46.5278489,24.5366320
852,900000852,46.5271588,24.5378009
853,900000853,46.5281327,24.5392040
854,900000854,46.5273517,24.5409576
855,900000855,46.5278989,24.5424468
856,900000856,46.5280430,24.5441123
857,900000857,46.5275198,24.5452230
858,900000858,46.5274680,24.5463992
859,900000859,46.5278762,24.5475008
860,900000860,46.5281523,24.5486878
861,900000861,46.5282029,24.5503939
862,900000862,46.5278610,24.5510493
863,900000863,46.5275498,24.5523713
864,900000864,46.5277427,24.5539019
865,900000865,46.5288569,24.5555047
866,900000866,46.5280828,24.5561345
867,900000867,46.5275649,24.5576825
868,900000868,46.5278808,24.5586643
869,900000869,46.5283777,24.5601813
870,900000870,46.5281910,24.5606880
871,900000871,46.5278111,24.5631685
872,900000872,46.5278805,24.5646186
873,900000873,46.5279115,24.5657252
874,900000874,46.5271512,24.5666354
875,900000875,46.5269937,24.5685437
876,900000876,46.5279212,24.5694773
877,900000877,46.5275261,24.5706078
878,900000878,46.5284595,24.5729530
879,900000879,46.5277932,24.5740579
880,900000880,46.5272578,24.5739118
881,900000881,46.5276445,24.5756932
882,900000882,46.5276179,24.5774760
883,900000883,46.5288723,24.5783983
884,900000884,46.5278309,24.5801243
885,900000885,46.5278016,24.5817233
886,900000886,46.5284350,24.5820491
887,900000887,46.5278702,24.5837938
888,900000888,46.5279383,24.5845281
889,900000889,46.5271983,24.5854793
890,900000890,46.5279974,24.5879125
891,900000891,46.5278393,24.5880655
892,900000892,46.5276828,24.5900949
893,900000893,46.5273188,24.5913271
894,900000894,46.5280578,24.5932883
895,900000895,46.5278056,24.5945793
896,900000896,46.5276023,24.5956842
897,900000897,46.5278277,24.5972060
898,900000898,46.5277891,24.5981965
899,900000899,46.5277664,24.5992750
900,900000900,46.5285953,24.6011010
901,900000901,46.5279637,24.6032051
902,900000902,46.5283046,24.6027778
903,900000903,46.5280569,24.6051597
904,900000904,46.5284733,24.6066790
905,900000905,46.5280833,24.6068616
906,900000906,46.5275088,24.6088166
907,900000907,46.5279903,24.6095403
908,900000908,46.5287468,24.5198199
909,900000909,46.5289025,24.5214557
910,900000910,46.5287809,24.5220521
911,900000911,46.5293163,24.5246313
912,900000912,46.5288443,24.5256785
913,900000913,46.5290368,24.5268186
914,900000914,46.5290499,24.5274826
915,900000915,46.5290822,24.5295852
916,900000916,46.5285677,24.5313196
917,900000917,46.5296128,24.5325595
918,900000918,46.5295776,24.5333776
919,900000919,46.5287629,24.5340779
920,900000920,46.5285968,24.5357043
921,900000921,46.5288699,24.5372581
922,900000922,46.5281744,24.5393013
923,900000923,46.5296781,24.5395529
924,900000924,46.5291180,24.5410836
925,900000925,46.5289771,24.5420799
926,900000926,46.5288384,24.5431072
927,900000927,46.5289437,24.5447718
928,900000928,46.5289934,24.5457021
929,900000929,46.5288952,24.5474128
930,900000930,46.5290928,24.5482172
931,900000931,46.5290282,24.5504425
932,900000932,46.5290904,24.5511385
933,900000933,46.5287094,24.5525024
934,900000934,46.5291366,24.5546118
935,900000935,46.5288260,24.5549282
936,900000936,46.5290129,24.5566137
937,900000937,46.5285635,24.5574943
938,900000938,46.5288458,24.5594327
939,900000939,46.5284637,24.5599766
940,900000940,46.5290560,24.5611880
941,900000941,46.5289195,24.5632020
942,900000942,46.5288425,24.5638897
943,900000943,46.5288604,24.5655027
944,900000944,46.5289990,24.5665790
945,900000945,46.5292634,24.5675070
946,900000946,46.5288197,24.5695687
947,900000947,46.5292179,24.5705958
948,900000948,46.5290724,24.5719189
949,900000949,46.5291397,24.5742600
950,900000950,46.5287410,24.5749819
951,900000951,46.5285568,24.5765249
952,900000952,46.5293051,24.5774072
953,900000953,46.5284842,24.5788767
954,900000954,46.5292835,24.5804903
955,900000955,46.5291660,24.5804806
956,900000956,46.5286434,24.5832486
957,900000957,46.5284522,24.5844222
958,900000958,46.5295402,24.5855602
959,900000959,46.5292734,24.5863720
960,900000960,46.5284525,24.5877798
961,900000961,46.5288117,24.5891090
962,900000962,46.5291252,24.5903697
963,900000963,46.5289485,24.5919300
964,900000964,46.5288795,24.5938730
965,900000965,46.5290362,24.5943859
966,900000966,46.5288087,24.5953708
967,900000967,46.5293519,24.5970240
968,900000968,46.5285038,24.5980078
969,900000969,46.5288335,24.5993648
970,900000970,46.5292609,24.6003468
971,900000971,46.5290535,24.6022385
972,900000972,46.5284691,24.6034996
973,900000973,46.5288483,24.6050082
974,900000974,46.5287238,24.6062234
975,900000975,46.5282985,24.6069036
976,900000976,46.5291561,24.6091644
977,900000977,46.5288768,24.6097304
978,900000978,46.5303281,24.5190587
979,900000979,46.5296693,24.5216068
980,900000980,46.5301776,24.5221442
981,900000981,46.5292886,24.5245664
982,900000982,46.5300027,24.5248141
983,900000983,46.5299683,24.5269275
984,900000984,46.5290420,24.5283257
985,900000985,46.5302082,24.5281940
986,900000986,46.5302190,24.5296338
987,900000987,46.5303479,24.5319185
988,900000988,46.5307375,24.5327687
989,900000989,46.5299508,24.5348191
990,900000990,46.5297252,24.5353349
991,900000991,46.5298190,24.5369237
992,900000992,46.5295704,24.5384788
993,900000993,46.5301393,24.5395974
994,900000994,46.5305442,24.5407221
995,900000995,46.5304065,24.5419279
996,900000996,46.5302137,24.5426076
997,900000997,46.5300185,24.5447037
998,900000998,46.5297759,24.5458122
999,900000999,46.5298276,24.5470674
1000,900001000,46.5291817,24.5484273
1001,900001001,46.5297568,24.5497641
1002,900001002,46.5295789,24.5512433
1003,900001003,46.5302237,24.5524961
1004,900001004,46.5297767,24.5545239
1005,900001005,46.5302911,24.5556322
1006,900001006,46.5303536,24.5563745
1007,900001007,46.5299039,24.5583271
1008,900001008,46.5297552,24.5590766
1009,900001009,46.5300814,24.5606025
1010,900001010,46.5298524,24.5621817
1011,900001011,46.5298868,24.5633699
1012,900001012,46.5303238,24.5646445
1013,900001013,46.5302059,24.5651303
1014,900001014,46.5294903,24.5666781
1015,900001015,46.5301155,24.5689362
1016,900001016,46.5295213,24.5697032
1017,900001017,46.5296502,24.5705400
1018,900001018,46.5298524,24.5724852
1019,900001019,46.5300237,24.5740091
1020,900001020,46.5296042,24.5751828
1021,900001021,46.5302747,24.5761182
1022,900001022,46.5301162,24.5771378
1023,900001023,46.5295677,24.5785133
1024,900001024,46.5297242,24.5813006
1025,900001025,46.5297794,24.5820469
1026,900001026,46.5300199,24.5827492
1027,900001027,46.5302093,24.5835625
1028,900001028,46.5302699,24.5853868
1029,900001029,46.5294186,24.5867923
1030,900001030,46.5301425,24.5880298
1031,900001031,46.5305039,24.5889440
1032,900001032,46.5301283,24.5907715
1033,900001033,46.5296341,24.5922790
1034,900001034,46.5294415,24.5924585
1035,900001035,46.5301320,24.5938578
1036,900001036,46.5299084,24.5949119
1037,900001037,46.5299733,24.5964464
1038,900001038,46.5300688,24.5975712
1039,900001039,46.5301062,24.5994453
1040,900001040,46.5299716,24.6008392
1041,900001041,46.5299949,24.6015793
1042,900001042,46.5290514,24.6034936
1043,900001043,46.5296216,24.6045781
1044,900001044,46.5300985,24.6051936
1045,900001045,46.5296820,24.6071168
1046,900001046,46.5295791,24.6088427
1047,900001047,46.5299001,24.6096307
1048,900001048,46.5306724,24.5203633
1049,900001049,46.5307861,24.5215676
1050,900001050,46.5311742,24.5217565
1051,900001051,46.5306377,24.5239144
1052,900001052,46.5311367,24.5255683
1053,900001053,46.5312978,24.5269871
1054,900001054,46.5308861,24.5277314
1055,900001055,46.5312885,24.5289390
1056,900001056,46.5313868,24.5297196
1057,900001057,46.5312457,24.5316612
1058,900001058,46.5303285,24.5334844
1059,900001059,46.5311258,24.5343572
1060,900001060,46.5306401,24.5354428
1061,900001061,46.5315461,24.5365843
1062,900001062,46.5298018,24.5378754
1063,900001063,46.5305971,24.5395058
1064,900001064,46.5308793,24.5404590
1065,900001065,46.5307223,24.5426454
1066,900001066,46.5305121,24.5443587
1067,900001067,46.5308265,24.5442909
1068,900001068,46.5312925,24.5463409
1069,900001069,46.5306520,24.5477282
1070,900001070,46.5303730,24.5482800
1071,900001071,46.5314111,24.5498849
1072,900001072,46.5305612,24.5515356
1073,900001073,46.5313378,24.5525986
1074,900001074,46.5303846,24.5537572
1075,900001075,46.5311633,24.5555633
1076,900001076,46.5316655,24.5564080
1077,900001077,46.5308481,24.5578089
1078,900001078,46.5314391,24.5587067
1079,900001079,46.5314738,24.5591977
1080,900001080,46.5312961,24.5614351
1081,900001081,46.5311776,24.5633533
1082,900001082,46.5306030,24.5643090
1083,900001083,46.5311012,24.5659164
1084,900001084,46.5306914,24.5665103
1085,900001085,46.5303436,24.5694036
1086,900001086,46.5309496,24.5694651
1087,900001087,46.5304938,24.5712881
1088,900001088,46.5308298,24.5728199
1089,900001089,46.5313151,24.5734877
1090,900001090,46.5312714,24.5742823
1091,900001091,46.5309030,24.5758277
1092,900001092,46.5305727,24.5773990
1093,900001093,46.5309662,24.5793416
1094,900001094,46.5298435,24.5796975
1095,900001095,46.5306955,24.5810955
1096,900001096,46.5311646,24.5827904
1097,900001097,46.5310269,24.5836997
1098,900001098,46.5311900,24.5853793
1099,900001099,46.5303720,24.5864037
1100,900001100,46.5305358,24.5872944
1101,900001101,46.5310683,24.5891576
1102,900001102,46.5310568,24.5900408
1103,900001103,46.5309465,24.5913284
1104,900001104,46.5311506,24.5933534
1105,900001105,46.5316313,24.5949176
1106,900001106,46.5307351,24.5954462
1107,900001107,46.5306885,24.5970942
1108,900001108,46.5317101,24.5985797
1109,900001109,46.5302472,24.5989994
1110,900001110,46.5305645,24.6011014
1111,900001111,46.5310174,24.6023089
1112,900001112,46.5316405,24.6031061
1113,900001113,46.5307203,24.6056672
1114,900001114,46.5311368,24.6057364
1115,900001115,46.5303069,24.6067054
1116,900001116,46.5301614,24.6087264
1117,900001117,46.5310324,24.6104468
1118,900001118,46.5320360,24.5196879
1119,900001119,46.5318254,24.5221599
1120,900001120,46.5314668,24.5226869
1121,900001121,46.5320937,24.5241906
1122,900001122,46.5319431,24.5254421
1123,900001123,46.5323702,24.5264554
1124,900001124,46.5319246,24.5277423
1125,900001125,46.5317470,24.5290370
1126,900001126,46.5319791,24.5305294
1127,900001127,46.5325524,24.5323276
1128,900001128,46.5319289,24.5333148
1129,900001129,46.5321880,24.5346905
1130,900001130,46.5320923,24.5357718
1131,900001131,46.5319207,24.5366035
1132,900001132,46.5323900,24.5388453
1133,900001133,46.5323165,24.5397613
1134,900001134,46.5321779,24.5406670
1135,900001135,46.5314607,24.5424725
1136,900001136,46.5321545,24.5432289
1137,900001137,46.5317471,24.5453576
1138,900001138,46.5314533,24.5468798
1139,900001139,46.5323086,24.5484581
1140,900001140,46.5318335,24.5486858
1141,900001141,46.5319074,24.5500698
1142,900001142,46.5320113,24.5509675
1143,900001143,46.5324609,24.5522555
1144,900001144,46.5319070,24.5541626
1145,900001145,46.5318966,24.5550218
1146,900001146,46.5322093,24.5563562
1147,900001147,46.5316485,24.5577801
1148,900001148,46.5320078,24.5598976
1149,900001149,46.5317008,24.5608710
1150,900001150,46.5318097,24.5615790
1151,900001151,46.5319704,24.5631652
1152,900001152,46.5323870,24.5651353
1153,900001153,46.5318620,24.5662507
1154,900001154,46.5324331,24.5673222
1155,900001155,46.5318190,24.5686662
1156,900001156,46.5320472,24.5697242
1157,900001157,46.5319906,24.5711684
1158,900001158,46.5324750,24.5726829
1159,900001159,46.5320129,24.5739262
1160,900001160,46.5325930,24.5743617
1161,900001161,46.5326000,24.5754861
1162,900001162,46.5322747,24.5776586
1163,900001163,46.5326037,24.5788211
1164,900001164,46.5319165,24.5796414
1165,900001165,46.5316468,24.5816490
1166,900001166,46.5320018,24.5822858
1167,900001167,46.5322709,24.5835688
1168,900001168,46.5319318,24.5850111
1169,900001169,46.5326638,24.5871800
1170,900001170,46.5320295,24.5871190
1171,900001171,46.5321815,24.5891628
1172,900001172,46.5322069,24.5906893
1173,900001173,46.5319726,24.5921554
1174,900001174,46.5323777,24.5931382
1175,900001175,46.5319425,24.5941315
1176,900001176,46.5323272,24.5951574
1177,900001177,46.5320289,24.5966190
1178,900001178,46.5315970,24.5985325
1179,900001179,46.5320757,24.5995813
1180,900001180,46.5323908,24.6001973
1181,900001181,46.5320613,24.6023038
1182,900001182,46.5323761,24.6029900
1183,900001183,46.5323353,24.6048814
1184,900001184,46.5325593,24.6065994
1185,900001185,46.5322771,24.6083581
1186,900001186,46.5320843,24.6085047
1187,900001187,46.5319655,24.6095768
1188,900001188,46.5331425,24.5191547
1189,900001189,46.5331230,24.5214960
1190,900001190,46.5334995,24.5224524
1191,900001191,46.5336386,24.5236200
1192,900001192,46.5331054,24.5243724
1193,900001193,46.5328861,24.5261656
1194,900001194,46.5336631,24.5280592
1195,900001195,46.5327751,24.5293649
1196,900001196,46.5333171,24.5303322
1197,900001197,46.5331604,24.5316050
1198,900001198,46.5329672,24.5322645
1199,900001199,46.5331216,24.5349123
1200,900001200,46.5336420,24.5355297
1201,900001201,46.5328973,24.5368636
1202,900001202,46.5334593,24.5384153
1203,900001203,46.5329531,24.5397243
1204,900001204,46.5330821,24.5410960
1205,900001205,46.5330133,24.5415279
1206,900001206,46.5331724,24.5438120
1207,900001207,46.5327745,24.5447355
1208,900001208,46.5334522,24.5459227
1209,900001209,46.5329305,24.5482820
1210,900001210,46.5334356,24.5491463
1211,900001211,46.5328300,24.5507158
1212,900001212,46.5325878,24.5510772
1213,900001213,46.5334047,24.5531915
1214,900001214,46.5328358,24.5536223
1215,900001215,46.5332195,24.5543730
1216,900001216,46.5333702,24.5567668
1217,900001217,46.5330003,24.5580613
1218,900001218,46.5334166,24.5592657
1219,900001219,46.5333301,24.5610964
1220,900001220,46.5329902,24.5618098
1221,900001221,46.5329750,24.5634951
1222,900001222,46.5330142,24.5645549
1223,900001223,46.5331990,24.5656811
1224,900001224,46.5337350,24.5669195
1225,900001225,46.5336331,24.5686209
1226,900001226,46.5335998,24.5694934
1227,900001227,46.5334669,24.5711989
1228,900001228,46.5329446,24.5722911
1229,900001229,46.5331090,24.5734627
1230,900001230,46.5335930,24.5744692
1231,900001231,46.5325836,24.5753297
1232,900001232,46.5329995,24.5771110
1233,900001233,46.5331574,24.5789414
1234,900001234,46.5337475,24.5801343
1235,900001235,46.5333091,24.5809853
1236,900001236,46.5333486,24.5831987
1237,900001237,46.5336053,24.5830648
1238,900001238,46.5334532,24.5859047
1239,900001239,46.5334315,24.5858732
1240,900001240,46.5330490,24.5880808
1241,900001241,46.5332927,24.5887786
1242,900001242,46.5328523,24.5908536
1243,900001243,46.5327027,24.5923607
1244,900001244,46.5331593,24.5931738
1245,900001245,46.5327030,24.5940896
1246,900001246,46.5333848,24.5950149
1247,900001247,46.5338502,24.5963486
1248,900001248,46.5327410,24.5982796
1249,900001249,46.5333147,24.5998826
1250,900001250,46.5330276,24.6007798
1251,900001251,46.5330731,24.6019251
1252,900001252,46.5322849,24.6038943
1253,900001253,46.5332370,24.6048512
1254,900001254,46.5329410,24.6061956
1255,900001255,46.5331481,24.6073581
1256,900001256,46.5335243,24.6079510
1257,900001257,46.5332373,24.6095389
1258,900001258,46.5341135,24.5206481
1259,900001259,46.5338559,24.5212612
1260,900001260,46.5340215,24.5230192
1261,900001261,46.5338910,24.5231856
1262,900001262,46.5343931,24.5250644
1263,900001263,46.5341130,24.5269887
1264,900001264,46.5339219,24.5276647
1265,900001265,46.5342700,24.5293091
1266,900001266,46.5340467,24.5308821
1267,900001267,46.5349737,24.5315625
1268,900001268,46.5348488,24.5321318
1269,900001269,46.5346932,24.5341991
1270,900001270,46.5342665,24.5355054
1271,900001271,46.5340064,24.5364044
1272,900001272,46.5340877,24.5388210
1273,900001273,46.5346036,24.5394147
1274,900001274,46.5340429,24.5405663
1275,900001275,46.5338171,24.5429534
1276,900001276,46.5344433,24.5435289
1277,900001277,46.5340552,24.5443409
1278,900001278,46.5346628,24.5464244
1279,900001279,46.5339002,24.5478187
1280,900001280,46.5338483,24.5489730
1281,900001281,46.5338974,24.5498209
1282,900001282,46.5343867,24.5514911
1283,900001283,46.5345602,24.5522471
1284,900001284,46.5347508,24.5544939
1285,900001285,46.5342169,24.5554184
1286,900001286,46.5339589,24.5564559
1287,900001287,46.5337766,24.5578646
1288,900001288,46.5342873,24.5597109
1289,900001289,46.5345388,24.5607868
1290,900001290,46.5340987,24.5616420
1291,900001291,46.5341058,24.5631395
1292,900001292,46.5335717,24.5646809
1293,900001293,46.5336938,24.5654296
1294,900001294,46.5342278,24.5667347
1295,900001295,46.5347791,24.5682187
1296,900001296,46.5347484,24.5700723
1297,900001297,46.5340534,24.5710427
1298,900001298,46.5346566,24.5720300
1299,900001299,46.5342500,24.5732372
1300,900001300,46.5342401,24.5746298
1301,900001301,46.5342481,24.5765198
1302,900001302,46.5346883,24.5774488
1303,900001303,46.5342882,24.5790655
1304,900001304,46.5341229,24.5795427
1305,900001305,46.5345934,24.5809005
1306,900001306,46.5345330,24.5821920
1307,900001307,46.5348354,24.5834620
1308,900001308,46.5345056,24.5858652
1309,900001309,46.5338974,24.5871634
1310,900001310,46.5339437,24.5870639
1311,900001311,46.5344629,24.5894335
1312,900001312,46.5341522,24.5893439
1313,900001313,46.5342019,24.5916070
1314,900001314,46.5340929,24.5929183
1315,900001315,46.5336189,24.5941028
1316,900001316,46.5348251,24.5963203
1317,900001317,46.5340989,24.5966489
1318,900001318,46.5343535,24.5987196
1319,900001319,46.5344633,24.5990602
1320,900001320,46.5342748,24.6009302
1321,900001321,46.5347036,24.6026907
1322,900001322,46.5343963,24.6040036
1323,900001323,46.5340875,24.6054471
1324,900001324,46.5340772,24.6062579
1325,900001325,46.5345289,24.6069966
1326,900001326,46.5339844,24.6079362
1327,900001327,46.5342757,24.6099763
1328,900001328,46.5351784,24.5202153
1329,900001329,46.5345771,24.5212942
1330,900001330,46.5353175,24.5224938
1331,900001331,46.5355549,24.5246700
1332,900001332,46.5351384,24.5248114
1333,900001333,46.5350850,24.5265618
1334,900001334,46.5354851,24.5274541
1335,900001335,46.5356239,24.5286879
1336,900001336,46.5355661,24.5306194
1337,900001337,46.5354439,24.5326712
1338,900001338,46.5351996,24.5329720
1339,900001339,46.5354482,24.5347207
1340,900001340,46.5348384,24.5357709
1341,900001341,46.5350390,24.5372288
1342,900001342,46.5357483,24.5382831
1343,900001343,46.5352523,24.5396444
1344,900001344,46.5342952,24.5412024
1345,900001345,46.5354767,24.5422450
1346,900001346,46.5351551,24.5431625
1347,900001347,46.5352279,24.5453068
1348,900001348,46.5352537,24.5466691
1349,900001349,46.5344239,24.5471927
1350,900001350,46.5353802,24.5486898
1351,900001351,46.5347303,24.5497128
1352,900001352,46.5357081,24.5507464
1353,900001353,46.5349553,24.5521348
1354,900001354,46.5351027,24.5541907
1355,900001355,46.5354878,24.5543403
1356,900001356,46.5357786,24.5562658
1357,900001357,46.5350904,24.5585465
1358,900001358,46.5352607,24.5585949
1359,900001359,46.5350735,24.5601209
1360,900001360,46.5349489,24.5615952
1361,900001361,46.5355830,24.5631948
1362,900001362,46.5348242,24.5655520
1363,900001363,46.5349555,24.5657022
1364,900001364,46.5352987,24.5672855
1365,900001365,46.5351778,24.5684581
1366,900001366,46.5359957,24.5696066
1367,900001367,46.5349244,24.5710114
1368,900001368,46.5350184,24.5720141
1369,900001369,46.5353514,24.5736238
1370,900001370,46.5351926,24.5751491
1371,900001371,46.5352234,24.5755234
1372,900001372,46.5355831,24.5772340
1373,900001373,46.5356957,24.5784128
1374,900001374,46.5354806,24.5801361
1375,900001375,46.5343820,24.5806593
1376,900001376,46.5349120,24.5832164
1377,900001377,46.5346538,24.5843077
1378,900001378,46.5356551,24.5854313
1379,900001379,46.5355147,24.5863076
1380,900001380,46.5352846,24.5879232
1381,900001381,46.5354295,24.5894359
1382,900001382,46.5352187,24.5901318
1383,900001383,46.5350992,24.5919167
1384,900001384,46.5347300,24.5925019
1385,900001385,46.5351497,24.5941090
1386,900001386,46.5351973,24.5945019
1387,900001387,46.5351736,24.5968480
1388,900001388,46.5355489,24.5974056
1389,900001389,46.5351853,24.5997702
1390,900001390,46.5354526,24.6013864
1391,900001391,46.5356428,24.6017204
1392,900001392,46.5355021,24.6033335
1393,900001393,46.5350181,24.6054458
1394,900001394,46.5350765,24.6057176
1395,900001395,46.5351510,24.6070228
1396,900001396,46.5356268,24.6088600
1397,900001397,46.5357593,24.6101779
1398,900001398,46.5361489,24.5204532
1399,900001399,46.5361355,24.5211043
1400,900001400,46.5362995,24.5226257
1401,900001401,46.5367582,24.5236507
1402,900001402,46.5364744,24.5252054
1403,900001403,46.5359322,24.5260477
1404,900001404,46.5362820,24.5280013
1405,900001405,46.5364639,24.5293380
1406,900001406,46.5363723,24.5302406
1407,900001407,46.5364997,24.5313047
1408,900001408,46.5359032,24.5328992
1409,900001409,46.5358739,24.5341247
1410,900001410,46.5361040,24.5354119
1411,900001411,46.5363408,24.5366096
1412,900001412,46.5362133,24.5375193
1413,900001413,46.5364049,24.5391833
1414,900001414,46.5364923,24.5396433
1415,900001415,46.5360854,24.5422793
1416,900001416,46.5355323,24.5433220
1417,900001417,46.5363878,24.5448273
1418,900001418,46.5358510,24.5461866
1419,900001419,46.5364062,24.5469692
1420,900001420,46.5366073,24.5486744
1421,900001421,46.5363622,24.5498048
1422,900001422,46.5365409,24.5513465
1423,900001423,46.5367400,24.5528048
1424,900001424,46.5361474,24.5538161
1425,900001425,46.5366662,24.5550587
1426,900001426,46.5364853,24.5567486
1427,900001427,46.5362952,24.5568140
1428,900001428,46.5364005,24.5592234
1429,900001429,46.5364018,24.5601045
1430,900001430,46.5367649,24.5616805
1431,900001431,46.5361450,24.5627315
1432,900001432,46.5364773,24.5638732
1433,900001433,46.5360173,24.5665225
1434,900001434,46.5367994,24.5674151
1435,900001435,46.5368180,24.5685199
1436,900001436,46.5357855,24.5700851
1437,900001437,46.5367754,24.5710830
1438,900001438,46.5356934,24.5727151
1439,900001439,46.5368184,24.5732640
1440,900001440,46.5363992,24.5751209
1441,900001441,46.5363271,24.5765655
1442,900001442,46.5363835,24.5776925
1443,900001443,46.5363848,24.5780511
1444,900001444,46.5360185,24.5813804
1445,900001445,46.5364506,24.5818758
1446,900001446,46.5367420,24.5833563
1447,900001447,46.5365440,24.5836532
1448,900001448,46.5363622,24.5843802
1449,900001449,46.5362921,24.5869172
1450,900001450,46.5356221,24.5879120
1451,900001451,46.5366356,24.5897098
1452,900001452,46.5360415,24.5901503
1453,900001453,46.5357191,24.5912942
1454,900001454,46.5365372,24.5939471
1455,900001455,46.5359667,24.5949499
1456,900001456,46.5365010,24.5954361
1457,900001457,46.5371014,24.5958551
1458,900001458,46.5363330,24.5983565
1459,900001459,46.5370799,24.6003507
1460,900001460,46.5371255,24.6009282
1461,900001461,46.5366894,24.6027703
1462,900001462,46.5365300,24.6036356
1463,900001463,46.5362935,24.6046041
1464,900001464,46.5359379,24.6069393
1465,900001465,46.5362041,24.6064818
1466,900001466,46.5364457,24.6086808
1467,900001467,46.5364158,24.6107939
1468,900001468,46.5373876,24.5198839
1469,900001469,46.5371698,24.5212945
1470,900001470,46.5372744,24.5226983
1471,900001471,46.5384869,24.5240852
1472,900001472,46.5371321,24.5260620
1473,900001473,46.5377179,24.5268789
1474,900001474,46.5376671,24.5281847
1475,900001475,46.5376534,24.5297478
1476,900001476,46.5377665,24.5310252
1477,900001477,46.5372528,24.5317381
1478,900001478,46.5371754,24.5334628
1479,900001479,46.5377068,24.5341438
1480,900001480,46.5376228,24.5368021
1481,900001481,46.5378450,24.5364677
1482,900001482,46.5373923,24.5385390
1483,900001483,46.5374116,24.5397346
1484,900001484,46.5378258,24.5410134
1485,900001485,46.5370497,24.5424871
1486,900001486,46.5373905,24.5435282
1487,900001487,46.5372307,24.5441766
1488,900001488,46.5369989,24.5459321
1489,900001489,46.5370593,24.5462015
1490,900001490,46.5378151,24.5481866
1491,900001491,46.5371767,24.5502330
1492,900001492,46.5366021,24.5518925
1493,900001493,46.5371617,24.5528980
1494,900001494,46.5372595,24.5540471
1495,900001495,46.5374596,24.5552169
1496,900001496,46.5368010,24.5558776
1497,900001497,46.5374096,24.5584441
1498,900001498,46.5372378,24.5593637
1499,900001499,46.5374791,24.5606468
1500,900001500,46.5377619,24.5610822
1501,900001501,46.5375173,24.5629655
1502,900001502,46.5373173,24.5639736
1503,900001503,46.5371557,24.5652008
1504,900001504,46.5370494,24.5680569
1505,900001505,46.5380033,24.5682652
1506,900001506,46.5376768,24.5691373
1507,900001507,46.5364751,24.5700706
1508,900001508,46.5374719,24.5728050
1509,900001509,46.5374094,24.5730395
1510,900001510,46.5373413,24.5743452
1511,900001511,46.5369481,24.5759851
1512,900001512,46.5372874,24.5770353
1513,900001513,46.5371217,24.5782878
1514,900001514,46.5375043,24.5806109
1515,900001515,46.5373520,24.5822847
1516,900001516,46.5368719,24.5827290
1517,900001517,46.5370293,24.5838423
1518,900001518,46.5374586,24.5854625
1519,900001519,46.5378091,24.5862784
1520,900001520,46.5370000,24.5877435
1521,900001521,46.5375239,24.5888241
1522,900001522,46.5377285,24.5911732
1523,900001523,46.5369386,24.5918980
1524,900001524,46.5377705,24.5922007
1525,900001525,46.5374939,24.5942490
1526,900001526,46.5369381,24.5962292
1527,900001527,46.5374978,24.5967465
1528,900001528,46.5375751,24.5985427
1529,900001529,46.5376862,24.5998196
1530,900001530,46.5375632,24.6003536
1531,900001531,46.5372801,24.6022304
1532,900001532,46.5364796,24.6044132
1533,900001533,46.5372943,24.6043201
1534,900001534,46.5368032,24.6061962
1535,900001535,46.5374348,24.6071353
1536,900001536,46.5372816,24.6083061
1537,900001537,46.5371681,24.6099570
1538,900001538,46.5382719,24.5202977
1539,900001539,46.5384429,24.5213622
1540,900001540,46.5386298,24.5231661
1541,900001541,46.5386967,24.5240132
1542,900001542,46.5384358,24.5248640
1543,900001543,46.5383747,24.5268210
1544,900001544,46.5385688,24.5276560
1545,900001545,46.5380372,24.5284582
1546,900001546,46.5386013,24.5308852
1547,900001547,46.5386191,24.5311369
1548,900001548,46.5384190,24.5331408
1549,900001549,46.5381783,24.5344999
1550,900001550,46.5384232,24.5352861
1551,900001551,46.5380679,24.5373122
1552,900001552,46.5386132,24.5378717
1553,900001553,46.5381456,24.5399555
1554,900001554,46.5386948,24.5407360
1555,900001555,46.5390348,24.5420469
1556,900001556,46.5381313,24.5439570
1557,900001557,46.5384273,24.5449340
1558,900001558,46.5385045,24.5456477
1559,900001559,46.5380868,24.5473062
1560,900001560,46.5389707,24.5482558
1561,900001561,46.5389546,24.5500966
1562,900001562,46.5381125,24.5514212
1563,900001563,46.5386849,24.5522147
1564,900001564,46.5377657,24.5540693
1565,900001565,46.5381133,24.5554105
1566,900001566,46.5378402,24.5564596
1567,900001567,46.5382158,24.5571776
1568,900001568,46.5384094,24.5592055
1569,900001569,46.5383018,24.5599177
1570,900001570,46.5385638,24.5609734
1571,900001571,46.5386737,24.5632583
1572,900001572,46.5390627,24.5647345
1573,900001573,46.5386123,24.5657675
1574,900001574,46.5385009,24.5663765
1575,900001575,46.5389893,24.5684913
1576,900001576,46.5383942,24.5690639
1577,900001577,46.5389965,24.5711023
1578,900001578,46.5380883,24.5724678
1579,900001579,46.5391364,24.5734683
1580,900001580,46.5386276,24.5746007
1581,900001581,46.5382777,24.5765562
1582,900001582,46.5395386,24.5774423
1583,900001583,46.5384494,24.5790425
1584,900001584,46.5383879,24.5803186
1585,900001585,46.5387733,24.5808601
1586,900001586,46.5381269,24.5825763
1587,900001587,46.5387745,24.5840342
1588,900001588,46.5389133,24.5846159
1589,900001589,46.5386591,24.5862498
1590,900001590,46.5385255,24.5879667
1591,900001591,46.5381619,24.5890305
1592,900001592,46.5380962,24.5905510
1593,900001593,46.5382028,24.5915234
1594,900001594,46.5385659,24.5927582
1595,900001595,46.5388816,24.5940696
1596,900001596,46.5387800,24.5957757
1597,900001597,46.5381403,24.5968613
1598,900001598,46.5382075,24.5981030
1599,900001599,46.5383995,24.6003589
1600,900001600,46.5383493,24.6015542
1601,900001601,46.5386432,24.6016037
1602,900001602,46.5377065,24.6037741
1603,900001603,46.5378161,24.6050960
1604,900001604,46.5388405,24.6062572
1605,900001605,46.5384204,24.6072819
1606,900001606,46.5385794,24.6085635
1607,900001607,46.5383101,24.6098387
1608,900001608,46.5399561,24.5197295
1609,900001609,46.5396881,24.5208025
1610,900001610,46.5393177,24.5220098
1611,900001611,46.5394922,24.5242106
1612,900001612,46.5396628,24.5250027
1613,900001613,46.5397666,24.5263705
1614,900001614,46.5396855,24.5279453
1615,900001615,46.5397428,24.5280512
1616,900001616,46.5391180,24.5307718
1617,900001617,46.5395230,24.5327163
1618,900001618,46.5394798,24.5328033
1619,900001619,46.5400654,24.5345898
1620,900001620,46.5402022,24.5358742
1621,900001621,46.5394904,24.5372718
1622,900001622,46.5392925,24.5380665
1623,900001623,46.5393714,24.5394685
1624,900001624,46.5398230,24.5406601
1625,900001625,46.5396684,24.5419570
1626,900001626,46.5398584,24.5422789
1627,900001627,46.5394890,24.5448560
1628,900001628,46.5391943,24.5465278
1629,900001629,46.5396326,24.5479487
1630,900001630,46.5398848,24.5489746
1631,900001631,46.5395088,24.5495274
1632,900001632,46.5394848,24.5511043
1633,900001633,46.5396439,24.5524064
1634,900001634,46.5405930,24.5532181
1635,900001635,46.5399566,24.5550130
1636,900001636,46.5394773,24.5569243
1637,900001637,46.5395603,24.5572989
1638,900001638,46.5396992,24.5590456
1639,900001639,46.5388634,24.5605208
1640,900001640,46.5392025,24.5614155
1641,900001641,46.5397224,24.5631737
1642,900001642,46.5394612,24.5652909
1643,900001643,46.5397011,24.5653854
1644,900001644,46.5396393,24.5669038
1645,900001645,46.5388145,24.5675761
1646,900001646,46.5390895,24.5704626
1647,900001647,46.5394972,24.5707495
1648,900001648,46.5393685,24.5726001
1649,900001649,46.5395688,24.5742193
1650,900001650,46.5398257,24.5754970
1651,900001651,46.5395197,24.5762499
1652,900001652,46.5394131,24.5773180
1653,900001653,46.5389749,24.5784433
1654,900001654,46.5392381,24.5797171
1655,900001655,46.5399700,24.5814179
1656,900001656,46.5399730,24.5829811
1657,900001657,46.5398699,24.5843489
1658,900001658,46.5393550,24.5855655
1659,900001659,46.5394506,24.5862916
1660,900001660,46.5399625,24.5887648
1661,900001661,46.5392292,24.5898840
1662,900001662,46.5398397,24.5900672
1663,900001663,46.5396515,24.5919002
1664,900001664,46.5396859,24.5928888
1665,900001665,46.5391257,24.5943614
1666,900001666,46.5398499,24.5959925
1667,900001667,46.5397822,24.5974344
1668,900001668,46.5392250,24.5982425
1669,900001669,46.5396742,24.5999983
1670,900001670,46.5396119,24.6010943
1671,900001671,46.5396044,24.6030837
1672,900001672,46.5388231,24.6034676
1673,900001673,46.5403941,24.6048848
1674,900001674,46.5389416,24.6061449
1675,900001675,46.5390759,24.6070969
1676,900001676,46.5396350,24.6094386
1677,900001677,46.5397153,24.6102898
1678,900001678,46.5409704,24.5200868
1679,900001679,46.5403382,24.5212619
1680,900001680,46.5407406,24.5224888
1681,900001681,46.5404021,24.5237575
1682,900001682,46.5401210,24.5247734
1683,900001683,46.5405965,24.5263654
1684,900001684,46.5406398,24.5284344
1685,900001685,46.5407281,24.5291165
1686,900001686,46.5402316,24.5299677
1687,900001687,46.5407537,24.5313609
1688,900001688,46.5407718,24.5325784
1689,900001689,46.5406724,24.5343162
1690,900001690,46.5409627,24.5354823
1691,900001691,46.5405017,24.5370630
1692,900001692,46.5406456,24.5389926
1693,900001693,46.5405404,24.5393329
1694,900001694,46.5405196,24.5410749
1695,900001695,46.5407059,24.5424742
1696,900001696,46.5401611,24.5445512
1697,900001697,46.5412469,24.5447691
1698,900001698,46.5402199,24.5461540
1699,900001699,46.5407669,24.5464246
1700,900001700,46.5406317,24.5480556
1701,900001701,46.5407814,24.5505984
1702,900001702,46.5409752,24.5506522
1703,900001703,46.5410924,24.5530011
1704,900001704,46.5405056,24.5541304
1705,900001705,46.5411382,24.5550738
1706,900001706,46.5406219,24.5562795
1707,900001707,46.5410166,24.5568935
1708,900001708,46.5411052,24.5587115
1709,900001709,46.5409391,24.5597310
1710,900001710,46.5403117,24.5614804
1711,900001711,46.5409061,24.5623415
1712,900001712,46.5408302,24.5640727
1713,900001713,46.5410453,24.5655175
1714,900001714,46.5407909,24.5668821
1715,900001715,46.5412310,24.5681049
1716,900001716,46.5406187,24.5704243
1717,900001717,46.5406532,24.5711666
1718,900001718,46.5403789,24.5722604
1719,900001719,46.5398632,24.5735238
1720,900001720,46.5404093,24.5741319
1721,900001721,46.5401502,24.5765813
1722,900001722,46.5407708,24.5767348
1723,900001723,46.5412380,24.5783944
1724,900001724,46.5405029,24.5801067
1725,900001725,46.5402442,24.5806040
1726,900001726,46.5403760,24.5831203
1727,900001727,46.5409477,24.5832290
1728,900001728,46.5410326,24.5852321
1729,900001729,46.5407957,24.5865441
1730,900001730,46.5407664,24.5873929
1731,900001731,46.5403209,24.5888260
1732,900001732,46.5405030,24.5907029
1733,900001733,46.5402175,24.5924295
1734,900001734,46.5404141,24.5927887
1735,900001735,46.5408640,24.5945357
1736,900001736,46.5405129,24.5951888
1737,900001737,46.5402902,24.5962645
1738,900001738,46.5410122,24.5987300
1739,900001739,46.5412564,24.5997812
1740,900001740,46.5407392,24.6011975
1741,900001741,46.5409475,24.6020618
1742,900001742,46.5407458,24.6044111
1743,900001743,46.5400566,24.6041739
1744,900001744,46.5403027,24.6064132
1745,900001745,46.5410273,24.6072446
1746,900001746,46.5408534,24.6086747
1747,900001747,46.5407282,24.6097659
1748,900001748,46.5416858,24.5199980
1749,900001749,46.5420760,24.5222711
1750,900001750,46.5410834,24.5228394
1751,900001751,46.5416933,24.5243324
1752,900001752,46.5420526,24.5255555
1753,900001753,46.5419674,24.5261102
1754,900001754,46.5411203,24.5285494
1755,900001755,46.5421022,24.5287178
1756,900001756,46.5421298,24.5307237
1757,900001757,46.5408679,24.5321288
1758,900001758,46.5413622,24.5335487
1759,900001759,46.5414653,24.5340257
1760,900001760,46.5411741,24.5355582
1761,900001761,46.5420380,24.5366656
1762,900001762,46.5410678,24.5391903
1763,900001763,46.5423170,24.5398645
1764,900001764,46.5415137,24.5403444
1765,900001765,46.5411424,24.5424160
1766,900001766,46.5421331,24.5430187
1767,900001767,46.5416948,24.5446623
1768,900001768,46.5416085,24.5463045
1769,900001769,46.5424005,24.5471152
1770,900001770,46.5419815,24.5491678
1771,900001771,46.5415990,24.5499355
1772,900001772,46.5412424,24.5517721
1773,900001773,46.5415158,24.5523250
1774,900001774,46.5417176,24.5535409
1775,900001775,46.5413433,24.5550882
1776,900001776,46.5421965,24.5564327
1777,900001777,46.5418727,24.5571899
1778,900001778,46.5410378,24.5599189
1779,900001779,46.5415606,24.5597672
1780,900001780,46.5416592,24.5620026
1781,900001781,46.5411121,24.5626607
1782,900001782,46.5417825,24.5639477
1783,900001783,46.5419639,24.5660696
1784,900001784,46.5418443,24.5667701
1785,900001785,46.5416792,24.5679863
1786,900001786,46.5416509,24.5697033
1787,900001787,46.5415935,24.5712921
1788,900001788,46.5425712,24.5719364
1789,900001789,46.5418108,24.5738357
1790,900001790,46.5419126,24.5746793
1791,900001791,46.5415329,24.5765231
1792,900001792,46.5419060,24.5776113
1793,900001793,46.5414234,24.5789701
1794,900001794,46.5419635,24.5799196
1795,900001795,46.5419133,24.5822482
1796,900001796,46.5410605,24.5828724
1797,900001797,46.5412990,24.5833200
1798,900001798,46.5416154,24.5854548
1799,900001799,46.5417125,24.5860150
1800,900001800,46.5412084,24.5875841
1801,900001801,46.5416996,24.5887693
1802,900001802,46.5411863,24.5911981
1803,900001803,46.5414111,24.5916711
1804,900001804,46.5415093,24.5927888
1805,900001805,46.5417085,24.5942183
1806,900001806,46.5419045,24.5951365
1807,900001807,46.5411917,24.5978053
1808,900001808,46.5416695,24.5985954
1809,900001809,46.5420945,24.5998064
1810,900001810,46.5417073,24.6001922
1811,900001811,46.5411525,24.6025999
1812,900001812,46.5419243,24.6037263
1813,900001813,46.5411328,24.6038537
1814,900001814,46.5413369,24.6055720
1815,900001815,46.5417489,24.6069459
1816,900001816,46.5422314,24.6084243
1817,900001817,46.5415044,24.6103767
1818,900001818,46.5428741,24.5196079
1819,900001819,46.5430414,24.5221428
1820,900001820,46.5423464,24.5225003
1821,900001821,46.5423972,24.5230657
1822,900001822,46.5429754,24.5255219
1823,900001823,46.5430935,24.5267088
1824,900001824,46.5420787,24.5278143
1825,900001825,46.5425358,24.5286165
1826,900001826,46.5423868,24.5307691
1827,900001827,46.5426620,24.5325981
1828,900001828,46.5429227,24.5322093
1829,900001829,46.5430666,24.5348939
1830,900001830,46.5427734,24.5351221
1831,900001831,46.5433642,24.5363822
1832,900001832,46.5427342,24.5374270
1833,900001833,46.5423360,24.5388215
1834,900001834,46.5431334,24.5413854
1835,900001835,46.5426247,24.5415803
1836,900001836,46.5427422,24.5436442
1837,900001837,46.5422429,24.5442752
1838,900001838,46.5427278,24.5463952
1839,900001839,46.5427881,24.5475884
1840,900001840,46.5423369,24.5476041
1841,900001841,46.5428690,24.5495976
1842,900001842,46.5427204,24.5511389
1843,900001843,46.5429267,24.5522699
1844,900001844,46.5432556,24.5539267
1845,900001845,46.5429433,24.5554937
1846,900001846,46.5431170,24.5566991
1847,900001847,46.5421649,24.5575499
1848,900001848,46.5433986,24.5593382
1849,900001849,46.5429545,24.5606402
1850,900001850,46.5425435,24.5614410
1851,900001851,46.5425415,24.5635529
1852,900001852,46.5428874,24.5651308
1853,900001853,46.5429333,24.5664844
1854,900001854,46.5429194,24.5664356
1855,900001855,46.5433589,24.5684095
1856,900001856,46.5431710,24.5696598
1857,900001857,46.5426506,24.5709443
1858,900001858,46.5423780,24.5716471
1859,900001859,46.5424580,24.5732469
1860,900001860,46.5422975,24.5747371
1861,900001861,46.5428672,24.5769819
1862,900001862,46.5433945,24.5773693
1863,900001863,46.5430664,24.5785989
1864,900001864,46.5428969,24.5799851
1865,900001865,46.5425770,24.5813378
1866,900001866,46.5422544,24.5828032
1867,900001867,46.5426631,24.5834343
1868,900001868,46.5426390,24.5854623
1869,900001869,46.5425290,24.5867319
1870,900001870,46.5429589,24.5885158
1871,900001871,46.5423886,24.5890813
1872,900001872,46.5429389,24.5910991
1873,900001873,46.5428530,24.5920731
1874,900001874,46.5422572,24.5927849
1875,900001875,46.5433352,24.5942218
1876,900001876,46.5435081,24.5953295
1877,900001877,46.5426669,24.5962497
1878,900001878,46.5429820,24.5983781
1879,900001879,46.5434590,24.5996386
1880,900001880,46.5426763,24.6002446
1881,900001881,46.5427343,24.6025940
1882,900001882,46.5430183,24.6040233
1883,900001883,46.5430613,24.6047620
1884,900001884,46.5429716,24.6061636
1885,900001885,46.5423024,24.6081517
1886,900001886,46.5428922,24.6082286
1887,900001887,46.5428959,24.6101280
1888,900001888,46.5441751,24.5206421
1889,900001889,46.5427789,24.5215512
1890,900001890,46.5443600,24.5221869
1891,900001891,46.5431876,24.5240374
1892,900001892,46.5439468,24.5253733
1893,900001893,46.5434463,24.5263138
1894,900001894,46.5438980,24.5281578
1895,900001895,46.5445898,24.5292614
1896,900001896,46.5436218,24.5293836
1897,900001897,46.5442027,24.5316804
1898,900001898,46.5437925,24.5326031
1899,900001899,46.5440851,24.5335487
1900,900001900,46.5438681,24.5357062
1901,900001901,46.5439346,24.5375384
1902,900001902,46.5437962,24.5383029
1903,900001903,46.5441277,24.5388735
1904,900001904,46.5437291,24.5408998
1905,900001905,46.5441622,24.5418167
1906,900001906,46.5441096,24.5436498
1907,900001907,46.5433141,24.5441221
1908,900001908,46.5433329,24.5461493
1909,900001909,46.5439023,24.5477145
1910,900001910,46.5441158,24.5484491
1911,900001911,46.5442022,24.5503660
1912,900001912,46.5439945,24.5515185
1913,900001913,46.5433833,24.5527702
1914,900001914,46.5434714,24.5533801
1915,900001915,46.5437089,24.5552797
1916,900001916,46.5438119,24.5563740
1917,900001917,46.5434826,24.5579095
1918,900001918,46.5435727,24.5585006
1919,900001919,46.5438630,24.5610851
1920,900001920,46.5436897,24.5612641
1921,900001921,46.5443124,24.5638096
1922,900001922,46.5437281,24.5642534
1923,900001923,46.5439042,24.5669732
1924,900001924,46.5438771,24.5674016
1925,900001925,46.5439850,24.5674462
1926,900001926,46.5434467,24.5690133
1927,900001927,46.5439814,24.5709172
1928,900001928,46.5444541,24.5720529
1929,900001929,46.5439379,24.5735119
1930,900001930,46.5438790,24.5758204
1931,900001931,46.5439297,24.5767465
1932,900001932,46.5442828,24.5771192
1933,900001933,46.5440695,24.5785249
1934,900001934,46.5438688,24.5800709
1935,900001935,46.5438378,24.5810939
1936,900001936,46.5443734,24.5824898
1937,900001937,46.5440756,24.5846661
1938,900001938,46.5440489,24.5856776
1939,900001939,46.5443149,24.5870099
1940,900001940,46.5444302,24.5871855
1941,900001941,46.5445139,24.5891429
1942,900001942,46.5432206,24.5901475
1943,900001943,46.5433438,24.5917294
1944,900001944,46.5433106,24.5925919
1945,900001945,46.5439338,24.5944182
1946,900001946,46.5435520,24.5955470
1947,900001947,46.5437960,24.5969901
1948,900001948,46.5438281,24.5981616
1949,900001949,46.5441374,24.5988439
1950,900001950,46.5436580,24.6009295
1951,900001951,46.5436904,24.6019258
1952,900001952,46.5436778,24.6035721
1953,900001953,46.5442656,24.6046992
1954,900001954,46.5437371,24.6062469
1955,900001955,46.5437458,24.6065220
1956,900001956,46.5439243,24.6085260
1957,900001957,46.5436304,24.6102825
1958,900001958,46.5449137,24.5197462
1959,900001959,46.5441370,24.5205309
1960,900001960,46.5449032,24.5225559
1961,900001961,46.5450515,24.5240134
1962,900001962,46.5447310,24.5246485
1963,900001963,46.5445154,24.5264592
1964,900001964,46.5444965,24.5281659
1965,900001965,46.5444344,24.5283247
1966,900001966,46.5448305,24.5296365
1967,900001967,46.5454677,24.5312928
1968,900001968,46.5448802,24.5329337
1969,900001969,46.5446114,24.5335527
1970,900001970,46.5442471,24.5360412
1971,900001971,46.5452556,24.5379298
1972,900001972,46.5443866,24.5385131
1973,900001973,46.5448934,24.5399456
1974,900001974,46.5447185,24.5411942
1975,900001975,46.5452118,24.5424468
1976,900001976,46.5454046,24.5433997
1977,900001977,46.5454386,24.5444674
1978,900001978,46.5454818,24.5448510
1979,900001979,46.5449030,24.5470311
1980,900001980,46.5448989,24.5491597
1981,900001981,46.5451497,24.5500427
1982,900001982,46.5454939,24.5506401
1983,900001983,46.5446133,24.5532882
1984,900001984,46.5450131,24.5529795
1985,900001985,46.5450176,24.5546845
1986,900001986,46.5454154,24.5570365
1987,900001987,46.5447069,24.5584081
1988,900001988,46.5446066,24.5595445
1989,900001989,46.5451010,24.5603776
1990,900001990,46.5444007,24.5616133
1991,900001991,46.5440970,24.5627899
1992,900001992,46.5442506,24.5648948
1993,900001993,46.5445600,24.5645578
1994,900001994,46.5451028,24.5671225
1995,900001995,46.5447209,24.5692137
1996,900001996,46.5451690,24.5695951
1997,900001997,46.5446726,24.5695395
1998,900001998,46.5450662,24.5726061
1999,900001999,46.5446912,24.5728424
2000,900002000,46.5448837,24.5740301
2001,900002001,46.5449009,24.5764339
2002,900002002,46.5454267,24.5775107
2003,900002003,46.5449671,24.5790331
2004,900002004,46.5453883,24.5798563
2005,900002005,46.5444685,24.5809481
2006,900002006,46.5444578,24.5822087
2007,900002007,46.5448560,24.5840673
2008,900002008,46.5449530,24.5852488
2009,900002009,46.5447733,24.5867123
2010,900002010,46.5452082,24.5881680
2011,900002011,46.5454224,24.5889999
2012,900002012,46.5448103,24.5911973
2013,900002013,46.5449687,24.5919249
2014,900002014,46.5447806,24.5934795
2015,900002015,46.5447574,24.5938944
2016,900002016,46.5448771,24.5954531
2017,900002017,46.5451902,24.5967865
2018,900002018,46.5449415,24.5981632
2019,900002019,46.5450174,24.5992816
2020,900002020,46.5452849,24.6002288
2021,900002021,46.5447634,24.6018551
2022,900002022,46.5451251,24.6034962
2023,900002023,46.5450680,24.6046341
2024,900002024,46.5446470,24.6055832
2025,900002025,46.5447814,24.6071503
2026,900002026,46.5449963,24.6088553
2027,900002027,46.5452402,24.6099520
2028,900002028,46.5457041,24.5195225
2029,900002029,46.5459875,24.5214667
2030,900002030,46.5466480,24.5226906
2031,900002031,46.5465812,24.5247560
2032,900002032,46.5455990,24.5257621
2033,900002033,46.5463639,24.5271272
2034,900002034,46.5459626,24.5282558
2035,900002035,46.5457977,24.5290989
2036,900002036,46.5459728,24.5312371
2037,900002037,46.5458908,24.5321689
2038,900002038,46.5459892,24.5327244
2039,900002039,46.5460510,24.5346448
2040,900002040,46.5457169,24.5359376
2041,900002041,46.5457168,24.5365619
2042,900002042,46.5460431,24.5381550
2043,900002043,46.5456222,24.5388319
2044,900002044,46.5459742,24.5409790
2045,900002045,46.5458053,24.5422583
2046,900002046,46.5454316,24.5436549
2047,900002047,46.5461118,24.5449077
2048,900002048,46.5457516,24.5461226
2049,900002049,46.5460116,24.5478725
2050,900002050,46.5460627,24.5488099
2051,900002051,46.5457128,24.5503879
2052,900002052,46.5463765,24.5510822
2053,900002053,46.5461897,24.5527473
2054,900002054,46.5459498,24.5533345
2055,900002055,46.5465809,24.5543780
2056,900002056,46.5460721,24.5563525
2057,900002057,46.5463666,24.5576359
2058,900002058,46.5459799,24.5594051
2059,900002059,46.5461257,24.5602011
2060,900002060,46.5462043,24.5619153
2061,900002061,46.5463118,24.5628138
2062,900002062,46.5459500,24.5641720
2063,900002063,46.5456732,24.5657667
2064,900002064,46.5461091,24.5675942
2065,900002065,46.5458524,24.5684348
2066,900002066,46.5463653,24.5695140
2067,900002067,46.5459882,24.5709298
2068,900002068,46.5457251,24.5717303
2069,900002069,46.5463560,24.5735560
2070,900002070,46.5459401,24.5742251
2071,900002071,46.5460072,24.5766134
2072,900002072,46.5455646,24.5769913
2073,900002073,46.5463530,24.5793373
2074,900002074,46.5465076,24.5797522
2075,900002075,46.5461753,24.5809678
2076,900002076,46.5461476,24.5824451
2077,900002077,46.5460345,24.5845141
2078,900002078,46.5460841,24.5851095
2079,900002079,46.5459856,24.5866408
2080,900002080,46.5457875,24.5879187
2081,900002081,46.5461751,24.5898287
2082,900002082,46.5452482,24.5899021
2083,900002083,46.5455353,24.5921310
2084,900002084,46.5468156,24.5931302
2085,900002085,46.5460083,24.5948573
2086,900002086,46.5451164,24.5955720
2087,900002087,46.5448819,24.5970257
2088,900002088,46.5457892,24.5980440
2089,900002089,46.5460844,24.5993040
2090,900002090,46.5463526,24.6008683
2091,900002091,46.5460986,24.6033084
2092,900002092,46.5458101,24.6038923
2093,900002093,46.5456787,24.6053401
2094,900002094,46.5463013,24.6061496
2095,900002095,46.5463107,24.6081101
2096,900002096,46.5464448,24.6086963
2097,900002097,46.5459471,24.6104946
2098,900002098,46.5465231,24.5197310
2099,900002099,46.5472022,24.5215584
2100,900002100,46.5476798,24.5233939
2101,900002101,46.5471464,24.5241100
2102,900002102,46.5465765,24.5251348
2103,900002103,46.5471245,24.5264210
2104,900002104,46.5470548,24.5280972
2105,900002105,46.5467040,24.5288775
2106,900002106,46.5464177,24.5309451
2107,900002107,46.5466682,24.5309803
2108,900002108,46.5473008,24.5329483
2109,900002109,46.5473686,24.5341837
2110,900002110,46.5477702,24.5359703
2111,900002111,46.5470861,24.5370080
2112,900002112,46.5469626,24.5386210
2113,900002113,46.5477263,24.5393773
2114,900002114,46.5466572,24.5411355
2115,900002115,46.5474033,24.5415100
2116,900002116,46.5467945,24.5430350
2117,900002117,46.5472284,24.5450076
2118,900002118,46.5467801,24.5455860
2119,900002119,46.5472701,24.5464773
2120,900002120,46.5472565,24.5486267
2121,900002121,46.5476974,24.5504416
2122,900002122,46.5468336,24.5511826
2123,900002123,46.5469382,24.5522855
2124,900002124,46.5470621,24.5543413
2125,900002125,46.5465133,24.5551163
2126,900002126,46.5475493,24.5568511
2127,900002127,46.5467530,24.5574683
2128,900002128,46.5467389,24.5584183
2129,900002129,46.5474307,24.5604656
2130,900002130,46.5467933,24.5611032
2131,900002131,46.5469014,24.5628166
2132,900002132,46.5476274,24.5641441
2133,900002133,46.5470737,24.5661270
2134,900002134,46.5472641,24.5668764
2135,900002135,46.5462820,24.5688819
2136,900002136,46.5472400,24.5693729
2137,900002137,46.5470034,24.5704465
2138,900002138,46.5467245,24.5715170
2139,900002139,46.5472067,24.5737077
2140,900002140,46.5470940,24.5751280
2141,900002141,46.5472184,24.5761410
2142,900002142,46.5467299,24.5776528
2143,900002143,46.5474422,24.5789749
2144,900002144,46.5474632,24.5797909
2145,900002145,46.5466971,24.5818577
2146,900002146,46.5468332,24.5827161
2147,900002147,46.5469684,24.5839228
2148,900002148,46.5469409,24.5849791
2149,900002149,46.5464212,24.5873637
2150,900002150,46.5471039,24.5869758
2151,900002151,46.5467224,24.5886331
2152,900002152,46.5467790,24.5893096
2153,900002153,46.5472314,24.5924631
2154,900002154,46.5469494,24.5933719
2155,900002155,46.5472402,24.5937984
2156,900002156,46.5474523,24.5949084
2157,900002157,46.5468365,24.5967981
2158,900002158,46.5474650,24.5983133
2159,900002159,46.5469913,24.5992105
2160,900002160,46.5470648,24.6008883
2161,900002161,46.5472844,24.6027890
2162,900002162,46.5472869,24.6034863
2163,900002163,46.5469815,24.6054885
2164,900002164,46.5471028,24.6060798
2165,900002165,46.5476497,24.6080825
2166,900002166,46.5472289,24.6086478
2167,900002167,46.5468165,24.6104702
2168,900002168,46.5479465,24.5204230
2169,900002169,46.5478334,24.5213505
2170,900002170,46.5482396,24.5226725
2171,900002171,46.5481818,24.5240810
2172,900002172,46.5477172,24.5247289
2173,900002173,46.5480513,24.5273162
2174,900002174,46.5480591,24.5274182
2175,900002175,46.5478759,24.5291454
2176,900002176,46.5485065,24.5301858
2177,900002177,46.5482937,24.5318215
2178,900002178,46.5479799,24.5326281
2179,900002179,46.5480497,24.5340299
2180,900002180,46.5482856,24.5348776
2181,900002181,46.5484876,24.5372901
2182,900002182,46.5482996,24.5389192
2183,900002183,46.5483079,24.5388141
2184,900002184,46.5481199,24.5410674
2185,900002185,46.5478680,24.5416770
2186,900002186,46.5482497,24.5437030
2187,900002187,46.5479564,24.5446761
2188,900002188,46.5479286,24.5458378
2189,900002189,46.5480820,24.5478629
2190,900002190,46.5475519,24.5485462
2191,900002191,46.5486530,24.5501394
2192,900002192,46.5481543,24.5516712
2193,900002193,46.5477591,24.5520777
2194,900002194,46.5475352,24.5532732
2195,900002195,46.5481867,24.5555902
2196,900002196,46.5479596,24.5562234
2197,900002197,46.5482396,24.5580953
2198,900002198,46.5481893,24.5582951
2199,900002199,46.5479159,24.5593241
2200,900002200,46.5481846,24.5613667
2201,900002201,46.5478781,24.5637027
2202,900002202,46.5485524,24.5645592
2203,900002203,46.5481958,24.5657280
2204,900002204,46.5479020,24.5669343
2205,900002205,46.5487535,24.5678772
2206,900002206,46.5478761,24.5696363
2207,900002207,46.5484058,24.5712348
2208,900002208,46.5477724,24.5721169
2209,900002209,46.5480115,24.5729382
2210,900002210,46.5481281,24.5745721
2211,900002211,46.5484150,24.5762767
2212,900002212,46.5478360,24.5774268
2213,900002213,46.5479803,24.5784178
2214,900002214,46.5479360,24.5804659
2215,900002215,46.5479609,24.5805540
2216,900002216,46.5478381,24.5829621
2217,900002217,46.5488345,24.5834520
2218,900002218,46.5479807,24.5850736
2219,900002219,46.5476227,24.5866976
2220,900002220,46.5480844,24.5879483
2221,900002221,46.5488638,24.5890139
2222,900002222,46.5483719,24.5907999
2223,900002223,46.5478854,24.5914801
2224,900002224,46.5486318,24.5933566
2225,900002225,46.5481505,24.5938693
2226,900002226,46.5484024,24.5958831
2227,900002227,46.5488497,24.5976016
2228,900002228,46.5483754,24.5983782
2229,900002229,46.5481229,24.5993244
2230,900002230,46.5482067,24.6009765
2231,900002231,46.5483236,24.6026493
2232,900002232,46.5482079,24.6032408
2233,900002233,46.5483765,24.6054620
2234,900002234,46.5478177,24.6062707
2235,900002235,46.5482883,24.6076260
2236,900002236,46.5482735,24.6086560
2237,900002237,46.5480671,24.6107380
2238,900002238,46.5497589,24.5193869
2239,900002239,46.5483062,24.5214961
2240,900002240,46.5489402,24.5223828
2241,900002241,46.5486273,24.5240678
2242,900002242,46.5491510,24.5249815
2243,900002243,46.5494753,24.5275855
2244,900002244,46.5496713,24.5283396
2245,900002245,46.5490295,24.5294186
2246,900002246,46.5491567,24.5309410
2247,900002247,46.5493676,24.5317240
2248,900002248,46.5493576,24.5327297
2249,900002249,46.5494391,24.5350057
2250,900002250,46.5490467,24.5358955
2251,900002251,46.5486031,24.5373663
2252,900002252,46.5494680,24.5378146
2253,900002253,46.5497625,24.5396152
2254,900002254,46.5485812,24.5402712
2255,900002255,46.5494670,24.5420550
2256,900002256,46.5495448,24.5428006
2257,900002257,46.5491360,24.5452099
2258,900002258,46.5489391,24.5463845
2259,900002259,46.5490475,24.5475419
2260,900002260,46.5492793,24.5496720
2261,900002261,46.5487485,24.5503408
2262,900002262,46.5496157,24.5508130
2263,900002263,46.5491973,24.5536184
2264,900002264,46.5495267,24.5526165
2265,900002265,46.5490889,24.5544700
2266,900002266,46.5492726,24.5562045
2267,900002267,46.5489786,24.5574603
2268,900002268,46.5492696,24.5589267
2269,900002269,46.5488620,24.5603356
2270,900002270,46.5493078,24.5613651
2271,900002271,46.5495473,24.5623177
2272,900002272,46.5493082,24.5641779
2273,900002273,46.5497045,24.5653710
2274,900002274,46.5489440,24.5663700
2275,900002275,46.5498448,24.5685310
2276,900002276,46.5488007,24.5694185
2277,900002277,46.5488439,24.5715355
2278,900002278,46.5493117,24.5712837
2279,900002279,46.5492409,24.5738784
2280,900002280,46.5491702,24.5749896
2281,900002281,46.5491321,24.5761783
2282,900002282,46.5492419,24.5770820
2283,900002283,46.5492878,24.5787680
2284,900002284,46.5491565,24.5797012
2285,900002285,46.5488247,24.5814121
2286,900002286,46.5494504,24.5815517
2287,900002287,46.5489876,24.5845051
2288,900002288,46.5494809,24.5849057
2289,900002289,46.5496294,24.5860902
2290,900002290,46.5489009,24.5886744
2291,900002291,46.5490211,24.5890358
2292,900002292,46.5486084,24.5899928
2293,900002293,46.5487696,24.5916790
2294,900002294,46.5485453,24.5935085
2295,900002295,46.5490485,24.5940828
2296,900002296,46.5489537,24.5959776
2297,900002297,46.5496914,24.5967782
2298,900002298,46.5497186,24.5989656
2299,900002299,46.5496262,24.5996960
2300,900002300,46.5486625,24.6011646
2301,900002301,46.5490304,24.6022590
2302,900002302,46.5485281,24.6033546
2303,900002303,46.5492490,24.6043725
2304,900002304,46.5492696,24.6068195
2305,900002305,46.5492481,24.6070915
2306,900002306,46.5499814,24.6077530
2307,900002307,46.5488564,24.6101788
2308,900002308,46.5500360,24.5189957
2309,900002309,46.5503259,24.5216683
2310,900002310,46.5499666,24.5232509
2311,900002311,46.5504076,24.5244352
2312,900002312,46.5497172,24.5252161
2313,900002313,46.5507823,24.5274050
2314,900002314,46.5506865,24.5278259
2315,900002315,46.5502997,24.5288555
2316,900002316,46.5506117,24.5301301
2317,900002317,46.5502795,24.5308344
2318,900002318,46.5497243,24.5338236
2319,900002319,46.5502574,24.5344423
2320,900002320,46.5494885,24.5356376
2321,900002321,46.5509438,24.5363005
2322,900002322,46.5494262,24.5381900
2323,900002323,46.5500560,24.5394730
2324,900002324,46.5498083,24.5402742
2325,900002325,46.5498155,24.5424552
2326,900002326,46.5502211,24.5438393
2327,900002327,46.5498689,24.5450419
2328,900002328,46.5500863,24.5461262
2329,900002329,46.5505563,24.5474059
2330,900002330,46.5501173,24.5479642
2331,900002331,46.5502591,24.5503446
2332,900002332,46.5500211,24.5512751
2333,900002333,46.5496324,24.5520215
2334,900002334,46.5503753,24.5544833
2335,900002335,46.5501311,24.5544815
2336,900002336,46.5501072,24.5558331
2337,900002337,46.5501430,24.5586766
2338,900002338,46.5503398,24.5590634
2339,900002339,46.5505926,24.5602675
2340,900002340,46.5503512,24.5618274
2341,900002341,46.5503901,24.5623955
2342,900002342,46.5504810,24.5647369
2343,900002343,46.5494545,24.5644555
2344,900002344,46.5499300,24.5676147
2345,900002345,46.5502444,24.5685604
2346,900002346,46.5504276,24.5699575
2347,900002347,46.5500181,24.5706109
2348,900002348,46.5503665,24.5724427
2349,900002349,46.5504347,24.5736283
2350,900002350,46.5500707,24.5752710
2351,900002351,46.5503994,24.5765572
2352,900002352,46.5493631,24.5778377
2353,900002353,46.5493979,24.5787891
2354,900002354,46.5500085,24.5800534
2355,900002355,46.5500734,24.5811669
2356,900002356,46.5503037,24.5827621
2357,900002357,46.5499621,24.5827922
2358,900002358,46.5499685,24.5854574
2359,900002359,46.5499466,24.5867117
2360,900002360,46.5501102,24.5874080
2361,900002361,46.5506402,24.5898658
2362,900002362,46.5502016,24.5904123
2363,900002363,46.5505680,24.5911499
2364,900002364,46.5499361,24.5935461
2365,900002365,46.5505484,24.5941287
2366,900002366,46.5499688,24.5958079
2367,900002367,46.5497509,24.5967348
2368,900002368,46.5501571,24.5971668
2369,900002369,46.5504415,24.5999051
2370,900002370,46.5506063,24.6002300
2371,900002371,46.5497929,24.6018112
2372,900002372,46.5497856,24.6043927
2373,900002373,46.5498990,24.6046431
2374,900002374,46.5503087,24.6062900
2375,900002375,46.5507399,24.6069063
2376,900002376,46.5505422,24.6087622
2377,900002377,46.5498311,24.6100672
2378,900002378,46.5508190,24.5207230
2379,900002379,46.5510519,24.5217533
2380,900002380,46.5517564,24.5223329
2381,900002381,46.5509936,24.5239715
2382,900002382,46.5509410,24.5256191
2383,900002383,46.5513660,24.5261809
2384,900002384,46.5510670,24.5281501
2385,900002385,46.5508015,24.5298851
2386,900002386,46.5510323,24.5303472
2387,900002387,46.5509837,24.5324651
2388,900002388,46.5515915,24.5336255
2389,900002389,46.5515322,24.5343880
2390,900002390,46.5518948,24.5359495
2391,900002391,46.5514570,24.5372147
2392,900002392,46.5515613,24.5383856
2393,900002393,46.5512470,24.5388510
2394,900002394,46.5520222,24.5402871
2395,900002395,46.5505547,24.5418544
2396,900002396,46.5519790,24.5440250
2397,900002397,46.5510953,24.5449013
2398,900002398,46.5512966,24.5451969
2399,900002399,46.5511885,24.5475222
2400,900002400,46.5517139,24.5481562
2401,900002401,46.5505177,24.5492934
2402,900002402,46.5514205,24.5513406
2403,900002403,46.5513573,24.5526752
2404,900002404,46.5511772,24.5533001
2405,900002405,46.5514635,24.5553910
2406,900002406,46.5515069,24.5570815
2407,900002407,46.5508722,24.5567752
2408,900002408,46.5506819,24.5600911
2409,900002409,46.5509857,24.5606141
2410,900002410,46.5512998,24.5620665
2411,900002411,46.5524277,24.5628112
2412,900002412,46.5512456,24.5640793
2413,900002413,46.5513908,24.5658861
2414,900002414,46.5509658,24.5675489
2415,900002415,46.5517061,24.5684611
2416,900002416,46.5512665,24.5694586
2417,900002417,46.5507300,24.5711646
2418,900002418,46.5509640,24.5719481
2419,900002419,46.5516537,24.5730645
2420,900002420,46.5511224,24.5751686
2421,900002421,46.5519549,24.5757764
2422,900002422,46.5516913,24.5770969
2423,900002423,46.5514409,24.5789135
2424,900002424,46.5509067,24.5804613
2425,900002425,46.5519348,24.5813278
2426,900002426,46.5513994,24.5820812
2427,900002427,46.5519308,24.5839414
2428,900002428,46.5508584,24.5855614
2429,900002429,46.5507936,24.5862129
2430,900002430,46.5505591,24.5884451
2431,900002431,46.5520787,24.5888449
2432,900002432,46.5510764,24.5901749
2433,900002433,46.5511072,24.5919885
2434,900002434,46.5518156,24.5925901
2435,900002435,46.5514592,24.5935366
2436,900002436,46.5518384,24.5956124
2437,900002437,46.5510600,24.5976454
2438,900002438,46.5512680,24.5988773
2439,900002439,46.5516811,24.6003108
2440,900002440,46.5510250,24.6008951
2441,900002441,46.5514340,24.6020867
2442,900002442,46.5518381,24.6031569
2443,900002443,46.5516559,24.6053960
2444,900002444,46.5506215,24.6056507
2445,900002445,46.5509888,24.6071456
2446,900002446,46.5514417,24.6086175
2447,900002447,46.5513327,24.6097933
2448,900002448,46.5523442,24.5202180
2449,900002449,46.5526338,24.5209528
2450,900002450,46.5523330,24.5222660
2451,900002451,46.5523105,24.5232671
2452,900002452,46.5527069,24.5255196
2453,900002453,46.5523300,24.5262139
2454,900002454,46.5522131,24.5275266
2455,900002455,46.5518326,24.5298654
2456,900002456,46.5535243,24.5298816
2457,900002457,46.5519645,24.5319994
2458,900002458,46.5525849,24.5323355
2459,900002459,46.5517005,24.5345918
2460,900002460,46.5516758,24.5362926
2461,900002461,46.5521996,24.5369950
2462,900002462,46.5523718,24.5380091
2463,900002463,46.5523232,24.5394303
2464,900002464,46.5528085,24.5408283
2465,900002465,46.5523617,24.5419357
2466,900002466,46.5521509,24.5431468
2467,900002467,46.5523765,24.5456092
2468,900002468,46.5527632,24.5461934
2469,900002469,46.5529570,24.5478475
2470,900002470,46.5524454,24.5486216
2471,900002471,46.5519888,24.5501118
2472,900002472,46.5522623,24.5505911
2473,900002473,46.5519233,24.5534801
2474,900002474,46.5524479,24.5541371
2475,900002475,46.5524429,24.5550083
2476,900002476,46.5525344,24.5570093
2477,900002477,46.5522648,24.5580566
2478,900002478,46.5527317,24.5589130
2479,900002479,46.5524322,24.5601019
2480,900002480,46.5525840,24.5615731
2481,900002481,46.5527741,24.5626997
2482,900002482,46.5529641,24.5642081
2483,900002483,46.5520789,24.5652454
2484,900002484,46.5526048,24.5665712
2485,900002485,46.5530045,24.5688380
2486,900002486,46.5525542,24.5689252
2487,900002487,46.5523645,24.5705428
2488,900002488,46.5517388,24.5723652
2489,900002489,46.5531434,24.5732371
2490,900002490,46.5526561,24.5753604
2491,900002491,46.5520366,24.5759340
2492,900002492,46.5524668,24.5776038
2493,900002493,46.5519719,24.5787931
2494,900002494,46.5523354,24.5804281
2495,900002495,46.5518138,24.5810505
2496,900002496,46.5521967,24.5824662
2497,900002497,46.5526257,24.5836303
2498,900002498,46.5533312,24.5848992
2499,900002499,46.5526669,24.5869807
2500,900002500,46.5527105,24.5877342
2501,900002501,46.5520825,24.5890156
2502,900002502,46.5526059,24.5904893
2503,900002503,46.5525766,24.5919977
2504,900002504,46.5520635,24.5926227
2505,900002505,46.5528773,24.5941291
2506,900002506,46.5518183,24.5964889
2507,900002507,46.5520811,24.5965363
2508,900002508,46.5527115,24.5977516
2509,900002509,46.5520681,24.6000368
2510,900002510,46.5520859,24.6019982
2511,900002511,46.5524070,24.6033819
2512,900002512,46.5524181,24.6035032
2513,900002513,46.5521484,24.6046825
2514,900002514,46.5521976,24.6060764
2515,900002515,46.5526430,24.6068192
2516,900002516,46.5520516,24.6077535
2517,900002517,46.5528993,24.6099665
2518,900002518,46.5534359,24.5199739
2519,900002519,46.5537923,24.5214488
2520,900002520,46.5537382,24.5225334
2521,900002521,46.5533983,24.5238880
2522,900002522,46.5527888,24.5257078
2523,900002523,46.5528884,24.5260742
2524,900002524,46.5536755,24.5278509
2525,900002525,46.5537251,24.5298981
2526,900002526,46.5540924,24.5310570
2527,900002527,46.5533617,24.5326611
2528,900002528,46.5531327,24.5330046
2529,900002529,46.5537895,24.5342517
2530,900002530,46.5533983,24.5354933
2531,900002531,46.5539183,24.5358463
2532,900002532,46.5538861,24.5387377
2533,900002533,46.5534154,24.5398177
2534,900002534,46.5531017,24.5413687
2535,900002535,46.5545118,24.5417602
2536,900002536,46.5539293,24.5434529
2537,900002537,46.5533224,24.5445635
2538,900002538,46.5533743,24.5455237
2539,900002539,46.5529655,24.5481394
2540,900002540,46.5534345,24.5489443
2541,900002541,46.5535493,24.5502145
2542,900002542,46.5529067,24.5508775
2543,900002543,46.5536623,24.5530579
2544,900002544,46.5530401,24.5536529
2545,900002545,46.5530666,24.5555113
2546,900002546,46.5535612,24.5565365
2547,900002547,46.5532132,24.5579806
2548,900002548,46.5534519,24.5587958
2549,900002549,46.5535573,24.5601357
2550,900002550,46.5537739,24.5620208
2551,900002551,46.5532000,24.5633077
2552,900002552,46.5534642,24.5640302
2553,900002553,46.5531208,24.5649039
2554,900002554,46.5530449,24.5671126
2555,900002555,46.5538633,24.5679781
2556,900002556,46.5534966,24.5697202
2557,900002557,46.5537139,24.5710690
2558,900002558,46.5538702,24.5725188
2559,900002559,46.5531740,24.5736568
2560,900002560,46.5526210,24.5747019
2561,900002561,46.5534478,24.5763477
2562,900002562,46.5533351,24.5777659
2563,900002563,46.5539030,24.5783179
2564,900002564,46.5532505,24.5801172
2565,900002565,46.5536123,24.5813691
2566,900002566,46.5537315,24.5820766
2567,900002567,46.5537122,24.5844380
2568,900002568,46.5538292,24.5854093
2569,900002569,46.5533575,24.5867016
2570,900002570,46.5534145,24.5871121
2571,900002571,46.5532288,24.5891122
2572,900002572,46.5532601,24.5900151
2573,900002573,46.5533595,24.5915719
2574,900002574,46.5534649,24.5930216
2575,900002575,46.5535008,24.5947948
2576,900002576,46.5534885,24.5958350
2577,900002577,46.5530128,24.5956300
2578,900002578,46.5533005,24.5985657
2579,900002579,46.5533219,24.5992847
2580,900002580,46.5530068,24.6012709
2581,900002581,46.5532560,24.6022843
2582,900002582,46.5538365,24.6037195
2583,900002583,46.5542258,24.6047230
2584,900002584,46.5537754,24.6063991
2585,900002585,46.5532114,24.6074127
2586,900002586,46.5532430,24.6082346
2587,900002587,46.5535457,24.6096513
2588,900002588,46.5550963,24.5196667
2589,900002589,46.5543180,24.5213455
2590,900002590,46.5543270,24.5226327
2591,900002591,46.5542958,24.5232732
2592,900002592,46.5536641,24.5246369
2593,900002593,46.5550410,24.5267217
2594,900002594,46.5545623,24.5276170
2595,900002595,46.5544576,24.5292650
2596,900002596,46.5540222,24.5300756
2597,900002597,46.5541968,24.5323057
2598,900002598,46.5541387,24.5335711
2599,900002599,46.5543455,24.5355745
2600,900002600,46.5544810,24.5356667
2601,900002601,46.5549813,24.5373502
2602,900002602,46.5548372,24.5377798
2603,900002603,46.5549060,24.5403212
2604,900002604,46.5544727,24.5406517
2605,900002605,46.5541265,24.5426317
2606,900002606,46.5546114,24.5434813
2607,900002607,46.5540762,24.5455121
2608,900002608,46.5548148,24.5460779
2609,900002609,46.5550251,24.5469632
2610,900002610,46.5548171,24.5482463
2611,900002611,46.5550023,24.5498762
2612,900002612,46.5549365,24.5511172
2613,900002613,46.5546480,24.5531225
2614,900002614,46.5541927,24.5539567
2615,900002615,46.5542151,24.5556008
2616,900002616,46.5542972,24.5563540
2617,900002617,46.5544375,24.5583503
2618,900002618,46.5541440,24.5591190
2619,900002619,46.5543933,24.5601875
2620,900002620,46.5542329,24.5616673
2621,900002621,46.5545771,24.5623472
2622,900002622,46.5545903,24.5638149
2623,900002623,46.5545137,24.5666780
2624,900002624,46.5541698,24.5669268
2625,900002625,46.5544193,24.5687026
2626,900002626,46.5543425,24.5687617
2627,900002627,46.5539446,24.5709493
2628,900002628,46.5545971,24.5726542
2629,900002629,46.5543206,24.5737780
2630,900002630,46.5541360,24.5753655
2631,900002631,46.5544836,24.5757818
2632,900002632,46.5545708,24.5781755
2633,900002633,46.5542119,24.5781377
2634,900002634,46.5541531,24.5794802
2635,900002635,46.5544908,24.5814622
2636,900002636,46.5544510,24.5826974
2637,900002637,46.5549233,24.5837832
2638,900002638,46.5540700,24.5841888
2639,900002639,46.5545932,24.5862157
2640,900002640,46.5544213,24.5880105
2641,900002641,46.5546704,24.5884249
2642,900002642,46.5541735,24.5904682
2643,900002643,46.5544581,24.5922552
2644,900002644,46.5543329,24.5921144
2645,900002645,46.5549181,24.5936118
2646,900002646,46.5541688,24.5958275
2647,900002647,46.5541377,24.5980764
2648,900002648,46.5545919,24.5985018
2649,900002649,46.5543558,24.6005627
2650,900002650,46.5546974,24.6005470
2651,900002651,46.5549476,24.6014137
2652,900002652,46.5543032,24.6036081
2653,900002653,46.5545568,24.6043510
2654,900002654,46.5550615,24.6067491
2655,900002655,46.5541813,24.6075593
2656,900002656,46.5542865,24.6085010
2657,900002657,46.5548537,24.6100568
2658,900002658,46.5555383,24.5200462
2659,900002659,46.5551660,24.5218537
2660,900002660,46.5553133,24.5231975
2661,900002661,46.5554159,24.5237080
2662,900002662,46.5560963,24.5253035
2663,900002663,46.5553525,24.5262807
2664,900002664,46.5557882,24.5286680
2665,900002665,46.5557911,24.5289534
2666,900002666,46.5551838,24.5301321
2667,900002667,46.5555346,24.5318493
2668,900002668,46.5553468,24.5336194
2669,900002669,46.5552411,24.5340266
2670,900002670,46.5557503,24.5358686
2671,900002671,46.5554397,24.5373893
2672,900002672,46.5550835,24.5389961
2673,900002673,46.5563416,24.5404438
2674,900002674,46.5556179,24.5417548
2675,900002675,46.5555951,24.5427721
2676,900002676,46.5555065,24.5435656
2677,900002677,46.5557597,24.5439965
2678,900002678,46.5555035,24.5468599
2679,900002679,46.5545536,24.5475646
2680,900002680,46.5558989,24.5488432
2681,900002681,46.5556443,24.5506241
2682,900002682,46.5556937,24.5504529
2683,900002683,46.5552457,24.5524755
2684,900002684,46.5556268,24.5537117
2685,900002685,46.5555396,24.5559681
2686,900002686,46.5545502,24.5570400
2687,900002687,46.5559040,24.5580970
2688,900002688,46.5555816,24.5591591
2689,900002689,46.5557035,24.5605437
2690,900002690,46.5553230,24.5620906
2691,900002691,46.5552874,24.5630253
2692,900002692,46.5554509,24.5638301
2693,900002693,46.5557880,24.5656210
2694,900002694,46.5551688,24.5669216
2695,900002695,46.5550944,24.5689058
2696,900002696,46.5557568,24.5704579
2697,900002697,46.5553780,24.5711866
2698,900002698,46.5552380,24.5717913
2699,900002699,46.5555451,24.5736630
2700,900002700,46.5558992,24.5746626
2701,900002701,46.5559614,24.5765201
2702,900002702,46.5552707,24.5773112
2703,900002703,46.5552565,24.5794612
2704,900002704,46.5553840,24.5803971
2705,900002705,46.5558954,24.5811904
2706,900002706,46.5554064,24.5827632
2707,900002707,46.5553058,24.5833458
2708,900002708,46.5552392,24.5853693
2709,900002709,46.5556433,24.5873120
2710,900002710,46.5549390,24.5880516
2711,900002711,46.5551739,24.5896481
2712,900002712,46.5558188,24.5904917
2713,900002713,46.5560901,24.5915721
2714,900002714,46.5553916,24.5925724
2715,900002715,46.5553476,24.5943994
2716,900002716,46.5558107,24.5962257
2717,900002717,46.5554827,24.5966298
2718,900002718,46.5554598,24.5980689
2719,900002719,46.5554134,24.5993851
2720,900002720,46.5552730,24.6008462
2721,900002721,46.5553979,24.6020984
2722,900002722,46.5550943,24.6035432
2723,900002723,46.5557755,24.6050722
2724,900002724,46.5553855,24.6055772
2725,900002725,46.5551238,24.6068672
2726,900002726,46.5553528,24.6085572
2727,900002727,46.5549597,24.6102994
2728,900002728,46.5561093,24.5196938
2729,900002729,46.5563933,24.5216746
2730,900002730,46.5572828,24.5224509
2731,900002731,46.5565488,24.5237381
2732,900002732,46.5565747,24.5251418
2733,900002733,46.5575007,24.5260361
2734,900002734,46.5566062,24.5274743
2735,900002735,46.5567679,24.5288988
2736,900002736,46.5568436,24.5299531
2737,900002737,46.5573762,24.5318326
2738,900002738,46.5560312,24.5333553
2739,900002739,46.5564813,24.5338337
2740,900002740,46.5567971,24.5354216
2741,900002741,46.5568999,24.5367129
2742,900002742,46.5569569,24.5383273
2743,900002743,46.5567680,24.5396355
2744,900002744,46.5565178,24.5407090
2745,900002745,46.5568006,24.5424896
2746,900002746,46.5565027,24.5444735
2747,900002747,46.5572298,24.5442734
2748,900002748,46.5570203,24.5460559
2749,900002749,46.5567248,24.5470409
2750,900002750,46.5572157,24.5483298
2751,900002751,46.5566159,24.5496786
2752,900002752,46.5573128,24.5518613
2753,900002753,46.5561879,24.5524093
2754,900002754,46.5567701,24.5537221
2755,900002755,46.5565217,24.5547401
2756,900002756,46.5567308,24.5560379
2757,900002757,46.5569319,24.5588897
2758,900002758,46.5565315,24.5598600
2759,900002759,46.5567731,24.5601385
2760,900002760,46.5565251,24.5613139
2761,900002761,46.5566838,24.5633543
2762,900002762,46.5569656,24.5642251
2763,900002763,46.5562320,24.5656194
2764,900002764,46.5572217,24.5670817
2765,900002765,46.5566223,24.5673419
2766,900002766,46.5564946,24.5698069
2767,900002767,46.5563176,24.5714674
2768,900002768,46.5564488,24.5717892
2769,900002769,46.5564440,24.5734381
2770,900002770,46.5569889,24.5745336
2771,900002771,46.5560291,24.5760531
2772,900002772,46.5568244,24.5780735
2773,900002773,46.5562570,24.5793516
2774,900002774,46.5568773,24.5802020
2775,900002775,46.5563796,24.5809157
2776,900002776,46.5563149,24.5830221
2777,900002777,46.5567196,24.5843858
2778,900002778,46.5572707,24.5852270
2779,900002779,46.5566278,24.5873696
2780,900002780,46.5561945,24.5876296
2781,900002781,46.5565168,24.5889646
2782,900002782,46.5566936,24.5900662
2783,900002783,46.5570442,24.5911388
2784,900002784,46.5563635,24.5922994
2785,900002785,46.5561614,24.5946086
2786,900002786,46.5568608,24.5955670
2787,900002787,46.5569349,24.5972308
2788,900002788,46.5564455,24.5982455
2789,900002789,46.5567705,24.6004536
2790,900002790,46.5564925,24.6010349
2791,900002791,46.5568319,24.6027130
2792,900002792,46.5567904,24.6039532
2793,900002793,46.5562779,24.6046689
2794,900002794,46.5559778,24.6060670
2795,900002795,46.5574467,24.6075001
2796,900002796,46.5566747,24.6088151
2797,900002797,46.5566941,24.6094189
2798,900002798,46.5574736,24.5199256
2799,900002799,46.5577700,24.5209267
2800,900002800,46.5576755,24.5222882
2801,900002801,46.5572580,24.5236256
2802,900002802,46.5574349,24.5255888
2803,900002803,46.5581728,24.5267793
2804,900002804,46.5576390,24.5275839
2805,900002805,46.5571716,24.5289014
2806,900002806,46.5582502,24.5309450
2807,900002807,46.5577892,24.5316338
2808,900002808,46.5577133,24.5332320
2809,900002809,46.5577094,24.5345390
2810,900002810,46.5574467,24.5356750
2811,900002811,46.5575912,24.5374326
2812,900002812,46.5572852,24.5388338
2813,900002813,46.5576825,24.5393470
2814,900002814,46.5577193,24.5409267
2815,900002815,46.5576319,24.5423630
2816,900002816,46.5575133,24.5427376
2817,900002817,46.5579515,24.5447745
2818,900002818,46.5582850,24.5462598
2819,900002819,46.5570236,24.5479393
2820,900002820,46.5574755,24.5489393
2821,900002821,46.5584755,24.5504824
2822,900002822,46.5573357,24.5512674
2823,900002823,46.5571592,24.5529052
2824,900002824,46.5579054,24.5534660
2825,900002825,46.5578678,24.5556309
2826,900002826,46.5579897,24.5562311
2827,900002827,46.5574738,24.5573377
2828,900002828,46.5572675,24.5592720
2829,900002829,46.5577256,24.5610091
2830,900002830,46.5578061,24.5616012
2831,900002831,46.5572214,24.5637240
2832,900002832,46.5577686,24.5643378
2833,900002833,46.5573664,24.5651965
2834,900002834,46.5579296,24.5665337
2835,900002835,46.5579130,24.5685396
2836,900002836,46.5575807,24.5688586
2837,900002837,46.5578532,24.5714890
2838,900002838,46.5574284,24.5716248
2839,900002839,46.5580861,24.5735449
2840,900002840,46.5574976,24.5753233
2841,900002841,46.5576168,24.5762885
2842,900002842,46.5575737,24.5770666
2843,900002843,46.5577874,24.5783237
2844,900002844,46.5571021,24.5797677
2845,900002845,46.5581360,24.5817887
2846,900002846,46.5584590,24.5830471
2847,900002847,46.5582665,24.5840267
2848,900002848,46.5575624,24.5854254
2849,900002849,46.5573857,24.5868472
2850,900002850,46.5575580,24.5879432
2851,900002851,46.5574192,24.5890762
2852,900002852,46.5580486,24.5903444
2853,900002853,46.5574806,24.5918671
2854,900002854,46.5580144,24.5929662
2855,900002855,46.5573104,24.5936715
2856,900002856,46.5572520,24.5961217
2857,900002857,46.5576815,24.5971697
2858,900002858,46.5580806,24.5983896
2859,900002859,46.5578775,24.5993494
2860,900002860,46.5571592,24.6011484
2861,900002861,46.5576789,24.6024294
2862,900002862,46.5573461,24.6034211
2863,900002863,46.5584036,24.6044207
2864,900002864,46.5577455,24.6066626
2865,900002865,46.5576324,24.6074506
2866,900002866,46.5569807,24.6090385
2867,900002867,46.5575605,24.6105652
2868,900002868,46.5587485,24.5198426
2869,900002869,46.5589292,24.5212051
2870,900002870,46.5586030,24.5232855
2871,900002871,46.5591168,24.5239660
2872,900002872,46.5590570,24.5255814
2873,900002873,46.5589790,24.5265473
2874,900002874,46.5588045,24.5280089
2875,900002875,46.5589736,24.5292898
2876,900002876,46.5585909,24.5304077
2877,900002877,46.5589368,24.5313177
2878,900002878,46.5587766,24.5333776
2879,900002879,46.5588376,24.5342299
2880,900002880,46.5587719,24.5354485
2881,900002881,46.5591166,24.5367992
2882,900002882,46.5582088,24.5377440
2883,900002883,46.5588824,24.5396618
2884,900002884,46.5586179,24.5403079
2885,900002885,46.5587285,24.5418168
2886,900002886,46.5585547,24.5434839
2887,900002887,46.5585169,24.5449235
2888,900002888,46.5585263,24.5458925
2889,900002889,46.5587017,24.5480289
2890,900002890,46.5593200,24.5491098
2891,900002891,46.5585274,24.5500087
2892,900002892,46.5590928,24.5516590
2893,900002893,46.5582218,24.5525912
2894,900002894,46.5585263,24.5542434
2895,900002895,46.5589982,24.5549925
2896,900002896,46.5595137,24.5564089
2897,900002897,46.5596165,24.5577599
2898,900002898,46.5587507,24.5599554
2899,900002899,46.5585993,24.5602382
2900,900002900,46.5592852,24.5617290
2901,900002901,46.5589435,24.5625084
2902,900002902,46.5593925,24.5647780
2903,900002903,46.5589020,24.5659632
2904,900002904,46.5586084,24.5667594
2905,900002905,46.5582414,24.5684268
2906,900002906,46.5592035,24.5699404
2907,900002907,46.5590947,24.5711817
2908,900002908,46.5584645,24.5716202
2909,900002909,46.5589993,24.5735567
2910,900002910,46.5591174,24.5746716
2911,900002911,46.5584777,24.5762853
2912,900002912,46.5585890,24.5766941
2913,900002913,46.5585713,24.5783259
2914,900002914,46.5583979,24.5797708
2915,900002915,46.5591048,24.5823212
2916,900002916,46.5593717,24.5824379
2917,900002917,46.5591710,24.5838895
2918,900002918,46.5589176,24.5849345
2919,900002919,46.5587543,24.5858095
2920,900002920,46.5593935,24.5875054
2921,900002921,46.5589802,24.5888862
2922,900002922,46.5588723,24.5899378
2923,900002923,46.5586513,24.5921377
2924,900002924,46.5589832,24.5922184
2925,900002925,46.5590714,24.5937932
2926,900002926,46.5588774,24.5958818
2927,900002927,46.5585598,24.5968278
2928,900002928,46.5586954,24.5984399
2929,900002929,46.5590929,24.6001561
2930,900002930,46.5588916,24.6017310
2931,900002931,46.5584553,24.6029429
2932,900002932,46.5586900,24.6038141
2933,900002933,46.5587366,24.6048257
2934,900002934,46.5584652,24.6062603
2935,900002935,46.5594734,24.6074623
2936,900002936,46.5587724,24.6087049
2937,900002937,46.5590239,24.6099201
2938,900002938,46.5598460,24.5200998
2939,900002939,46.5602938,24.5217188
2940,900002940,46.5594868,24.5223461
2941,900002941,46.5598544,24.5242829
2942,900002942,46.5601793,24.5251363
2943,900002943,46.5605763,24.5264595
2944,900002944,46.5603292,24.5284424
2945,900002945,46.5603941,24.5292239
2946,900002946,46.5600449,24.5297889
2947,900002947,46.5592378,24.5314856
2948,900002948,46.5600940,24.5335059
2949,900002949,46.5598123,24.5347998
2950,900002950,46.5600456,24.5363110
2951,900002951,46.5593022,24.5366097
2952,900002952,46.5595197,24.5378219
2953,900002953,46.5604123,24.5391772
2954,900002954,46.5595634,24.5407067
2955,900002955,46.5601505,24.5419841
2956,900002956,46.5600999,24.5437208
2957,900002957,46.5596282,24.5437800
2958,900002958,46.5595330,24.5455611
2959,900002959,46.5604081,24.5470918
2960,900002960,46.5594805,24.5488640
2961,900002961,46.5598660,24.5496072
2962,900002962,46.5602228,24.5517026
2963,900002963,46.5599432,24.5522918
2964,900002964,46.5595483,24.5530439
2965,900002965,46.5599789,24.5553921
2966,900002966,46.5595320,24.5565396
2967,900002967,46.5609716,24.5573506
2968,900002968,46.5592621,24.5593981
2969,900002969,46.5597013,24.5602303
2970,900002970,46.5600608,24.5616900
2971,900002971,46.5601887,24.5632705
2972,900002972,46.5602457,24.5644054
2973,900002973,46.5591073,24.5662390
2974,900002974,46.5592639,24.5674090
2975,900002975,46.5599339,24.5676734
2976,900002976,46.5598703,24.5699478
2977,900002977,46.5594970,24.5708937
2978,900002978,46.5595942,24.5717508
2979,900002979,46.5596357,24.5740296
2980,900002980,46.5600829,24.5747760
2981,900002981,46.5598195,24.5761471
2982,900002982,46.5599458,24.5774758
2983,900002983,46.5592580,24.5790946
2984,900002984,46.5595537,24.5788919
2985,900002985,46.5600889,24.5807938
2986,900002986,46.5597988,24.5825741
2987,900002987,46.5596446,24.5841473
2988,900002988,46.5597540,24.5851035
2989,900002989,46.5595197,24.5864070
2990,900002990,46.5594916,24.5878492
2991,900002991,46.5603020,24.5895674
2992,900002992,46.5599945,24.5898573
2993,900002993,46.5602009,24.5921438
2994,900002994,46.5605559,24.5920857
2995,900002995,46.5598532,24.5942103
2996,900002996,46.5602214,24.5951920
2997,900002997,46.5597168,24.5979541
2998,900002998,46.5601894,24.5974123
2999,900002999,46.5598546,24.6001554
3000,900003000,46.5596351,24.6011296
3001,900003001,46.5598817,24.6015524
3002,900003002,46.5596321,24.6039686
3003,900003003,46.5602550,24.6045293
3004,900003004,46.5602346,24.6057863
3005,900003005,46.5599325,24.6073860
3006,900003006,46.5594177,24.6088376
3007,900003007,46.5597137,24.6088279
3008,900003008,46.5606300,24.5196411
3009,900003009,46.5606279,24.5208893
3010,900003010,46.5606784,24.5215616
3011,900003011,46.5612217,24.5239476
3012,900003012,46.5610028,24.5251067
3013,900003013,46.5609372,24.5264126
3014,900003014,46.5605402,24.5271781
3015,900003015,46.5609409,24.5295701
3016,900003016,46.5609960,24.5311300
3017,900003017,46.5604456,24.5316287
3018,900003018,46.5607027,24.5335756
3019,900003019,46.5614988,24.5341270
3020,900003020,46.5611670,24.5355509
3021,900003021,46.5605715,24.5369119
3022,900003022,46.5605569,24.5389291
3023,900003023,46.5611185,24.5400779
3024,900003024,46.5610387,24.5398279
3025,900003025,46.5611915,24.5422156
3026,900003026,46.5600945,24.5435243
3027,900003027,46.5612634,24.5455201
3028,900003028,46.5605631,24.5464283
3029,900003029,46.5610300,24.5473196
3030,900003030,46.5608177,24.5489255
3031,900003031,46.5611138,24.5502852
3032,900003032,46.5607748,24.5507394
3033,900003033,46.5613692,24.5531693
3034,900003034,46.5607209,24.5539016
3035,900003035,46.5611932,24.5544634
3036,900003036,46.5610871,24.5575647
3037,900003037,46.5610087,24.5575245
3038,900003038,46.5616187,24.5591361
3039,900003039,46.5609882,24.5602537
3040,900003040,46.5609774,24.5609681
3041,900003041,46.5604738,24.5624099
3042,900003042,46.5612258,24.5643096
3043,900003043,46.5613121,24.5647760
3044,900003044,46.5607089,24.5675854
3045,900003045,46.5606426,24.5674594
3046,900003046,46.5606586,24.5694178
3047,900003047,46.5609107,24.5714325
3048,900003048,46.5613727,24.5728440
3049,900003049,46.5611153,24.5732633
3050,900003050,46.5607449,24.5741462
3051,900003051,46.5613533,24.5766283
3052,900003052,46.5609459,24.5770084
3053,900003053,46.5611476,24.5789074
3054,900003054,46.5609684,24.5795001
3055,900003055,46.5609976,24.5810610
3056,900003056,46.5611696,24.5828674
3057,900003057,46.5610668,24.5837298
3058,900003058,46.5614393,24.5855523
3059,900003059,46.5613516,24.5868843
3060,900003060,46.5611434,24.5879957
3061,900003061,46.5605475,24.5883468
3062,900003062,46.5605934,24.5907004
3063,900003063,46.5612286,24.5918188
3064,900003064,46.5609460,24.5938359
3065,900003065,46.5607786,24.5935794
3066,900003066,46.5603833,24.5955140
3067,900003067,46.5611559,24.5972747
3068,900003068,46.5608393,24.5986141
3069,900003069,46.5608988,24.5992535
3070,900003070,46.5607852,24.6011959
3071,900003071,46.5612431,24.6016898
3072,900003072,46.5605756,24.6035317
3073,900003073,46.5616455,24.6042788
3074,900003074,46.5604850,24.6062681
3075,900003075,46.5610902,24.6071279
3076,900003076,46.5609064,24.6089053
3077,900003077,46.5603166,24.6099904
3078,900003078,46.5621894,24.5203987
3079,900003079,46.5623833,24.5212741
3080,900003080,46.5614883,24.5231884
3081,900003081,46.5622479,24.5236389
3082,900003082,46.5623384,24.5256659
3083,900003083,46.5619353,24.5255040
3084,900003084,46.5618223,24.5275001
3085,900003085,46.5616960,24.5290956
3086,900003086,46.5616122,24.5306031
3087,900003087,46.5626312,24.5312264
3088,900003088,46.5623402,24.5328144
3089,900003089,46.5621697,24.5342932
3090,900003090,46.5624233,24.5353460
3091,900003091,46.5622346,24.5366228
3092,900003092,46.5620617,24.5382551
3093,900003093,46.5623565,24.5388850
3094,900003094,46.5615204,24.5414702
3095,900003095,46.5621155,24.5429064
3096,900003096,46.5616299,24.5435695
3097,900003097,46.5621899,24.5455450
3098,900003098,46.5619650,24.5458940
3099,900003099,46.5622282,24.5473475
3100,900003100,46.5617265,24.5490245
3101,900003101,46.5613306,24.5495626
3102,900003102,46.5624496,24.5510890
3103,900003103,46.5618723,24.5527691
3104,900003104,46.5623674,24.5541412
3105,900003105,46.5616529,24.5549727
3106,900003106,46.5623425,24.5564706
3107,900003107,46.5617671,24.5582032
3108,900003108,46.5623740,24.5600691
3109,900003109,46.5616148,24.5601302
3110,900003110,46.5617459,24.5618925
3111,900003111,46.5618199,24.5635247
3112,900003112,46.5610634,24.5647628
3113,900003113,46.5617632,24.5655339
3114,900003114,46.5621775,24.5670442
3115,900003115,46.5616368,24.5689087
3116,900003116,46.5621803,24.5693533
3117,900003117,46.5620545,24.5703925
3118,900003118,46.5615631,24.5720443
3119,900003119,46.5621080,24.5735223
3120,900003120,46.5617181,24.5741850
3121,900003121,46.5614098,24.5767761
3122,900003122,46.5621093,24.5770460
3123,900003123,46.5623887,24.5789289
3124,900003124,46.5618419,24.5797354
3125,900003125,46.5623722,24.5814458
3126,900003126,46.5625417,24.5827654
3127,900003127,46.5617835,24.5836547
3128,900003128,46.5617429,24.5853271
3129,900003129,46.5620698,24.5867837
3130,900003130,46.5621373,24.5873730
3131,900003131,46.5619135,24.5887243
3132,900003132,46.5621478,24.5898673
3133,900003133,46.5617848,24.5913689
3134,900003134,46.5617724,24.5929327
3135,900003135,46.5624987,24.5942375
3136,900003136,46.5614940,24.5955221
3137,900003137,46.5622384,24.5971955
3138,900003138,46.5620647,24.5991206
3139,900003139,46.5623614,24.5996047
3140,900003140,46.5623976,24.6002917
3141,900003141,46.5619253,24.6018000
3142,900003142,46.5620437,24.6041764
3143,900003143,46.5618142,24.6054703
3144,900003144,46.5616352,24.6067026
3145,900003145,46.5614062,24.6070249
3146,900003146,46.5623231,24.6086561
3147,900003147,46.5620324,24.6099946
3148,900003148,46.5631126,24.5199229
3149,900003149,46.5627178,24.5211791
3150,900003150,46.5630888,24.5222203
3151,900003151,46.5632098,24.5246740
3152,900003152,46.5624924,24.5249825
3153,900003153,46.5629555,24.5265300
3154,900003154,46.5630834,24.5275132
3155,900003155,46.5630394,24.5291331
3156,900003156,46.5630216,24.5310998
3157,900003157,46.5630951,24.5311015
3158,900003158,46.5625181,24.5332988
3159,900003159,46.5629349,24.5340810
3160,900003160,46.5625899,24.5355192
3161,900003161,46.5630200,24.5366605
3162,900003162,46.5629314,24.5386436
3163,900003163,46.5633177,24.5398014
3164,900003164,46.5629920,24.5402836
3165,900003165,46.5633151,24.5428200
3166,900003166,46.5634845,24.5439809
3167,900003167,46.5631453,24.5449448
3168,900003168,46.5630463,24.5466283
3169,900003169,46.5629596,24.5483181
3170,900003170,46.5633154,24.5485569
3171,900003171,46.5630505,24.5493060
3172,900003172,46.5628019,24.5511749
3173,900003173,46.5638836,24.5522576
3174,900003174,46.5633631,24.5539463
3175,900003175,46.5629504,24.5554874
3176,900003176,46.5623734,24.5569299
3177,900003177,46.5637087,24.5579540
3178,900003178,46.5630299,24.5591997
3179,900003179,46.5632763,24.5602233
3180,900003180,46.5630920,24.5619570
3181,900003181,46.5629322,24.5632117
3182,900003182,46.5631644,24.5646565
3183,900003183,46.5627155,24.5654210
3184,900003184,46.5629059,24.5674738
3185,900003185,46.5631357,24.5675470
3186,900003186,46.5626169,24.5704028
3187,900003187,46.5631661,24.5703109
3188,900003188,46.5627415,24.5722355
3189,900003189,46.5635358,24.5741776
3190,900003190,46.5629269,24.5746536
3191,900003191,46.5637033,24.5756630
3192,900003192,46.5635823,24.5775377
3193,900003193,46.5630830,24.5792515
3194,900003194,46.5632150,24.5796391
3195,900003195,46.5625331,24.5813113
3196,900003196,46.5632250,24.5831992
3197,900003197,46.5621631,24.5844926
3198,900003198,46.5632613,24.5858728
3199,900003199,46.5633217,24.5866139
3200,900003200,46.5631977,24.5879983
3201,900003201,46.5628375,24.5890812
3202,900003202,46.5630946,24.5902402
3203,900003203,46.5625530,24.5911150
3204,900003204,46.5632224,24.5932685
3205,900003205,46.5630877,24.5938428
3206,900003206,46.5633403,24.5954832
3207,900003207,46.5623457,24.5976330
3208,900003208,46.5625439,24.5992348
3209,900003209,46.5632321,24.5993749
3210,900003210,46.5622518,24.6005655
3211,900003211,46.5635544,24.6027621
3212,900003212,46.5631391,24.6027383
3213,900003213,46.5629213,24.6046604
3214,900003214,46.5632080,24.6060329
3215,900003215,46.5631683,24.6066860
3216,900003216,46.5628323,24.6093189
3217,900003217,46.5625571,24.6103996
3218,900003218,46.5649034,24.5202819
3219,900003219,46.5636467,24.5218430
3220,900003220,46.5634886,24.5227549
3221,900003221,46.5639799,24.5244489
3222,900003222,46.5645193,24.5252997
3223,900003223,46.5647277,24.5269470
3224,900003224,46.5639562,24.5274012
3225,900003225,46.5649553,24.5289552
3226,900003226,46.5642585,24.5303846
3227,900003227,46.5639581,24.5310434
3228,900003228,46.5640695,24.5329939
3229,900003229,46.5644525,24.5341253
3230,900003230,46.5635871,24.5351877
3231,900003231,46.5641052,24.5370647
3232,900003232,46.5643650,24.5380954
3233,900003233,46.5643021,24.5396276
3234,900003234,46.5646926,24.5408455
3235,900003235,46.5641678,24.5424192
3236,900003236,46.5645329,24.5430795
3237,900003237,46.5639577,24.5446637
3238,900003238,46.5633942,24.5466512
3239,900003239,46.5644834,24.5474010
3240,900003240,46.5652629,24.5492467
3241,900003241,46.5648063,24.5506803
3242,900003242,46.5644265,24.5506910
3243,900003243,46.5646394,24.5527908
3244,900003244,46.5637121,24.5539361
3245,900003245,46.5643753,24.5556439
3246,900003246,46.5641783,24.5562955
3247,900003247,46.5643788,24.5574963
3248,900003248,46.5640924,24.5594615
3249,900003249,46.5636293,24.5605973
3250,900003250,46.5634529,24.5613373
3251,900003251,46.5637001,24.5630047
3252,900003252,46.5643617,24.5643260
3253,900003253,46.5644293,24.5656940
3254,900003254,46.5640490,24.5671700
3255,900003255,46.5640377,24.5683196
3256,900003256,46.5644727,24.5693181
3257,900003257,46.5645104,24.5703894
3258,900003258,46.5640441,24.5714213
3259,900003259,46.5639384,24.5741676
3260,900003260,46.5642400,24.5753334
3261,900003261,46.5636189,24.5756484
3262,900003262,46.5642774,24.5777506
3263,900003263,46.5644032,24.5779695
3264,900003264,46.5642926,24.5799688
3265,900003265,46.5641598,24.5815114
3266,900003266,46.5640235,24.5818744
3267,900003267,46.5637551,24.5832855
3268,900003268,46.5636710,24.5851595
3269,900003269,46.5645636,24.5862120
3270,900003270,46.5638588,24.5873278
3271,900003271,46.5635305,24.5891594
3272,900003272,46.5639535,24.5903306
3273,900003273,46.5637916,24.5919505
3274,900003274,46.5637096,24.5932818
3275,900003275,46.5638935,24.5946901
3276,900003276,46.5638164,24.5958446
3277,900003277,46.5642686,24.5969221
3278,900003278,46.5646751,24.5983373
3279,900003279,46.5638164,24.5998658
3280,900003280,46.5638381,24.6006349
3281,900003281,46.5641228,24.6022529
3282,900003282,46.5646996,24.6027201
3283,900003283,46.5640310,24.6052733
3284,900003284,46.5640643,24.6062265
3285,900003285,46.5646389,24.6068565
3286,900003286,46.5641337,24.6090403
3287,900003287,46.5639188,24.6092389
3288,900003288,46.5648462,24.5200844
3289,900003289,46.5652511,24.5221052
3290,900003290,46.5656389,24.5219364
3291,900003291,46.5655401,24.5243107
3292,900003292,46.5657387,24.5251512
3293,900003293,46.5649968,24.5265856
3294,900003294,46.5657137,24.5280970
3295,900003295,46.5657650,24.5294725
3296,900003296,46.5649860,24.5299950
3297,900003297,46.5658179,24.5310809
3298,900003298,46.5650672,24.5329056
3299,900003299,46.5648758,24.5340993
3300,900003300,46.5651886,24.5366863
3301,900003301,46.5651644,24.5367290
3302,900003302,46.5652287,24.5386694
3303,900003303,46.5649083,24.5393888
3304,900003304,46.5645908,24.5411750
3305,900003305,46.5654186,24.5428271
3306,900003306,46.5647779,24.5444246
3307,900003307,46.5654840,24.5446630
3308,900003308,46.5650531,24.5459522
3309,900003309,46.5647728,24.5477268
3310,900003310,46.5649793,24.5483811
3311,900003311,46.5653626,24.5500490
3312,900003312,46.5649873,24.5512021
3313,900003313,46.5650187,24.5531949
3314,900003314,46.5655283,24.5535967
3315,900003315,46.5651728,24.5558147
3316,900003316,46.5650884,24.5572974
3317,900003317,46.5653383,24.5581175
3318,900003318,46.5644778,24.5595002
3319,900003319,46.5653024,24.5606884
3320,900003320,46.5653507,24.5619689
3321,900003321,46.5650131,24.5634358
3322,900003322,46.5652080,24.5638910
3323,900003323,46.5648390,24.5657227
3324,900003324,46.5653011,24.5659953
3325,900003325,46.5644822,24.5687187
3326,900003326,46.5651825,24.5708072
3327,900003327,46.5646634,24.5707615
3328,900003328,46.5649818,24.5724169
3329,900003329,46.5656676,24.5741814
3330,900003330,46.5648420,24.5753208
3331,900003331,46.5647713,24.5762214
3332,900003332,46.5652449,24.5776620
3333,900003333,46.5649133,24.5792788
3334,900003334,46.5651632,24.5799916
3335,900003335,46.5650955,24.5808394
3336,900003336,46.5654329,24.5827552
3337,900003337,46.5653420,24.5847261
3338,900003338,46.5648903,24.5850936
3339,900003339,46.5651890,24.5868951
3340,900003340,46.5651257,24.5882336
3341,900003341,46.5653425,24.5883630
3342,900003342,46.5649533,24.5895483
3343,900003343,46.5650889,24.5915573
3344,900003344,46.5653880,24.5931179
3345,900003345,46.5651647,24.5948988
3346,900003346,46.5653897,24.5951149
3347,900003347,46.5649508,24.5970998
3348,900003348,46.5657682,24.5981746
3349,900003349,46.5651282,24.5996812
3350,900003350,46.5654539,24.6008303
3351,900003351,46.5652871,24.6019902
3352,900003352,46.5649985,24.6031318
3353,900003353,46.5654116,24.6045398
3354,900003354,46.5653743,24.6062643
3355,900003355,46.5655192,24.6062192
3356,900003356,46.5648564,24.6081630
3357,900003357,46.5651305,24.6103517
3358,900003358,46.5671201,24.5206750
3359,900003359,46.5667183,24.5214712
3360,900003360,46.5661221,24.5228428
3361,900003361,46.5655099,24.5243200
3362,900003362,46.5662572,24.5254873
3363,900003363,46.5659024,24.5260434
3364,900003364,46.5660345,24.5278072
3365,900003365,46.5663736,24.5289754
3366,900003366,46.5663738,24.5307322
3367,900003367,46.5658576,24.5316948
3368,900003368,46.5657220,24.5328038
3369,900003369,46.5665636,24.5340354
3370,900003370,46.5668913,24.5358732
3371,900003371,46.5665584,24.5370021
3372,900003372,46.5665500,24.5387392
3373,900003373,46.5662908,24.5393336
3374,900003374,46.5660663,24.5417139
3375,900003375,46.5661916,24.5419739
3376,900003376,46.5660122,24.5427413
3377,900003377,46.5660835,24.5449247
3378,900003378,46.5660882,24.5457551
3379,900003379,46.5663943,24.5475925
3380,900003380,46.5661051,24.5488305
3381,900003381,46.5659216,24.5503765
3382,900003382,46.5659172,24.5511572
3383,900003383,46.5663008,24.5524252
3384,900003384,46.5658627,24.5548314
3385,900003385,46.5667729,24.5544543
3386,900003386,46.5662958,24.5559668
3387,900003387,46.5663609,24.5572557
3388,900003388,46.5664530,24.5593631
3389,900003389,46.5668385,24.5609623
3390,900003390,46.5660976,24.5621532
3391,900003391,46.5660974,24.5629941
3392,900003392,46.5660833,24.5635767
3393,900003393,46.5664606,24.5647623
3394,900003394,46.5661737,24.5671866
3395,900003395,46.5662934,24.5675710
3396,900003396,46.5660322,24.5698633
3397,900003397,46.5666303,24.5715684
3398,900003398,46.5656337,24.5723754
3399,900003399,46.5660896,24.5738131
3400,900003400,46.5656771,24.5747207
3401,900003401,46.5664962,24.5758046
3402,900003402,46.5661304,24.5769623
3403,900003403,46.5666354,24.5781143
3404,900003404,46.5659420,24.5798547
3405,900003405,46.5661460,24.5822298
3406,900003406,46.5663481,24.5822442
3407,900003407,46.5664529,24.5840635
3408,900003408,46.5663507,24.5851890
3409,900003409,46.5664123,24.5860084
3410,900003410,46.5658432,24.5876396
3411,900003411,46.5658766,24.5894375
3412,900003412,46.5669182,24.5909765
3413,900003413,46.5664069,24.5918873
3414,900003414,46.5660199,24.5924743
3415,900003415,46.5664418,24.5937000
3416,900003416,46.5663576,24.5955903
3417,900003417,46.5665110,24.5969786
3418,900003418,46.5662906,24.5980061
3419,900003419,46.5656654,24.5994146
3420,900003420,46.5664923,24.6013277
3421,900003421,46.5667256,24.6017380
3422,900003422,46.5659339,24.6037855
3423,900003423,46.5660992,24.6059095
3424,900003424,46.5663618,24.6054215
3425,900003425,46.5660646,24.6080795
3426,900003426,46.5656302,24.6087626
3427,900003427,46.5657801,24.6107017
3428,900003428,46.5671691,24.5195484
3429,900003429,46.5667378,24.5209919
3430,900003430,46.5664480,24.5224006
3431,900003431,46.5680679,24.5239565
3432,900003432,46.5672313,24.5247088
3433,900003433,46.5674387,24.5263149
3434,900003434,46.5670323,24.5284328
3435,900003435,46.5674725,24.5287411
3436,900003436,46.5678279,24.5304108
3437,900003437,46.5674943,24.5318039
3438,900003438,46.5677254,24.5333133
3439,900003439,46.5672032,24.5346628
3440,900003440,46.5671884,24.5357109
3441,900003441,46.5678836,24.5364913
3442,900003442,46.5669680,24.5380851
3443,900003443,46.5671514,24.5401360
3444,900003444,46.5667774,24.5418753
3445,900003445,46.5678645,24.5419767
3446,900003446,46.5673857,24.5433201
3447,900003447,46.5675518,24.5450732
3448,900003448,46.5675795,24.5464228
3449,900003449,46.5679833,24.5473167
3450,900003450,46.5675615,24.5486140
3451,900003451,46.5673354,24.5500964
3452,900003452,46.5673043,24.5514561
3453,900003453,46.5670307,24.5525418
3454,900003454,46.5671150,24.5534006
3455,900003455,46.5670801,24.5549992
3456,900003456,46.5672711,24.5558369
3457,900003457,46.5672341,24.5573309
3458,900003458,46.5670421,24.5592136
3459,900003459,46.5677017,24.5605604
3460,900003460,46.5671547,24.5615465
3461,900003461,46.5677806,24.5623309
3462,900003462,46.5677122,24.5636889
3463,900003463,46.5671050,24.5656726
3464,900003464,46.5672463,24.5676862
3465,900003465,46.5674912,24.5682398
3466,900003466,46.5676486,24.5695817
3467,900003467,46.5670462,24.5713625
3468,900003468,46.5678354,24.5727364
3469,900003469,46.5669198,24.5743157
3470,900003470,46.5671793,24.5751201
3471,900003471,46.5677304,24.5771310
3472,900003472,46.5667686,24.5769431
3473,900003473,46.5677261,24.5789129
3474,900003474,46.5672151,24.5787147
3475,900003475,46.5674731,24.5812226
3476,900003476,46.5664272,24.5837849
3477,900003477,46.5664652,24.5836677
3478,900003478,46.5673203,24.5853197
3479,900003479,46.5675804,24.5864049
3480,900003480,46.5670148,24.5876678
3481,900003481,46.5666013,24.5886394
3482,900003482,46.5679991,24.5901330
3483,900003483,46.5672946,24.5925731
3484,900003484,46.5676828,24.5930973
3485,900003485,46.5675740,24.5942292
3486,900003486,46.5670116,24.5960924
3487,900003487,46.5673682,24.5976605
3488,900003488,46.5672321,24.5980963
3489,900003489,46.5674402,24.5994818
3490,900003490,46.5672153,24.6004764
3491,900003491,46.5674095,24.6023162
3492,900003492,46.5679496,24.6034668
3493,900003493,46.5667200,24.6049875
3494,900003494,46.5681072,24.6058931
3495,900003495,46.5670472,24.6073181
3496,900003496,46.5663410,24.6085482
3497,900003497,46.5672575,24.6093353
3498,900003498,46.5685877,24.5196150
3499,900003499,46.5677556,24.5209879
3500,900003500,46.5686074,24.5234542
3501,900003501,46.5688190,24.5239990
3502,900003502,46.5682143,24.5251027
3503,900003503,46.5687220,24.5262939
3504,900003504,46.5685328,24.5282515
3505,900003505,46.5680787,24.5288717
3506,900003506,46.5685439,24.5304384
3507,900003507,46.5683472,24.5315062
3508,900003508,46.5683680,24.5338599
3509,900003509,46.5688563,24.5336376
3510,900003510,46.5684061,24.5356930
3511,900003511,46.5684025,24.5363485
3512,900003512,46.5683452,24.5383263
3513,900003513,46.5681558,24.5397034
3514,900003514,46.5675531,24.5402059
3515,900003515,46.5684248,24.5423459
3516,900003516,46.5683328,24.5432764
3517,900003517,46.5684535,24.5452596
3518,900003518,46.5686986,24.5460521
3519,900003519,46.5682300,24.5478592
3520,900003520,46.5685757,24.5490847
3521,900003521,46.5682946,24.5496210
3522,900003522,46.5684540,24.5510292
3523,900003523,46.5687848,24.5529852
3524,900003524,46.5676408,24.5542065
3525,900003525,46.5688475,24.5556747
3526,900003526,46.5682273,24.5561427
3527,900003527,46.5687232,24.5582729
3528,900003528,46.5684103,24.5586221
3529,900003529,46.5678652,24.5605525
3530,900003530,46.5681060,24.5614396
3531,900003531,46.5685425,24.5635058
3532,900003532,46.5676806,24.5640527
3533,900003533,46.5688361,24.5656335
3534,900003534,46.5682721,24.5672378
3535,900003535,46.5679987,24.5677222
3536,900003536,46.5683973,24.5702542
3537,900003537,46.5687387,24.5708674
3538,900003538,46.5687374,24.5719931
3539,900003539,46.5679848,24.5727403
3540,900003540,46.5684829,24.5751793
3541,900003541,46.5685178,24.5760705
3542,900003542,46.5682522,24.5778717
3543,900003543,46.5683738,24.5780609
3544,900003544,46.5688609,24.5797142
3545,900003545,46.5685245,24.5813060
3546,900003546,46.5687521,24.5827177
3547,900003547,46.5688113,24.5840060
3548,900003548,46.5682316,24.5849935
3549,900003549,46.5686135,24.5861564
3550,900003550,46.5687088,24.5877206
3551,900003551,46.5680710,24.5887456
3552,900003552,46.5683401,24.5912151
3553,900003553,46.5686550,24.5917477
3554,900003554,46.5680787,24.5938837
3555,900003555,46.5682944,24.5943474
3556,900003556,46.5682442,24.5962403
3557,900003557,46.5684506,24.5967549
3558,900003558,46.5684536,24.5978206
3559,900003559,46.5680281,24.5994941
3560,900003560,46.5674006,24.6013880
3561,900003561,46.5690734,24.6016838
3562,900003562,46.5683412,24.6027826
3563,900003563,46.5684489,24.6048763
3564,900003564,46.5686445,24.6054991
3565,900003565,46.5681832,24.6071061
3566,900003566,46.5683053,24.6097034
3567,900003567,46.5683213,24.6099820
3568,900003568,46.5692831,24.5203513
3569,900003569,46.5703390,24.5218169
3570,900003570,46.5699845,24.5221354
3571,900003571,46.5698214,24.5239255
3572,900003572,46.5698878,24.5256844
3573,900003573,46.5696829,24.5257822
3574,900003574,46.5695037,24.5276055
3575,900003575,46.5696116,24.5291471
3576,900003576,46.5698185,24.5297273
3577,900003577,46.5692030,24.5317058
3578,900003578,46.5695680,24.5328651
3579,900003579,46.5694478,24.5343726
3580,900003580,46.5698180,24.5356021
3581,900003581,46.5695410,24.5361543
3582,900003582,46.5685573,24.5376150
3583,900003583,46.5695805,24.5385476
3584,900003584,46.5695987,24.5408271
3585,900003585,46.5694586,24.5418516
3586,900003586,46.5693131,24.5438453
3587,900003587,46.5695808,24.5447712
3588,900003588,46.5692895,24.5461807
3589,900003589,46.5698674,24.5473828
3590,900003590,46.5693314,24.5481751
3591,900003591,46.5694918,24.5495947
3592,900003592,46.5689629,24.5516890
3593,900003593,46.5692430,24.5517090
3594,900003594,46.5692103,24.5547270
3595,900003595,46.5694209,24.5546320
3596,900003596,46.5690782,24.5568395
3597,900003597,46.5695978,24.5579205
3598,900003598,46.5693901,24.5593444
3599,900003599,46.5699878,24.5606503
3600,900003600,46.5694011,24.5611210
3601,900003601,46.5696108,24.5637361
3602,900003602,46.5696807,24.5637922
3603,900003603,46.5695214,24.5662267
3604,900003604,46.5692390,24.5671753
3605,900003605,46.5698743,24.5689844
3606,900003606,46.5689097,24.5687929
3607,900003607,46.5695866,24.5711806
3608,900003608,46.5693357,24.5721647
3609,900003609,46.5693170,24.5740092
3610,900003610,46.5686953,24.5748953
3611,900003611,46.5690168,24.5757873
3612,900003612,46.5689294,24.5769888
3613,900003613,46.5694494,24.5787074
3614,900003614,46.5700736,24.5799025
3615,900003615,46.5695769,24.5814610
3616,900003616,46.5695465,24.5832580
3617,900003617,46.5695054,24.5839793
3618,900003618,46.5694189,24.5852192
3619,900003619,46.5694384,24.5869627
3620,900003620,46.5694645,24.5878565
3621,900003621,46.5694412,24.5894662
3622,900003622,46.5692948,24.5908507
3623,900003623,46.5692604,24.5920462
3624,900003624,46.5701198,24.5931464
3625,900003625,46.5694275,24.5938248
3626,900003626,46.5697127,24.5956580
3627,900003627,46.5697715,24.5966656
3628,900003628,46.5696372,24.5990616
3629,900003629,46.5695964,24.5994204
3630,900003630,46.5690084,24.6008657
3631,900003631,46.5696849,24.6024392
3632,900003632,46.5690719,24.6030228
3633,900003633,46.5691208,24.6043303
3634,900003634,46.5693624,24.6062049
3635,900003635,46.5701215,24.6074782
3636,900003636,46.5699593,24.6079624
3637,900003637,46.5699900,24.6103543
3638,900003638,46.5706776,24.5203659
3639,900003639,46.5707386,24.5221535
3640,900003640,46.5708037,24.5218367
3641,900003641,46.5699220,24.5246283
3642,900003642,46.5704965,24.5258042
3643,900003643,46.5704072,24.5262308
3644,900003644,46.5704070,24.5279660
3645,900003645,46.5705900,24.5288554
3646,900003646,46.5707109,24.5307087
3647,900003647,46.5702083,24.5312448
3648,900003648,46.5698476,24.5329072
3649,900003649,46.5705291,24.5340391
3650,900003650,46.5703172,24.5355929
3651,900003651,46.5705356,24.5372099
3652,900003652,46.5708131,24.5384552
3653,900003653,46.5709121,24.5391349
3654,900003654,46.5707351,24.5410353
3655,900003655,46.5701647,24.5418731
3656,900003656,46.5706787,24.5435116
3657,900003657,46.5700910,24.5445369
3658,900003658,46.5710528,24.5464617
3659,900003659,46.5705537,24.5479905
3660,900003660,46.5702118,24.5486196
3661,900003661,46.5708569,24.5498506
3662,900003662,46.5701389,24.5515647
3663,900003663,46.5710794,24.5514809
3664,900003664,46.5705788,24.5533575
3665,900003665,46.5704222,24.5545896
3666,900003666,46.5714248,24.5562193
3667,900003667,46.5705408,24.5575124
3668,900003668,46.5701831,24.5589284
3669,900003669,46.5705972,24.5612141
3670,900003670,46.5706247,24.5624353
3671,900003671,46.5701569,24.5630753
3672,900003672,46.5703742,24.5636515
3673,900003673,46.5718148,24.5655444
3674,900003674,46.5706100,24.5666215
3675,900003675,46.5703263,24.5678009
3676,900003676,46.5708801,24.5693861
3677,900003677,46.5704753,24.5709500
3678,900003678,46.5701014,24.5722774
3679,900003679,46.5704663,24.5736764
3680,900003680,46.5703922,24.5747999
3681,900003681,46.5707046,24.5765167
3682,900003682,46.5702871,24.5778236
3683,900003683,46.5701845,24.5786117
3684,900003684,46.5705705,24.5800645
3685,900003685,46.5696618,24.5808695
3686,900003686,46.5704618,24.5830196
3687,900003687,46.5702819,24.5845849
3688,900003688,46.5699020,24.5852516
3689,900003689,46.5707121,24.5865296
3690,900003690,46.5706168,24.5882416
3691,900003691,46.5702468,24.5893927
3692,900003692,46.5708932,24.5903312
3693,900003693,46.5697247,24.5912098
3694,900003694,46.5702300,24.5925729
3695,900003695,46.5706745,24.5939899
3696,900003696,46.5713831,24.5959058
3697,900003697,46.5700738,24.5968292
3698,900003698,46.5710541,24.5985634
3699,900003699,46.5701730,24.6000255
3700,900003700,46.5703612,24.6018540
3701,900003701,46.5703345,24.6024391
3702,900003702,46.5707206,24.6032807
3703,900003703,46.5704724,24.6052980
3704,900003704,46.5706976,24.6060602
3705,900003705,46.5706791,24.6081687
3706,900003706,46.5708479,24.6089074
3707,900003707,46.5706394,24.6093045
3708,900003708,46.5716400,24.5197835
3709,900003709,46.5718465,24.5210345
3710,900003710,46.5717484,24.5221411
3711,900003711,46.5719029,24.5235894
3712,900003712,46.5715834,24.5254743
3713,900003713,46.5714814,24.5265249
3714,900003714,46.5719601,24.5286126
3715,900003715,46.5709689,24.5287289
3716,900003716,46.5718269,24.5308529
3717,900003717,46.5714293,24.5317813
3718,900003718,46.5715265,24.5340559
3719,900003719,46.5715242,24.5338185
3720,900003720,46.5710562,24.5350847
3721,900003721,46.5720439,24.5367835
3722,900003722,46.5722675,24.5385446
3723,900003723,46.5717257,24.5398519
3724,900003724,46.5718665,24.5412785
3725,900003725,46.5712557,24.5419261
3726,900003726,46.5714037,24.5435247
3727,900003727,46.5715066,24.5442350
3728,900003728,46.5713533,24.5468814
3729,900003729,46.5723272,24.5470109
3730,900003730,46.5717249,24.5486795
3731,900003731,46.5713005,24.5503170
3732,900003732,46.5715692,24.5520463
3733,900003733,46.5717513,24.5524705
3734,900003734,46.5706777,24.5538674
3735,900003735,46.5718865,24.5549004
3736,900003736,46.5718990,24.5568255
3737,900003737,46.5709826,24.5577390
3738,900003738,46.5717041,24.5594658
3739,900003739,46.5716467,24.5604281
3740,900003740,46.5714734,24.5616100
3741,900003741,46.5715945,24.5625711
3742,900003742,46.5718152,24.5642033
3743,900003743,46.5717738,24.5654271
3744,900003744,46.5717353,24.5670129
3745,900003745,46.5719015,24.5684663
3746,900003746,46.5719158,24.5694914
3747,900003747,46.5715741,24.5707533
3748,900003748,46.5711596,24.5721183
3749,900003749,46.5719695,24.5738205
3750,900003750,46.5712992,24.5749158
3751,900003751,46.5718530,24.5754832
3752,900003752,46.5717138,24.5775376
3753,900003753,46.5718522,24.5788094
3754,900003754,46.5709915,24.5791048
3755,900003755,46.5722795,24.5811289
3756,900003756,46.5720334,24.5831703
3757,900003757,46.5716235,24.5834054
3758,900003758,46.5720662,24.5852009
3759,900003759,46.5717729,24.5867342
3760,900003760,46.5719229,24.5882757
3761,900003761,46.5711018,24.5885054
3762,900003762,46.5716422,24.5904388
3763,900003763,46.5718621,24.5916793
3764,900003764,46.5715306,24.5939433
3765,900003765,46.5720684,24.5948621
3766,900003766,46.5719517,24.5953026
3767,900003767,46.5715637,24.5969257
3768,900003768,46.5712148,24.5978755
3769,900003769,46.5716488,24.5990269
3770,900003770,46.5717806,24.6010791
3771,900003771,46.5715117,24.6020237
3772,900003772,46.5718015,24.6036910
3773,900003773,46.5717196,24.6042405
3774,900003774,46.5710321,24.6069946
3775,900003775,46.5713675,24.6072294
3776,900003776,46.5709623,24.6083418
3777,900003777,46.5713399,24.6103533
3778,900003778,46.5717475,24.5193791
3779,900003779,46.5725184,24.5210868
3780,900003780,46.5723929,24.5224134
3781,900003781,46.5721158,24.5240315
3782,900003782,46.5730743,24.5252853
3783,900003783,46.5724755,24.5270814
3784,900003784,46.5728298,24.5273701
3785,900003785,46.5724629,24.5288600
3786,900003786,46.5726453,24.5309719
3787,900003787,46.5724174,24.5316742
3788,900003788,46.5727000,24.5325164
3789,900003789,46.5724962,24.5346191
3790,900003790,46.5730525,24.5348230
3791,900003791,46.5729056,24.5368278
3792,900003792,46.5731070,24.5385360
3793,900003793,46.5733421,24.5397025
3794,900003794,46.5725242,24.5405015
3795,900003795,46.5721661,24.5424193
3796,900003796,46.5728394,24.5438406
3797,900003797,46.5727823,24.5441207
3798,900003798,46.5725206,24.5459796
3799,900003799,46.5727163,24.5477304
3800,900003800,46.5731515,24.5488220
3801,900003801,46.5719475,24.5495487
3802,900003802,46.5719228,24.5509666
3803,900003803,46.5722465,24.5527143
3804,900003804,46.5725846,24.5544061
3805,900003805,46.5730343,24.5550161
3806,900003806,46.5729880,24.5565274
3807,900003807,46.5728187,24.5584216
3808,900003808,46.5722640,24.5591008
3809,900003809,46.5731933,24.5600975
3810,900003810,46.5727355,24.5617977
3811,900003811,46.5725173,24.5624658
3812,900003812,46.5724238,24.5639142
3813,900003813,46.5730351,24.5657622
3814,900003814,46.5729040,24.5664317
3815,900003815,46.5728345,24.5683245
3816,900003816,46.5730238,24.5692470
3817,900003817,46.5729415,24.5714751
3818,900003818,46.5732847,24.5717637
3819,900003819,46.5722728,24.5728320
3820,900003820,46.5729939,24.5750452
3821,900003821,46.5727793,24.5757048
3822,900003822,46.5730948,24.5780998
3823,900003823,46.5726490,24.5786428
3824,900003824,46.5730726,24.5802235
3825,900003825,46.5731262,24.5811262
3826,900003826,46.5727785,24.5824598
3827,900003827,46.5724641,24.5837821
3828,900003828,46.5725630,24.5854401
3829,900003829,46.5725561,24.5865529
3830,900003830,46.5723815,24.5872858
3831,900003831,46.5731554,24.5886970
3832,900003832,46.5732886,24.5908494
3833,900003833,46.5718696,24.5914578
3834,900003834,46.5725171,24.5930528
3835,900003835,46.5725996,24.5940817
3836,900003836,46.5730945,24.5955961
3837,900003837,46.5729942,24.5966545
3838,900003838,46.5724227,24.5988489
3839,900003839,46.5725639,24.5990814
3840,900003840,46.5726026,24.6013335
3841,900003841,46.5726056,24.6018578
3842,900003842,46.5728813,24.6039115
3843,900003843,46.5725900,24.6046426
3844,900003844,46.5725353,24.6072769
3845,900003845,46.5725964,24.6081605
3846,900003846,46.5726102,24.6088747
3847,900003847,46.5719573,24.6100785
3848,900003848,46.5737475,24.5198608
3849,900003849,46.5735881,24.5207043
3850,900003850,46.5732146,24.5226824
3851,900003851,46.5735084,24.5238740
3852,900003852,46.5736671,24.5249947
3853,900003853,46.5734776,24.5273393
3854,900003854,46.5733479,24.5276024
3855,900003855,46.5736274,24.5286228
3856,900003856,46.5733978,24.5308146
3857,900003857,46.5740514,24.5317976
3858,900003858,46.5748500,24.5334083
3859,900003859,46.5741556,24.5339893
3860,900003860,46.5741040,24.5363937
3861,900003861,46.5735987,24.5377525
3862,900003862,46.5734511,24.5377622
3863,900003863,46.5737140,24.5392107
3864,900003864,46.5739498,24.5403838
3865,900003865,46.5737585,24.5413136
3866,900003866,46.5737185,24.5439408
3867,900003867,46.5736384,24.5449203
3868,900003868,46.5741067,24.5456047
3869,900003869,46.5732903,24.5474273
3870,900003870,46.5738257,24.5485783
3871,900003871,46.5733947,24.5505339
3872,900003872,46.5733280,24.5511903
3873,900003873,46.5737152,24.5529279
3874,900003874,46.5735753,24.5535526
3875,900003875,46.5744256,24.5548462
3876,900003876,46.5740056,24.5564545
3877,900003877,46.5735652,24.5578069
3878,900003878,46.5736415,24.5592674
3879,900003879,46.5728509,24.5604235
3880,900003880,46.5737548,24.5613124
3881,900003881,46.5735960,24.5640713
3882,900003882,46.5743680,24.5646302
3883,900003883,46.5738105,24.5655185
3884,900003884,46.5742096,24.5667602
3885,900003885,46.5734466,24.5685652
3886,900003886,46.5733963,24.5692183
3887,900003887,46.5742304,24.5701640
3888,900003888,46.5737074,24.5722267
3889,900003889,46.5738194,24.5728388
3890,900003890,46.5736515,24.5746363
3891,900003891,46.5743943,24.5765286
3892,900003892,46.5734690,24.5777756
3893,900003893,46.5739561,24.5786462
3894,900003894,46.5736464,24.5798796
3895,900003895,46.5731972,24.5810279
3896,900003896,46.5740535,24.5832437
3897,900003897,46.5743707,24.5837482
3898,900003898,46.5739431,24.5841608
3899,900003899,46.5736373,24.5859674
3900,900003900,46.5740145,24.5870981
3901,900003901,46.5733704,24.5886454
3902,900003902,46.5738671,24.5908031
3903,900003903,46.5734127,24.5925314
3904,900003904,46.5737858,24.5926778
3905,900003905,46.5738509,24.5943418
3906,900003906,46.5740176,24.5958037
3907,900003907,46.5744866,24.5974703
3908,900003908,46.5735099,24.5986070
3909,900003909,46.5739933,24.5991263
3910,900003910,46.5734716,24.6005154
3911,900003911,46.5728777,24.6024537
3912,900003912,46.5736559,24.6040196
3913,900003913,46.5735375,24.6048159
3914,900003914,46.5739811,24.6065123
3915,900003915,46.5738409,24.6069348
3916,900003916,46.5744915,24.6090773
3917,900003917,46.5742009,24.6107108
3918,900003918,46.5752833,24.5201826
3919,900003919,46.5749618,24.5215819
3920,900003920,46.5742792,24.5229661
3921,900003921,46.5744621,24.5240986
3922,900003922,46.5744495,24.5255316
3923,900003923,46.5746305,24.5276142
3924,900003924,46.5748649,24.5280494
3925,900003925,46.5744860,24.5290046
3926,900003926,46.5747788,24.5303091
3927,900003927,46.5746484,24.5313555
3928,900003928,46.5750619,24.5328757
3929,900003929,46.5745175,24.5345087
3930,900003930,46.5745186,24.5355760
3931,900003931,46.5746222,24.5365509
3932,900003932,46.5747211,24.5379001
3933,900003933,46.5743665,24.5397200
3934,900003934,46.5746966,24.5402281
3935,900003935,46.5746628,24.5422561
3936,900003936,46.5749467,24.5436426
3937,900003937,46.5748866,24.5450447
3938,900003938,46.5746288,24.5457373
3939,900003939,46.5750107,24.5472119
3940,900003940,46.5748026,24.5489816
3941,900003941,46.5751230,24.5505367
3942,900003942,46.5745620,24.5511424
3943,900003943,46.5749910,24.5519814
3944,900003944,46.5743650,24.5541799
3945,900003945,46.5745876,24.5548133
3946,900003946,46.5750761,24.5567551
3947,900003947,46.5751158,24.5576815
3948,900003948,46.5746999,24.5589821
3949,900003949,46.5749017,24.5595457
3950,900003950,46.5745607,24.5620497
3951,900003951,46.5745306,24.5630157
3952,900003952,46.5748424,24.5645765
3953,900003953,46.5746356,24.5651567
3954,900003954,46.5756597,24.5666433
3955,900003955,46.5753888,24.5674917
3956,900003956,46.5748377,24.5694799
3957,900003957,46.5754524,24.5717631
3958,900003958,46.5751363,24.5717304
3959,900003959,46.5745228,24.5731493
3960,900003960,46.5746217,24.5748975
3961,900003961,46.5745288,24.5759796
3962,900003962,46.5753066,24.5780218
3963,900003963,46.5741586,24.5782797
3964,900003964,46.5746714,24.5805678
3965,900003965,46.5746860,24.5821405
3966,900003966,46.5749254,24.5832373
3967,900003967,46.5745042,24.5837779
3968,900003968,46.5751508,24.5854678
3969,900003969,46.5741572,24.5864020
3970,900003970,46.5748616,24.5881019
3971,900003971,46.5745813,24.5898922
3972,900003972,46.5748521,24.5910688
3973,900003973,46.5749386,24.5917764
3974,900003974,46.5746903,24.5925340
3975,900003975,46.5750975,24.5946791
3976,900003976,46.5751212,24.5954885
3977,900003977,46.5744544,24.5967916
3978,900003978,46.5746925,24.5982563
3979,900003979,46.5751382,24.5991677
3980,900003980,46.5746325,24.6011713
3981,900003981,46.5751108,24.6031414
3982,900003982,46.5749812,24.6031092
3983,900003983,46.5744428,24.6044381
3984,900003984,46.5748246,24.6061982
3985,900003985,46.5747775,24.6071243
3986,900003986,46.5747369,24.6086624
3987,900003987,46.5750042,24.6100369
3988,900003988,46.5755899,24.5194904
3989,900003989,46.5763778,24.5212674
3990,900003990,46.5758080,24.5225985
3991,900003991,46.5762559,24.5237772
3992,900003992,46.5759287,24.5251147
3993,900003993,46.5760672,24.5260816
3994,900003994,46.5759384,24.5282755
3995,900003995,46.5762755,24.5294003
3996,900003996,46.5759696,24.5311215
3997,900003997,46.5761114,24.5323501
3998,900003998,46.5754562,24.5325657
3999,900003999,46.5761432,24.5342325
4000,900004000,46.5757204,24.5352390
4001,900004001,46.5763784,24.5364373
4002,900004002,46.5759049,24.5376539
4003,900004003,46.5758091,24.5405454
4004,900004004,46.5767045,24.5406552
4005,900004005,46.5755222,24.5428848
4006,900004006,46.5755750,24.5427017
4007,900004007,46.5759883,24.5443135
4008,900004008,46.5753712,24.5465777
4009,900004009,46.5756184,24.5469286
4010,900004010,46.5759268,24.5486141
4011,900004011,46.5762543,24.5500423
4012,900004012,46.5764151,24.5518008
4013,900004013,46.5764800,24.5530982
4014,900004014,46.5758937,24.5541515
4015,900004015,46.5758768,24.5545405
4016,900004016,46.5754658,24.5568452
4017,900004017,46.5750586,24.5574674
4018,900004018,46.5754289,24.5591038
4019,900004019,46.5755140,24.5605444
4020,900004020,46.5758018,24.5615357
4021,900004021,46.5755792,24.5620768
4022,900004022,46.5758950,24.5637861
4023,900004023,46.5757684,24.5658146
4024,900004024,46.5762288,24.5672636
4025,900004025,46.5763764,24.5676436
4026,900004026,46.5761011,24.5702490
4027,900004027,46.5760051,24.5703878
4028,900004028,46.5760060,24.5719490
4029,900004029,46.5756491,24.5739427
4030,900004030,46.5758087,24.5742967
4031,900004031,46.5756381,24.5769427
4032,900004032,46.5755803,24.5776862
4033,900004033,46.5759307,24.5792055
4034,900004034,46.5757743,24.5795896
4035,900004035,46.5756504,24.5808575
4036,900004036,46.5767582,24.5826945
4037,900004037,46.5757602,24.5844623
4038,900004038,46.5760947,24.5851391
4039,900004039,46.5760829,24.5866411
4040,900004040,46.5762557,24.5885462
4041,900004041,46.5757625,24.5891162
4042,900004042,46.5758077,24.5909682
4043,900004043,46.5760014,24.5920814
4044,900004044,46.5761778,24.5927682
4045,900004045,46.5759141,24.5949516
4046,900004046,46.5761864,24.5960070
4047,900004047,46.5757741,24.5968011
4048,900004048,46.5755771,24.5981446
4049,900004049,46.5758483,24.5989431
4050,900004050,46.5762676,24.6005382
4051,900004051,46.5759560,24.6024370
4052,900004052,46.5756815,24.6026921
4053,900004053,46.5762002,24.6049616
4054,900004054,46.5757839,24.6065814
4055,900004055,46.5761763,24.6069772
4056,900004056,46.5758427,24.6079305
4057,900004057,46.5757803,24.6106155
4058,900004058,46.5766513,24.5203605
4059,900004059,46.5764226,24.5211772
4060,900004060,46.5772600,24.5233573
4061,900004061,46.5770931,24.5242436
4062,900004062,46.5775255,24.5241567
4063,900004063,46.5763547,24.5273456
4064,900004064,46.5777807,24.5280875
4065,900004065,46.5769605,24.5292448
4066,900004066,46.5769478,24.5301685
4067,900004067,46.5769328,24.5316857
4068,900004068,46.5771666,24.5333408
4069,900004069,46.5772730,24.5346048
4070,900004070,46.5766067,24.5362590
4071,900004071,46.5760258,24.5370085
4072,900004072,46.5770511,24.5380314
4073,900004073,46.5775771,24.5390913
4074,900004074,46.5765392,24.5406510
4075,900004075,46.5770807,24.5425208
4076,900004076,46.5769754,24.5437703
4077,900004077,46.5766985,24.5445207
4078,900004078,46.5769827,24.5455033
4079,900004079,46.5770021,24.5472210
4080,900004080,46.5771711,24.5482567
4081,900004081,46.5767579,24.5497549
4082,900004082,46.5768134,24.5508711
4083,900004083,46.5768496,24.5520221
4084,900004084,46.5771207,24.5542065
4085,900004085,46.5769330,24.5551367
4086,900004086,46.5766350,24.5561054
4087,900004087,46.5768635,24.5574340
4088,900004088,46.5765380,24.5592043
4089,900004089,46.5769315,24.5602596
4090,900004090,46.5766614,24.5617167
4091,900004091,46.5767025,24.5628579
4092,900004092,46.5770013,24.5646622
4093,900004093,46.5771949,24.5653896
4094,900004094,46.5773486,24.5664548
4095,900004095,46.5768795,24.5688287
4096,900004096,46.5777445,24.5696225
4097,900004097,46.5768158,24.5707084
4098,900004098,46.5765259,24.5721115
4099,900004099,46.5767940,24.5731515
4100,900004100,46.5773444,24.5744453
4101,900004101,46.5775128,24.5764537
4102,900004102,46.5771554,24.5771370
4103,900004103,46.5767654,24.5778291
4104,900004104,46.5770308,24.5798839
4105,900004105,46.5770695,24.5810138
4106,900004106,46.5771029,24.5819593
4107,900004107,46.5761955,24.5841207
4108,900004108,46.5773023,24.5838503
4109,900004109,46.5773737,24.5863711
4110,900004110,46.5768829,24.5871586
4111,900004111,46.5765990,24.5894407
4112,900004112,46.5766885,24.5904194
4113,900004113,46.5768853,24.5926053
4114,900004114,46.5772394,24.5924707
4115,900004115,46.5767748,24.5938498
4116,900004116,46.5764674,24.5953564
4117,900004117,46.5773108,24.5969790
4118,900004118,46.5771654,24.5982031
4119,900004119,46.5767945,24.5996019
4120,900004120,46.5769117,24.6017081
4121,900004121,46.5775458,24.6023386
4122,900004122,46.5771414,24.6026133
4123,900004123,46.5768959,24.6058237
4124,900004124,46.5766670,24.6064421
4125,900004125,46.5773503,24.6072194
4126,900004126,46.5768610,24.6084982
4127,900004127,46.5772065,24.6100106
4128,900004128,46.5785137,24.5205171
4129,900004129,46.5780017,24.5224357
4130,900004130,46.5779006,24.5223443
4131,900004131,46.5779252,24.5235313
4132,900004132,46.5778629,24.5251872
4133,900004133,46.5783061,24.5258348
4134,900004134,46.5775316,24.5274907
4135,900004135,46.5779021,24.5293291
4136,900004136,46.5777387,24.5310925
4137,900004137,46.5778263,24.5316457
4138,900004138,46.5780231,24.5335535
4139,900004139,46.5781055,24.5343602
4140,900004140,46.5778216,24.5357270
4141,900004141,46.5781408,24.5368047
4142,900004142,46.5779972,24.5374602
4143,900004143,46.5778252,24.5400807
4144,900004144,46.5784844,24.5408386
4145,900004145,46.5772749,24.5429738
4146,900004146,46.5779470,24.5445982
4147,900004147,46.5778653,24.5452204
4148,900004148,46.5777961,24.5466859
4149,900004149,46.5783955,24.5469280
4150,900004150,46.5784416,24.5499428
4151,900004151,46.5779292,24.5494732
4152,900004152,46.5780977,24.5511306
4153,900004153,46.5774986,24.5521521
4154,900004154,46.5780870,24.5532496
4155,900004155,46.5783688,24.5554141
4156,900004156,46.5779436,24.5571333
4157,900004157,46.5776921,24.5581256
4158,900004158,46.5775469,24.5589890
4159,900004159,46.5782200,24.5602018
4160,900004160,46.5779653,24.5620230
4161,900004161,46.5785178,24.5636122
4162,900004162,46.5781588,24.5642348
4163,900004163,46.5775158,24.5664021
4164,900004164,46.5786363,24.5660163
4165,900004165,46.5782975,24.5682429
4166,900004166,46.5782424,24.5697036
4167,900004167,46.5779386,24.5708684
4168,900004168,46.5779910,24.5726831
4169,900004169,46.5779156,24.5732411
4170,900004170,46.5782241,24.5750642
4171,900004171,46.5781504,24.5762111
4172,900004172,46.5785004,24.5778785
4173,900004173,46.5780750,24.5786041
4174,900004174,46.5782261,24.5791834
4175,900004175,46.5778277,24.5809957
4176,900004176,46.5780615,24.5824409
4177,900004177,46.5788337,24.5842359
4178,900004178,46.5781394,24.5862010
4179,900004179,46.5780028,24.5863824
4180,900004180,46.5784184,24.5881888
4181,900004181,46.5783151,24.5896596
4182,900004182,46.5778810,24.5901463
4183,900004183,46.5777610,24.5917847
4184,900004184,46.5783411,24.5925840
4185,900004185,46.5778234,24.5937630
4186,900004186,46.5786768,24.5960024
4187,900004187,46.5780772,24.5964244
4188,900004188,46.5776566,24.5979787
4189,900004189,46.5780147,24.5990101
4190,900004190,46.5779269,24.6014037
4191,900004191,46.5780079,24.6022175
4192,900004192,46.5772984,24.6033596
4193,900004193,46.5779542,24.6044800
4194,900004194,46.5775375,24.6060560
4195,900004195,46.5776588,24.6071523
4196,900004196,46.5774665,24.6086551
4197,900004197,46.5783093,24.6096319
